#usda 1.0
(
    defaultPrim = "socket_cap_m8"
    metersPerUnit = 0.001
    upAxis = "Y"
    doc = "VRINGON revolve part — CadQuery executor"
)

def Xform "socket_cap_m8" (
    kind = "component"
)
{
    custom string vringon:dsl_version = "vringon-shaft/1.0"
    custom string vringon:dsl_json = "{\"dsl\":\"vringon-shaft/1.0\",\"id\":\"socket-cap-m8\",\"name\":\"Socket head cap screw M8x30\",\"name_ko\":\"육각구멍붙이 볼트 M8×30\",\"part_class\":\"other\",\"units\":\"mm\",\"material\":\"SCM435\",\"drawing\":{\"number\":\"VR-RB-014\",\"scale\":\"2:1\",\"projection\":\"third\"},\"segments\":[{\"type\":\"cyl\",\"length\":8,\"diameter\":13,\"label\":\"원통 머리\"},{\"type\":\"cyl\",\"length\":8,\"diameter\":8},{\"type\":\"thread\",\"length\":22,\"diameter\":8,\"spec\":\"M8\",\"pitch\":1.25}],\"transitions\":[{\"at\":0,\"type\":\"chamfer\",\"size\":0.5},{\"at\":1,\"type\":\"fillet\",\"radius\":0.5},{\"at\":3,\"type\":\"chamfer\",\"size\":1}],\"grooves\":[],\"bore\":null,\"features\":[{\"type\":\"hex_socket\",\"end\":\"left\",\"across_flats\":6,\"depth\":4}],\"meta\":{\"source\":\"golden\",\"difficulty\":3}}"
    custom string vringon:name_ko = "육각구멍붙이 볼트 M8×30"
    custom string vringon:material = "SCM435"
    custom double vringon:length_mm = 38.0
    custom double vringon:max_diameter_mm = 13
    custom double vringon:volume_mm3 = 2430.029
    custom double[] vringon:segment_lengths_mm = [8, 8, 22]
    custom string[] vringon:segment_types = ["cyl", "cyl", "thread"]
    custom string[] vringon:threads = ["M8"]
    custom string[] vringon:features = ["hex_socket"]

    def Mesh "body"
    {
        float3[] extent = [(0.0000, -6.4919, -6.4980), (38.0000, 6.5000, 6.4980)]
        int[] faceVertexCounts = [3, 3, 3, 3, 3, 3, 3, 3, 3, 3, 3, 3, 3, 3, 3, 3, 3, 3, 3, 3, 3, 3, 3, 3, 3, 3, 3, 3, 3, 3, 3, 3, 3, 3, 3, 3, 3, 3, 3, 3, 3, 3, 3, 3, 3, 3, 3, 3, 3, 3, 3, 3, 3, 3, 3, 3, 3, 3, 3, 3, 3, 3, 3, 3, 3, 3, 3, 3, 3, 3, 3, 3, 3, 3, 3, 3, 3, 3, 3, 3, 3, 3, 3, 3, 3, 3, 3, 3, 3, 3, 3, 3, 3, 3, 3, 3, 3, 3, 3, 3, 3, 3, 3, 3, 3, 3, 3, 3, 3, 3, 3, 3, 3, 3, 3, 3, 3, 3, 3, 3, 3, 3, 3, 3, 3, 3, 3, 3, 3, 3, 3, 3, 3, 3, 3, 3, 3, 3, 3, 3, 3, 3, 3, 3, 3, 3, 3, 3, 3, 3, 3, 3, 3, 3, 3, 3, 3, 3, 3, 3, 3, 3, 3, 3, 3, 3, 3, 3, 3, 3, 3, 3, 3, 3, 3, 3, 3, 3, 3, 3, 3, 3, 3, 3, 3, 3, 3, 3, 3, 3, 3, 3, 3, 3, 3, 3, 3, 3, 3, 3, 3, 3, 3, 3, 3, 3, 3, 3, 3, 3, 3, 3, 3, 3, 3, 3, 3, 3, 3, 3, 3, 3, 3, 3, 3, 3, 3, 3, 3, 3, 3, 3, 3, 3, 3, 3, 3, 3, 3, 3, 3, 3, 3, 3, 3, 3, 3, 3, 3, 3, 3, 3, 3, 3, 3, 3, 3, 3, 3, 3, 3, 3, 3, 3, 3, 3, 3, 3, 3, 3, 3, 3, 3, 3, 3, 3, 3, 3, 3, 3, 3, 3, 3, 3, 3, 3, 3, 3, 3, 3, 3, 3, 3, 3, 3, 3, 3, 3, 3, 3, 3, 3, 3, 3, 3, 3, 3, 3, 3, 3, 3, 3, 3, 3, 3, 3, 3, 3, 3, 3, 3, 3, 3, 3, 3, 3, 3, 3, 3, 3, 3, 3, 3, 3, 3, 3, 3, 3, 3, 3, 3, 3, 3, 3, 3, 3, 3, 3, 3, 3, 3, 3, 3, 3, 3, 3, 3, 3, 3, 3, 3, 3, 3, 3, 3, 3, 3, 3, 3, 3, 3, 3, 3, 3, 3, 3, 3, 3, 3, 3, 3, 3, 3, 3, 3, 3, 3, 3, 3, 3, 3, 3, 3, 3, 3, 3, 3, 3, 3, 3, 3, 3, 3, 3, 3, 3, 3, 3, 3, 3, 3, 3, 3, 3, 3, 3, 3, 3, 3, 3, 3, 3, 3, 3, 3, 3, 3, 3, 3, 3, 3, 3, 3, 3, 3, 3, 3, 3, 3, 3, 3, 3, 3, 3, 3, 3, 3, 3, 3, 3, 3, 3, 3, 3, 3, 3, 3, 3, 3, 3, 3, 3, 3, 3, 3, 3, 3, 3, 3, 3, 3, 3, 3, 3, 3, 3, 3, 3, 3, 3, 3, 3, 3, 3, 3, 3, 3, 3, 3, 3, 3, 3, 3, 3, 3, 3, 3, 3, 3, 3, 3, 3, 3, 3, 3, 3, 3, 3, 3, 3, 3, 3, 3, 3, 3, 3, 3, 3, 3, 3, 3, 3, 3, 3, 3, 3, 3, 3, 3, 3, 3, 3, 3, 3, 3, 3, 3, 3, 3, 3, 3, 3, 3, 3, 3, 3, 3, 3, 3, 3, 3, 3, 3, 3, 3, 3, 3, 3, 3, 3, 3, 3, 3, 3, 3, 3, 3, 3, 3, 3, 3, 3, 3, 3, 3, 3, 3, 3, 3, 3, 3, 3, 3, 3, 3, 3, 3, 3, 3, 3, 3, 3, 3, 3, 3, 3, 3, 3, 3, 3, 3, 3, 3, 3, 3, 3, 3, 3, 3, 3, 3, 3, 3, 3, 3, 3, 3, 3, 3, 3, 3, 3, 3, 3, 3, 3, 3, 3, 3, 3, 3, 3, 3, 3, 3, 3, 3, 3, 3, 3, 3, 3, 3, 3, 3, 3, 3, 3, 3, 3, 3, 3, 3, 3, 3, 3, 3, 3, 3, 3, 3, 3, 3, 3, 3, 3, 3, 3, 3, 3, 3, 3, 3, 3, 3, 3, 3, 3, 3, 3, 3, 3, 3, 3, 3, 3, 3, 3, 3, 3, 3, 3, 3, 3, 3, 3, 3, 3, 3, 3, 3, 3, 3, 3, 3, 3, 3, 3, 3, 3, 3, 3, 3, 3, 3, 3, 3, 3, 3, 3, 3, 3, 3, 3, 3, 3, 3, 3, 3, 3, 3, 3, 3, 3, 3, 3, 3, 3, 3, 3, 3, 3, 3, 3, 3, 3, 3, 3, 3, 3, 3, 3, 3, 3, 3, 3, 3, 3, 3, 3, 3, 3, 3, 3, 3, 3, 3, 3, 3, 3, 3, 3, 3, 3, 3, 3, 3, 3, 3, 3, 3, 3, 3, 3, 3, 3, 3, 3, 3, 3, 3, 3, 3, 3, 3, 3, 3, 3, 3, 3, 3, 3, 3, 3, 3, 3, 3, 3, 3, 3, 3, 3, 3, 3, 3, 3, 3, 3, 3, 3, 3, 3, 3, 3, 3, 3, 3, 3, 3, 3, 3, 3, 3, 3, 3, 3, 3, 3, 3, 3, 3, 3, 3, 3, 3, 3, 3, 3, 3, 3, 3, 3, 3, 3, 3, 3, 3, 3, 3, 3, 3, 3, 3, 3, 3, 3, 3, 3, 3, 3, 3, 3, 3, 3, 3, 3, 3, 3, 3, 3, 3, 3, 3, 3, 3, 3, 3, 3, 3, 3, 3, 3, 3, 3, 3, 3, 3, 3, 3, 3, 3, 3, 3, 3, 3, 3, 3, 3, 3, 3, 3, 3, 3, 3, 3, 3, 3, 3, 3, 3, 3, 3, 3, 3, 3, 3, 3, 3, 3, 3, 3, 3, 3, 3, 3, 3, 3, 3, 3, 3, 3, 3, 3, 3, 3, 3, 3, 3, 3, 3, 3, 3, 3, 3, 3, 3, 3, 3, 3, 3, 3, 3, 3, 3, 3, 3, 3, 3, 3, 3, 3, 3, 3, 3, 3, 3, 3, 3, 3, 3, 3, 3, 3, 3, 3, 3, 3, 3, 3, 3, 3, 3, 3, 3, 3, 3, 3, 3, 3, 3, 3, 3, 3, 3, 3, 3, 3, 3, 3, 3, 3, 3, 3, 3, 3, 3, 3, 3, 3, 3, 3, 3, 3, 3, 3, 3, 3, 3, 3, 3, 3, 3, 3, 3, 3, 3, 3, 3, 3, 3, 3, 3, 3, 3, 3, 3, 3, 3, 3, 3, 3, 3, 3, 3, 3, 3, 3, 3, 3, 3, 3, 3, 3, 3, 3, 3, 3, 3, 3, 3, 3, 3, 3, 3, 3, 3, 3, 3, 3, 3, 3, 3, 3, 3, 3, 3, 3, 3, 3, 3, 3, 3, 3, 3, 3, 3, 3, 3, 3, 3, 3, 3, 3, 3, 3, 3, 3, 3, 3, 3, 3, 3, 3, 3, 3, 3, 3, 3, 3, 3, 3, 3, 3, 3, 3, 3, 3, 3, 3, 3, 3, 3, 3, 3, 3, 3, 3, 3, 3, 3, 3, 3, 3, 3, 3, 3, 3, 3, 3, 3, 3, 3, 3, 3, 3, 3, 3, 3, 3, 3, 3, 3, 3, 3, 3, 3, 3, 3, 3, 3, 3, 3, 3, 3, 3, 3, 3, 3, 3, 3, 3, 3, 3, 3, 3, 3, 3, 3, 3, 3, 3, 3, 3, 3, 3, 3, 3, 3, 3, 3, 3, 3, 3, 3, 3, 3, 3, 3, 3, 3, 3, 3, 3, 3, 3, 3, 3, 3, 3, 3, 3, 3, 3, 3, 3, 3, 3, 3, 3, 3, 3, 3, 3, 3, 3, 3, 3, 3, 3, 3, 3, 3, 3, 3, 3, 3, 3, 3, 3, 3, 3, 3, 3, 3, 3, 3, 3, 3, 3, 3, 3, 3, 3, 3, 3, 3, 3, 3, 3, 3, 3, 3, 3, 3, 3, 3, 3, 3, 3, 3, 3, 3, 3, 3, 3, 3, 3, 3, 3, 3, 3, 3, 3, 3, 3, 3, 3, 3, 3, 3, 3, 3, 3, 3, 3, 3, 3, 3, 3, 3, 3, 3, 3, 3, 3, 3, 3, 3, 3, 3, 3, 3, 3, 3, 3, 3, 3, 3, 3, 3, 3, 3, 3, 3, 3, 3, 3, 3, 3, 3, 3, 3, 3, 3, 3, 3, 3, 3, 3, 3, 3, 3, 3, 3, 3, 3, 3, 3, 3, 3, 3, 3, 3, 3, 3, 3, 3, 3, 3, 3, 3, 3, 3, 3, 3, 3, 3, 3, 3, 3, 3, 3, 3, 3, 3, 3, 3, 3, 3, 3, 3, 3, 3, 3, 3, 3, 3, 3, 3, 3, 3, 3, 3, 3, 3, 3, 3, 3, 3, 3, 3, 3, 3, 3, 3, 3, 3, 3, 3, 3, 3, 3, 3, 3, 3, 3, 3, 3, 3, 3, 3, 3, 3, 3, 3, 3, 3, 3, 3, 3, 3, 3, 3, 3, 3, 3, 3, 3, 3, 3, 3, 3, 3, 3, 3, 3, 3, 3, 3, 3, 3, 3, 3, 3, 3, 3, 3, 3, 3, 3, 3, 3, 3, 3, 3, 3, 3, 3, 3, 3, 3, 3, 3, 3, 3, 3, 3, 3, 3, 3, 3, 3, 3, 3, 3, 3, 3, 3, 3, 3, 3, 3, 3, 3, 3, 3, 3, 3, 3, 3, 3, 3, 3, 3, 3, 3, 3, 3, 3, 3, 3, 3, 3, 3, 3, 3, 3, 3, 3, 3, 3, 3, 3, 3, 3, 3, 3, 3, 3, 3, 3, 3, 3, 3, 3, 3, 3, 3, 3, 3, 3, 3, 3, 3, 3, 3, 3, 3, 3, 3, 3, 3, 3, 3, 3, 3, 3, 3, 3, 3, 3, 3, 3, 3, 3, 3, 3, 3, 3, 3, 3, 3, 3, 3, 3, 3, 3, 3, 3, 3, 3, 3, 3, 3, 3, 3, 3, 3, 3, 3, 3, 3, 3, 3, 3, 3, 3, 3, 3, 3, 3, 3, 3, 3, 3, 3, 3, 3, 3, 3, 3, 3, 3, 3, 3, 3, 3, 3, 3, 3, 3, 3, 3, 3, 3, 3, 3, 3, 3, 3, 3, 3, 3, 3, 3, 3, 3, 3, 3, 3, 3, 3, 3, 3, 3, 3, 3, 3, 3, 3, 3, 3, 3, 3, 3, 3, 3, 3, 3, 3, 3, 3, 3, 3, 3, 3, 3, 3, 3, 3, 3, 3, 3, 3, 3, 3, 3, 3, 3, 3, 3, 3, 3, 3, 3, 3, 3, 3, 3, 3, 3, 3, 3, 3, 3, 3, 3, 3, 3, 3, 3, 3, 3, 3, 3, 3, 3, 3, 3, 3, 3, 3, 3, 3, 3, 3, 3, 3, 3, 3, 3, 3, 3, 3, 3, 3, 3, 3, 3, 3, 3, 3, 3, 3, 3, 3, 3, 3, 3, 3, 3, 3, 3, 3, 3, 3, 3, 3, 3, 3, 3, 3, 3, 3, 3, 3, 3, 3, 3, 3, 3, 3, 3, 3, 3, 3, 3, 3, 3, 3, 3, 3, 3, 3, 3, 3, 3, 3, 3, 3, 3, 3, 3, 3, 3, 3, 3, 3, 3, 3, 3, 3, 3, 3, 3, 3, 3, 3, 3, 3, 3, 3, 3, 3, 3, 3, 3, 3, 3, 3, 3, 3, 3, 3, 3, 3, 3, 3, 3, 3, 3, 3, 3, 3, 3, 3, 3, 3, 3, 3, 3, 3, 3, 3, 3, 3, 3, 3, 3, 3, 3, 3, 3, 3, 3, 3, 3, 3, 3, 3, 3, 3, 3, 3, 3, 3, 3, 3, 3, 3, 3, 3, 3, 3, 3, 3, 3, 3, 3, 3, 3, 3, 3, 3, 3, 3, 3, 3, 3, 3, 3, 3, 3, 3, 3, 3, 3, 3, 3, 3, 3, 3, 3, 3, 3, 3, 3, 3, 3, 3, 3, 3, 3, 3, 3, 3, 3, 3, 3, 3, 3, 3, 3, 3, 3, 3, 3, 3, 3, 3, 3, 3, 3, 3, 3, 3, 3, 3, 3, 3, 3, 3, 3, 3, 3, 3, 3, 3, 3, 3, 3, 3, 3, 3, 3, 3, 3, 3, 3, 3, 3, 3, 3, 3, 3, 3, 3, 3, 3, 3, 3, 3, 3, 3, 3, 3, 3, 3, 3, 3, 3, 3, 3, 3, 3, 3, 3, 3, 3, 3, 3, 3, 3, 3, 3, 3, 3, 3, 3, 3, 3, 3, 3, 3, 3, 3, 3, 3, 3, 3, 3, 3, 3, 3, 3, 3, 3, 3, 3, 3, 3, 3, 3, 3, 3, 3, 3, 3, 3, 3, 3, 3, 3, 3, 3, 3, 3, 3, 3, 3, 3, 3, 3, 3, 3, 3, 3, 3, 3, 3, 3, 3, 3, 3, 3, 3, 3, 3, 3, 3, 3, 3, 3, 3, 3, 3, 3, 3, 3, 3, 3, 3, 3, 3, 3, 3, 3, 3, 3, 3, 3, 3, 3, 3, 3, 3, 3, 3, 3, 3, 3, 3, 3, 3, 3, 3, 3, 3, 3, 3]
        int[] faceVertexIndices = [66, 0, 1, 66, 65, 0, 67, 1, 2, 67, 66, 1, 68, 2, 3, 68, 67, 2, 69, 3, 4, 69, 68, 3, 70, 4, 5, 70, 5, 6, 70, 69, 4, 71, 70, 6, 72, 6, 7, 72, 71, 6, 73, 7, 8, 73, 72, 7, 74, 8, 9, 74, 9, 10, 74, 73, 8, 75, 74, 10, 76, 10, 11, 76, 11, 12, 76, 75, 10, 77, 12, 13, 77, 76, 12, 78, 77, 13, 79, 13, 14, 79, 14, 15, 79, 78, 13, 80, 79, 15, 81, 15, 16, 81, 80, 15, 82, 16, 17, 82, 17, 18, 82, 81, 16, 83, 82, 18, 83, 18, 19, 84, 83, 19, 84, 19, 20, 85, 84, 20, 86, 85, 20, 86, 20, 21, 86, 21, 22, 87, 86, 22, 88, 87, 22, 88, 22, 23, 89, 23, 24, 89, 24, 25, 89, 88, 23, 90, 89, 25, 91, 25, 26, 91, 26, 27, 91, 90, 25, 92, 91, 27, 93, 27, 28, 93, 92, 27, 94, 28, 29, 94, 29, 30, 94, 93, 28, 95, 94, 30, 96, 30, 31, 96, 95, 30, 97, 31, 32, 97, 32, 33, 97, 96, 31, 98, 97, 33, 99, 33, 34, 99, 34, 35, 99, 98, 33, 100, 99, 35, 101, 35, 36, 101, 36, 37, 101, 100, 35, 102, 101, 37, 103, 37, 38, 103, 38, 39, 103, 102, 37, 104, 103, 39, 105, 39, 40, 105, 104, 39, 106, 40, 41, 106, 105, 40, 107, 41, 42, 107, 106, 41, 108, 107, 42, 108, 42, 43, 109, 108, 43, 109, 43, 44, 110, 109, 44, 110, 44, 45, 111, 110, 45, 111, 45, 46, 111, 46, 47, 112, 111, 47, 113, 112, 47, 113, 47, 48, 113, 48, 49, 114, 113, 49, 115, 114, 49, 115, 49, 50, 115, 50, 51, 116, 115, 51, 117, 116, 51, 117, 51, 52, 118, 117, 52, 118, 52, 53, 119, 118, 53, 119, 53, 54, 120, 119, 54, 120, 54, 55, 121, 120, 55, 121, 55, 56, 121, 56, 57, 122, 121, 57, 123, 57, 58, 123, 58, 59, 123, 122, 57, 124, 123, 59, 125, 59, 60, 125, 60, 61, 125, 124, 59, 126, 61, 62, 126, 125, 61, 127, 126, 62, 64, 62, 63, 64, 127, 62, 191, 181, 180, 191, 182, 181, 191, 183, 182, 191, 184, 183, 191, 185, 184, 191, 186, 185, 191, 187, 186, 191, 188, 187, 191, 189, 188, 191, 190, 189, 191, 128, 190, 196, 173, 172, 196, 174, 173, 196, 175, 174, 196, 176, 175, 196, 177, 176, 196, 178, 177, 196, 179, 178, 196, 180, 179, 196, 191, 180, 171, 196, 172, 170, 196, 171, 192, 129, 128, 192, 130, 129, 192, 131, 130, 192, 132, 131, 192, 133, 132, 192, 134, 133, 192, 128, 191, 135, 134, 192, 136, 135, 192, 137, 136, 192, 195, 196, 170, 195, 167, 166, 195, 168, 167, 195, 169, 168, 195, 170, 169, 138, 137, 192, 165, 195, 166, 139, 138, 192, 164, 195, 165, 193, 140, 139, 193, 139, 192, 163, 195, 164, 141, 140, 193, 162, 195, 163, 142, 141, 193, 161, 195, 162, 143, 142, 193, 160, 195, 161, 144, 143, 193, 159, 194, 195, 159, 195, 160, 145, 144, 193, 158, 194, 159, 146, 145, 193, 157, 194, 158, 147, 146, 193, 156, 194, 157, 148, 147, 193, 155, 194, 156, 149, 193, 194, 149, 148, 193, 154, 194, 155, 150, 149, 194, 153, 194, 154, 151, 150, 194, 152, 194, 153, 152, 151, 194, 263, 197, 198, 263, 262, 197, 264, 198, 199, 264, 263, 198, 265, 199, 200, 265, 200, 201, 265, 264, 199, 266, 201, 202, 266, 265, 201, 267, 266, 202, 268, 202, 203, 268, 203, 204, 268, 267, 202, 269, 204, 205, 269, 268, 204, 270, 269, 205, 271, 205, 206, 271, 270, 205, 272, 206, 207, 272, 271, 206, 273, 207, 208, 273, 272, 207, 274, 208, 209, 274, 209, 210, 274, 273, 208, 275, 274, 210, 276, 210, 211, 276, 275, 210, 277, 211, 212, 277, 276, 211, 278, 212, 213, 278, 277, 212, 279, 213, 214, 279, 214, 215, 279, 278, 213, 280, 279, 215, 281, 280, 215, 281, 215, 216, 281, 216, 217, 282, 281, 217, 283, 282, 217, 283, 217, 218, 283, 218, 219, 284, 283, 219, 284, 219, 220, 285, 284, 220, 286, 285, 220, 286, 220, 221, 286, 221, 222, 287, 286, 222, 288, 222, 223, 288, 287, 222, 289, 223, 224, 289, 288, 223, 290, 224, 225, 290, 225, 226, 290, 289, 224, 291, 290, 226, 292, 226, 227, 292, 291, 226, 293, 227, 228, 293, 292, 227, 294, 228, 229, 294, 293, 228, 295, 229, 230, 295, 294, 229, 296, 230, 231, 296, 231, 232, 296, 295, 230, 297, 232, 233, 297, 296, 232, 298, 297, 233, 299, 233, 234, 299, 298, 233, 300, 234, 235, 300, 299, 234, 301, 235, 236, 301, 300, 235, 302, 236, 237, 302, 301, 236, 303, 237, 238, 303, 302, 237, 304, 238, 239, 304, 239, 240, 304, 303, 238, 305, 304, 240, 306, 305, 240, 306, 240, 241, 307, 306, 241, 307, 241, 242, 307, 242, 243, 308, 307, 243, 309, 308, 243, 309, 243, 244, 310, 309, 244, 310, 244, 245, 310, 245, 246, 311, 310, 246, 312, 311, 246, 312, 246, 247, 313, 312, 247, 313, 247, 248, 313, 248, 249, 314, 313, 249, 315, 314, 249, 315, 249, 250, 316, 315, 250, 316, 250, 251, 317, 316, 251, 317, 251, 252, 317, 252, 253, 318, 317, 253, 319, 253, 254, 319, 318, 253, 320, 254, 255, 320, 255, 256, 320, 319, 254, 321, 320, 256, 322, 256, 257, 322, 321, 256, 323, 257, 258, 323, 258, 259, 323, 322, 257, 324, 323, 259, 261, 259, 260, 261, 324, 259, 326, 325, 327, 326, 327, 328, 330, 329, 331, 330, 331, 332, 334, 333, 335, 334, 335, 336, 338, 337, 339, 338, 339, 340, 342, 341, 343, 342, 343, 344, 346, 345, 347, 346, 347, 348, 452, 388, 389, 452, 451, 388, 450, 387, 388, 450, 388, 451, 453, 389, 390, 453, 390, 391, 453, 452, 389, 449, 385, 386, 449, 386, 387, 449, 387, 450, 454, 453, 391, 448, 385, 449, 455, 391, 392, 455, 454, 391, 447, 384, 385, 447, 385, 448, 456, 392, 393, 456, 455, 392, 446, 383, 384, 446, 384, 447, 457, 393, 394, 457, 394, 395, 457, 456, 393, 445, 382, 383, 445, 383, 446, 458, 457, 395, 444, 381, 382, 444, 382, 445, 459, 395, 396, 459, 458, 395, 443, 380, 381, 443, 381, 444, 460, 396, 397, 460, 459, 396, 442, 379, 380, 442, 380, 443, 461, 460, 397, 461, 397, 398, 441, 379, 442, 441, 378, 379, 462, 461, 398, 462, 398, 399, 440, 378, 441, 440, 377, 378, 463, 462, 399, 463, 399, 400, 439, 377, 440, 439, 376, 377, 464, 463, 400, 464, 400, 401, 402, 464, 401, 438, 375, 376, 438, 376, 439, 465, 464, 402, 374, 375, 438, 437, 374, 438, 466, 465, 402, 466, 402, 403, 436, 373, 374, 436, 374, 437, 467, 466, 403, 467, 403, 404, 435, 373, 436, 372, 373, 435, 405, 468, 467, 405, 467, 404, 469, 468, 405, 371, 372, 435, 371, 435, 434, 433, 371, 434, 406, 469, 405, 470, 469, 406, 370, 371, 433, 407, 470, 406, 369, 370, 433, 369, 433, 432, 408, 471, 470, 408, 470, 407, 368, 432, 431, 368, 369, 432, 409, 472, 471, 409, 473, 472, 409, 471, 408, 367, 430, 429, 367, 431, 430, 367, 368, 431, 410, 473, 409, 366, 367, 429, 411, 473, 410, 411, 474, 473, 365, 366, 429, 365, 429, 428, 349, 412, 474, 349, 413, 412, 349, 474, 411, 364, 365, 428, 364, 427, 426, 364, 428, 427, 350, 413, 349, 363, 364, 426, 351, 413, 350, 351, 414, 413, 351, 415, 414, 362, 363, 426, 362, 426, 425, 352, 415, 351, 361, 362, 425, 361, 424, 423, 361, 425, 424, 353, 415, 352, 353, 416, 415, 353, 417, 416, 360, 361, 423, 354, 417, 353, 359, 360, 423, 359, 423, 422, 355, 417, 354, 355, 418, 417, 358, 359, 422, 358, 422, 421, 356, 419, 418, 356, 420, 419, 356, 418, 355, 357, 421, 420, 357, 358, 421, 357, 420, 356, 478, 480, 479, 478, 475, 480, 477, 476, 475, 477, 475, 478, 547, 481, 482, 547, 546, 481, 548, 482, 483, 548, 547, 482, 549, 483, 484, 549, 548, 483, 550, 484, 485, 550, 549, 484, 551, 485, 486, 551, 550, 485, 552, 486, 487, 552, 551, 486, 553, 487, 488, 553, 552, 487, 489, 553, 488, 554, 553, 489, 555, 489, 490, 555, 554, 489, 491, 555, 490, 556, 555, 491, 492, 556, 491, 557, 556, 492, 558, 492, 493, 558, 557, 492, 559, 493, 494, 559, 558, 493, 560, 494, 495, 560, 559, 494, 496, 560, 495, 561, 560, 496, 562, 496, 497, 562, 561, 496, 563, 497, 498, 563, 562, 497, 499, 563, 498, 564, 563, 499, 565, 564, 499, 565, 499, 500, 566, 565, 500, 566, 500, 501, 502, 566, 501, 567, 566, 502, 568, 567, 502, 568, 502, 503, 504, 568, 503, 569, 568, 504, 570, 504, 505, 570, 569, 504, 506, 570, 505, 571, 570, 506, 572, 506, 507, 572, 571, 506, 573, 507, 508, 573, 572, 507, 509, 573, 508, 574, 573, 509, 575, 509, 510, 575, 574, 509, 576, 510, 511, 576, 575, 510, 577, 511, 512, 577, 576, 511, 578, 512, 513, 578, 577, 512, 514, 578, 513, 579, 578, 514, 580, 514, 515, 580, 579, 514, 516, 580, 515, 581, 580, 516, 582, 516, 517, 582, 581, 516, 583, 517, 518, 583, 582, 517, 519, 583, 518, 584, 583, 519, 520, 584, 519, 585, 584, 520, 586, 520, 521, 586, 585, 520, 522, 586, 521, 587, 586, 522, 523, 587, 522, 588, 587, 523, 524, 588, 523, 589, 588, 524, 525, 589, 524, 590, 589, 525, 526, 590, 525, 591, 590, 526, 592, 591, 526, 592, 526, 527, 593, 592, 527, 593, 527, 528, 529, 593, 528, 594, 593, 529, 595, 594, 529, 595, 529, 530, 531, 595, 530, 596, 595, 531, 532, 596, 531, 597, 596, 532, 533, 597, 532, 598, 597, 533, 599, 598, 533, 599, 533, 534, 535, 599, 534, 600, 599, 535, 536, 600, 535, 601, 600, 536, 602, 601, 536, 602, 536, 537, 538, 602, 537, 603, 602, 538, 539, 603, 538, 604, 603, 539, 605, 539, 540, 605, 604, 539, 541, 605, 540, 606, 605, 541, 542, 606, 541, 607, 606, 542, 608, 542, 543, 608, 607, 542, 544, 608, 543, 545, 608, 544, 675, 609, 610, 675, 674, 609, 676, 610, 611, 676, 675, 610, 677, 611, 612, 677, 676, 611, 678, 612, 613, 678, 677, 612, 679, 613, 614, 679, 678, 613, 680, 614, 615, 680, 679, 614, 681, 615, 616, 681, 680, 615, 682, 616, 617, 682, 681, 616, 683, 617, 618, 683, 682, 617, 684, 618, 619, 684, 683, 618, 685, 619, 620, 685, 684, 619, 686, 620, 621, 686, 685, 620, 687, 621, 622, 687, 686, 621, 688, 622, 623, 688, 687, 622, 624, 688, 623, 689, 688, 624, 690, 624, 625, 690, 689, 624, 626, 690, 625, 691, 690, 626, 692, 626, 627, 692, 691, 626, 693, 692, 627, 693, 627, 628, 694, 693, 628, 694, 628, 629, 695, 694, 629, 695, 629, 630, 631, 695, 630, 696, 695, 631, 697, 696, 631, 697, 631, 632, 698, 632, 633, 698, 697, 632, 699, 633, 634, 699, 698, 633, 635, 699, 634, 700, 699, 635, 636, 700, 635, 701, 700, 636, 702, 636, 637, 702, 701, 636, 638, 702, 637, 703, 702, 638, 704, 638, 639, 704, 703, 638, 705, 639, 640, 705, 704, 639, 641, 705, 640, 706, 705, 641, 707, 641, 642, 707, 706, 641, 643, 707, 642, 708, 707, 643, 644, 708, 643, 709, 708, 644, 710, 644, 645, 710, 709, 644, 711, 645, 646, 711, 710, 645, 712, 646, 647, 712, 711, 646, 648, 712, 647, 713, 712, 648, 714, 648, 649, 714, 713, 648, 650, 714, 649, 715, 714, 650, 651, 715, 650, 716, 715, 651, 717, 716, 651, 717, 651, 652, 718, 717, 652, 718, 652, 653, 719, 718, 653, 719, 653, 654, 720, 719, 654, 720, 654, 655, 721, 720, 655, 721, 655, 656, 657, 721, 656, 722, 721, 657, 723, 722, 657, 723, 657, 658, 724, 723, 658, 724, 658, 659, 725, 724, 659, 725, 659, 660, 661, 725, 660, 726, 725, 661, 727, 726, 661, 727, 661, 662, 663, 727, 662, 728, 727, 663, 729, 728, 663, 729, 663, 664, 665, 729, 664, 730, 729, 665, 731, 665, 666, 731, 730, 665, 667, 731, 666, 732, 731, 667, 733, 667, 668, 733, 732, 667, 734, 668, 669, 734, 733, 668, 670, 734, 669, 735, 734, 670, 671, 735, 670, 736, 735, 671, 672, 736, 671, 673, 736, 672, 803, 737, 738, 803, 802, 737, 804, 738, 739, 804, 803, 738, 805, 739, 740, 805, 804, 739, 806, 740, 741, 806, 805, 740, 807, 741, 742, 807, 806, 741, 808, 742, 743, 808, 807, 742, 744, 808, 743, 809, 808, 744, 810, 744, 745, 810, 809, 744, 811, 745, 746, 811, 810, 745, 812, 746, 747, 812, 811, 746, 813, 747, 748, 813, 812, 747, 814, 748, 749, 814, 813, 748, 815, 749, 750, 815, 814, 749, 816, 750, 751, 816, 815, 750, 817, 751, 752, 817, 816, 751, 818, 752, 753, 818, 817, 752, 819, 753, 754, 819, 818, 753, 820, 754, 755, 820, 819, 754, 821, 820, 755, 821, 755, 756, 822, 821, 756, 822, 756, 757, 823, 822, 757, 823, 757, 758, 824, 823, 758, 824, 758, 759, 825, 824, 759, 825, 759, 760, 826, 760, 761, 826, 825, 760, 827, 761, 762, 827, 826, 761, 828, 762, 763, 828, 827, 762, 829, 763, 764, 829, 828, 763, 765, 829, 764, 830, 829, 765, 766, 830, 765, 831, 830, 766, 832, 766, 767, 832, 831, 766, 768, 832, 767, 833, 832, 768, 834, 768, 769, 834, 833, 768, 770, 834, 769, 835, 834, 770, 836, 770, 771, 836, 835, 770, 772, 836, 771, 837, 836, 772, 838, 772, 773, 838, 837, 772, 774, 838, 773, 839, 838, 774, 840, 774, 775, 840, 839, 774, 841, 775, 776, 841, 840, 775, 842, 776, 777, 842, 841, 776, 843, 777, 778, 843, 842, 777, 779, 843, 778, 844, 843, 779, 845, 844, 779, 845, 779, 780, 781, 845, 780, 846, 845, 781, 782, 846, 781, 847, 846, 782, 783, 847, 782, 848, 847, 783, 849, 848, 783, 849, 783, 784, 785, 849, 784, 850, 849, 785, 851, 850, 785, 851, 785, 786, 787, 851, 786, 852, 851, 787, 853, 852, 787, 853, 787, 788, 854, 853, 788, 854, 788, 789, 790, 854, 789, 855, 854, 790, 856, 855, 790, 856, 790, 791, 792, 856, 791, 857, 856, 792, 858, 857, 792, 858, 792, 793, 859, 858, 793, 859, 793, 794, 795, 859, 794, 860, 859, 795, 861, 795, 796, 861, 860, 795, 862, 796, 797, 862, 861, 796, 798, 862, 797, 863, 862, 798, 864, 798, 799, 864, 863, 798, 801, 799, 800, 801, 864, 799, 931, 865, 866, 931, 930, 865, 932, 866, 867, 932, 931, 866, 933, 867, 868, 933, 932, 867, 934, 868, 869, 934, 933, 868, 935, 869, 870, 935, 934, 869, 936, 870, 871, 936, 935, 870, 937, 871, 872, 937, 936, 871, 938, 872, 873, 938, 937, 872, 939, 873, 874, 939, 938, 873, 940, 874, 875, 940, 939, 874, 941, 875, 876, 941, 940, 875, 942, 876, 877, 942, 941, 876, 943, 877, 878, 943, 942, 877, 944, 878, 879, 944, 943, 878, 880, 944, 879, 945, 944, 880, 881, 945, 880, 946, 945, 881, 947, 881, 882, 947, 946, 881, 948, 882, 883, 948, 947, 882, 884, 948, 883, 949, 948, 884, 950, 949, 884, 950, 884, 885, 951, 950, 885, 951, 885, 886, 952, 951, 886, 952, 886, 887, 953, 952, 887, 953, 887, 888, 954, 888, 889, 954, 953, 888, 890, 954, 889, 955, 954, 890, 891, 955, 890, 956, 955, 891, 957, 891, 892, 957, 956, 891, 958, 892, 893, 958, 957, 892, 959, 893, 894, 959, 958, 893, 960, 894, 895, 960, 959, 894, 896, 960, 895, 961, 960, 896, 897, 961, 896, 962, 961, 897, 963, 897, 898, 963, 962, 897, 964, 898, 899, 964, 963, 898, 965, 899, 900, 965, 964, 899, 901, 965, 900, 966, 965, 901, 967, 901, 902, 967, 966, 901, 968, 902, 903, 968, 967, 902, 904, 968, 903, 969, 968, 904, 970, 904, 905, 970, 969, 904, 906, 970, 905, 971, 970, 906, 907, 971, 906, 972, 971, 907, 973, 972, 907, 973, 907, 908, 909, 973, 908, 974, 973, 909, 910, 974, 909, 975, 974, 910, 911, 975, 910, 976, 975, 911, 977, 976, 911, 977, 911, 912, 913, 977, 912, 978, 977, 913, 914, 978, 913, 979, 978, 914, 980, 979, 914, 980, 914, 915, 981, 980, 915, 981, 915, 916, 982, 981, 916, 982, 916, 917, 918, 982, 917, 983, 982, 918, 984, 983, 918, 984, 918, 919, 920, 984, 919, 985, 984, 920, 986, 985, 920, 986, 920, 921, 922, 986, 921, 987, 986, 922, 988, 922, 923, 988, 987, 922, 924, 988, 923, 989, 988, 924, 925, 989, 924, 990, 989, 925, 991, 925, 926, 991, 990, 925, 927, 991, 926, 992, 991, 927, 929, 927, 928, 929, 992, 927, 1059, 993, 994, 1059, 1058, 993, 1060, 994, 995, 1060, 1059, 994, 1061, 995, 996, 1061, 1060, 995, 1062, 996, 997, 1062, 1061, 996, 1063, 997, 998, 1063, 1062, 997, 1064, 998, 999, 1064, 1063, 998, 1065, 999, 1000, 1065, 1064, 999, 1066, 1000, 1001, 1066, 1065, 1000, 1067, 1001, 1002, 1067, 1066, 1001, 1068, 1002, 1003, 1068, 1067, 1002, 1069, 1003, 1004, 1069, 1068, 1003, 1070, 1004, 1005, 1070, 1069, 1004, 1071, 1005, 1006, 1071, 1070, 1005, 1072, 1006, 1007, 1072, 1071, 1006, 1073, 1007, 1008, 1073, 1072, 1007, 1009, 1073, 1008, 1074, 1073, 1009, 1075, 1009, 1010, 1075, 1074, 1009, 1076, 1010, 1011, 1076, 1075, 1010, 1077, 1076, 1011, 1077, 1011, 1012, 1013, 1077, 1012, 1078, 1077, 1013, 1079, 1078, 1013, 1079, 1013, 1014, 1080, 1079, 1014, 1080, 1014, 1015, 1081, 1080, 1015, 1081, 1015, 1016, 1082, 1016, 1017, 1082, 1081, 1016, 1083, 1017, 1018, 1083, 1082, 1017, 1084, 1018, 1019, 1084, 1083, 1018, 1085, 1019, 1020, 1085, 1084, 1019, 1086, 1020, 1021, 1086, 1085, 1020, 1087, 1021, 1022, 1087, 1086, 1021, 1088, 1022, 1023, 1088, 1087, 1022, 1024, 1088, 1023, 1089, 1088, 1024, 1025, 1089, 1024, 1090, 1089, 1025, 1091, 1025, 1026, 1091, 1090, 1025, 1027, 1091, 1026, 1092, 1091, 1027, 1093, 1027, 1028, 1093, 1092, 1027, 1029, 1093, 1028, 1094, 1093, 1029, 1095, 1029, 1030, 1095, 1094, 1029, 1031, 1095, 1030, 1096, 1095, 1031, 1032, 1096, 1031, 1097, 1096, 1032, 1098, 1032, 1033, 1098, 1097, 1032, 1099, 1033, 1034, 1099, 1098, 1033, 1100, 1034, 1035, 1100, 1099, 1034, 1101, 1100, 1035, 1101, 1035, 1036, 1102, 1036, 1037, 1102, 1101, 1036, 1103, 1102, 1037, 1103, 1037, 1038, 1104, 1103, 1038, 1104, 1038, 1039, 1105, 1104, 1039, 1105, 1039, 1040, 1106, 1105, 1040, 1106, 1040, 1041, 1107, 1106, 1041, 1107, 1041, 1042, 1108, 1107, 1042, 1108, 1042, 1043, 1109, 1108, 1043, 1109, 1043, 1044, 1110, 1109, 1044, 1110, 1044, 1045, 1111, 1110, 1045, 1111, 1045, 1046, 1112, 1111, 1046, 1112, 1046, 1047, 1048, 1112, 1047, 1113, 1112, 1048, 1114, 1113, 1048, 1114, 1048, 1049, 1050, 1114, 1049, 1115, 1114, 1050, 1116, 1050, 1051, 1116, 1115, 1050, 1117, 1051, 1052, 1117, 1116, 1051, 1053, 1117, 1052, 1118, 1117, 1053, 1119, 1053, 1054, 1119, 1118, 1053, 1120, 1054, 1055, 1120, 1119, 1054, 1057, 1055, 1056, 1057, 1120, 1055, 1187, 1121, 1122, 1187, 1186, 1121, 1188, 1122, 1123, 1188, 1187, 1122, 1189, 1123, 1124, 1189, 1188, 1123, 1190, 1124, 1125, 1190, 1189, 1124, 1191, 1125, 1126, 1191, 1190, 1125, 1192, 1126, 1127, 1192, 1191, 1126, 1193, 1127, 1128, 1193, 1192, 1127, 1129, 1193, 1128, 1194, 1193, 1129, 1195, 1129, 1130, 1195, 1194, 1129, 1196, 1130, 1131, 1196, 1195, 1130, 1197, 1131, 1132, 1197, 1196, 1131, 1198, 1132, 1133, 1198, 1197, 1132, 1199, 1133, 1134, 1199, 1198, 1133, 1200, 1134, 1135, 1200, 1199, 1134, 1201, 1135, 1136, 1201, 1200, 1135, 1202, 1136, 1137, 1202, 1201, 1136, 1203, 1137, 1138, 1203, 1202, 1137, 1204, 1138, 1139, 1204, 1203, 1138, 1205, 1204, 1139, 1205, 1139, 1140, 1206, 1205, 1140, 1206, 1140, 1141, 1207, 1206, 1141, 1207, 1141, 1142, 1208, 1207, 1142, 1208, 1142, 1143, 1209, 1208, 1143, 1209, 1143, 1144, 1210, 1144, 1145, 1210, 1209, 1144, 1211, 1145, 1146, 1211, 1210, 1145, 1212, 1146, 1147, 1212, 1211, 1146, 1213, 1147, 1148, 1213, 1212, 1147, 1214, 1148, 1149, 1214, 1213, 1148, 1215, 1149, 1150, 1215, 1214, 1149, 1216, 1150, 1151, 1216, 1215, 1150, 1217, 1151, 1152, 1217, 1216, 1151, 1218, 1152, 1153, 1218, 1217, 1152, 1219, 1153, 1154, 1219, 1218, 1153, 1220, 1154, 1155, 1220, 1219, 1154, 1221, 1155, 1156, 1221, 1220, 1155, 1222, 1156, 1157, 1222, 1221, 1156, 1223, 1157, 1158, 1223, 1222, 1157, 1224, 1158, 1159, 1224, 1223, 1158, 1225, 1159, 1160, 1225, 1224, 1159, 1226, 1160, 1161, 1226, 1225, 1160, 1227, 1161, 1162, 1227, 1226, 1161, 1228, 1162, 1163, 1228, 1227, 1162, 1229, 1228, 1163, 1229, 1163, 1164, 1230, 1164, 1165, 1230, 1229, 1164, 1166, 1230, 1165, 1231, 1230, 1166, 1232, 1231, 1166, 1232, 1166, 1167, 1233, 1232, 1167, 1233, 1167, 1168, 1169, 1233, 1168, 1234, 1233, 1169, 1235, 1234, 1169, 1235, 1169, 1170, 1236, 1235, 1170, 1236, 1170, 1171, 1237, 1236, 1171, 1237, 1171, 1172, 1238, 1237, 1172, 1238, 1172, 1173, 1239, 1238, 1173, 1239, 1173, 1174, 1240, 1239, 1174, 1240, 1174, 1175, 1241, 1240, 1175, 1241, 1175, 1176, 1242, 1241, 1176, 1242, 1176, 1177, 1178, 1242, 1177, 1243, 1242, 1178, 1244, 1178, 1179, 1244, 1243, 1178, 1245, 1179, 1180, 1245, 1244, 1179, 1181, 1245, 1180, 1246, 1245, 1181, 1182, 1246, 1181, 1247, 1246, 1182, 1183, 1247, 1182, 1248, 1247, 1183, 1184, 1248, 1183, 1185, 1248, 1184, 1315, 1249, 1250, 1315, 1314, 1249, 1316, 1250, 1251, 1316, 1315, 1250, 1317, 1251, 1252, 1317, 1316, 1251, 1318, 1252, 1253, 1318, 1317, 1252, 1319, 1253, 1254, 1319, 1318, 1253, 1255, 1319, 1254, 1320, 1319, 1255, 1321, 1255, 1256, 1321, 1320, 1255, 1257, 1321, 1256, 1322, 1321, 1257, 1258, 1322, 1257, 1323, 1322, 1258, 1324, 1258, 1259, 1324, 1323, 1258, 1325, 1259, 1260, 1325, 1324, 1259, 1326, 1260, 1261, 1326, 1325, 1260, 1327, 1261, 1262, 1327, 1326, 1261, 1328, 1262, 1263, 1328, 1327, 1262, 1264, 1328, 1263, 1329, 1328, 1264, 1330, 1264, 1265, 1330, 1329, 1264, 1331, 1265, 1266, 1331, 1330, 1265, 1332, 1266, 1267, 1332, 1331, 1266, 1268, 1332, 1267, 1333, 1332, 1268, 1334, 1333, 1268, 1334, 1268, 1269, 1335, 1334, 1269, 1335, 1269, 1270, 1336, 1335, 1270, 1336, 1270, 1271, 1337, 1336, 1271, 1337, 1271, 1272, 1338, 1272, 1273, 1338, 1337, 1272, 1339, 1273, 1274, 1339, 1338, 1273, 1340, 1274, 1275, 1340, 1339, 1274, 1341, 1275, 1276, 1341, 1340, 1275, 1342, 1276, 1277, 1342, 1341, 1276, 1343, 1277, 1278, 1343, 1342, 1277, 1344, 1278, 1279, 1344, 1343, 1278, 1345, 1279, 1280, 1345, 1344, 1279, 1346, 1280, 1281, 1346, 1345, 1280, 1347, 1281, 1282, 1347, 1346, 1281, 1348, 1282, 1283, 1348, 1347, 1282, 1349, 1283, 1284, 1349, 1348, 1283, 1350, 1284, 1285, 1350, 1349, 1284, 1351, 1285, 1286, 1351, 1350, 1285, 1352, 1286, 1287, 1352, 1351, 1286, 1353, 1287, 1288, 1353, 1352, 1287, 1354, 1288, 1289, 1354, 1353, 1288, 1355, 1289, 1290, 1355, 1354, 1289, 1356, 1290, 1291, 1356, 1355, 1290, 1357, 1356, 1291, 1357, 1291, 1292, 1358, 1292, 1293, 1358, 1357, 1292, 1294, 1358, 1293, 1359, 1358, 1294, 1360, 1359, 1294, 1360, 1294, 1295, 1361, 1360, 1295, 1361, 1295, 1296, 1362, 1361, 1296, 1362, 1296, 1297, 1363, 1362, 1297, 1363, 1297, 1298, 1364, 1363, 1298, 1364, 1298, 1299, 1365, 1364, 1299, 1365, 1299, 1300, 1366, 1365, 1300, 1366, 1300, 1301, 1367, 1366, 1301, 1367, 1301, 1302, 1368, 1367, 1302, 1368, 1302, 1303, 1369, 1368, 1303, 1369, 1303, 1304, 1305, 1369, 1304, 1370, 1369, 1305, 1371, 1305, 1306, 1371, 1370, 1305, 1307, 1371, 1306, 1372, 1371, 1307, 1373, 1307, 1308, 1373, 1372, 1307, 1309, 1373, 1308, 1374, 1373, 1309, 1375, 1309, 1310, 1375, 1374, 1309, 1376, 1310, 1311, 1376, 1375, 1310, 1312, 1376, 1311, 1313, 1376, 1312, 1443, 1377, 1378, 1443, 1442, 1377, 1444, 1378, 1379, 1444, 1443, 1378, 1445, 1379, 1380, 1445, 1444, 1379, 1446, 1380, 1381, 1446, 1445, 1380, 1447, 1381, 1382, 1447, 1446, 1381, 1448, 1382, 1383, 1448, 1447, 1382, 1384, 1448, 1383, 1449, 1448, 1384, 1450, 1384, 1385, 1450, 1449, 1384, 1451, 1385, 1386, 1451, 1450, 1385, 1452, 1386, 1387, 1452, 1451, 1386, 1453, 1387, 1388, 1453, 1452, 1387, 1454, 1388, 1389, 1454, 1453, 1388, 1455, 1389, 1390, 1455, 1454, 1389, 1456, 1390, 1391, 1456, 1455, 1390, 1457, 1391, 1392, 1457, 1456, 1391, 1458, 1392, 1393, 1458, 1457, 1392, 1394, 1458, 1393, 1459, 1458, 1394, 1395, 1459, 1394, 1460, 1459, 1395, 1396, 1460, 1395, 1461, 1460, 1396, 1462, 1461, 1396, 1462, 1396, 1397, 1398, 1462, 1397, 1463, 1462, 1398, 1464, 1463, 1398, 1464, 1398, 1399, 1400, 1464, 1399, 1465, 1464, 1400, 1466, 1400, 1401, 1466, 1465, 1400, 1467, 1401, 1402, 1467, 1466, 1401, 1468, 1402, 1403, 1468, 1467, 1402, 1469, 1403, 1404, 1469, 1468, 1403, 1470, 1404, 1405, 1470, 1469, 1404, 1471, 1405, 1406, 1471, 1470, 1405, 1472, 1406, 1407, 1472, 1471, 1406, 1473, 1407, 1408, 1473, 1472, 1407, 1474, 1408, 1409, 1474, 1473, 1408, 1475, 1409, 1410, 1475, 1474, 1409, 1476, 1410, 1411, 1476, 1475, 1410, 1477, 1411, 1412, 1477, 1476, 1411, 1478, 1412, 1413, 1478, 1477, 1412, 1479, 1413, 1414, 1479, 1478, 1413, 1480, 1414, 1415, 1480, 1479, 1414, 1416, 1480, 1415, 1481, 1480, 1416, 1482, 1416, 1417, 1482, 1481, 1416, 1418, 1482, 1417, 1483, 1482, 1418, 1484, 1418, 1419, 1484, 1483, 1418, 1485, 1484, 1419, 1485, 1419, 1420, 1486, 1420, 1421, 1486, 1485, 1420, 1422, 1486, 1421, 1487, 1486, 1422, 1488, 1487, 1422, 1488, 1422, 1423, 1489, 1488, 1423, 1489, 1423, 1424, 1425, 1489, 1424, 1490, 1489, 1425, 1426, 1490, 1425, 1491, 1490, 1426, 1492, 1491, 1426, 1492, 1426, 1427, 1493, 1492, 1427, 1493, 1427, 1428, 1429, 1493, 1428, 1494, 1493, 1429, 1495, 1494, 1429, 1495, 1429, 1430, 1496, 1495, 1430, 1496, 1430, 1431, 1432, 1496, 1431, 1497, 1496, 1432, 1433, 1497, 1432, 1498, 1497, 1433, 1499, 1433, 1434, 1499, 1498, 1433, 1435, 1499, 1434, 1500, 1499, 1435, 1436, 1500, 1435, 1501, 1500, 1436, 1437, 1501, 1436, 1502, 1501, 1437, 1503, 1437, 1438, 1503, 1502, 1437, 1439, 1503, 1438, 1504, 1503, 1439, 1440, 1504, 1439, 1441, 1504, 1440, 1571, 1505, 1506, 1571, 1570, 1505, 1572, 1506, 1507, 1572, 1571, 1506, 1573, 1507, 1508, 1573, 1572, 1507, 1574, 1508, 1509, 1574, 1573, 1508, 1575, 1509, 1510, 1575, 1574, 1509, 1511, 1575, 1510, 1576, 1575, 1511, 1577, 1511, 1512, 1577, 1576, 1511, 1578, 1512, 1513, 1578, 1577, 1512, 1514, 1578, 1513, 1579, 1578, 1514, 1515, 1579, 1514, 1580, 1579, 1515, 1581, 1515, 1516, 1581, 1580, 1515, 1582, 1516, 1517, 1582, 1581, 1516, 1518, 1582, 1517, 1583, 1582, 1518, 1584, 1518, 1519, 1584, 1583, 1518, 1585, 1519, 1520, 1585, 1584, 1519, 1521, 1585, 1520, 1586, 1585, 1521, 1587, 1521, 1522, 1587, 1586, 1521, 1523, 1587, 1522, 1588, 1587, 1523, 1589, 1588, 1523, 1589, 1523, 1524, 1590, 1589, 1524, 1590, 1524, 1525, 1526, 1590, 1525, 1591, 1590, 1526, 1592, 1591, 1526, 1592, 1526, 1527, 1528, 1592, 1527, 1593, 1592, 1528, 1594, 1528, 1529, 1594, 1593, 1528, 1595, 1529, 1530, 1595, 1594, 1529, 1596, 1530, 1531, 1596, 1595, 1530, 1532, 1596, 1531, 1597, 1596, 1532, 1598, 1532, 1533, 1598, 1597, 1532, 1534, 1598, 1533, 1599, 1598, 1534, 1600, 1534, 1535, 1600, 1599, 1534, 1601, 1535, 1536, 1601, 1600, 1535, 1602, 1536, 1537, 1602, 1601, 1536, 1603, 1537, 1538, 1603, 1602, 1537, 1539, 1603, 1538, 1604, 1603, 1539, 1605, 1539, 1540, 1605, 1604, 1539, 1541, 1605, 1540, 1606, 1605, 1541, 1607, 1541, 1542, 1607, 1606, 1541, 1608, 1542, 1543, 1608, 1607, 1542, 1609, 1543, 1544, 1609, 1608, 1543, 1610, 1544, 1545, 1610, 1609, 1544, 1611, 1545, 1546, 1611, 1610, 1545, 1612, 1546, 1547, 1612, 1611, 1546, 1613, 1612, 1547, 1613, 1547, 1548, 1549, 1613, 1548, 1614, 1613, 1549, 1615, 1614, 1549, 1615, 1549, 1550, 1616, 1615, 1550, 1616, 1550, 1551, 1552, 1616, 1551, 1617, 1616, 1552, 1618, 1617, 1552, 1618, 1552, 1553, 1554, 1618, 1553, 1619, 1618, 1554, 1620, 1619, 1554, 1620, 1554, 1555, 1621, 1620, 1555, 1621, 1555, 1556, 1557, 1621, 1556, 1622, 1621, 1557, 1623, 1622, 1557, 1623, 1557, 1558, 1624, 1623, 1558, 1624, 1558, 1559, 1625, 1624, 1559, 1625, 1559, 1560, 1626, 1625, 1560, 1626, 1560, 1561, 1627, 1626, 1561, 1627, 1561, 1562, 1563, 1627, 1562, 1628, 1627, 1563, 1629, 1563, 1564, 1629, 1628, 1563, 1630, 1564, 1565, 1630, 1629, 1564, 1566, 1630, 1565, 1631, 1630, 1566, 1567, 1631, 1566, 1632, 1631, 1567, 1568, 1632, 1567, 1569, 1632, 1568, 1699, 1633, 1634, 1699, 1698, 1633, 1700, 1634, 1635, 1700, 1699, 1634, 1701, 1635, 1636, 1701, 1700, 1635, 1702, 1636, 1637, 1702, 1701, 1636, 1703, 1637, 1638, 1703, 1702, 1637, 1704, 1638, 1639, 1704, 1703, 1638, 1705, 1639, 1640, 1705, 1704, 1639, 1641, 1705, 1640, 1706, 1705, 1641, 1707, 1641, 1642, 1707, 1706, 1641, 1643, 1707, 1642, 1708, 1707, 1643, 1709, 1643, 1644, 1709, 1708, 1643, 1710, 1644, 1645, 1710, 1709, 1644, 1711, 1645, 1646, 1711, 1710, 1645, 1712, 1646, 1647, 1712, 1711, 1646, 1713, 1647, 1648, 1713, 1712, 1647, 1714, 1648, 1649, 1714, 1713, 1648, 1715, 1649, 1650, 1715, 1714, 1649, 1716, 1650, 1651, 1716, 1715, 1650, 1717, 1716, 1651, 1717, 1651, 1652, 1653, 1717, 1652, 1718, 1717, 1653, 1719, 1718, 1653, 1719, 1653, 1654, 1720, 1719, 1654, 1720, 1654, 1655, 1721, 1720, 1655, 1721, 1655, 1656, 1722, 1656, 1657, 1722, 1721, 1656, 1723, 1657, 1658, 1723, 1722, 1657, 1724, 1658, 1659, 1724, 1723, 1658, 1725, 1659, 1660, 1725, 1724, 1659, 1726, 1660, 1661, 1726, 1725, 1660, 1727, 1661, 1662, 1727, 1726, 1661, 1728, 1662, 1663, 1728, 1727, 1662, 1664, 1728, 1663, 1729, 1728, 1664, 1730, 1664, 1665, 1730, 1729, 1664, 1731, 1665, 1666, 1731, 1730, 1665, 1732, 1666, 1667, 1732, 1731, 1666, 1668, 1732, 1667, 1733, 1732, 1668, 1734, 1668, 1669, 1734, 1733, 1668, 1670, 1734, 1669, 1735, 1734, 1670, 1736, 1670, 1671, 1736, 1735, 1670, 1737, 1671, 1672, 1737, 1736, 1671, 1738, 1672, 1673, 1738, 1737, 1672, 1739, 1673, 1674, 1739, 1738, 1673, 1740, 1674, 1675, 1740, 1739, 1674, 1741, 1740, 1675, 1741, 1675, 1676, 1742, 1676, 1677, 1742, 1741, 1676, 1743, 1742, 1677, 1743, 1677, 1678, 1679, 1743, 1678, 1744, 1743, 1679, 1745, 1744, 1679, 1745, 1679, 1680, 1746, 1745, 1680, 1746, 1680, 1681, 1747, 1746, 1681, 1747, 1681, 1682, 1748, 1747, 1682, 1748, 1682, 1683, 1749, 1748, 1683, 1749, 1683, 1684, 1750, 1749, 1684, 1750, 1684, 1685, 1751, 1750, 1685, 1751, 1685, 1686, 1752, 1751, 1686, 1752, 1686, 1687, 1753, 1752, 1687, 1753, 1687, 1688, 1754, 1753, 1688, 1754, 1688, 1689, 1755, 1754, 1689, 1755, 1689, 1690, 1691, 1755, 1690, 1756, 1755, 1691, 1757, 1691, 1692, 1757, 1756, 1691, 1693, 1757, 1692, 1758, 1757, 1693, 1759, 1693, 1694, 1759, 1758, 1693, 1695, 1759, 1694, 1760, 1759, 1695, 1697, 1695, 1696, 1697, 1760, 1695, 1827, 1761, 1762, 1827, 1826, 1761, 1828, 1762, 1763, 1828, 1763, 1764, 1828, 1827, 1762, 1829, 1828, 1764, 1830, 1764, 1765, 1830, 1829, 1764, 1831, 1765, 1766, 1831, 1766, 1767, 1831, 1830, 1765, 1832, 1831, 1767, 1833, 1767, 1768, 1833, 1768, 1769, 1833, 1832, 1767, 1834, 1833, 1769, 1835, 1769, 1770, 1835, 1834, 1769, 1836, 1770, 1771, 1836, 1835, 1770, 1837, 1771, 1772, 1837, 1836, 1771, 1838, 1772, 1773, 1838, 1837, 1772, 1839, 1773, 1774, 1839, 1774, 1775, 1839, 1838, 1773, 1840, 1839, 1775, 1841, 1775, 1776, 1841, 1840, 1775, 1842, 1776, 1777, 1842, 1777, 1778, 1842, 1841, 1776, 1843, 1842, 1778, 1844, 1843, 1778, 1844, 1778, 1779, 1844, 1779, 1780, 1845, 1844, 1780, 1846, 1845, 1780, 1846, 1780, 1781, 1847, 1846, 1781, 1847, 1781, 1782, 1848, 1847, 1782, 1848, 1782, 1783, 1848, 1783, 1784, 1849, 1848, 1784, 1850, 1849, 1784, 1850, 1784, 1785, 1850, 1785, 1786, 1851, 1850, 1786, 1852, 1786, 1787, 1852, 1787, 1788, 1852, 1851, 1786, 1853, 1852, 1788, 1854, 1788, 1789, 1854, 1853, 1788, 1855, 1789, 1790, 1855, 1790, 1791, 1855, 1854, 1789, 1856, 1855, 1791, 1857, 1791, 1792, 1857, 1792, 1793, 1857, 1856, 1791, 1858, 1857, 1793, 1859, 1793, 1794, 1859, 1794, 1795, 1859, 1858, 1793, 1860, 1859, 1795, 1861, 1795, 1796, 1861, 1860, 1795, 1862, 1796, 1797, 1862, 1797, 1798, 1862, 1861, 1796, 1863, 1862, 1798, 1864, 1798, 1799, 1864, 1863, 1798, 1865, 1799, 1800, 1865, 1864, 1799, 1866, 1800, 1801, 1866, 1865, 1800, 1867, 1801, 1802, 1867, 1866, 1801, 1868, 1802, 1803, 1868, 1867, 1802, 1869, 1868, 1803, 1869, 1803, 1804, 1870, 1869, 1804, 1870, 1804, 1805, 1871, 1870, 1805, 1871, 1805, 1806, 1872, 1871, 1806, 1872, 1806, 1807, 1873, 1872, 1807, 1873, 1807, 1808, 1874, 1873, 1808, 1874, 1808, 1809, 1874, 1809, 1810, 1875, 1874, 1810, 1876, 1875, 1810, 1876, 1810, 1811, 1877, 1876, 1811, 1877, 1811, 1812, 1878, 1877, 1812, 1878, 1812, 1813, 1879, 1878, 1813, 1879, 1813, 1814, 1879, 1814, 1815, 1880, 1879, 1815, 1881, 1880, 1815, 1881, 1815, 1816, 1881, 1816, 1817, 1882, 1881, 1817, 1883, 1817, 1818, 1883, 1882, 1817, 1884, 1818, 1819, 1884, 1883, 1818, 1885, 1819, 1820, 1885, 1884, 1819, 1886, 1820, 1821, 1886, 1885, 1820, 1887, 1821, 1822, 1887, 1822, 1823, 1887, 1886, 1821, 1888, 1887, 1823, 1825, 1823, 1824, 1825, 1888, 1823, 2018, 1889, 1890, 1956, 1955, 2018, 1953, 1951, 1952, 1954, 2017, 1953, 2019, 1890, 1891, 2019, 1891, 1892, 2019, 2018, 1890, 2019, 1956, 2018, 2019, 1957, 1956, 2019, 1958, 1957, 2020, 1892, 1893, 2020, 1893, 1894, 2020, 2019, 1892, 2020, 1958, 2019, 2020, 1959, 1958, 2020, 1960, 1959, 2021, 1894, 1895, 2021, 1895, 1896, 2021, 1961, 1960, 2021, 1962, 1961, 2021, 2020, 1894, 2021, 1960, 2020, 2022, 1896, 1897, 2022, 1897, 1898, 2022, 2021, 1896, 2022, 1962, 2021, 2022, 1963, 1962, 2022, 1964, 1963, 2023, 1898, 1899, 2023, 1899, 1900, 2023, 2022, 1898, 2023, 1964, 2022, 2023, 1965, 1964, 2023, 1966, 1965, 2024, 1966, 2023, 2024, 1900, 1901, 2024, 1901, 1902, 2024, 1967, 1966, 2024, 1968, 1967, 2024, 2023, 1900, 2025, 1902, 1903, 2025, 1903, 1904, 2025, 2024, 1902, 2025, 1968, 2024, 2025, 1969, 1968, 2025, 1970, 1969, 2026, 1904, 1905, 2026, 1905, 1906, 2026, 2025, 1904, 2026, 1971, 1970, 2026, 1972, 1971, 2026, 1970, 2025, 2027, 1906, 1907, 2027, 1907, 1908, 2027, 2026, 1906, 2027, 1972, 2026, 2027, 1973, 1972, 2027, 1974, 1973, 2028, 1974, 2027, 2028, 1908, 1909, 2028, 1909, 1910, 2028, 1975, 1974, 2028, 1976, 1975, 2028, 2027, 1908, 2029, 1910, 1911, 2029, 1911, 1912, 2029, 2028, 1910, 2029, 1976, 2028, 2029, 1977, 1976, 2029, 1978, 1977, 2030, 1912, 1913, 2030, 1913, 1914, 2030, 2029, 1912, 2030, 1979, 1978, 2030, 1980, 1979, 2030, 1978, 2029, 2031, 2030, 1914, 2031, 1980, 2030, 2031, 1914, 1915, 2031, 1915, 1916, 2031, 1981, 1980, 2031, 1982, 1981, 2032, 1916, 1917, 2032, 1917, 1918, 2032, 2031, 1916, 2032, 1982, 2031, 2032, 1983, 1982, 2032, 1984, 1983, 2033, 1918, 1919, 2033, 1919, 1920, 2033, 1984, 2032, 2033, 2032, 1918, 2033, 1985, 1984, 2033, 1986, 1985, 2034, 2033, 1920, 2034, 1920, 1921, 2034, 1986, 2033, 2034, 1987, 1986, 2035, 1921, 1922, 2035, 1922, 1923, 2035, 1987, 2034, 2035, 2034, 1921, 2035, 1988, 1987, 2035, 1989, 1988, 2036, 1991, 1990, 2036, 1989, 2035, 2036, 1923, 1924, 2036, 1924, 1925, 2036, 2035, 1923, 2036, 1990, 1989, 2037, 1992, 1991, 2037, 1993, 1992, 2037, 1991, 2036, 2037, 1925, 1926, 2037, 1926, 1927, 2037, 2036, 1925, 2038, 1994, 1993, 2038, 1995, 1994, 2038, 1927, 1928, 2038, 1928, 1929, 2038, 1993, 2037, 2038, 2037, 1927, 2039, 1995, 2038, 2039, 1996, 1995, 2039, 1997, 1996, 2039, 1929, 1930, 2039, 1930, 1931, 2039, 2038, 1929, 2040, 1998, 1997, 2040, 1999, 1998, 2040, 1997, 2039, 2040, 2039, 1931, 2040, 1931, 1932, 2040, 1932, 1933, 2041, 2000, 1999, 2041, 2001, 2000, 2041, 1999, 2040, 2041, 1933, 1934, 2041, 1934, 1935, 2041, 2040, 1933, 2042, 2002, 2001, 2042, 2003, 2002, 2042, 2001, 2041, 2042, 1935, 1936, 2042, 1936, 1937, 2042, 2041, 1935, 2043, 2004, 2003, 2043, 2005, 2004, 2043, 2003, 2042, 2043, 1937, 1938, 2043, 1938, 1939, 2043, 2042, 1937, 2044, 2006, 2005, 2044, 2007, 2006, 2044, 1939, 1940, 2044, 1940, 1941, 2044, 2005, 2043, 2044, 2043, 1939, 2045, 2008, 2007, 2045, 2009, 2008, 2045, 2007, 2044, 2045, 1941, 1942, 2045, 1942, 1943, 2045, 2044, 1941, 2046, 2010, 2009, 2046, 2011, 2010, 2046, 1943, 1944, 2046, 1944, 1945, 2046, 2009, 2045, 2046, 2045, 1943, 2047, 2012, 2011, 2047, 2013, 2012, 2047, 2046, 1945, 2047, 2011, 2046, 2047, 1945, 1946, 2047, 1946, 1947, 2048, 2047, 1947, 2048, 2014, 2013, 2048, 2015, 2014, 2048, 2013, 2047, 2048, 1947, 1948, 2048, 1948, 1949, 2049, 2015, 2048, 2049, 2016, 2015, 2049, 2017, 2016, 2049, 2048, 1949, 2049, 1949, 1950, 2049, 1950, 1951, 2049, 1951, 1953, 2049, 1953, 2017, 2091, 2089, 2090, 2092, 2089, 2091, 2086, 2087, 2088, 2096, 2094, 2095, 2082, 2083, 2084, 2082, 2084, 2085, 2082, 2085, 2086, 2082, 2088, 2089, 2082, 2086, 2088, 2082, 2089, 2092, 2097, 2093, 2094, 2097, 2094, 2096, 2098, 2092, 2093, 2098, 2093, 2097, 2079, 2080, 2081, 2079, 2081, 2082, 2101, 2098, 2099, 2101, 2099, 2100, 2102, 2098, 2101, 2102, 2092, 2098, 2076, 2077, 2078, 2103, 2079, 2082, 2103, 2092, 2102, 2103, 2078, 2079, 2103, 2082, 2092, 2074, 2075, 2076, 2073, 2074, 2076, 2106, 2103, 2104, 2106, 2104, 2105, 2070, 2071, 2072, 2070, 2072, 2073, 2109, 2107, 2108, 2112, 2110, 2111, 2066, 2067, 2068, 2050, 2107, 2109, 2050, 2106, 2107, 2050, 2110, 2112, 2050, 2109, 2110, 2065, 2066, 2068, 2051, 2106, 2050, 2064, 2068, 2069, 2064, 2069, 2070, 2064, 2070, 2073, 2064, 2065, 2068, 2055, 2051, 2052, 2055, 2052, 2053, 2055, 2053, 2054, 2055, 2106, 2051, 2060, 2061, 2062, 2060, 2062, 2063, 2060, 2063, 2064, 2057, 2055, 2056, 2058, 2059, 2060, 2058, 2076, 2078, 2058, 2078, 2103, 2058, 2073, 2076, 2058, 2103, 2106, 2058, 2064, 2073, 2058, 2060, 2064, 2058, 2106, 2055, 2058, 2055, 2057]
        point3f[] points = [(0.0000, 6.0000, 0.0000), (0.0000, 5.9702, 0.5974), (0.0000, 5.8810, 1.1889), (0.0000, 5.7334, 1.7685), (0.0000, 5.5289, 2.3306), (0.0000, 5.2693, 2.8695), (0.0000, 4.9574, 3.3799), (0.0000, 4.5963, 3.8567), (0.0000, 4.1894, 4.2952), (0.0000, 3.7409, 4.6910), (0.0000, 3.2553, 5.0402), (0.0000, 2.7373, 5.3392), (0.0000, 2.1920, 5.5852), (0.0000, 1.6250, 5.7757), (0.0000, 1.0419, 5.9088), (0.0000, 0.4484, 5.9832), (0.0000, -0.1496, 5.9981), (0.0000, -0.7461, 5.9534), (0.0000, -1.3351, 5.8496), (0.0000, -1.9109, 5.6876), (0.0000, -2.4677, 5.4690), (0.0000, -3.0000, 5.1962), (0.0000, -3.5025, 4.8716), (0.0000, -3.9701, 4.4987), (0.0000, -4.3983, 4.0810), (0.0000, -4.7828, 3.6228), (0.0000, -5.1197, 3.1286), (0.0000, -5.4058, 2.6033), (0.0000, -5.6382, 2.0521), (0.0000, -5.8145, 1.4805), (0.0000, -5.9330, 0.8943), (0.0000, -5.9925, 0.2991), (0.0000, -5.9925, -0.2991), (0.0000, -5.9330, -0.8943), (0.0000, -5.8145, -1.4805), (0.0000, -5.6382, -2.0521), (0.0000, -5.4058, -2.6033), (0.0000, -5.1197, -3.1286), (0.0000, -4.7828, -3.6228), (0.0000, -4.3983, -4.0810), (0.0000, -3.9701, -4.4987), (0.0000, -3.5025, -4.8716), (0.0000, -3.0000, -5.1962), (0.0000, -2.4677, -5.4690), (0.0000, -1.9109, -5.6876), (0.0000, -1.3351, -5.8496), (0.0000, -0.7461, -5.9534), (0.0000, -0.1496, -5.9981), (0.0000, 0.4484, -5.9832), (0.0000, 1.0419, -5.9088), (0.0000, 1.6250, -5.7757), (0.0000, 2.1920, -5.5852), (0.0000, 2.7373, -5.3392), (0.0000, 3.2553, -5.0402), (0.0000, 3.7409, -4.6910), (0.0000, 4.1894, -4.2952), (0.0000, 4.5963, -3.8567), (0.0000, 4.9574, -3.3799), (0.0000, 5.2693, -2.8695), (0.0000, 5.5289, -2.3306), (0.0000, 5.7334, -1.7685), (0.0000, 5.8810, -1.1889), (0.0000, 5.9702, -0.5974), (0.0000, 6.0000, 0.0000), (0.5000, 6.5000, 0.0000), (0.5000, 6.5000, 0.0000), (0.5000, 6.4677, 0.6472), (0.5000, 6.3711, 1.2879), (0.5000, 6.2112, 1.9159), (0.5000, 5.9896, 2.5248), (0.5000, 5.7084, 3.1087), (0.5000, 5.3706, 3.6616), (0.5000, 4.9793, 4.1781), (0.5000, 4.5385, 4.6531), (0.5000, 4.0527, 5.0819), (0.5000, 3.5266, 5.4602), (0.5000, 2.9654, 5.7842), (0.5000, 2.3747, 6.0507), (0.5000, 1.7605, 6.2571), (0.5000, 1.1287, 6.4013), (0.5000, 0.4857, 6.4818), (0.5000, -0.1620, 6.4980), (0.5000, -0.8082, 6.4496), (0.5000, -1.4464, 6.3370), (0.5000, -2.0702, 6.1615), (0.5000, -2.6734, 5.9248), (0.5000, -3.2500, 5.6292), (0.5000, -3.7943, 5.2776), (0.5000, -4.3010, 4.8736), (0.5000, -4.7648, 4.4211), (0.5000, -5.1814, 3.9247), (0.5000, -5.5464, 3.3893), (0.5000, -5.8563, 2.8202), (0.5000, -6.1080, 2.2231), (0.5000, -6.2990, 1.6039), (0.5000, -6.4274, 0.9688), (0.5000, -6.4919, 0.3240), (0.5000, -6.4919, -0.3240), (0.5000, -6.4274, -0.9688), (0.5000, -6.2990, -1.6039), (0.5000, -6.1080, -2.2231), (0.5000, -5.8563, -2.8202), (0.5000, -5.5464, -3.3893), (0.5000, -5.1814, -3.9247), (0.5000, -4.7648, -4.4211), (0.5000, -4.3010, -4.8736), (0.5000, -3.7943, -5.2776), (0.5000, -3.2500, -5.6292), (0.5000, -2.6734, -5.9248), (0.5000, -2.0702, -6.1615), (0.5000, -1.4464, -6.3370), (0.5000, -0.8082, -6.4496), (0.5000, -0.1620, -6.4980), (0.5000, 0.4857, -6.4818), (0.5000, 1.1287, -6.4013), (0.5000, 1.7605, -6.2571), (0.5000, 2.3747, -6.0507), (0.5000, 2.9654, -5.7842), (0.5000, 3.5266, -5.4602), (0.5000, 4.0527, -5.0819), (0.5000, 4.5385, -4.6531), (0.5000, 4.9793, -4.1781), (0.5000, 5.3706, -3.6616), (0.5000, 5.7084, -3.1087), (0.5000, 5.9896, -2.5248), (0.5000, 6.2112, -1.9159), (0.5000, 6.3711, -1.2879), (0.5000, 6.4677, -0.6472), (0.0000, 6.0000, 0.0000), (0.0000, 5.9702, 0.5974), (0.0000, 5.8810, 1.1889), (0.0000, 5.7334, 1.7685), (0.0000, 5.5289, 2.3306), (0.0000, 5.2693, 2.8695), (0.0000, 4.9574, 3.3799), (0.0000, 4.5963, 3.8567), (0.0000, 4.1894, 4.2952), (0.0000, 3.7409, 4.6910), (0.0000, 3.2553, 5.0402), (0.0000, 2.7373, 5.3392), (0.0000, 2.1920, 5.5852), (0.0000, 1.6250, 5.7757), (0.0000, 1.0419, 5.9088), (0.0000, 0.4484, 5.9832), (0.0000, -0.1496, 5.9981), (0.0000, -0.7461, 5.9534), (0.0000, -1.3351, 5.8496), (0.0000, -1.9109, 5.6876), (0.0000, -2.4677, 5.4690), (0.0000, -3.0000, 5.1962), (0.0000, -3.5025, 4.8716), (0.0000, -3.9701, 4.4987), (0.0000, -4.3983, 4.0810), (0.0000, -4.7828, 3.6228), (0.0000, -5.1197, 3.1286), (0.0000, -5.4058, 2.6033), (0.0000, -5.6382, 2.0521), (0.0000, -5.8145, 1.4805), (0.0000, -5.9330, 0.8943), (0.0000, -5.9925, 0.2991), (0.0000, -5.9925, -0.2991), (0.0000, -5.9330, -0.8943), (0.0000, -5.8145, -1.4805), (0.0000, -5.6382, -2.0521), (0.0000, -5.4058, -2.6033), (0.0000, -5.1197, -3.1286), (0.0000, -4.7828, -3.6228), (0.0000, -4.3983, -4.0810), (0.0000, -3.9701, -4.4987), (0.0000, -3.5025, -4.8716), (0.0000, -3.0000, -5.1962), (0.0000, -2.4677, -5.4690), (0.0000, -1.9109, -5.6876), (0.0000, -1.3351, -5.8496), (0.0000, -0.7461, -5.9534), (0.0000, -0.1496, -5.9981), (0.0000, 0.4484, -5.9832), (0.0000, 1.0419, -5.9088), (0.0000, 1.6250, -5.7757), (0.0000, 2.1920, -5.5852), (0.0000, 2.7373, -5.3392), (0.0000, 3.2553, -5.0402), (0.0000, 3.7409, -4.6910), (0.0000, 4.1894, -4.2952), (0.0000, 4.5963, -3.8567), (0.0000, 4.9574, -3.3799), (0.0000, 5.2693, -2.8695), (0.0000, 5.5289, -2.3306), (0.0000, 5.7334, -1.7685), (0.0000, 5.8810, -1.1889), (0.0000, 5.9702, -0.5974), (0.0000, 3.0000, -1.7321), (0.0000, 3.0000, 1.7321), (0.0000, 0.0000, 3.4641), (0.0000, -3.0000, 1.7321), (0.0000, -3.0000, -1.7321), (0.0000, -0.0000, -3.4641), (0.5000, 6.5000, 0.0000), (0.5000, 6.4677, 0.6472), (0.5000, 6.3711, 1.2879), (0.5000, 6.2112, 1.9159), (0.5000, 5.9896, 2.5248), (0.5000, 5.7084, 3.1087), (0.5000, 5.3706, 3.6616), (0.5000, 4.9793, 4.1781), (0.5000, 4.5385, 4.6531), (0.5000, 4.0527, 5.0819), (0.5000, 3.5266, 5.4602), (0.5000, 2.9654, 5.7842), (0.5000, 2.3747, 6.0507), (0.5000, 1.7605, 6.2571), (0.5000, 1.1287, 6.4013), (0.5000, 0.4857, 6.4818), (0.5000, -0.1620, 6.4980), (0.5000, -0.8082, 6.4496), (0.5000, -1.4464, 6.3370), (0.5000, -2.0702, 6.1615), (0.5000, -2.6734, 5.9248), (0.5000, -3.2500, 5.6292), (0.5000, -3.7943, 5.2776), (0.5000, -4.3010, 4.8736), (0.5000, -4.7648, 4.4211), (0.5000, -5.1814, 3.9247), (0.5000, -5.5464, 3.3893), (0.5000, -5.8563, 2.8202), (0.5000, -6.1080, 2.2231), (0.5000, -6.2990, 1.6039), (0.5000, -6.4274, 0.9688), (0.5000, -6.4919, 0.3240), (0.5000, -6.4919, -0.3240), (0.5000, -6.4274, -0.9688), (0.5000, -6.2990, -1.6039), (0.5000, -6.1080, -2.2231), (0.5000, -5.8563, -2.8202), (0.5000, -5.5464, -3.3893), (0.5000, -5.1814, -3.9247), (0.5000, -4.7648, -4.4211), (0.5000, -4.3010, -4.8736), (0.5000, -3.7943, -5.2776), (0.5000, -3.2500, -5.6292), (0.5000, -2.6734, -5.9248), (0.5000, -2.0702, -6.1615), (0.5000, -1.4464, -6.3370), (0.5000, -0.8082, -6.4496), (0.5000, -0.1620, -6.4980), (0.5000, 0.4857, -6.4818), (0.5000, 1.1287, -6.4013), (0.5000, 1.7605, -6.2571), (0.5000, 2.3747, -6.0507), (0.5000, 2.9654, -5.7842), (0.5000, 3.5266, -5.4602), (0.5000, 4.0527, -5.0819), (0.5000, 4.5385, -4.6531), (0.5000, 4.9793, -4.1781), (0.5000, 5.3706, -3.6616), (0.5000, 5.7084, -3.1087), (0.5000, 5.9896, -2.5248), (0.5000, 6.2112, -1.9159), (0.5000, 6.3711, -1.2879), (0.5000, 6.4677, -0.6472), (0.5000, 6.5000, 0.0000), (8.0000, 6.5000, 0.0000), (8.0000, 6.5000, 0.0000), (8.0000, 6.4677, 0.6472), (8.0000, 6.3711, 1.2879), (8.0000, 6.2112, 1.9159), (8.0000, 5.9896, 2.5248), (8.0000, 5.7084, 3.1087), (8.0000, 5.3706, 3.6616), (8.0000, 4.9793, 4.1781), (8.0000, 4.5385, 4.6531), (8.0000, 4.0527, 5.0819), (8.0000, 3.5266, 5.4602), (8.0000, 2.9654, 5.7842), (8.0000, 2.3747, 6.0507), (8.0000, 1.7605, 6.2571), (8.0000, 1.1287, 6.4013), (8.0000, 0.4857, 6.4818), (8.0000, -0.1620, 6.4980), (8.0000, -0.8082, 6.4496), (8.0000, -1.4464, 6.3370), (8.0000, -2.0702, 6.1615), (8.0000, -2.6734, 5.9248), (8.0000, -3.2500, 5.6292), (8.0000, -3.7943, 5.2776), (8.0000, -4.3010, 4.8736), (8.0000, -4.7648, 4.4211), (8.0000, -5.1814, 3.9247), (8.0000, -5.5464, 3.3893), (8.0000, -5.8563, 2.8202), (8.0000, -6.1080, 2.2231), (8.0000, -6.2990, 1.6039), (8.0000, -6.4274, 0.9688), (8.0000, -6.4919, 0.3240), (8.0000, -6.4919, -0.3240), (8.0000, -6.4274, -0.9688), (8.0000, -6.2990, -1.6039), (8.0000, -6.1080, -2.2231), (8.0000, -5.8563, -2.8202), (8.0000, -5.5464, -3.3893), (8.0000, -5.1814, -3.9247), (8.0000, -4.7648, -4.4211), (8.0000, -4.3010, -4.8736), (8.0000, -3.7943, -5.2776), (8.0000, -3.2500, -5.6292), (8.0000, -2.6734, -5.9248), (8.0000, -2.0702, -6.1615), (8.0000, -1.4464, -6.3370), (8.0000, -0.8082, -6.4496), (8.0000, -0.1620, -6.4980), (8.0000, 0.4857, -6.4818), (8.0000, 1.1287, -6.4013), (8.0000, 1.7605, -6.2571), (8.0000, 2.3747, -6.0507), (8.0000, 2.9654, -5.7842), (8.0000, 3.5266, -5.4602), (8.0000, 4.0527, -5.0819), (8.0000, 4.5385, -4.6531), (8.0000, 4.9793, -4.1781), (8.0000, 5.3706, -3.6616), (8.0000, 5.7084, -3.1087), (8.0000, 5.9896, -2.5248), (8.0000, 6.2112, -1.9159), (8.0000, 6.3711, -1.2879), (8.0000, 6.4677, -0.6472), (0.0000, 3.0000, -1.7321), (0.0000, 3.0000, 1.7321), (4.0000, 3.0000, -1.7321), (4.0000, 3.0000, 1.7321), (0.0000, -0.0000, -3.4641), (0.0000, 3.0000, -1.7321), (4.0000, -0.0000, -3.4641), (4.0000, 3.0000, -1.7321), (0.0000, -3.0000, -1.7321), (0.0000, -0.0000, -3.4641), (4.0000, -3.0000, -1.7321), (4.0000, -0.0000, -3.4641), (0.0000, -3.0000, 1.7321), (0.0000, -3.0000, -1.7321), (4.0000, -3.0000, 1.7321), (4.0000, -3.0000, -1.7321), (0.0000, 0.0000, 3.4641), (0.0000, -3.0000, 1.7321), (4.0000, 0.0000, 3.4641), (4.0000, -3.0000, 1.7321), (0.0000, 3.0000, 1.7321), (0.0000, 0.0000, 3.4641), (4.0000, 3.0000, 1.7321), (4.0000, 0.0000, 3.4641), (8.0000, 6.5000, 0.0000), (8.0000, 6.4677, 0.6472), (8.0000, 6.3711, 1.2879), (8.0000, 6.2112, 1.9159), (8.0000, 5.9896, 2.5248), (8.0000, 5.7084, 3.1087), (8.0000, 5.3706, 3.6616), (8.0000, 4.9793, 4.1781), (8.0000, 4.5385, 4.6531), (8.0000, 4.0527, 5.0819), (8.0000, 3.5266, 5.4602), (8.0000, 2.9654, 5.7842), (8.0000, 2.3747, 6.0507), (8.0000, 1.7605, 6.2571), (8.0000, 1.1287, 6.4013), (8.0000, 0.4857, 6.4818), (8.0000, -0.1620, 6.4980), (8.0000, -0.8082, 6.4496), (8.0000, -1.4464, 6.3370), (8.0000, -2.0702, 6.1615), (8.0000, -2.6734, 5.9248), (8.0000, -3.2500, 5.6292), (8.0000, -3.7943, 5.2776), (8.0000, -4.3010, 4.8736), (8.0000, -4.7648, 4.4211), (8.0000, -5.1814, 3.9247), (8.0000, -5.5464, 3.3893), (8.0000, -5.8563, 2.8202), (8.0000, -6.1080, 2.2231), (8.0000, -6.2990, 1.6039), (8.0000, -6.4274, 0.9688), (8.0000, -6.4919, 0.3240), (8.0000, -6.4919, -0.3240), (8.0000, -6.4274, -0.9688), (8.0000, -6.2990, -1.6039), (8.0000, -6.1080, -2.2231), (8.0000, -5.8563, -2.8202), (8.0000, -5.5464, -3.3893), (8.0000, -5.1814, -3.9247), (8.0000, -4.7648, -4.4211), (8.0000, -4.3010, -4.8736), (8.0000, -3.7943, -5.2776), (8.0000, -3.2500, -5.6292), (8.0000, -2.6734, -5.9248), (8.0000, -2.0702, -6.1615), (8.0000, -1.4464, -6.3370), (8.0000, -0.8082, -6.4496), (8.0000, -0.1620, -6.4980), (8.0000, 0.4857, -6.4818), (8.0000, 1.1287, -6.4013), (8.0000, 1.7605, -6.2571), (8.0000, 2.3747, -6.0507), (8.0000, 2.9654, -5.7842), (8.0000, 3.5266, -5.4602), (8.0000, 4.0527, -5.0819), (8.0000, 4.5385, -4.6531), (8.0000, 4.9793, -4.1781), (8.0000, 5.3706, -3.6616), (8.0000, 5.7084, -3.1087), (8.0000, 5.9896, -2.5248), (8.0000, 6.2112, -1.9159), (8.0000, 6.3711, -1.2879), (8.0000, 6.4677, -0.6472), (8.0000, 4.5000, 0.0000), (8.0000, 4.4776, 0.4481), (8.0000, 4.4108, 0.8917), (8.0000, 4.3001, 1.3264), (8.0000, 4.1466, 1.7480), (8.0000, 3.9520, 2.1521), (8.0000, 3.7181, 2.5349), (8.0000, 3.4472, 2.8925), (8.0000, 3.1421, 3.2214), (8.0000, 2.8057, 3.5182), (8.0000, 2.4415, 3.7801), (8.0000, 2.0529, 4.0044), (8.0000, 1.6440, 4.1889), (8.0000, 1.2188, 4.3318), (8.0000, 0.7814, 4.4316), (8.0000, 0.3363, 4.4874), (8.0000, -0.1122, 4.4986), (8.0000, -0.5595, 4.4651), (8.0000, -1.0013, 4.3872), (8.0000, -1.4332, 4.2657), (8.0000, -1.8508, 4.1018), (8.0000, -2.2500, 3.8971), (8.0000, -2.6268, 3.6537), (8.0000, -2.9776, 3.3740), (8.0000, -3.2987, 3.0608), (8.0000, -3.5871, 2.7171), (8.0000, -3.8398, 2.3465), (8.0000, -4.0544, 1.9525), (8.0000, -4.2286, 1.5391), (8.0000, -4.3608, 1.1104), (8.0000, -4.4497, 0.6707), (8.0000, -4.4944, 0.2243), (8.0000, -4.4944, -0.2243), (8.0000, -4.4497, -0.6707), (8.0000, -4.3608, -1.1104), (8.0000, -4.2286, -1.5391), (8.0000, -4.0544, -1.9525), (8.0000, -3.8398, -2.3465), (8.0000, -3.5871, -2.7171), (8.0000, -3.2987, -3.0608), (8.0000, -2.9776, -3.3740), (8.0000, -2.6268, -3.6537), (8.0000, -2.2500, -3.8971), (8.0000, -1.8508, -4.1018), (8.0000, -1.4332, -4.2657), (8.0000, -1.0013, -4.3872), (8.0000, -0.5595, -4.4651), (8.0000, -0.1122, -4.4986), (8.0000, 0.3363, -4.4874), (8.0000, 0.7814, -4.4316), (8.0000, 1.2188, -4.3318), (8.0000, 1.6440, -4.1889), (8.0000, 2.0529, -4.0044), (8.0000, 2.4415, -3.7801), (8.0000, 2.8057, -3.5182), (8.0000, 3.1421, -3.2214), (8.0000, 3.4472, -2.8925), (8.0000, 3.7181, -2.5349), (8.0000, 3.9520, -2.1521), (8.0000, 4.1466, -1.7480), (8.0000, 4.3001, -1.3264), (8.0000, 4.4108, -0.8917), (8.0000, 4.4776, -0.4481), (4.0000, 3.0000, 1.7321), (4.0000, 0.0000, 3.4641), (4.0000, -3.0000, 1.7321), (4.0000, -3.0000, -1.7321), (4.0000, -0.0000, -3.4641), (4.0000, 3.0000, -1.7321), (8.0000, 4.5000, 0.0000), (8.0000, 4.4776, 0.4481), (8.0000, 4.4108, 0.8917), (8.0000, 4.3001, 1.3264), (8.0000, 4.1466, 1.7480), (8.0000, 3.9520, 2.1521), (8.0000, 3.7181, 2.5349), (8.0000, 3.4472, 2.8925), (8.0000, 3.1421, 3.2214), (8.0000, 2.8057, 3.5182), (8.0000, 2.4415, 3.7801), (8.0000, 2.0529, 4.0044), (8.0000, 1.6440, 4.1889), (8.0000, 1.2188, 4.3318), (8.0000, 0.7814, 4.4316), (8.0000, 0.3363, 4.4874), (8.0000, -0.1122, 4.4986), (8.0000, -0.5595, 4.4651), (8.0000, -1.0013, 4.3872), (8.0000, -1.4332, 4.2657), (8.0000, -1.8508, 4.1018), (8.0000, -2.2500, 3.8971), (8.0000, -2.6268, 3.6537), (8.0000, -2.9776, 3.3740), (8.0000, -3.2987, 3.0608), (8.0000, -3.5871, 2.7171), (8.0000, -3.8398, 2.3465), (8.0000, -4.0544, 1.9525), (8.0000, -4.2286, 1.5391), (8.0000, -4.3608, 1.1104), (8.0000, -4.4497, 0.6707), (8.0000, -4.4944, 0.2243), (8.0000, -4.4944, -0.2243), (8.0000, -4.4497, -0.6707), (8.0000, -4.3608, -1.1104), (8.0000, -4.2286, -1.5391), (8.0000, -4.0544, -1.9525), (8.0000, -3.8398, -2.3465), (8.0000, -3.5871, -2.7171), (8.0000, -3.2987, -3.0608), (8.0000, -2.9776, -3.3740), (8.0000, -2.6268, -3.6537), (8.0000, -2.2500, -3.8971), (8.0000, -1.8508, -4.1018), (8.0000, -1.4332, -4.2657), (8.0000, -1.0013, -4.3872), (8.0000, -0.5595, -4.4651), (8.0000, -0.1122, -4.4986), (8.0000, 0.3363, -4.4874), (8.0000, 0.7814, -4.4316), (8.0000, 1.2188, -4.3318), (8.0000, 1.6440, -4.1889), (8.0000, 2.0529, -4.0044), (8.0000, 2.4415, -3.7801), (8.0000, 2.8057, -3.5182), (8.0000, 3.1421, -3.2214), (8.0000, 3.4472, -2.8925), (8.0000, 3.7181, -2.5349), (8.0000, 3.9520, -2.1521), (8.0000, 4.1466, -1.7480), (8.0000, 4.3001, -1.3264), (8.0000, 4.4108, -0.8917), (8.0000, 4.4776, -0.4481), (8.0000, 4.5000, 0.0000), (8.0062, 4.4218, 0.0000), (8.0062, 4.4218, 0.0000), (8.0062, 4.3998, 0.4403), (8.0062, 4.3341, 0.8762), (8.0062, 4.2253, 1.3033), (8.0062, 4.0746, 1.7176), (8.0062, 3.8833, 2.1147), (8.0062, 3.6534, 2.4909), (8.0062, 3.3873, 2.8423), (8.0062, 3.0875, 3.1654), (8.0062, 2.7569, 3.4571), (8.0062, 2.3990, 3.7144), (8.0062, 2.0173, 3.9348), (8.0062, 1.6155, 4.1161), (8.0062, 1.1976, 4.2565), (8.0062, 0.7678, 4.3546), (8.0062, 0.3304, 4.4094), (8.0062, -0.1102, 4.4204), (8.0062, -0.5498, 4.3875), (8.0062, -0.9839, 4.3109), (8.0062, -1.4083, 4.1915), (8.0062, -1.8186, 4.0305), (8.0062, -2.2109, 3.8294), (8.0062, -2.5812, 3.5902), (8.0062, -2.9258, 3.3154), (8.0062, -3.2414, 3.0076), (8.0062, -3.5247, 2.6699), (8.0062, -3.7731, 2.3057), (8.0062, -3.9839, 1.9185), (8.0062, -4.1551, 1.5123), (8.0062, -4.2850, 1.0911), (8.0062, -4.3724, 0.6590), (8.0062, -4.4163, 0.2204), (8.0062, -4.4163, -0.2204), (8.0062, -4.3724, -0.6590), (8.0062, -4.2850, -1.0911), (8.0062, -4.1551, -1.5123), (8.0062, -3.9839, -1.9185), (8.0062, -3.7731, -2.3057), (8.0062, -3.5247, -2.6699), (8.0062, -3.2414, -3.0076), (8.0062, -2.9258, -3.3154), (8.0062, -2.5812, -3.5902), (8.0062, -2.2109, -3.8294), (8.0062, -1.8186, -4.0305), (8.0062, -1.4083, -4.1915), (8.0062, -0.9839, -4.3109), (8.0062, -0.5498, -4.3875), (8.0062, -0.1102, -4.4204), (8.0062, 0.3304, -4.4094), (8.0062, 0.7678, -4.3546), (8.0062, 1.1976, -4.2565), (8.0062, 1.6155, -4.1161), (8.0062, 2.0173, -3.9348), (8.0062, 2.3990, -3.7144), (8.0062, 2.7569, -3.4571), (8.0062, 3.0875, -3.1654), (8.0062, 3.3873, -2.8423), (8.0062, 3.6534, -2.4909), (8.0062, 3.8833, -2.1147), (8.0062, 4.0746, -1.7176), (8.0062, 4.2253, -1.3033), (8.0062, 4.3341, -0.8762), (8.0062, 4.3998, -0.4403), (8.0062, 4.4218, 0.0000), (8.0062, 4.3998, 0.4403), (8.0062, 4.3341, 0.8762), (8.0062, 4.2253, 1.3033), (8.0062, 4.0746, 1.7176), (8.0062, 3.8833, 2.1147), (8.0062, 3.6534, 2.4909), (8.0062, 3.3873, 2.8423), (8.0062, 3.0875, 3.1654), (8.0062, 2.7569, 3.4571), (8.0062, 2.3990, 3.7144), (8.0062, 2.0173, 3.9348), (8.0062, 1.6155, 4.1161), (8.0062, 1.1976, 4.2565), (8.0062, 0.7678, 4.3546), (8.0062, 0.3304, 4.4094), (8.0062, -0.1102, 4.4204), (8.0062, -0.5498, 4.3875), (8.0062, -0.9839, 4.3109), (8.0062, -1.4083, 4.1915), (8.0062, -1.8186, 4.0305), (8.0062, -2.2109, 3.8294), (8.0062, -2.5812, 3.5902), (8.0062, -2.9258, 3.3154), (8.0062, -3.2414, 3.0076), (8.0062, -3.5247, 2.6699), (8.0062, -3.7731, 2.3057), (8.0062, -3.9839, 1.9185), (8.0062, -4.1551, 1.5123), (8.0062, -4.2850, 1.0911), (8.0062, -4.3724, 0.6590), (8.0062, -4.4163, 0.2204), (8.0062, -4.4163, -0.2204), (8.0062, -4.3724, -0.6590), (8.0062, -4.2850, -1.0911), (8.0062, -4.1551, -1.5123), (8.0062, -3.9839, -1.9185), (8.0062, -3.7731, -2.3057), (8.0062, -3.5247, -2.6699), (8.0062, -3.2414, -3.0076), (8.0062, -2.9258, -3.3154), (8.0062, -2.5812, -3.5902), (8.0062, -2.2109, -3.8294), (8.0062, -1.8186, -4.0305), (8.0062, -1.4083, -4.1915), (8.0062, -0.9839, -4.3109), (8.0062, -0.5498, -4.3875), (8.0062, -0.1102, -4.4204), (8.0062, 0.3304, -4.4094), (8.0062, 0.7678, -4.3546), (8.0062, 1.1976, -4.2565), (8.0062, 1.6155, -4.1161), (8.0062, 2.0173, -3.9348), (8.0062, 2.3990, -3.7144), (8.0062, 2.7569, -3.4571), (8.0062, 3.0875, -3.1654), (8.0062, 3.3873, -2.8423), (8.0062, 3.6534, -2.4909), (8.0062, 3.8833, -2.1147), (8.0062, 4.0746, -1.7176), (8.0062, 4.2253, -1.3033), (8.0062, 4.3341, -0.8762), (8.0062, 4.3998, -0.4403), (8.0062, 4.4218, 0.0000), (8.0245, 4.3455, 0.0000), (8.0245, 4.3455, 0.0000), (8.0245, 4.3239, 0.4327), (8.0245, 4.2593, 0.8610), (8.0245, 4.1524, 1.2809), (8.0245, 4.0043, 1.6879), (8.0245, 3.8163, 2.0782), (8.0245, 3.5904, 2.4479), (8.0245, 3.3288, 2.7932), (8.0245, 3.0342, 3.1108), (8.0245, 2.7094, 3.3974), (8.0245, 2.3576, 3.6503), (8.0245, 1.9825, 3.8669), (8.0245, 1.5876, 4.0451), (8.0245, 1.1769, 4.1831), (8.0245, 0.7546, 4.2795), (8.0245, 0.3247, 4.3333), (8.0245, -0.1083, 4.3441), (8.0245, -0.5403, 4.3118), (8.0245, -0.9670, 4.2365), (8.0245, -1.3840, 4.1192), (8.0245, -1.7872, 3.9609), (8.0245, -2.1727, 3.7633), (8.0245, -2.5367, 3.5283), (8.0245, -2.8754, 3.2582), (8.0245, -3.1855, 2.9557), (8.0245, -3.4639, 2.6238), (8.0245, -3.7080, 2.2659), (8.0245, -3.9152, 1.8854), (8.0245, -4.0834, 1.4862), (8.0245, -4.2111, 1.0723), (8.0245, -4.2970, 0.6477), (8.0245, -4.3401, 0.2166), (8.0245, -4.3401, -0.2166), (8.0245, -4.2970, -0.6477), (8.0245, -4.2111, -1.0723), (8.0245, -4.0834, -1.4862), (8.0245, -3.9152, -1.8854), (8.0245, -3.7080, -2.2659), (8.0245, -3.4639, -2.6238), (8.0245, -3.1855, -2.9557), (8.0245, -2.8754, -3.2582), (8.0245, -2.5367, -3.5283), (8.0245, -2.1727, -3.7633), (8.0245, -1.7872, -3.9609), (8.0245, -1.3840, -4.1192), (8.0245, -0.9670, -4.2365), (8.0245, -0.5403, -4.3118), (8.0245, -0.1083, -4.3441), (8.0245, 0.3247, -4.3333), (8.0245, 0.7546, -4.2795), (8.0245, 1.1769, -4.1831), (8.0245, 1.5876, -4.0451), (8.0245, 1.9825, -3.8669), (8.0245, 2.3576, -3.6503), (8.0245, 2.7094, -3.3974), (8.0245, 3.0342, -3.1108), (8.0245, 3.3288, -2.7932), (8.0245, 3.5904, -2.4479), (8.0245, 3.8163, -2.0782), (8.0245, 4.0043, -1.6879), (8.0245, 4.1524, -1.2809), (8.0245, 4.2593, -0.8610), (8.0245, 4.3239, -0.4327), (8.0245, 4.3455, 0.0000), (8.0245, 4.3239, 0.4327), (8.0245, 4.2593, 0.8610), (8.0245, 4.1524, 1.2809), (8.0245, 4.0043, 1.6879), (8.0245, 3.8163, 2.0782), (8.0245, 3.5904, 2.4479), (8.0245, 3.3288, 2.7932), (8.0245, 3.0342, 3.1108), (8.0245, 2.7094, 3.3974), (8.0245, 2.3576, 3.6503), (8.0245, 1.9825, 3.8669), (8.0245, 1.5876, 4.0451), (8.0245, 1.1769, 4.1831), (8.0245, 0.7546, 4.2795), (8.0245, 0.3247, 4.3333), (8.0245, -0.1083, 4.3441), (8.0245, -0.5403, 4.3118), (8.0245, -0.9670, 4.2365), (8.0245, -1.3840, 4.1192), (8.0245, -1.7872, 3.9609), (8.0245, -2.1727, 3.7633), (8.0245, -2.5367, 3.5283), (8.0245, -2.8754, 3.2582), (8.0245, -3.1855, 2.9557), (8.0245, -3.4639, 2.6238), (8.0245, -3.7080, 2.2659), (8.0245, -3.9152, 1.8854), (8.0245, -4.0834, 1.4862), (8.0245, -4.2111, 1.0723), (8.0245, -4.2970, 0.6477), (8.0245, -4.3401, 0.2166), (8.0245, -4.3401, -0.2166), (8.0245, -4.2970, -0.6477), (8.0245, -4.2111, -1.0723), (8.0245, -4.0834, -1.4862), (8.0245, -3.9152, -1.8854), (8.0245, -3.7080, -2.2659), (8.0245, -3.4639, -2.6238), (8.0245, -3.1855, -2.9557), (8.0245, -2.8754, -3.2582), (8.0245, -2.5367, -3.5283), (8.0245, -2.1727, -3.7633), (8.0245, -1.7872, -3.9609), (8.0245, -1.3840, -4.1192), (8.0245, -0.9670, -4.2365), (8.0245, -0.5403, -4.3118), (8.0245, -0.1083, -4.3441), (8.0245, 0.3247, -4.3333), (8.0245, 0.7546, -4.2795), (8.0245, 1.1769, -4.1831), (8.0245, 1.5876, -4.0451), (8.0245, 1.9825, -3.8669), (8.0245, 2.3576, -3.6503), (8.0245, 2.7094, -3.3974), (8.0245, 3.0342, -3.1108), (8.0245, 3.3288, -2.7932), (8.0245, 3.5904, -2.4479), (8.0245, 3.8163, -2.0782), (8.0245, 4.0043, -1.6879), (8.0245, 4.1524, -1.2809), (8.0245, 4.2593, -0.8610), (8.0245, 4.3239, -0.4327), (8.0245, 4.3455, 0.0000), (8.0545, 4.2730, 0.0000), (8.0545, 4.2730, 0.0000), (8.0545, 4.2518, 0.4255), (8.0545, 4.1883, 0.8467), (8.0545, 4.0832, 1.2595), (8.0545, 3.9375, 1.6598), (8.0545, 3.7526, 2.0436), (8.0545, 3.5305, 2.4071), (8.0545, 3.2733, 2.7466), (8.0545, 2.9836, 3.0589), (8.0545, 2.6642, 3.3408), (8.0545, 2.3183, 3.5894), (8.0545, 1.9494, 3.8024), (8.0545, 1.5611, 3.9776), (8.0545, 1.1573, 4.1133), (8.0545, 0.7420, 4.2081), (8.0545, 0.3193, 4.2611), (8.0545, -0.1065, 4.2717), (8.0545, -0.5313, 4.2398), (8.0545, -0.9508, 4.1659), (8.0545, -1.3609, 4.0505), (8.0545, -1.7574, 3.8949), (8.0545, -2.1365, 3.7005), (8.0545, -2.4943, 3.4694), (8.0545, -2.8274, 3.2038), (8.0545, -3.1323, 2.9064), (8.0545, -3.4062, 2.5801), (8.0545, -3.6461, 2.2281), (8.0545, -3.8498, 1.8540), (8.0545, -4.0153, 1.4615), (8.0545, -4.1409, 1.0544), (8.0545, -4.2253, 0.6369), (8.0545, -4.2677, 0.2130), (8.0545, -4.2677, -0.2130), (8.0545, -4.2253, -0.6369), (8.0545, -4.1409, -1.0544), (8.0545, -4.0153, -1.4615), (8.0545, -3.8498, -1.8540), (8.0545, -3.6461, -2.2281), (8.0545, -3.4062, -2.5801), (8.0545, -3.1323, -2.9064), (8.0545, -2.8274, -3.2038), (8.0545, -2.4943, -3.4694), (8.0545, -2.1365, -3.7005), (8.0545, -1.7574, -3.8949), (8.0545, -1.3609, -4.0505), (8.0545, -0.9508, -4.1659), (8.0545, -0.5313, -4.2398), (8.0545, -0.1065, -4.2717), (8.0545, 0.3193, -4.2611), (8.0545, 0.7420, -4.2081), (8.0545, 1.1573, -4.1133), (8.0545, 1.5611, -3.9776), (8.0545, 1.9494, -3.8024), (8.0545, 2.3183, -3.5894), (8.0545, 2.6642, -3.3408), (8.0545, 2.9836, -3.0589), (8.0545, 3.2733, -2.7466), (8.0545, 3.5305, -2.4071), (8.0545, 3.7526, -2.0436), (8.0545, 3.9375, -1.6598), (8.0545, 4.0832, -1.2595), (8.0545, 4.1883, -0.8467), (8.0545, 4.2518, -0.4255), (8.0545, 4.2730, 0.0000), (8.0545, 4.2518, 0.4255), (8.0545, 4.1883, 0.8467), (8.0545, 4.0832, 1.2595), (8.0545, 3.9375, 1.6598), (8.0545, 3.7526, 2.0436), (8.0545, 3.5305, 2.4071), (8.0545, 3.2733, 2.7466), (8.0545, 2.9836, 3.0589), (8.0545, 2.6642, 3.3408), (8.0545, 2.3183, 3.5894), (8.0545, 1.9494, 3.8024), (8.0545, 1.5611, 3.9776), (8.0545, 1.1573, 4.1133), (8.0545, 0.7420, 4.2081), (8.0545, 0.3193, 4.2611), (8.0545, -0.1065, 4.2717), (8.0545, -0.5313, 4.2398), (8.0545, -0.9508, 4.1659), (8.0545, -1.3609, 4.0505), (8.0545, -1.7574, 3.8949), (8.0545, -2.1365, 3.7005), (8.0545, -2.4943, 3.4694), (8.0545, -2.8274, 3.2038), (8.0545, -3.1323, 2.9064), (8.0545, -3.4062, 2.5801), (8.0545, -3.6461, 2.2281), (8.0545, -3.8498, 1.8540), (8.0545, -4.0153, 1.4615), (8.0545, -4.1409, 1.0544), (8.0545, -4.2253, 0.6369), (8.0545, -4.2677, 0.2130), (8.0545, -4.2677, -0.2130), (8.0545, -4.2253, -0.6369), (8.0545, -4.1409, -1.0544), (8.0545, -4.0153, -1.4615), (8.0545, -3.8498, -1.8540), (8.0545, -3.6461, -2.2281), (8.0545, -3.4062, -2.5801), (8.0545, -3.1323, -2.9064), (8.0545, -2.8274, -3.2038), (8.0545, -2.4943, -3.4694), (8.0545, -2.1365, -3.7005), (8.0545, -1.7574, -3.8949), (8.0545, -1.3609, -4.0505), (8.0545, -0.9508, -4.1659), (8.0545, -0.5313, -4.2398), (8.0545, -0.1065, -4.2717), (8.0545, 0.3193, -4.2611), (8.0545, 0.7420, -4.2081), (8.0545, 1.1573, -4.1133), (8.0545, 1.5611, -3.9776), (8.0545, 1.9494, -3.8024), (8.0545, 2.3183, -3.5894), (8.0545, 2.6642, -3.3408), (8.0545, 2.9836, -3.0589), (8.0545, 3.2733, -2.7466), (8.0545, 3.5305, -2.4071), (8.0545, 3.7526, -2.0436), (8.0545, 3.9375, -1.6598), (8.0545, 4.0832, -1.2595), (8.0545, 4.1883, -0.8467), (8.0545, 4.2518, -0.4255), (8.0545, 4.2730, 0.0000), (8.0955, 4.2061, 0.0000), (8.0955, 4.2061, 0.0000), (8.0955, 4.1852, 0.4188), (8.0955, 4.1227, 0.8334), (8.0955, 4.0192, 1.2398), (8.0955, 3.8758, 1.6338), (8.0955, 3.6939, 2.0116), (8.0955, 3.4752, 2.3694), (8.0955, 3.2221, 2.7036), (8.0955, 2.9369, 3.0110), (8.0955, 2.6225, 3.2885), (8.0955, 2.2820, 3.5332), (8.0955, 1.9189, 3.7429), (8.0955, 1.5367, 3.9154), (8.0955, 1.1392, 4.0489), (8.0955, 0.7304, 4.1422), (8.0955, 0.3143, 4.1943), (8.0955, -0.1049, 4.2048), (8.0955, -0.5230, 4.1735), (8.0955, -0.9359, 4.1007), (8.0955, -1.3396, 3.9871), (8.0955, -1.7299, 3.8339), (8.0955, -2.1031, 3.6426), (8.0955, -2.4553, 3.4151), (8.0955, -2.7831, 3.1537), (8.0955, -3.0833, 2.8609), (8.0955, -3.3528, 2.5397), (8.0955, -3.5890, 2.1932), (8.0955, -3.7896, 1.8250), (8.0955, -3.9524, 1.4386), (8.0955, -4.0760, 1.0379), (8.0955, -4.1591, 0.6269), (8.0955, -4.2009, 0.2097), (8.0955, -4.2009, -0.2097), (8.0955, -4.1591, -0.6269), (8.0955, -4.0760, -1.0379), (8.0955, -3.9524, -1.4386), (8.0955, -3.7896, -1.8250), (8.0955, -3.5890, -2.1932), (8.0955, -3.3528, -2.5397), (8.0955, -3.0833, -2.8609), (8.0955, -2.7831, -3.1537), (8.0955, -2.4553, -3.4151), (8.0955, -2.1031, -3.6426), (8.0955, -1.7299, -3.8339), (8.0955, -1.3396, -3.9871), (8.0955, -0.9359, -4.1007), (8.0955, -0.5230, -4.1735), (8.0955, -0.1049, -4.2048), (8.0955, 0.3143, -4.1943), (8.0955, 0.7304, -4.1422), (8.0955, 1.1392, -4.0489), (8.0955, 1.5367, -3.9154), (8.0955, 1.9189, -3.7429), (8.0955, 2.2820, -3.5332), (8.0955, 2.6225, -3.2885), (8.0955, 2.9369, -3.0110), (8.0955, 3.2221, -2.7036), (8.0955, 3.4752, -2.3694), (8.0955, 3.6939, -2.0116), (8.0955, 3.8758, -1.6338), (8.0955, 4.0192, -1.2398), (8.0955, 4.1227, -0.8334), (8.0955, 4.1852, -0.4188), (8.0955, 4.2061, 0.0000), (8.0955, 4.1852, 0.4188), (8.0955, 4.1227, 0.8334), (8.0955, 4.0192, 1.2398), (8.0955, 3.8758, 1.6338), (8.0955, 3.6939, 2.0116), (8.0955, 3.4752, 2.3694), (8.0955, 3.2221, 2.7036), (8.0955, 2.9369, 3.0110), (8.0955, 2.6225, 3.2885), (8.0955, 2.2820, 3.5332), (8.0955, 1.9189, 3.7429), (8.0955, 1.5367, 3.9154), (8.0955, 1.1392, 4.0489), (8.0955, 0.7304, 4.1422), (8.0955, 0.3143, 4.1943), (8.0955, -0.1049, 4.2048), (8.0955, -0.5230, 4.1735), (8.0955, -0.9359, 4.1007), (8.0955, -1.3396, 3.9871), (8.0955, -1.7299, 3.8339), (8.0955, -2.1031, 3.6426), (8.0955, -2.4553, 3.4151), (8.0955, -2.7831, 3.1537), (8.0955, -3.0833, 2.8609), (8.0955, -3.3528, 2.5397), (8.0955, -3.5890, 2.1932), (8.0955, -3.7896, 1.8250), (8.0955, -3.9524, 1.4386), (8.0955, -4.0760, 1.0379), (8.0955, -4.1591, 0.6269), (8.0955, -4.2009, 0.2097), (8.0955, -4.2009, -0.2097), (8.0955, -4.1591, -0.6269), (8.0955, -4.0760, -1.0379), (8.0955, -3.9524, -1.4386), (8.0955, -3.7896, -1.8250), (8.0955, -3.5890, -2.1932), (8.0955, -3.3528, -2.5397), (8.0955, -3.0833, -2.8609), (8.0955, -2.7831, -3.1537), (8.0955, -2.4553, -3.4151), (8.0955, -2.1031, -3.6426), (8.0955, -1.7299, -3.8339), (8.0955, -1.3396, -3.9871), (8.0955, -0.9359, -4.1007), (8.0955, -0.5230, -4.1735), (8.0955, -0.1049, -4.2048), (8.0955, 0.3143, -4.1943), (8.0955, 0.7304, -4.1422), (8.0955, 1.1392, -4.0489), (8.0955, 1.5367, -3.9154), (8.0955, 1.9189, -3.7429), (8.0955, 2.2820, -3.5332), (8.0955, 2.6225, -3.2885), (8.0955, 2.9369, -3.0110), (8.0955, 3.2221, -2.7036), (8.0955, 3.4752, -2.3694), (8.0955, 3.6939, -2.0116), (8.0955, 3.8758, -1.6338), (8.0955, 4.0192, -1.2398), (8.0955, 4.1227, -0.8334), (8.0955, 4.1852, -0.4188), (8.0955, 4.2061, 0.0000), (8.1464, 4.1464, 0.0000), (8.1464, 4.1464, 0.0000), (8.1464, 4.1258, 0.4129), (8.1464, 4.0642, 0.8216), (8.1464, 3.9622, 1.2222), (8.1464, 3.8209, 1.6106), (8.1464, 3.6415, 1.9831), (8.1464, 3.4260, 2.3358), (8.1464, 3.1764, 2.6653), (8.1464, 2.8952, 2.9683), (8.1464, 2.5853, 3.2418), (8.1464, 2.2496, 3.4831), (8.1464, 1.8917, 3.6898), (8.1464, 1.5149, 3.8598), (8.1464, 1.1230, 3.9915), (8.1464, 0.7200, 4.0835), (8.1464, 0.3099, 4.1349), (8.1464, -0.1034, 4.1452), (8.1464, -0.5156, 4.1143), (8.1464, -0.9227, 4.0425), (8.1464, -1.3206, 3.9305), (8.1464, -1.7054, 3.7795), (8.1464, -2.0732, 3.5909), (8.1464, -2.4205, 3.3667), (8.1464, -2.7436, 3.1089), (8.1464, -3.0396, 2.8203), (8.1464, -3.3053, 2.5036), (8.1464, -3.5381, 2.1621), (8.1464, -3.7358, 1.7991), (8.1464, -3.8964, 1.4182), (8.1464, -4.0182, 1.0232), (8.1464, -4.1001, 0.6180), (8.1464, -4.1413, 0.2067), (8.1464, -4.1413, -0.2067), (8.1464, -4.1001, -0.6180), (8.1464, -4.0182, -1.0232), (8.1464, -3.8964, -1.4182), (8.1464, -3.7358, -1.7991), (8.1464, -3.5381, -2.1621), (8.1464, -3.3053, -2.5036), (8.1464, -3.0396, -2.8203), (8.1464, -2.7436, -3.1089), (8.1464, -2.4205, -3.3667), (8.1464, -2.0732, -3.5909), (8.1464, -1.7054, -3.7795), (8.1464, -1.3206, -3.9305), (8.1464, -0.9227, -4.0425), (8.1464, -0.5156, -4.1143), (8.1464, -0.1034, -4.1452), (8.1464, 0.3099, -4.1349), (8.1464, 0.7200, -4.0835), (8.1464, 1.1230, -3.9915), (8.1464, 1.5149, -3.8598), (8.1464, 1.8917, -3.6898), (8.1464, 2.2496, -3.4831), (8.1464, 2.5853, -3.2418), (8.1464, 2.8952, -2.9683), (8.1464, 3.1764, -2.6653), (8.1464, 3.4260, -2.3358), (8.1464, 3.6415, -1.9831), (8.1464, 3.8209, -1.6106), (8.1464, 3.9622, -1.2222), (8.1464, 4.0642, -0.8216), (8.1464, 4.1258, -0.4129), (8.1464, 4.1464, 0.0000), (8.1464, 4.1258, 0.4129), (8.1464, 4.0642, 0.8216), (8.1464, 3.9622, 1.2222), (8.1464, 3.8209, 1.6106), (8.1464, 3.6415, 1.9831), (8.1464, 3.4260, 2.3358), (8.1464, 3.1764, 2.6653), (8.1464, 2.8952, 2.9683), (8.1464, 2.5853, 3.2418), (8.1464, 2.2496, 3.4831), (8.1464, 1.8917, 3.6898), (8.1464, 1.5149, 3.8598), (8.1464, 1.1230, 3.9915), (8.1464, 0.7200, 4.0835), (8.1464, 0.3099, 4.1349), (8.1464, -0.1034, 4.1452), (8.1464, -0.5156, 4.1143), (8.1464, -0.9227, 4.0425), (8.1464, -1.3206, 3.9305), (8.1464, -1.7054, 3.7795), (8.1464, -2.0732, 3.5909), (8.1464, -2.4205, 3.3667), (8.1464, -2.7436, 3.1089), (8.1464, -3.0396, 2.8203), (8.1464, -3.3053, 2.5036), (8.1464, -3.5381, 2.1621), (8.1464, -3.7358, 1.7991), (8.1464, -3.8964, 1.4182), (8.1464, -4.0182, 1.0232), (8.1464, -4.1001, 0.6180), (8.1464, -4.1413, 0.2067), (8.1464, -4.1413, -0.2067), (8.1464, -4.1001, -0.6180), (8.1464, -4.0182, -1.0232), (8.1464, -3.8964, -1.4182), (8.1464, -3.7358, -1.7991), (8.1464, -3.5381, -2.1621), (8.1464, -3.3053, -2.5036), (8.1464, -3.0396, -2.8203), (8.1464, -2.7436, -3.1089), (8.1464, -2.4205, -3.3667), (8.1464, -2.0732, -3.5909), (8.1464, -1.7054, -3.7795), (8.1464, -1.3206, -3.9305), (8.1464, -0.9227, -4.0425), (8.1464, -0.5156, -4.1143), (8.1464, -0.1034, -4.1452), (8.1464, 0.3099, -4.1349), (8.1464, 0.7200, -4.0835), (8.1464, 1.1230, -3.9915), (8.1464, 1.5149, -3.8598), (8.1464, 1.8917, -3.6898), (8.1464, 2.2496, -3.4831), (8.1464, 2.5853, -3.2418), (8.1464, 2.8952, -2.9683), (8.1464, 3.1764, -2.6653), (8.1464, 3.4260, -2.3358), (8.1464, 3.6415, -1.9831), (8.1464, 3.8209, -1.6106), (8.1464, 3.9622, -1.2222), (8.1464, 4.0642, -0.8216), (8.1464, 4.1258, -0.4129), (8.1464, 4.1464, 0.0000), (8.2061, 4.0955, 0.0000), (8.2061, 4.0955, 0.0000), (8.2061, 4.0751, 0.4078), (8.2061, 4.0143, 0.8115), (8.2061, 3.9135, 1.2072), (8.2061, 3.7739, 1.5908), (8.2061, 3.5967, 1.9587), (8.2061, 3.3839, 2.3071), (8.2061, 3.1373, 2.6325), (8.2061, 2.8596, 2.9318), (8.2061, 2.5535, 3.2020), (8.2061, 2.2220, 3.4403), (8.2061, 1.8684, 3.6445), (8.2061, 1.4963, 3.8124), (8.2061, 1.1092, 3.9424), (8.2061, 0.7112, 4.0333), (8.2061, 0.3061, 4.0840), (8.2061, -0.1021, 4.0942), (8.2061, -0.5092, 4.0637), (8.2061, -0.9113, 3.9928), (8.2061, -1.3044, 3.8822), (8.2061, -1.6844, 3.7331), (8.2061, -2.0477, 3.5468), (8.2061, -2.3907, 3.3253), (8.2061, -2.7099, 3.0707), (8.2061, -3.0022, 2.7856), (8.2061, -3.2646, 2.4729), (8.2061, -3.4946, 2.1355), (8.2061, -3.6899, 1.7770), (8.2061, -3.8485, 1.4007), (8.2061, -3.9688, 1.0106), (8.2061, -4.0497, 0.6104), (8.2061, -4.0904, 0.2041), (8.2061, -4.0904, -0.2041), (8.2061, -4.0497, -0.6104), (8.2061, -3.9688, -1.0106), (8.2061, -3.8485, -1.4007), (8.2061, -3.6899, -1.7770), (8.2061, -3.4946, -2.1355), (8.2061, -3.2646, -2.4729), (8.2061, -3.0022, -2.7856), (8.2061, -2.7099, -3.0707), (8.2061, -2.3907, -3.3253), (8.2061, -2.0477, -3.5468), (8.2061, -1.6844, -3.7331), (8.2061, -1.3044, -3.8822), (8.2061, -0.9113, -3.9928), (8.2061, -0.5092, -4.0637), (8.2061, -0.1021, -4.0942), (8.2061, 0.3061, -4.0840), (8.2061, 0.7112, -4.0333), (8.2061, 1.1092, -3.9424), (8.2061, 1.4963, -3.8124), (8.2061, 1.8684, -3.6445), (8.2061, 2.2220, -3.4403), (8.2061, 2.5535, -3.2020), (8.2061, 2.8596, -2.9318), (8.2061, 3.1373, -2.6325), (8.2061, 3.3839, -2.3071), (8.2061, 3.5967, -1.9587), (8.2061, 3.7739, -1.5908), (8.2061, 3.9135, -1.2072), (8.2061, 4.0143, -0.8115), (8.2061, 4.0751, -0.4078), (8.2061, 4.0955, 0.0000), (8.2061, 4.0751, 0.4078), (8.2061, 4.0143, 0.8115), (8.2061, 3.9135, 1.2072), (8.2061, 3.7739, 1.5908), (8.2061, 3.5967, 1.9587), (8.2061, 3.3839, 2.3071), (8.2061, 3.1373, 2.6325), (8.2061, 2.8596, 2.9318), (8.2061, 2.5535, 3.2020), (8.2061, 2.2220, 3.4403), (8.2061, 1.8684, 3.6445), (8.2061, 1.4963, 3.8124), (8.2061, 1.1092, 3.9424), (8.2061, 0.7112, 4.0333), (8.2061, 0.3061, 4.0840), (8.2061, -0.1021, 4.0942), (8.2061, -0.5092, 4.0637), (8.2061, -0.9113, 3.9928), (8.2061, -1.3044, 3.8822), (8.2061, -1.6844, 3.7331), (8.2061, -2.0477, 3.5468), (8.2061, -2.3907, 3.3253), (8.2061, -2.7099, 3.0707), (8.2061, -3.0022, 2.7856), (8.2061, -3.2646, 2.4729), (8.2061, -3.4946, 2.1355), (8.2061, -3.6899, 1.7770), (8.2061, -3.8485, 1.4007), (8.2061, -3.9688, 1.0106), (8.2061, -4.0497, 0.6104), (8.2061, -4.0904, 0.2041), (8.2061, -4.0904, -0.2041), (8.2061, -4.0497, -0.6104), (8.2061, -3.9688, -1.0106), (8.2061, -3.8485, -1.4007), (8.2061, -3.6899, -1.7770), (8.2061, -3.4946, -2.1355), (8.2061, -3.2646, -2.4729), (8.2061, -3.0022, -2.7856), (8.2061, -2.7099, -3.0707), (8.2061, -2.3907, -3.3253), (8.2061, -2.0477, -3.5468), (8.2061, -1.6844, -3.7331), (8.2061, -1.3044, -3.8822), (8.2061, -0.9113, -3.9928), (8.2061, -0.5092, -4.0637), (8.2061, -0.1021, -4.0942), (8.2061, 0.3061, -4.0840), (8.2061, 0.7112, -4.0333), (8.2061, 1.1092, -3.9424), (8.2061, 1.4963, -3.8124), (8.2061, 1.8684, -3.6445), (8.2061, 2.2220, -3.4403), (8.2061, 2.5535, -3.2020), (8.2061, 2.8596, -2.9318), (8.2061, 3.1373, -2.6325), (8.2061, 3.3839, -2.3071), (8.2061, 3.5967, -1.9587), (8.2061, 3.7739, -1.5908), (8.2061, 3.9135, -1.2072), (8.2061, 4.0143, -0.8115), (8.2061, 4.0751, -0.4078), (8.2061, 4.0955, 0.0000), (8.2730, 4.0545, 0.0000), (8.2730, 4.0545, 0.0000), (8.2730, 4.0343, 0.4037), (8.2730, 3.9741, 0.8034), (8.2730, 3.8744, 1.1951), (8.2730, 3.7361, 1.5749), (8.2730, 3.5607, 1.9391), (8.2730, 3.3500, 2.2840), (8.2730, 3.1059, 2.6062), (8.2730, 2.8310, 2.9025), (8.2730, 2.5279, 3.1699), (8.2730, 2.1998, 3.4059), (8.2730, 1.8497, 3.6080), (8.2730, 1.4813, 3.7742), (8.2730, 1.0981, 3.9030), (8.2730, 0.7041, 3.9929), (8.2730, 0.3030, 4.0432), (8.2730, -0.1011, 4.0532), (8.2730, -0.5042, 4.0230), (8.2730, -0.9022, 3.9528), (8.2730, -1.2913, 3.8434), (8.2730, -1.6676, 3.6957), (8.2730, -2.0272, 3.5113), (8.2730, -2.3668, 3.2920), (8.2730, -2.6828, 3.0400), (8.2730, -2.9722, 2.7578), (8.2730, -3.2320, 2.4481), (8.2730, -3.4597, 2.1142), (8.2730, -3.6530, 1.7592), (8.2730, -3.8100, 1.3867), (8.2730, -3.9291, 1.0005), (8.2730, -4.0092, 0.6043), (8.2730, -4.0495, 0.2021), (8.2730, -4.0495, -0.2021), (8.2730, -4.0092, -0.6043), (8.2730, -3.9291, -1.0005), (8.2730, -3.8100, -1.3867), (8.2730, -3.6530, -1.7592), (8.2730, -3.4597, -2.1142), (8.2730, -3.2320, -2.4481), (8.2730, -2.9722, -2.7578), (8.2730, -2.6828, -3.0400), (8.2730, -2.3668, -3.2920), (8.2730, -2.0272, -3.5113), (8.2730, -1.6676, -3.6957), (8.2730, -1.2913, -3.8434), (8.2730, -0.9022, -3.9528), (8.2730, -0.5042, -4.0230), (8.2730, -0.1011, -4.0532), (8.2730, 0.3030, -4.0432), (8.2730, 0.7041, -3.9929), (8.2730, 1.0981, -3.9030), (8.2730, 1.4813, -3.7742), (8.2730, 1.8497, -3.6080), (8.2730, 2.1998, -3.4059), (8.2730, 2.5279, -3.1699), (8.2730, 2.8310, -2.9025), (8.2730, 3.1059, -2.6062), (8.2730, 3.3500, -2.2840), (8.2730, 3.5607, -1.9391), (8.2730, 3.7361, -1.5749), (8.2730, 3.8744, -1.1951), (8.2730, 3.9741, -0.8034), (8.2730, 4.0343, -0.4037), (8.2730, 4.0545, 0.0000), (8.2730, 4.0343, 0.4037), (8.2730, 3.9741, 0.8034), (8.2730, 3.8744, 1.1951), (8.2730, 3.7361, 1.5749), (8.2730, 3.5607, 1.9391), (8.2730, 3.3500, 2.2840), (8.2730, 3.1059, 2.6062), (8.2730, 2.8310, 2.9025), (8.2730, 2.5279, 3.1699), (8.2730, 2.1998, 3.4059), (8.2730, 1.8497, 3.6080), (8.2730, 1.4813, 3.7742), (8.2730, 1.0981, 3.9030), (8.2730, 0.7041, 3.9929), (8.2730, 0.3030, 4.0432), (8.2730, -0.1011, 4.0532), (8.2730, -0.5042, 4.0230), (8.2730, -0.9022, 3.9528), (8.2730, -1.2913, 3.8434), (8.2730, -1.6676, 3.6957), (8.2730, -2.0272, 3.5113), (8.2730, -2.3668, 3.2920), (8.2730, -2.6828, 3.0400), (8.2730, -2.9722, 2.7578), (8.2730, -3.2320, 2.4481), (8.2730, -3.4597, 2.1142), (8.2730, -3.6530, 1.7592), (8.2730, -3.8100, 1.3867), (8.2730, -3.9291, 1.0005), (8.2730, -4.0092, 0.6043), (8.2730, -4.0495, 0.2021), (8.2730, -4.0495, -0.2021), (8.2730, -4.0092, -0.6043), (8.2730, -3.9291, -1.0005), (8.2730, -3.8100, -1.3867), (8.2730, -3.6530, -1.7592), (8.2730, -3.4597, -2.1142), (8.2730, -3.2320, -2.4481), (8.2730, -2.9722, -2.7578), (8.2730, -2.6828, -3.0400), (8.2730, -2.3668, -3.2920), (8.2730, -2.0272, -3.5113), (8.2730, -1.6676, -3.6957), (8.2730, -1.2913, -3.8434), (8.2730, -0.9022, -3.9528), (8.2730, -0.5042, -4.0230), (8.2730, -0.1011, -4.0532), (8.2730, 0.3030, -4.0432), (8.2730, 0.7041, -3.9929), (8.2730, 1.0981, -3.9030), (8.2730, 1.4813, -3.7742), (8.2730, 1.8497, -3.6080), (8.2730, 2.1998, -3.4059), (8.2730, 2.5279, -3.1699), (8.2730, 2.8310, -2.9025), (8.2730, 3.1059, -2.6062), (8.2730, 3.3500, -2.2840), (8.2730, 3.5607, -1.9391), (8.2730, 3.7361, -1.5749), (8.2730, 3.8744, -1.1951), (8.2730, 3.9741, -0.8034), (8.2730, 4.0343, -0.4037), (8.2730, 4.0545, 0.0000), (8.3455, 4.0245, 0.0000), (8.3455, 4.0245, 0.0000), (8.3455, 4.0045, 0.4007), (8.3455, 3.9447, 0.7974), (8.3455, 3.8457, 1.1862), (8.3455, 3.7085, 1.5632), (8.3455, 3.5344, 1.9247), (8.3455, 3.3252, 2.2671), (8.3455, 3.0829, 2.5869), (8.3455, 2.8100, 2.8810), (8.3455, 2.5092, 3.1465), (8.3455, 2.1835, 3.3807), (8.3455, 1.8360, 3.5813), (8.3455, 1.4703, 3.7463), (8.3455, 1.0900, 3.8741), (8.3455, 0.6988, 3.9633), (8.3455, 0.3007, 4.0132), (8.3455, -0.1003, 4.0232), (8.3455, -0.5004, 3.9932), (8.3455, -0.8955, 3.9236), (8.3455, -1.2817, 3.8149), (8.3455, -1.6552, 3.6683), (8.3455, -2.0122, 3.4853), (8.3455, -2.3493, 3.2676), (8.3455, -2.6629, 3.0175), (8.3455, -2.9501, 2.7373), (8.3455, -3.2080, 2.4300), (8.3455, -3.4340, 2.0985), (8.3455, -3.6259, 1.7462), (8.3455, -3.7818, 1.3765), (8.3455, -3.9000, 0.9931), (8.3455, -3.9795, 0.5998), (8.3455, -4.0195, 0.2006), (8.3455, -4.0195, -0.2006), (8.3455, -3.9795, -0.5998), (8.3455, -3.9000, -0.9931), (8.3455, -3.7818, -1.3765), (8.3455, -3.6259, -1.7462), (8.3455, -3.4340, -2.0985), (8.3455, -3.2080, -2.4300), (8.3455, -2.9501, -2.7373), (8.3455, -2.6629, -3.0175), (8.3455, -2.3493, -3.2676), (8.3455, -2.0122, -3.4853), (8.3455, -1.6552, -3.6683), (8.3455, -1.2817, -3.8149), (8.3455, -0.8955, -3.9236), (8.3455, -0.5004, -3.9932), (8.3455, -0.1003, -4.0232), (8.3455, 0.3007, -4.0132), (8.3455, 0.6988, -3.9633), (8.3455, 1.0900, -3.8741), (8.3455, 1.4703, -3.7463), (8.3455, 1.8360, -3.5813), (8.3455, 2.1835, -3.3807), (8.3455, 2.5092, -3.1465), (8.3455, 2.8100, -2.8810), (8.3455, 3.0829, -2.5869), (8.3455, 3.3252, -2.2671), (8.3455, 3.5344, -1.9247), (8.3455, 3.7085, -1.5632), (8.3455, 3.8457, -1.1862), (8.3455, 3.9447, -0.7974), (8.3455, 4.0045, -0.4007), (8.3455, 4.0245, 0.0000), (8.3455, 4.0045, 0.4007), (8.3455, 3.9447, 0.7974), (8.3455, 3.8457, 1.1862), (8.3455, 3.7085, 1.5632), (8.3455, 3.5344, 1.9247), (8.3455, 3.3252, 2.2671), (8.3455, 3.0829, 2.5869), (8.3455, 2.8100, 2.8810), (8.3455, 2.5092, 3.1465), (8.3455, 2.1835, 3.3807), (8.3455, 1.8360, 3.5813), (8.3455, 1.4703, 3.7463), (8.3455, 1.0900, 3.8741), (8.3455, 0.6988, 3.9633), (8.3455, 0.3007, 4.0132), (8.3455, -0.1003, 4.0232), (8.3455, -0.5004, 3.9932), (8.3455, -0.8955, 3.9236), (8.3455, -1.2817, 3.8149), (8.3455, -1.6552, 3.6683), (8.3455, -2.0122, 3.4853), (8.3455, -2.3493, 3.2676), (8.3455, -2.6629, 3.0175), (8.3455, -2.9501, 2.7373), (8.3455, -3.2080, 2.4300), (8.3455, -3.4340, 2.0985), (8.3455, -3.6259, 1.7462), (8.3455, -3.7818, 1.3765), (8.3455, -3.9000, 0.9931), (8.3455, -3.9795, 0.5998), (8.3455, -4.0195, 0.2006), (8.3455, -4.0195, -0.2006), (8.3455, -3.9795, -0.5998), (8.3455, -3.9000, -0.9931), (8.3455, -3.7818, -1.3765), (8.3455, -3.6259, -1.7462), (8.3455, -3.4340, -2.0985), (8.3455, -3.2080, -2.4300), (8.3455, -2.9501, -2.7373), (8.3455, -2.6629, -3.0175), (8.3455, -2.3493, -3.2676), (8.3455, -2.0122, -3.4853), (8.3455, -1.6552, -3.6683), (8.3455, -1.2817, -3.8149), (8.3455, -0.8955, -3.9236), (8.3455, -0.5004, -3.9932), (8.3455, -0.1003, -4.0232), (8.3455, 0.3007, -4.0132), (8.3455, 0.6988, -3.9633), (8.3455, 1.0900, -3.8741), (8.3455, 1.4703, -3.7463), (8.3455, 1.8360, -3.5813), (8.3455, 2.1835, -3.3807), (8.3455, 2.5092, -3.1465), (8.3455, 2.8100, -2.8810), (8.3455, 3.0829, -2.5869), (8.3455, 3.3252, -2.2671), (8.3455, 3.5344, -1.9247), (8.3455, 3.7085, -1.5632), (8.3455, 3.8457, -1.1862), (8.3455, 3.9447, -0.7974), (8.3455, 4.0045, -0.4007), (8.3455, 4.0245, 0.0000), (8.4218, 4.0062, 0.0000), (8.4218, 4.0062, 0.0000), (8.4218, 3.9862, 0.3989), (8.4218, 3.9267, 0.7938), (8.4218, 3.8282, 1.1808), (8.4218, 3.6916, 1.5561), (8.4218, 3.5183, 1.9160), (8.4218, 3.3100, 2.2567), (8.4218, 3.0689, 2.5751), (8.4218, 2.7972, 2.8679), (8.4218, 2.4978, 3.1321), (8.4218, 2.1735, 3.3653), (8.4218, 1.8277, 3.5650), (8.4218, 1.4636, 3.7292), (8.4218, 1.0850, 3.8564), (8.4218, 0.6957, 3.9453), (8.4218, 0.2994, 3.9950), (8.4218, -0.0999, 4.0049), (8.4218, -0.4981, 3.9751), (8.4218, -0.8915, 3.9057), (8.4218, -1.2759, 3.7975), (8.4218, -1.6477, 3.6516), (8.4218, -2.0031, 3.4694), (8.4218, -2.3386, 3.2528), (8.4218, -2.6508, 3.0037), (8.4218, -2.9367, 2.7249), (8.4218, -3.1934, 2.4189), (8.4218, -3.4184, 2.0890), (8.4218, -3.6094, 1.7382), (8.4218, -3.7646, 1.3702), (8.4218, -3.8823, 0.9885), (8.4218, -3.9614, 0.5971), (8.4218, -4.0012, 0.1997), (8.4218, -4.0012, -0.1997), (8.4218, -3.9614, -0.5971), (8.4218, -3.8823, -0.9885), (8.4218, -3.7646, -1.3702), (8.4218, -3.6094, -1.7382), (8.4218, -3.4184, -2.0890), (8.4218, -3.1934, -2.4189), (8.4218, -2.9367, -2.7249), (8.4218, -2.6508, -3.0037), (8.4218, -2.3386, -3.2528), (8.4218, -2.0031, -3.4694), (8.4218, -1.6477, -3.6516), (8.4218, -1.2759, -3.7975), (8.4218, -0.8915, -3.9057), (8.4218, -0.4981, -3.9751), (8.4218, -0.0999, -4.0049), (8.4218, 0.2994, -3.9950), (8.4218, 0.6957, -3.9453), (8.4218, 1.0850, -3.8564), (8.4218, 1.4636, -3.7292), (8.4218, 1.8277, -3.5650), (8.4218, 2.1735, -3.3653), (8.4218, 2.4978, -3.1321), (8.4218, 2.7972, -2.8679), (8.4218, 3.0689, -2.5751), (8.4218, 3.3100, -2.2567), (8.4218, 3.5183, -1.9160), (8.4218, 3.6916, -1.5561), (8.4218, 3.8282, -1.1808), (8.4218, 3.9267, -0.7938), (8.4218, 3.9862, -0.3989), (8.4218, 4.0062, 0.0000), (8.4218, 3.9862, 0.3989), (8.4218, 3.9267, 0.7938), (8.4218, 3.8282, 1.1808), (8.4218, 3.6916, 1.5561), (8.4218, 3.5183, 1.9160), (8.4218, 3.3100, 2.2567), (8.4218, 3.0689, 2.5751), (8.4218, 2.7972, 2.8679), (8.4218, 2.4978, 3.1321), (8.4218, 2.1735, 3.3653), (8.4218, 1.8277, 3.5650), (8.4218, 1.4636, 3.7292), (8.4218, 1.0850, 3.8564), (8.4218, 0.6957, 3.9453), (8.4218, 0.2994, 3.9950), (8.4218, -0.0999, 4.0049), (8.4218, -0.4981, 3.9751), (8.4218, -0.8915, 3.9057), (8.4218, -1.2759, 3.7975), (8.4218, -1.6477, 3.6516), (8.4218, -2.0031, 3.4694), (8.4218, -2.3386, 3.2528), (8.4218, -2.6508, 3.0037), (8.4218, -2.9367, 2.7249), (8.4218, -3.1934, 2.4189), (8.4218, -3.4184, 2.0890), (8.4218, -3.6094, 1.7382), (8.4218, -3.7646, 1.3702), (8.4218, -3.8823, 0.9885), (8.4218, -3.9614, 0.5971), (8.4218, -4.0012, 0.1997), (8.4218, -4.0012, -0.1997), (8.4218, -3.9614, -0.5971), (8.4218, -3.8823, -0.9885), (8.4218, -3.7646, -1.3702), (8.4218, -3.6094, -1.7382), (8.4218, -3.4184, -2.0890), (8.4218, -3.1934, -2.4189), (8.4218, -2.9367, -2.7249), (8.4218, -2.6508, -3.0037), (8.4218, -2.3386, -3.2528), (8.4218, -2.0031, -3.4694), (8.4218, -1.6477, -3.6516), (8.4218, -1.2759, -3.7975), (8.4218, -0.8915, -3.9057), (8.4218, -0.4981, -3.9751), (8.4218, -0.0999, -4.0049), (8.4218, 0.2994, -3.9950), (8.4218, 0.6957, -3.9453), (8.4218, 1.0850, -3.8564), (8.4218, 1.4636, -3.7292), (8.4218, 1.8277, -3.5650), (8.4218, 2.1735, -3.3653), (8.4218, 2.4978, -3.1321), (8.4218, 2.7972, -2.8679), (8.4218, 3.0689, -2.5751), (8.4218, 3.3100, -2.2567), (8.4218, 3.5183, -1.9160), (8.4218, 3.6916, -1.5561), (8.4218, 3.8282, -1.1808), (8.4218, 3.9267, -0.7938), (8.4218, 3.9862, -0.3989), (8.4218, 4.0062, 0.0000), (8.5000, 4.0000, 0.0000), (8.5000, 4.0000, 0.0000), (8.5000, 3.9801, 0.3983), (8.5000, 3.9207, 0.7926), (8.5000, 3.8223, 1.1790), (8.5000, 3.6859, 1.5537), (8.5000, 3.5129, 1.9130), (8.5000, 3.3050, 2.2533), (8.5000, 3.0642, 2.5712), (8.5000, 2.7929, 2.8635), (8.5000, 2.4940, 3.1273), (8.5000, 2.1702, 3.3601), (8.5000, 1.8248, 3.5595), (8.5000, 1.4614, 3.7235), (8.5000, 1.0834, 3.8505), (8.5000, 0.6946, 3.9392), (8.5000, 0.2989, 3.9888), (8.5000, -0.0997, 3.9988), (8.5000, -0.4974, 3.9690), (8.5000, -0.8901, 3.8997), (8.5000, -1.2739, 3.7917), (8.5000, -1.6451, 3.6460), (8.5000, -2.0000, 3.4641), (8.5000, -2.3350, 3.2478), (8.5000, -2.6467, 2.9991), (8.5000, -2.9322, 2.7207), (8.5000, -3.1885, 2.4152), (8.5000, -3.4132, 2.0857), (8.5000, -3.6039, 1.7355), (8.5000, -3.7588, 1.3681), (8.5000, -3.8763, 0.9870), (8.5000, -3.9553, 0.5962), (8.5000, -3.9950, 0.1994), (8.5000, -3.9950, -0.1994), (8.5000, -3.9553, -0.5962), (8.5000, -3.8763, -0.9870), (8.5000, -3.7588, -1.3681), (8.5000, -3.6039, -1.7355), (8.5000, -3.4132, -2.0857), (8.5000, -3.1885, -2.4152), (8.5000, -2.9322, -2.7207), (8.5000, -2.6467, -2.9991), (8.5000, -2.3350, -3.2478), (8.5000, -2.0000, -3.4641), (8.5000, -1.6451, -3.6460), (8.5000, -1.2739, -3.7917), (8.5000, -0.8901, -3.8997), (8.5000, -0.4974, -3.9690), (8.5000, -0.0997, -3.9988), (8.5000, 0.2989, -3.9888), (8.5000, 0.6946, -3.9392), (8.5000, 1.0834, -3.8505), (8.5000, 1.4614, -3.7235), (8.5000, 1.8248, -3.5595), (8.5000, 2.1702, -3.3601), (8.5000, 2.4940, -3.1273), (8.5000, 2.7929, -2.8635), (8.5000, 3.0642, -2.5712), (8.5000, 3.3050, -2.2533), (8.5000, 3.5129, -1.9130), (8.5000, 3.6859, -1.5537), (8.5000, 3.8223, -1.1790), (8.5000, 3.9207, -0.7926), (8.5000, 3.9801, -0.3983), (8.5000, 4.0000, 0.0000), (8.5000, 3.9801, 0.3983), (8.5000, 3.9207, 0.7926), (8.5000, 3.8223, 1.1790), (8.5000, 3.6859, 1.5537), (8.5000, 3.5129, 1.9130), (8.5000, 3.3050, 2.2533), (8.5000, 3.0642, 2.5712), (8.5000, 2.7929, 2.8635), (8.5000, 2.4940, 3.1273), (8.5000, 2.1702, 3.3601), (8.5000, 1.8248, 3.5595), (8.5000, 1.4614, 3.7235), (8.5000, 1.0834, 3.8505), (8.5000, 0.6946, 3.9392), (8.5000, 0.2989, 3.9888), (8.5000, -0.0997, 3.9988), (8.5000, -0.4974, 3.9690), (8.5000, -0.8901, 3.8997), (8.5000, -1.2739, 3.7917), (8.5000, -1.6451, 3.6460), (8.5000, -2.0000, 3.4641), (8.5000, -2.3350, 3.2478), (8.5000, -2.6467, 2.9991), (8.5000, -2.9322, 2.7207), (8.5000, -3.1885, 2.4152), (8.5000, -3.4132, 2.0857), (8.5000, -3.6039, 1.7355), (8.5000, -3.7588, 1.3681), (8.5000, -3.8763, 0.9870), (8.5000, -3.9553, 0.5962), (8.5000, -3.9950, 0.1994), (8.5000, -3.9950, -0.1994), (8.5000, -3.9553, -0.5962), (8.5000, -3.8763, -0.9870), (8.5000, -3.7588, -1.3681), (8.5000, -3.6039, -1.7355), (8.5000, -3.4132, -2.0857), (8.5000, -3.1885, -2.4152), (8.5000, -2.9322, -2.7207), (8.5000, -2.6467, -2.9991), (8.5000, -2.3350, -3.2478), (8.5000, -2.0000, -3.4641), (8.5000, -1.6451, -3.6460), (8.5000, -1.2739, -3.7917), (8.5000, -0.8901, -3.8997), (8.5000, -0.4974, -3.9690), (8.5000, -0.0997, -3.9988), (8.5000, 0.2989, -3.9888), (8.5000, 0.6946, -3.9392), (8.5000, 1.0834, -3.8505), (8.5000, 1.4614, -3.7235), (8.5000, 1.8248, -3.5595), (8.5000, 2.1702, -3.3601), (8.5000, 2.4940, -3.1273), (8.5000, 2.7929, -2.8635), (8.5000, 3.0642, -2.5712), (8.5000, 3.3050, -2.2533), (8.5000, 3.5129, -1.9130), (8.5000, 3.6859, -1.5537), (8.5000, 3.8223, -1.1790), (8.5000, 3.9207, -0.7926), (8.5000, 3.9801, -0.3983), (8.5000, 4.0000, 0.0000), (37.0000, 4.0000, 0.0000), (37.0000, 4.0000, 0.0000), (37.0000, 3.9801, 0.3983), (37.0000, 3.9207, 0.7926), (37.0000, 3.8223, 1.1790), (37.0000, 3.6859, 1.5537), (37.0000, 3.5129, 1.9130), (37.0000, 3.3050, 2.2533), (37.0000, 3.0642, 2.5712), (37.0000, 2.7929, 2.8635), (37.0000, 2.4940, 3.1273), (37.0000, 2.1702, 3.3601), (37.0000, 1.8248, 3.5595), (37.0000, 1.4614, 3.7235), (37.0000, 1.0834, 3.8505), (37.0000, 0.6946, 3.9392), (37.0000, 0.2989, 3.9888), (37.0000, -0.0997, 3.9988), (37.0000, -0.4974, 3.9690), (37.0000, -0.8901, 3.8997), (37.0000, -1.2739, 3.7917), (37.0000, -1.6451, 3.6460), (37.0000, -2.0000, 3.4641), (37.0000, -2.3350, 3.2478), (37.0000, -2.6467, 2.9991), (37.0000, -2.9322, 2.7207), (37.0000, -3.1885, 2.4152), (37.0000, -3.4132, 2.0857), (37.0000, -3.6039, 1.7355), (37.0000, -3.7588, 1.3681), (37.0000, -3.8763, 0.9870), (37.0000, -3.9553, 0.5962), (37.0000, -3.9950, 0.1994), (37.0000, -3.9950, -0.1994), (37.0000, -3.9553, -0.5962), (37.0000, -3.8763, -0.9870), (37.0000, -3.7588, -1.3681), (37.0000, -3.6039, -1.7355), (37.0000, -3.4132, -2.0857), (37.0000, -3.1885, -2.4152), (37.0000, -2.9322, -2.7207), (37.0000, -2.6467, -2.9991), (37.0000, -2.3350, -3.2478), (37.0000, -2.0000, -3.4641), (37.0000, -1.6451, -3.6460), (37.0000, -1.2739, -3.7917), (37.0000, -0.8901, -3.8997), (37.0000, -0.4974, -3.9690), (37.0000, -0.0997, -3.9988), (37.0000, 0.2989, -3.9888), (37.0000, 0.6946, -3.9392), (37.0000, 1.0834, -3.8505), (37.0000, 1.4614, -3.7235), (37.0000, 1.8248, -3.5595), (37.0000, 2.1702, -3.3601), (37.0000, 2.4940, -3.1273), (37.0000, 2.7929, -2.8635), (37.0000, 3.0642, -2.5712), (37.0000, 3.3050, -2.2533), (37.0000, 3.5129, -1.9130), (37.0000, 3.6859, -1.5537), (37.0000, 3.8223, -1.1790), (37.0000, 3.9207, -0.7926), (37.0000, 3.9801, -0.3983), (37.0000, 4.0000, 0.0000), (37.0000, 3.9801, 0.3983), (37.0000, 3.9207, 0.7926), (37.0000, 3.8223, 1.1790), (37.0000, 3.6859, 1.5537), (37.0000, 3.5129, 1.9130), (37.0000, 3.3050, 2.2533), (37.0000, 3.0642, 2.5712), (37.0000, 2.7929, 2.8635), (37.0000, 2.4940, 3.1273), (37.0000, 2.1702, 3.3601), (37.0000, 1.8248, 3.5595), (37.0000, 1.4614, 3.7235), (37.0000, 1.0834, 3.8505), (37.0000, 0.6946, 3.9392), (37.0000, 0.2989, 3.9888), (37.0000, -0.0997, 3.9988), (37.0000, -0.4974, 3.9690), (37.0000, -0.8901, 3.8997), (37.0000, -1.2739, 3.7917), (37.0000, -1.6451, 3.6460), (37.0000, -2.0000, 3.4641), (37.0000, -2.3350, 3.2478), (37.0000, -2.6467, 2.9991), (37.0000, -2.9322, 2.7207), (37.0000, -3.1885, 2.4152), (37.0000, -3.4132, 2.0857), (37.0000, -3.6039, 1.7355), (37.0000, -3.7588, 1.3681), (37.0000, -3.8763, 0.9870), (37.0000, -3.9553, 0.5962), (37.0000, -3.9950, 0.1994), (37.0000, -3.9950, -0.1994), (37.0000, -3.9553, -0.5962), (37.0000, -3.8763, -0.9870), (37.0000, -3.7588, -1.3681), (37.0000, -3.6039, -1.7355), (37.0000, -3.4132, -2.0857), (37.0000, -3.1885, -2.4152), (37.0000, -2.9322, -2.7207), (37.0000, -2.6467, -2.9991), (37.0000, -2.3350, -3.2478), (37.0000, -2.0000, -3.4641), (37.0000, -1.6451, -3.6460), (37.0000, -1.2739, -3.7917), (37.0000, -0.8901, -3.8997), (37.0000, -0.4974, -3.9690), (37.0000, -0.0997, -3.9988), (37.0000, 0.2989, -3.9888), (37.0000, 0.6946, -3.9392), (37.0000, 1.0834, -3.8505), (37.0000, 1.4614, -3.7235), (37.0000, 1.8248, -3.5595), (37.0000, 2.1702, -3.3601), (37.0000, 2.4940, -3.1273), (37.0000, 2.7929, -2.8635), (37.0000, 3.0642, -2.5712), (37.0000, 3.3050, -2.2533), (37.0000, 3.5129, -1.9130), (37.0000, 3.6859, -1.5537), (37.0000, 3.8223, -1.1790), (37.0000, 3.9207, -0.7926), (37.0000, 3.9801, -0.3983), (37.0000, 4.0000, 0.0000), (37.5000, 3.5000, 0.0000), (38.0000, 3.0000, 0.0000), (38.0000, 3.0000, 0.0000), (38.0000, 2.9851, 0.2987), (38.0000, 2.9405, 0.5944), (38.0000, 2.8667, 0.8843), (38.0000, 2.7644, 1.1653), (38.0000, 2.6347, 1.4348), (38.0000, 2.4787, 1.6900), (38.0000, 2.2981, 1.9284), (38.0000, 2.0947, 2.1476), (38.0000, 1.8705, 2.3455), (38.0000, 1.6276, 2.5201), (38.0000, 1.3686, 2.6696), (38.0000, 1.0960, 2.7926), (38.0000, 0.8125, 2.8879), (38.0000, 0.5209, 2.9544), (38.0000, 0.2242, 2.9916), (38.0000, -0.0748, 2.9991), (38.0000, -0.3730, 2.9767), (38.0000, -0.6676, 2.9248), (38.0000, -0.9555, 2.8438), (38.0000, -1.2339, 2.7345), (38.0000, -1.5000, 2.5981), (38.0000, -1.7512, 2.4358), (38.0000, -1.9851, 2.2493), (38.0000, -2.1992, 2.0405), (38.0000, -2.3914, 1.8114), (38.0000, -2.5599, 1.5643), (38.0000, -2.7029, 1.3017), (38.0000, -2.8191, 1.0261), (38.0000, -2.9072, 0.7403), (38.0000, -2.9665, 0.4471), (38.0000, -2.9963, 0.1495), (38.0000, -2.9963, -0.1495), (38.0000, -2.9665, -0.4471), (38.0000, -2.9072, -0.7403), (38.0000, -2.8191, -1.0261), (38.0000, -2.7029, -1.3017), (38.0000, -2.5599, -1.5643), (38.0000, -2.3914, -1.8114), (38.0000, -2.1992, -2.0405), (38.0000, -1.9851, -2.2493), (38.0000, -1.7512, -2.4358), (38.0000, -1.5000, -2.5981), (38.0000, -1.2339, -2.7345), (38.0000, -0.9555, -2.8438), (38.0000, -0.6676, -2.9248), (38.0000, -0.3730, -2.9767), (38.0000, -0.0748, -2.9991), (38.0000, 0.2242, -2.9916), (38.0000, 0.5209, -2.9544), (38.0000, 0.8125, -2.8879), (38.0000, 1.0960, -2.7926), (38.0000, 1.3686, -2.6696), (38.0000, 1.6276, -2.5201), (38.0000, 1.8705, -2.3455), (38.0000, 2.0947, -2.1476), (38.0000, 2.2981, -1.9284), (38.0000, 2.4787, -1.6900), (38.0000, 2.6347, -1.4348), (38.0000, 2.7644, -1.1653), (38.0000, 2.8667, -0.8843), (38.0000, 2.9405, -0.5944), (38.0000, 2.9851, -0.2987), (37.5000, 3.5000, 0.0000), (37.5000, 3.4327, 0.6828), (37.5000, 3.2336, 1.3394), (37.5000, 2.9101, 1.9445), (37.5000, 2.4749, 2.4749), (37.5000, 1.9445, 2.9101), (37.5000, 1.3394, 3.2336), (37.5000, 0.6828, 3.4327), (37.5000, 0.0000, 3.5000), (37.5000, -0.6828, 3.4327), (37.5000, -1.3394, 3.2336), (37.5000, -1.9445, 2.9101), (37.5000, -2.4749, 2.4749), (37.5000, -2.9101, 1.9445), (37.5000, -3.2336, 1.3394), (37.5000, -3.4327, 0.6828), (37.5000, -3.5000, -0.0000), (37.5000, -3.4327, -0.6828), (37.5000, -3.2336, -1.3394), (37.5000, -2.9101, -1.9445), (37.5000, -2.4749, -2.4749), (37.5000, -1.9445, -2.9101), (37.5000, -1.3394, -3.2336), (37.5000, -0.6828, -3.4327), (37.5000, 0.0000, -3.5000), (37.5000, 0.6828, -3.4327), (37.5000, 1.3394, -3.2336), (37.5000, 1.9445, -2.9101), (37.5000, 2.4749, -2.4749), (37.5000, 2.9101, -1.9445), (37.5000, 3.2336, -1.3394), (37.5000, 3.4327, -0.6828), (38.0000, 3.0000, 0.0000), (38.0000, 2.9851, 0.2987), (38.0000, 2.9405, 0.5944), (38.0000, 2.8667, 0.8843), (38.0000, 2.7644, 1.1653), (38.0000, 2.6347, 1.4348), (38.0000, 2.4787, 1.6900), (38.0000, 2.2981, 1.9284), (38.0000, 2.0947, 2.1476), (38.0000, 1.8705, 2.3455), (38.0000, 1.6276, 2.5201), (38.0000, 1.3686, 2.6696), (38.0000, 1.0960, 2.7926), (38.0000, 0.8125, 2.8879), (38.0000, 0.5209, 2.9544), (38.0000, 0.2242, 2.9916), (38.0000, -0.0748, 2.9991), (38.0000, -0.3730, 2.9767), (38.0000, -0.6676, 2.9248), (38.0000, -0.9555, 2.8438), (38.0000, -1.2339, 2.7345), (38.0000, -1.5000, 2.5981), (38.0000, -1.7512, 2.4358), (38.0000, -1.9851, 2.2493), (38.0000, -2.1992, 2.0405), (38.0000, -2.3914, 1.8114), (38.0000, -2.5599, 1.5643), (38.0000, -2.7029, 1.3017), (38.0000, -2.8191, 1.0261), (38.0000, -2.9072, 0.7403), (38.0000, -2.9665, 0.4471), (38.0000, -2.9963, 0.1495), (38.0000, -2.9963, -0.1495), (38.0000, -2.9665, -0.4471), (38.0000, -2.9072, -0.7403), (38.0000, -2.8191, -1.0261), (38.0000, -2.7029, -1.3017), (38.0000, -2.5599, -1.5643), (38.0000, -2.3914, -1.8114), (38.0000, -2.1992, -2.0405), (38.0000, -1.9851, -2.2493), (38.0000, -1.7512, -2.4358), (38.0000, -1.5000, -2.5981), (38.0000, -1.2339, -2.7345), (38.0000, -0.9555, -2.8438), (38.0000, -0.6676, -2.9248), (38.0000, -0.3730, -2.9767), (38.0000, -0.0748, -2.9991), (38.0000, 0.2242, -2.9916), (38.0000, 0.5209, -2.9544), (38.0000, 0.8125, -2.8879), (38.0000, 1.0960, -2.7926), (38.0000, 1.3686, -2.6696), (38.0000, 1.6276, -2.5201), (38.0000, 1.8705, -2.3455), (38.0000, 2.0947, -2.1476), (38.0000, 2.2981, -1.9284), (38.0000, 2.4787, -1.6900), (38.0000, 2.6347, -1.4348), (38.0000, 2.7644, -1.1653), (38.0000, 2.8667, -0.8843), (38.0000, 2.9405, -0.5944), (38.0000, 2.9851, -0.2987)]
        uniform token subdivisionScheme = "none"
        color3f[] primvars:displayColor = [(0.72, 0.74, 0.77)]
    }
}
