#usda 1.0
(
    defaultPrim = "roller"
    metersPerUnit = 0.001
    upAxis = "Y"
    doc = "VRINGON revolve part — CadQuery executor"
)

def Xform "roller" (
    kind = "component"
)
{
    custom string vringon:dsl_version = "vringon-shaft/1.0"
    custom string vringon:dsl_json = "{\"dsl\":\"vringon-shaft/1.0\",\"id\":\"roller\",\"name\":\"Roller with stub axles\",\"name_ko\":\"롤러\",\"part_class\":\"roller\",\"units\":\"mm\",\"material\":\"SUS304\",\"drawing\":{\"number\":\"VR-RB-005\",\"scale\":\"1:1\",\"projection\":\"third\"},\"segments\":[{\"type\":\"cyl\",\"length\":20,\"diameter\":20,\"tolerance\":\"h6\",\"label\":\"베어링 자리\"},{\"type\":\"cyl\",\"length\":70,\"diameter\":45,\"roughness\":\"Ra 0.8\"},{\"type\":\"cyl\",\"length\":20,\"diameter\":20,\"tolerance\":\"h6\",\"label\":\"베어링 자리\"}],\"transitions\":[{\"at\":0,\"type\":\"chamfer\",\"size\":1.5},{\"at\":3,\"type\":\"chamfer\",\"size\":1.5},{\"at\":1,\"type\":\"fillet\",\"radius\":1.5},{\"at\":2,\"type\":\"fillet\",\"radius\":1.5},{\"at\":1,\"type\":\"chamfer\",\"size\":1},{\"at\":2,\"type\":\"chamfer\",\"size\":1}],\"grooves\":[{\"segment\":0,\"offset\":6,\"width\":1.3,\"depth\":0.5,\"kind\":\"snap_ring\",\"standard\":\"DIN 471 ⌀19×1.3\"},{\"segment\":2,\"offset\":12.7,\"width\":1.3,\"depth\":0.5,\"kind\":\"snap_ring\",\"standard\":\"DIN 471 ⌀19×1.3\"}],\"bore\":null,\"features\":[{\"type\":\"center_hole\",\"end\":\"left\",\"form\":\"A\",\"d\":2},{\"type\":\"center_hole\",\"end\":\"right\",\"form\":\"A\",\"d\":2}],\"meta\":{\"source\":\"golden\",\"difficulty\":3}}"
    custom string vringon:name_ko = "롤러"
    custom string vringon:material = "SUS304"
    custom double vringon:length_mm = 110.0
    custom double vringon:max_diameter_mm = 45
    custom double vringon:volume_mm3 = 123549.433
    custom double[] vringon:segment_lengths_mm = [20, 70, 20]
    custom string[] vringon:segment_types = ["cyl", "cyl", "cyl"]
    custom string[] vringon:threads = []
    custom string[] vringon:features = ["center_hole", "center_hole"]

    def Mesh "body"
    {
        float3[] extent = [(0.0000, -22.4720, -22.4930), (110.0000, 22.5000, 22.4930)]
        int[] faceVertexCounts = [3, 3, 3, 3, 3, 3, 3, 3, 3, 3, 3, 3, 3, 3, 3, 3, 3, 3, 3, 3, 3, 3, 3, 3, 3, 3, 3, 3, 3, 3, 3, 3, 3, 3, 3, 3, 3, 3, 3, 3, 3, 3, 3, 3, 3, 3, 3, 3, 3, 3, 3, 3, 3, 3, 3, 3, 3, 3, 3, 3, 3, 3, 3, 3, 3, 3, 3, 3, 3, 3, 3, 3, 3, 3, 3, 3, 3, 3, 3, 3, 3, 3, 3, 3, 3, 3, 3, 3, 3, 3, 3, 3, 3, 3, 3, 3, 3, 3, 3, 3, 3, 3, 3, 3, 3, 3, 3, 3, 3, 3, 3, 3, 3, 3, 3, 3, 3, 3, 3, 3, 3, 3, 3, 3, 3, 3, 3, 3, 3, 3, 3, 3, 3, 3, 3, 3, 3, 3, 3, 3, 3, 3, 3, 3, 3, 3, 3, 3, 3, 3, 3, 3, 3, 3, 3, 3, 3, 3, 3, 3, 3, 3, 3, 3, 3, 3, 3, 3, 3, 3, 3, 3, 3, 3, 3, 3, 3, 3, 3, 3, 3, 3, 3, 3, 3, 3, 3, 3, 3, 3, 3, 3, 3, 3, 3, 3, 3, 3, 3, 3, 3, 3, 3, 3, 3, 3, 3, 3, 3, 3, 3, 3, 3, 3, 3, 3, 3, 3, 3, 3, 3, 3, 3, 3, 3, 3, 3, 3, 3, 3, 3, 3, 3, 3, 3, 3, 3, 3, 3, 3, 3, 3, 3, 3, 3, 3, 3, 3, 3, 3, 3, 3, 3, 3, 3, 3, 3, 3, 3, 3, 3, 3, 3, 3, 3, 3, 3, 3, 3, 3, 3, 3, 3, 3, 3, 3, 3, 3, 3, 3, 3, 3, 3, 3, 3, 3, 3, 3, 3, 3, 3, 3, 3, 3, 3, 3, 3, 3, 3, 3, 3, 3, 3, 3, 3, 3, 3, 3, 3, 3, 3, 3, 3, 3, 3, 3, 3, 3, 3, 3, 3, 3, 3, 3, 3, 3, 3, 3, 3, 3, 3, 3, 3, 3, 3, 3, 3, 3, 3, 3, 3, 3, 3, 3, 3, 3, 3, 3, 3, 3, 3, 3, 3, 3, 3, 3, 3, 3, 3, 3, 3, 3, 3, 3, 3, 3, 3, 3, 3, 3, 3, 3, 3, 3, 3, 3, 3, 3, 3, 3, 3, 3, 3, 3, 3, 3, 3, 3, 3, 3, 3, 3, 3, 3, 3, 3, 3, 3, 3, 3, 3, 3, 3, 3, 3, 3, 3, 3, 3, 3, 3, 3, 3, 3, 3, 3, 3, 3, 3, 3, 3, 3, 3, 3, 3, 3, 3, 3, 3, 3, 3, 3, 3, 3, 3, 3, 3, 3, 3, 3, 3, 3, 3, 3, 3, 3, 3, 3, 3, 3, 3, 3, 3, 3, 3, 3, 3, 3, 3, 3, 3, 3, 3, 3, 3, 3, 3, 3, 3, 3, 3, 3, 3, 3, 3, 3, 3, 3, 3, 3, 3, 3, 3, 3, 3, 3, 3, 3, 3, 3, 3, 3, 3, 3, 3, 3, 3, 3, 3, 3, 3, 3, 3, 3, 3, 3, 3, 3, 3, 3, 3, 3, 3, 3, 3, 3, 3, 3, 3, 3, 3, 3, 3, 3, 3, 3, 3, 3, 3, 3, 3, 3, 3, 3, 3, 3, 3, 3, 3, 3, 3, 3, 3, 3, 3, 3, 3, 3, 3, 3, 3, 3, 3, 3, 3, 3, 3, 3, 3, 3, 3, 3, 3, 3, 3, 3, 3, 3, 3, 3, 3, 3, 3, 3, 3, 3, 3, 3, 3, 3, 3, 3, 3, 3, 3, 3, 3, 3, 3, 3, 3, 3, 3, 3, 3, 3, 3, 3, 3, 3, 3, 3, 3, 3, 3, 3, 3, 3, 3, 3, 3, 3, 3, 3, 3, 3, 3, 3, 3, 3, 3, 3, 3, 3, 3, 3, 3, 3, 3, 3, 3, 3, 3, 3, 3, 3, 3, 3, 3, 3, 3, 3, 3, 3, 3, 3, 3, 3, 3, 3, 3, 3, 3, 3, 3, 3, 3, 3, 3, 3, 3, 3, 3, 3, 3, 3, 3, 3, 3, 3, 3, 3, 3, 3, 3, 3, 3, 3, 3, 3, 3, 3, 3, 3, 3, 3, 3, 3, 3, 3, 3, 3, 3, 3, 3, 3, 3, 3, 3, 3, 3, 3, 3, 3, 3, 3, 3, 3, 3, 3, 3, 3, 3, 3, 3, 3, 3, 3, 3, 3, 3, 3, 3, 3, 3, 3, 3, 3, 3, 3, 3, 3, 3, 3, 3, 3, 3, 3, 3, 3, 3, 3, 3, 3, 3, 3, 3, 3, 3, 3, 3, 3, 3, 3, 3, 3, 3, 3, 3, 3, 3, 3, 3, 3, 3, 3, 3, 3, 3, 3, 3, 3, 3, 3, 3, 3, 3, 3, 3, 3, 3, 3, 3, 3, 3, 3, 3, 3, 3, 3, 3, 3, 3, 3, 3, 3, 3, 3, 3, 3, 3, 3, 3, 3, 3, 3, 3, 3, 3, 3, 3, 3, 3, 3, 3, 3, 3, 3, 3, 3, 3, 3, 3, 3, 3, 3, 3, 3, 3, 3, 3, 3, 3, 3, 3, 3, 3, 3, 3, 3, 3, 3, 3, 3, 3, 3, 3, 3, 3, 3, 3, 3, 3, 3, 3, 3, 3, 3, 3, 3, 3, 3, 3, 3, 3, 3, 3, 3, 3, 3, 3, 3, 3, 3, 3, 3, 3, 3, 3, 3, 3, 3, 3, 3, 3, 3, 3, 3, 3, 3, 3, 3, 3, 3, 3, 3, 3, 3, 3, 3, 3, 3, 3, 3, 3, 3, 3, 3, 3, 3, 3, 3, 3, 3, 3, 3, 3, 3, 3, 3, 3, 3, 3, 3, 3, 3, 3, 3, 3, 3, 3, 3, 3, 3, 3, 3, 3, 3, 3, 3, 3, 3, 3, 3, 3, 3, 3, 3, 3, 3, 3, 3, 3, 3, 3, 3, 3, 3, 3, 3, 3, 3, 3, 3, 3, 3, 3, 3, 3, 3, 3, 3, 3, 3, 3, 3, 3, 3, 3, 3, 3, 3, 3, 3, 3, 3, 3, 3, 3, 3, 3, 3, 3, 3, 3, 3, 3, 3, 3, 3, 3, 3, 3, 3, 3, 3, 3, 3, 3, 3, 3, 3, 3, 3, 3, 3, 3, 3, 3, 3, 3, 3, 3, 3, 3, 3, 3, 3, 3, 3, 3, 3, 3, 3, 3, 3, 3, 3, 3, 3, 3, 3, 3, 3, 3, 3, 3, 3, 3, 3, 3, 3, 3, 3, 3, 3, 3, 3, 3, 3, 3, 3, 3, 3, 3, 3, 3, 3, 3, 3, 3, 3, 3, 3, 3, 3, 3, 3, 3, 3, 3, 3, 3, 3, 3, 3, 3, 3, 3, 3, 3, 3, 3, 3, 3, 3, 3, 3, 3, 3, 3, 3, 3, 3, 3, 3, 3, 3, 3, 3, 3, 3, 3, 3, 3, 3, 3, 3, 3, 3, 3, 3, 3, 3, 3, 3, 3, 3, 3, 3, 3, 3, 3, 3, 3, 3, 3, 3, 3, 3, 3, 3, 3, 3, 3, 3, 3, 3, 3, 3, 3, 3, 3, 3, 3, 3, 3, 3, 3, 3, 3, 3, 3, 3, 3, 3, 3, 3, 3, 3, 3, 3, 3, 3, 3, 3, 3, 3, 3, 3, 3, 3, 3, 3, 3, 3, 3, 3, 3, 3, 3, 3, 3, 3, 3, 3, 3, 3, 3, 3, 3, 3, 3, 3, 3, 3, 3, 3, 3, 3, 3, 3, 3, 3, 3, 3, 3, 3, 3, 3, 3, 3, 3, 3, 3, 3, 3, 3, 3, 3, 3, 3, 3, 3, 3, 3, 3, 3, 3, 3, 3, 3, 3, 3, 3, 3, 3, 3, 3, 3, 3, 3, 3, 3, 3, 3, 3, 3, 3, 3, 3, 3, 3, 3, 3, 3, 3, 3, 3, 3, 3, 3, 3, 3, 3, 3, 3, 3, 3, 3, 3, 3, 3, 3, 3, 3, 3, 3, 3, 3, 3, 3, 3, 3, 3, 3, 3, 3, 3, 3, 3, 3, 3, 3, 3, 3, 3, 3, 3, 3, 3, 3, 3, 3, 3, 3, 3, 3, 3, 3, 3, 3, 3, 3, 3, 3, 3, 3, 3, 3, 3, 3, 3, 3, 3, 3, 3, 3, 3, 3, 3, 3, 3, 3, 3, 3, 3, 3, 3, 3, 3, 3, 3, 3, 3, 3, 3, 3, 3, 3, 3, 3, 3, 3, 3, 3, 3, 3, 3, 3, 3, 3, 3, 3, 3, 3, 3, 3, 3, 3, 3, 3, 3, 3, 3, 3, 3, 3, 3, 3, 3, 3, 3, 3, 3, 3, 3, 3, 3, 3, 3, 3, 3, 3, 3, 3, 3, 3, 3, 3, 3, 3, 3, 3, 3, 3, 3, 3, 3, 3, 3, 3, 3, 3, 3, 3, 3, 3, 3, 3, 3, 3, 3, 3, 3, 3, 3, 3, 3, 3, 3, 3, 3, 3, 3, 3, 3, 3, 3, 3, 3, 3, 3, 3, 3, 3, 3, 3, 3, 3, 3, 3, 3, 3, 3, 3, 3, 3, 3, 3, 3, 3, 3, 3, 3, 3, 3, 3, 3, 3, 3, 3, 3, 3, 3, 3, 3, 3, 3, 3, 3, 3, 3, 3, 3, 3, 3, 3, 3, 3, 3, 3, 3, 3, 3, 3, 3, 3, 3, 3, 3, 3, 3, 3, 3, 3, 3, 3, 3, 3, 3, 3, 3, 3, 3, 3, 3, 3, 3, 3, 3, 3, 3, 3, 3, 3, 3, 3, 3, 3, 3, 3, 3, 3, 3, 3, 3, 3, 3, 3, 3, 3, 3, 3, 3, 3, 3, 3, 3, 3, 3, 3, 3, 3, 3, 3, 3, 3, 3, 3, 3, 3, 3, 3, 3, 3, 3, 3, 3, 3, 3, 3, 3, 3, 3, 3, 3, 3, 3, 3, 3, 3, 3, 3, 3, 3, 3, 3, 3, 3, 3, 3, 3, 3, 3, 3, 3, 3, 3, 3, 3, 3, 3, 3, 3, 3, 3, 3, 3, 3, 3, 3, 3, 3, 3, 3, 3, 3, 3, 3, 3, 3, 3, 3, 3, 3, 3, 3, 3, 3, 3, 3, 3, 3, 3, 3, 3, 3, 3, 3, 3, 3, 3, 3, 3, 3, 3, 3, 3, 3, 3, 3, 3, 3, 3, 3, 3, 3, 3, 3, 3, 3, 3, 3, 3, 3, 3, 3, 3, 3, 3, 3, 3, 3, 3, 3, 3, 3, 3, 3, 3, 3, 3, 3, 3, 3, 3, 3, 3, 3, 3, 3, 3, 3, 3, 3, 3, 3, 3, 3, 3, 3, 3, 3, 3, 3, 3, 3, 3, 3, 3, 3, 3, 3, 3, 3, 3, 3, 3, 3, 3, 3, 3, 3, 3, 3, 3, 3, 3, 3, 3, 3, 3, 3, 3, 3, 3, 3, 3, 3, 3, 3, 3, 3, 3, 3, 3, 3, 3, 3, 3, 3, 3, 3, 3, 3, 3, 3, 3, 3, 3, 3, 3, 3, 3, 3, 3, 3, 3, 3, 3, 3, 3, 3, 3, 3, 3, 3, 3, 3, 3, 3, 3, 3, 3, 3, 3, 3, 3, 3, 3, 3, 3, 3, 3, 3, 3, 3, 3, 3, 3, 3, 3, 3, 3, 3, 3, 3, 3, 3, 3, 3, 3, 3, 3, 3, 3, 3, 3, 3, 3, 3, 3, 3, 3, 3, 3, 3, 3, 3, 3, 3, 3, 3, 3, 3, 3, 3, 3, 3, 3, 3, 3, 3, 3, 3, 3, 3, 3, 3, 3, 3, 3, 3, 3, 3, 3, 3, 3, 3, 3, 3, 3, 3, 3, 3, 3, 3, 3, 3, 3, 3, 3, 3, 3, 3, 3, 3, 3, 3, 3, 3, 3, 3, 3, 3, 3, 3, 3, 3, 3, 3, 3, 3, 3, 3, 3, 3, 3, 3, 3, 3, 3, 3, 3, 3, 3, 3, 3, 3, 3, 3, 3, 3, 3, 3, 3, 3, 3, 3, 3, 3, 3, 3, 3, 3, 3, 3, 3, 3, 3, 3, 3, 3, 3, 3, 3, 3, 3, 3, 3, 3, 3, 3, 3, 3, 3, 3, 3, 3, 3, 3, 3, 3, 3, 3, 3, 3, 3, 3, 3, 3, 3, 3, 3, 3, 3, 3, 3, 3, 3, 3, 3, 3, 3, 3, 3, 3, 3, 3, 3, 3, 3, 3, 3, 3, 3, 3, 3, 3, 3, 3, 3, 3, 3, 3, 3, 3, 3, 3, 3, 3, 3, 3, 3, 3, 3, 3, 3, 3, 3, 3, 3, 3, 3, 3, 3, 3, 3, 3, 3, 3, 3, 3, 3, 3, 3, 3, 3, 3, 3, 3, 3, 3, 3, 3, 3, 3, 3, 3, 3, 3, 3, 3, 3, 3, 3, 3, 3, 3, 3, 3, 3, 3, 3, 3, 3, 3, 3, 3, 3, 3, 3, 3, 3, 3, 3, 3, 3, 3, 3, 3, 3, 3, 3, 3, 3, 3, 3, 3, 3, 3, 3, 3, 3, 3, 3, 3, 3, 3, 3, 3, 3, 3, 3, 3, 3, 3, 3, 3, 3, 3, 3, 3, 3, 3, 3, 3, 3, 3, 3, 3, 3, 3, 3, 3, 3, 3, 3, 3, 3, 3, 3, 3, 3, 3, 3, 3, 3, 3, 3, 3, 3, 3, 3, 3, 3, 3, 3, 3, 3, 3, 3, 3, 3, 3, 3, 3, 3, 3, 3, 3, 3, 3, 3, 3, 3, 3, 3, 3, 3, 3, 3, 3, 3, 3, 3, 3, 3, 3, 3, 3, 3, 3, 3, 3, 3, 3, 3, 3, 3, 3, 3, 3, 3, 3, 3, 3, 3, 3, 3, 3, 3, 3, 3, 3, 3, 3, 3, 3, 3, 3, 3, 3, 3, 3, 3, 3, 3, 3, 3, 3, 3, 3, 3, 3, 3, 3, 3, 3, 3, 3, 3, 3, 3, 3, 3, 3, 3, 3, 3, 3, 3, 3, 3, 3, 3, 3, 3, 3, 3, 3, 3, 3, 3, 3, 3, 3, 3, 3, 3, 3, 3, 3, 3, 3, 3, 3, 3, 3, 3, 3, 3, 3, 3, 3, 3, 3, 3, 3, 3, 3, 3, 3, 3, 3, 3, 3, 3, 3, 3, 3, 3, 3, 3, 3, 3, 3, 3, 3, 3, 3, 3, 3, 3, 3, 3, 3, 3, 3, 3, 3, 3, 3, 3, 3, 3, 3, 3, 3, 3, 3, 3, 3, 3, 3, 3, 3, 3, 3, 3, 3, 3, 3, 3, 3, 3, 3, 3, 3, 3, 3, 3, 3, 3, 3, 3, 3, 3, 3, 3, 3, 3, 3, 3, 3, 3, 3, 3, 3, 3, 3, 3, 3, 3, 3, 3, 3, 3, 3, 3, 3, 3, 3, 3, 3, 3, 3, 3, 3, 3, 3, 3, 3, 3, 3, 3, 3, 3, 3, 3, 3, 3, 3, 3, 3, 3, 3, 3, 3, 3, 3, 3, 3, 3, 3, 3, 3, 3, 3, 3, 3, 3, 3, 3, 3, 3, 3, 3, 3, 3, 3, 3, 3, 3, 3, 3, 3, 3, 3, 3, 3, 3, 3, 3, 3, 3, 3, 3, 3, 3, 3, 3, 3, 3, 3, 3, 3, 3, 3, 3, 3, 3, 3, 3, 3, 3, 3, 3, 3, 3, 3, 3, 3, 3, 3, 3, 3, 3, 3, 3, 3, 3, 3, 3, 3, 3, 3, 3, 3, 3, 3, 3, 3, 3, 3, 3, 3, 3, 3, 3, 3, 3, 3, 3, 3, 3, 3, 3, 3, 3, 3, 3, 3, 3, 3, 3, 3, 3, 3, 3, 3, 3, 3, 3, 3, 3, 3, 3, 3, 3, 3, 3, 3, 3, 3, 3, 3, 3, 3, 3, 3, 3, 3, 3, 3, 3, 3, 3, 3, 3, 3, 3, 3, 3, 3, 3, 3, 3, 3, 3, 3, 3, 3, 3, 3, 3, 3, 3, 3, 3, 3, 3, 3, 3, 3, 3, 3, 3, 3, 3, 3, 3, 3, 3, 3, 3, 3, 3, 3, 3, 3, 3, 3, 3, 3, 3, 3, 3, 3, 3, 3, 3, 3, 3, 3, 3, 3, 3, 3, 3, 3, 3, 3, 3, 3, 3, 3, 3, 3, 3, 3, 3, 3, 3, 3, 3, 3, 3, 3, 3, 3, 3, 3, 3, 3, 3, 3, 3, 3, 3, 3, 3, 3, 3, 3, 3, 3, 3, 3, 3, 3, 3, 3, 3, 3, 3, 3, 3, 3, 3, 3, 3, 3, 3, 3, 3, 3, 3, 3, 3, 3, 3, 3, 3, 3, 3, 3, 3, 3, 3, 3, 3, 3, 3, 3, 3, 3, 3, 3, 3, 3, 3, 3, 3, 3, 3, 3, 3, 3, 3, 3, 3, 3, 3, 3, 3, 3, 3, 3, 3, 3, 3, 3, 3, 3, 3, 3, 3, 3, 3, 3, 3, 3, 3, 3, 3, 3, 3, 3, 3, 3, 3, 3, 3, 3, 3, 3, 3, 3, 3, 3, 3, 3, 3, 3, 3, 3, 3, 3, 3, 3, 3, 3, 3, 3, 3, 3, 3, 3, 3, 3, 3, 3, 3, 3, 3, 3, 3, 3, 3, 3, 3, 3, 3, 3, 3, 3, 3, 3, 3, 3, 3, 3, 3, 3, 3, 3, 3, 3, 3, 3, 3, 3, 3, 3, 3, 3, 3, 3, 3, 3, 3, 3, 3, 3, 3, 3, 3, 3, 3, 3, 3, 3, 3, 3, 3, 3, 3, 3, 3, 3, 3, 3, 3, 3, 3, 3, 3, 3, 3, 3, 3, 3, 3, 3, 3, 3, 3, 3, 3, 3, 3, 3, 3, 3, 3, 3, 3, 3, 3, 3, 3, 3, 3, 3, 3, 3, 3, 3, 3, 3, 3, 3, 3, 3, 3, 3, 3, 3, 3, 3, 3, 3, 3, 3, 3, 3, 3, 3, 3, 3, 3, 3, 3, 3, 3, 3, 3, 3, 3, 3, 3, 3, 3, 3, 3, 3, 3, 3, 3, 3, 3, 3, 3, 3, 3, 3, 3, 3, 3, 3, 3, 3, 3, 3, 3, 3, 3, 3, 3, 3, 3, 3, 3, 3, 3, 3, 3, 3, 3, 3, 3, 3, 3, 3, 3, 3, 3, 3, 3, 3, 3, 3, 3, 3, 3, 3, 3, 3, 3, 3, 3, 3, 3, 3, 3, 3, 3, 3, 3, 3, 3, 3, 3, 3, 3, 3, 3, 3, 3, 3, 3, 3, 3, 3, 3, 3, 3, 3, 3, 3, 3, 3, 3, 3, 3, 3, 3, 3, 3, 3, 3, 3, 3, 3, 3, 3, 3, 3, 3, 3, 3, 3, 3, 3, 3, 3, 3, 3, 3, 3, 3, 3, 3, 3, 3, 3, 3, 3, 3, 3, 3, 3, 3, 3, 3, 3, 3, 3, 3, 3, 3, 3, 3, 3, 3, 3, 3, 3, 3, 3, 3, 3, 3, 3, 3, 3, 3, 3, 3, 3, 3, 3, 3, 3, 3, 3, 3, 3, 3, 3, 3, 3, 3, 3, 3, 3, 3, 3, 3, 3, 3, 3, 3, 3, 3, 3, 3, 3, 3, 3, 3, 3, 3, 3, 3, 3, 3, 3, 3, 3, 3, 3, 3, 3, 3, 3, 3, 3, 3, 3, 3, 3, 3, 3, 3, 3, 3, 3, 3, 3, 3, 3, 3, 3, 3, 3, 3, 3, 3, 3, 3, 3, 3, 3, 3, 3, 3, 3, 3, 3, 3, 3, 3, 3, 3, 3, 3, 3, 3, 3, 3, 3, 3, 3, 3, 3, 3, 3, 3, 3, 3, 3, 3, 3, 3, 3, 3, 3, 3, 3, 3, 3, 3, 3, 3, 3, 3, 3, 3, 3, 3, 3, 3, 3, 3, 3, 3, 3, 3, 3, 3, 3, 3, 3, 3, 3, 3, 3, 3, 3, 3, 3, 3, 3, 3, 3, 3, 3, 3, 3, 3, 3, 3, 3, 3, 3, 3, 3, 3, 3, 3, 3, 3, 3, 3, 3, 3, 3, 3, 3, 3, 3, 3, 3, 3, 3, 3, 3, 3, 3, 3, 3, 3, 3, 3, 3, 3, 3, 3, 3, 3, 3, 3, 3, 3, 3, 3, 3, 3, 3, 3, 3, 3, 3, 3, 3, 3, 3, 3, 3, 3, 3, 3, 3, 3, 3, 3, 3, 3, 3, 3, 3, 3, 3, 3, 3, 3, 3, 3, 3, 3, 3, 3, 3, 3, 3, 3, 3, 3, 3, 3, 3, 3, 3, 3, 3, 3, 3, 3, 3, 3, 3, 3, 3, 3, 3, 3, 3, 3, 3, 3, 3, 3, 3, 3, 3, 3, 3, 3, 3, 3, 3, 3, 3, 3, 3, 3, 3, 3, 3, 3, 3, 3, 3, 3, 3, 3, 3, 3, 3, 3, 3, 3, 3, 3, 3, 3, 3, 3, 3, 3, 3, 3, 3, 3, 3, 3, 3, 3, 3, 3, 3, 3, 3, 3, 3, 3, 3, 3, 3, 3, 3, 3, 3, 3, 3, 3, 3, 3, 3, 3, 3, 3, 3, 3, 3, 3, 3, 3, 3, 3, 3, 3, 3, 3, 3, 3, 3, 3, 3, 3, 3, 3, 3, 3, 3, 3, 3, 3, 3, 3, 3, 3, 3, 3, 3, 3, 3, 3, 3, 3, 3, 3, 3, 3, 3, 3, 3, 3, 3, 3, 3, 3, 3, 3, 3, 3, 3, 3, 3, 3, 3, 3, 3, 3, 3, 3, 3, 3, 3, 3, 3, 3, 3, 3, 3, 3, 3, 3, 3, 3, 3, 3, 3, 3, 3, 3, 3, 3, 3, 3, 3, 3, 3, 3, 3, 3, 3, 3, 3, 3, 3, 3, 3, 3, 3, 3, 3, 3, 3, 3, 3, 3, 3, 3, 3, 3, 3, 3, 3, 3, 3, 3, 3, 3, 3, 3, 3, 3, 3, 3, 3, 3, 3, 3, 3, 3, 3, 3, 3, 3, 3, 3, 3, 3, 3, 3, 3, 3, 3, 3, 3, 3, 3, 3, 3, 3, 3, 3, 3, 3, 3, 3, 3, 3, 3, 3, 3, 3, 3, 3, 3, 3, 3, 3, 3, 3, 3, 3, 3, 3, 3, 3, 3, 3, 3, 3, 3, 3, 3, 3, 3, 3, 3, 3, 3, 3, 3, 3, 3, 3, 3, 3, 3, 3, 3, 3, 3, 3, 3, 3, 3, 3, 3, 3, 3, 3, 3, 3, 3, 3, 3, 3, 3, 3, 3, 3, 3, 3, 3, 3, 3, 3, 3, 3, 3, 3, 3, 3, 3, 3, 3, 3, 3, 3, 3, 3, 3, 3, 3, 3, 3, 3, 3, 3, 3, 3, 3, 3, 3, 3, 3, 3, 3, 3, 3, 3, 3, 3, 3, 3, 3, 3, 3, 3, 3, 3, 3, 3, 3, 3, 3, 3, 3, 3, 3, 3, 3, 3, 3, 3, 3, 3, 3, 3, 3, 3, 3, 3, 3, 3, 3, 3, 3, 3, 3, 3, 3, 3, 3, 3, 3, 3, 3, 3, 3, 3, 3, 3, 3, 3, 3, 3, 3, 3, 3, 3, 3, 3, 3, 3, 3, 3, 3, 3, 3, 3, 3, 3, 3, 3, 3, 3, 3, 3, 3, 3, 3, 3, 3, 3, 3, 3, 3, 3, 3, 3, 3, 3, 3, 3, 3, 3, 3, 3, 3, 3, 3, 3, 3, 3, 3, 3, 3, 3, 3, 3, 3, 3, 3, 3, 3, 3, 3, 3, 3, 3, 3, 3, 3, 3, 3, 3, 3, 3, 3, 3, 3, 3, 3, 3, 3, 3, 3, 3, 3, 3, 3, 3, 3, 3, 3, 3, 3, 3, 3, 3, 3, 3, 3, 3, 3, 3, 3, 3, 3, 3, 3, 3, 3, 3, 3, 3, 3, 3, 3, 3, 3, 3, 3, 3, 3, 3, 3, 3, 3, 3, 3, 3, 3, 3, 3, 3, 3, 3, 3, 3, 3, 3, 3, 3, 3, 3, 3, 3, 3, 3, 3, 3, 3, 3, 3, 3, 3, 3, 3, 3, 3, 3, 3, 3, 3, 3, 3, 3, 3, 3, 3, 3, 3, 3, 3, 3, 3, 3, 3, 3, 3, 3, 3, 3, 3, 3, 3, 3, 3, 3, 3, 3, 3, 3, 3, 3, 3, 3, 3, 3, 3, 3, 3, 3, 3, 3, 3, 3, 3, 3, 3, 3, 3, 3, 3, 3, 3, 3, 3, 3, 3, 3, 3, 3, 3, 3, 3, 3, 3, 3, 3, 3, 3, 3, 3, 3, 3, 3, 3, 3, 3, 3, 3, 3, 3, 3, 3, 3, 3, 3, 3, 3, 3, 3, 3, 3, 3, 3, 3, 3, 3, 3, 3, 3, 3, 3, 3, 3, 3, 3, 3, 3, 3, 3, 3, 3, 3, 3, 3, 3, 3, 3, 3, 3, 3, 3, 3, 3, 3, 3, 3, 3, 3, 3, 3, 3, 3, 3, 3, 3, 3, 3, 3, 3, 3, 3, 3, 3, 3, 3, 3, 3, 3, 3, 3, 3, 3, 3, 3, 3, 3, 3, 3, 3, 3, 3, 3, 3, 3, 3, 3, 3, 3, 3, 3, 3, 3, 3, 3, 3, 3, 3, 3, 3, 3, 3, 3, 3, 3, 3, 3, 3, 3, 3, 3, 3, 3, 3, 3, 3, 3, 3, 3, 3, 3, 3, 3, 3, 3, 3, 3, 3, 3, 3, 3, 3, 3, 3, 3, 3, 3, 3, 3, 3, 3, 3, 3, 3, 3, 3, 3, 3, 3, 3, 3, 3, 3, 3, 3, 3, 3, 3, 3, 3, 3, 3, 3, 3, 3, 3, 3, 3, 3, 3, 3, 3, 3, 3, 3, 3, 3, 3, 3, 3, 3, 3, 3, 3, 3, 3, 3, 3, 3, 3, 3, 3, 3, 3, 3, 3, 3, 3, 3, 3, 3, 3, 3, 3, 3, 3, 3, 3, 3, 3, 3, 3, 3, 3, 3, 3, 3, 3, 3, 3, 3, 3, 3, 3, 3, 3, 3, 3, 3, 3, 3, 3, 3, 3, 3, 3, 3, 3, 3, 3, 3, 3, 3, 3, 3, 3, 3, 3, 3, 3, 3, 3, 3, 3, 3, 3, 3, 3, 3, 3, 3, 3, 3, 3, 3, 3, 3, 3, 3, 3, 3, 3, 3, 3, 3, 3, 3, 3, 3, 3, 3, 3, 3, 3, 3, 3, 3, 3, 3, 3, 3, 3, 3, 3, 3, 3, 3, 3, 3, 3, 3, 3, 3, 3, 3, 3, 3, 3, 3, 3, 3, 3, 3, 3, 3, 3, 3, 3, 3, 3, 3, 3, 3, 3, 3, 3, 3, 3, 3, 3, 3, 3, 3, 3, 3, 3, 3, 3, 3, 3, 3, 3, 3, 3, 3, 3, 3, 3, 3, 3, 3, 3, 3, 3, 3, 3, 3, 3, 3, 3, 3, 3, 3, 3, 3, 3, 3, 3, 3, 3, 3, 3, 3, 3, 3, 3, 3, 3, 3, 3, 3, 3, 3, 3, 3, 3, 3, 3, 3, 3, 3, 3, 3, 3, 3, 3, 3, 3, 3, 3, 3, 3, 3, 3, 3, 3, 3, 3, 3, 3, 3, 3, 3, 3, 3, 3, 3, 3, 3, 3, 3, 3, 3, 3, 3, 3, 3, 3, 3, 3, 3, 3, 3, 3, 3, 3, 3, 3, 3, 3, 3, 3, 3, 3, 3, 3, 3, 3, 3, 3, 3, 3, 3, 3, 3, 3, 3, 3, 3, 3, 3, 3, 3, 3, 3, 3, 3, 3, 3, 3, 3, 3, 3, 3, 3, 3, 3, 3, 3, 3, 3, 3, 3, 3, 3, 3, 3, 3, 3, 3, 3, 3, 3, 3, 3, 3, 3, 3, 3, 3, 3, 3, 3, 3, 3, 3, 3, 3, 3, 3, 3, 3, 3, 3, 3, 3, 3, 3, 3, 3, 3, 3, 3, 3, 3, 3, 3, 3, 3, 3, 3, 3, 3, 3, 3, 3, 3, 3, 3, 3, 3, 3, 3, 3, 3, 3, 3, 3, 3, 3, 3, 3, 3, 3, 3, 3, 3, 3, 3, 3, 3, 3, 3, 3, 3, 3, 3, 3, 3, 3, 3, 3, 3, 3, 3, 3, 3, 3, 3, 3, 3, 3, 3, 3, 3, 3, 3, 3, 3, 3, 3, 3, 3, 3, 3, 3, 3, 3, 3, 3, 3, 3, 3, 3, 3, 3, 3, 3, 3, 3, 3, 3, 3, 3, 3, 3, 3, 3, 3, 3, 3, 3, 3, 3, 3, 3, 3, 3, 3, 3, 3, 3, 3, 3, 3, 3, 3, 3, 3, 3, 3, 3, 3, 3, 3, 3, 3, 3, 3, 3, 3, 3, 3, 3, 3, 3, 3, 3, 3, 3, 3, 3, 3, 3, 3, 3, 3, 3, 3, 3, 3, 3, 3, 3, 3, 3, 3, 3, 3, 3, 3, 3, 3, 3, 3, 3, 3, 3, 3, 3, 3, 3, 3, 3, 3, 3, 3, 3, 3, 3, 3, 3, 3, 3, 3, 3, 3, 3, 3, 3, 3, 3, 3, 3, 3, 3, 3, 3, 3, 3, 3, 3, 3, 3, 3, 3, 3, 3, 3, 3, 3, 3, 3, 3, 3, 3, 3, 3, 3, 3, 3, 3, 3, 3, 3, 3, 3, 3, 3, 3, 3, 3, 3, 3, 3, 3, 3, 3, 3, 3, 3, 3, 3, 3, 3, 3, 3, 3, 3, 3, 3, 3, 3, 3, 3, 3, 3, 3, 3, 3, 3, 3, 3, 3, 3, 3, 3, 3, 3, 3, 3, 3, 3, 3, 3, 3, 3, 3, 3, 3, 3, 3, 3, 3, 3, 3, 3, 3, 3, 3, 3, 3, 3, 3, 3, 3, 3, 3, 3, 3, 3, 3, 3, 3, 3, 3, 3, 3, 3, 3, 3, 3, 3, 3, 3, 3, 3, 3, 3, 3, 3, 3, 3, 3, 3, 3, 3, 3, 3, 3, 3, 3, 3, 3, 3, 3, 3, 3, 3, 3, 3, 3, 3, 3, 3, 3, 3, 3, 3, 3, 3, 3, 3, 3, 3, 3, 3, 3, 3, 3, 3, 3, 3, 3, 3, 3, 3, 3, 3, 3, 3, 3, 3, 3, 3, 3, 3, 3, 3, 3, 3, 3, 3, 3, 3, 3, 3, 3, 3, 3, 3, 3, 3, 3, 3, 3, 3, 3, 3, 3, 3, 3, 3, 3, 3, 3, 3, 3, 3, 3, 3, 3, 3, 3, 3, 3, 3, 3, 3, 3, 3, 3, 3, 3, 3, 3, 3, 3, 3, 3, 3, 3, 3, 3, 3, 3, 3, 3, 3, 3, 3, 3, 3, 3, 3, 3, 3, 3, 3, 3, 3, 3, 3, 3, 3, 3, 3, 3, 3, 3, 3, 3, 3, 3, 3, 3, 3, 3, 3, 3, 3, 3, 3, 3, 3, 3, 3, 3, 3, 3, 3, 3, 3, 3, 3, 3, 3, 3, 3, 3, 3, 3, 3, 3, 3, 3, 3, 3, 3, 3, 3, 3, 3, 3, 3, 3, 3, 3, 3, 3, 3, 3, 3, 3, 3, 3, 3, 3, 3, 3, 3, 3, 3, 3, 3, 3, 3, 3, 3, 3, 3, 3, 3, 3, 3, 3, 3, 3, 3, 3, 3, 3, 3, 3, 3, 3, 3, 3, 3, 3, 3, 3, 3, 3, 3, 3, 3, 3, 3, 3, 3, 3, 3, 3, 3, 3, 3, 3, 3, 3, 3, 3, 3, 3, 3, 3, 3, 3, 3, 3, 3, 3, 3, 3, 3, 3, 3, 3, 3, 3, 3, 3, 3, 3, 3, 3, 3, 3, 3, 3, 3, 3, 3, 3, 3, 3, 3, 3, 3, 3, 3, 3, 3, 3, 3, 3, 3, 3, 3, 3, 3, 3, 3, 3, 3, 3, 3, 3, 3, 3, 3, 3, 3, 3, 3, 3, 3, 3, 3, 3, 3, 3, 3, 3, 3, 3, 3, 3, 3, 3, 3, 3, 3, 3, 3, 3, 3, 3, 3, 3, 3, 3, 3, 3, 3, 3, 3, 3, 3, 3, 3, 3, 3, 3, 3, 3, 3, 3, 3, 3, 3, 3, 3, 3, 3, 3, 3, 3, 3, 3, 3, 3, 3, 3, 3, 3, 3, 3, 3, 3, 3, 3, 3, 3, 3, 3, 3, 3, 3, 3, 3, 3, 3, 3, 3, 3, 3, 3, 3, 3, 3, 3, 3, 3, 3, 3, 3, 3, 3, 3, 3, 3, 3, 3, 3, 3, 3, 3, 3, 3, 3, 3, 3, 3, 3, 3, 3, 3, 3, 3, 3, 3, 3, 3, 3, 3, 3, 3, 3, 3, 3, 3, 3, 3, 3, 3, 3, 3, 3, 3, 3, 3, 3, 3, 3, 3, 3, 3, 3, 3, 3, 3, 3, 3, 3, 3, 3, 3, 3, 3, 3, 3, 3, 3, 3, 3, 3, 3, 3, 3, 3, 3, 3, 3, 3, 3, 3, 3, 3, 3, 3, 3, 3, 3, 3, 3, 3, 3, 3, 3, 3, 3, 3, 3, 3, 3, 3, 3, 3, 3, 3, 3, 3, 3, 3, 3, 3, 3, 3, 3, 3, 3, 3, 3, 3, 3, 3, 3, 3, 3, 3, 3, 3, 3, 3, 3, 3, 3, 3, 3, 3, 3, 3, 3, 3, 3, 3, 3, 3, 3, 3, 3, 3, 3, 3, 3, 3, 3, 3, 3, 3, 3, 3, 3, 3, 3, 3, 3, 3, 3, 3, 3, 3, 3, 3, 3, 3, 3, 3, 3, 3, 3, 3, 3, 3, 3, 3, 3, 3, 3, 3, 3, 3, 3, 3, 3, 3, 3, 3, 3, 3, 3, 3, 3, 3, 3, 3, 3, 3, 3, 3, 3, 3, 3, 3, 3, 3, 3, 3, 3, 3, 3, 3, 3, 3, 3, 3, 3, 3, 3, 3, 3, 3, 3, 3, 3, 3, 3, 3, 3, 3, 3, 3, 3, 3, 3, 3, 3, 3, 3, 3, 3, 3, 3, 3, 3, 3, 3, 3, 3, 3, 3, 3, 3, 3, 3, 3, 3, 3, 3, 3, 3, 3, 3, 3, 3, 3, 3, 3, 3, 3, 3, 3, 3, 3, 3, 3, 3, 3, 3, 3, 3, 3, 3, 3, 3, 3, 3, 3, 3, 3, 3, 3, 3, 3, 3, 3, 3, 3, 3, 3, 3, 3, 3, 3, 3, 3, 3, 3, 3, 3, 3, 3, 3, 3, 3, 3, 3, 3, 3, 3, 3, 3, 3, 3, 3, 3, 3, 3, 3, 3, 3, 3, 3, 3, 3, 3, 3, 3, 3, 3, 3, 3, 3, 3, 3, 3, 3, 3, 3, 3, 3, 3, 3, 3, 3, 3, 3, 3, 3, 3, 3, 3, 3, 3, 3, 3, 3, 3, 3, 3, 3, 3, 3, 3, 3, 3, 3, 3, 3, 3, 3, 3, 3, 3, 3, 3, 3, 3, 3, 3, 3, 3, 3, 3, 3, 3, 3, 3, 3, 3, 3, 3, 3, 3, 3, 3, 3, 3, 3, 3, 3, 3, 3, 3, 3, 3, 3, 3, 3, 3, 3, 3, 3, 3, 3, 3, 3, 3, 3, 3, 3, 3, 3, 3, 3, 3, 3, 3, 3, 3, 3, 3, 3, 3, 3, 3, 3, 3, 3, 3, 3, 3, 3, 3, 3, 3, 3, 3, 3, 3, 3, 3, 3, 3, 3, 3, 3, 3, 3, 3, 3, 3, 3, 3, 3, 3, 3, 3, 3, 3, 3, 3, 3, 3, 3, 3, 3, 3, 3, 3, 3, 3, 3, 3, 3, 3, 3, 3, 3, 3, 3, 3, 3, 3, 3, 3, 3, 3, 3, 3, 3, 3, 3, 3, 3, 3, 3, 3, 3, 3, 3, 3, 3, 3, 3, 3, 3, 3, 3, 3, 3, 3, 3, 3, 3, 3, 3, 3, 3, 3, 3, 3, 3, 3, 3, 3, 3, 3, 3, 3, 3, 3, 3, 3, 3, 3, 3, 3, 3, 3, 3, 3, 3, 3, 3, 3, 3, 3, 3, 3, 3, 3, 3, 3, 3, 3, 3, 3, 3, 3, 3, 3, 3, 3, 3, 3, 3, 3, 3, 3, 3, 3, 3, 3, 3, 3, 3, 3, 3, 3, 3, 3, 3, 3, 3, 3, 3, 3, 3, 3, 3, 3, 3, 3, 3, 3, 3, 3, 3, 3, 3, 3, 3, 3, 3, 3, 3, 3, 3, 3, 3, 3, 3, 3, 3, 3, 3, 3, 3, 3, 3, 3, 3, 3, 3, 3, 3, 3, 3, 3, 3, 3, 3, 3, 3, 3, 3, 3, 3, 3, 3, 3, 3, 3, 3, 3, 3, 3, 3, 3, 3, 3, 3, 3, 3, 3, 3, 3, 3, 3, 3, 3, 3, 3, 3, 3, 3, 3, 3, 3, 3, 3, 3, 3, 3, 3, 3, 3, 3, 3, 3, 3, 3, 3, 3, 3, 3, 3, 3, 3, 3, 3, 3, 3, 3, 3, 3, 3, 3, 3, 3, 3, 3, 3, 3, 3, 3, 3, 3, 3, 3, 3, 3, 3, 3, 3, 3, 3, 3, 3, 3, 3, 3, 3, 3, 3, 3, 3, 3, 3, 3, 3, 3, 3, 3, 3, 3, 3, 3, 3, 3, 3, 3, 3, 3, 3, 3, 3, 3, 3, 3, 3, 3, 3, 3, 3, 3, 3, 3, 3, 3, 3, 3, 3, 3, 3, 3, 3, 3, 3, 3, 3, 3, 3, 3, 3, 3, 3, 3, 3, 3, 3, 3, 3, 3, 3, 3, 3, 3, 3, 3, 3, 3, 3, 3, 3, 3, 3, 3, 3, 3, 3, 3, 3, 3, 3, 3, 3, 3, 3, 3, 3, 3, 3, 3, 3, 3, 3, 3, 3, 3, 3, 3, 3, 3, 3, 3, 3, 3, 3, 3, 3, 3, 3, 3, 3, 3, 3, 3, 3, 3, 3, 3, 3, 3, 3, 3, 3, 3, 3, 3, 3, 3, 3, 3, 3, 3, 3, 3, 3, 3, 3, 3, 3, 3, 3, 3, 3, 3, 3, 3, 3, 3, 3, 3, 3, 3, 3, 3, 3, 3, 3, 3, 3, 3, 3, 3, 3, 3, 3, 3, 3, 3, 3, 3, 3, 3, 3, 3, 3, 3, 3, 3, 3, 3, 3, 3, 3, 3, 3, 3, 3, 3, 3, 3, 3, 3, 3, 3, 3, 3, 3, 3, 3, 3, 3, 3, 3, 3, 3, 3, 3, 3, 3, 3, 3, 3, 3, 3, 3, 3, 3, 3, 3, 3, 3, 3, 3, 3, 3, 3, 3, 3, 3, 3, 3, 3, 3, 3, 3, 3, 3, 3, 3, 3, 3, 3, 3, 3, 3, 3, 3, 3, 3, 3, 3, 3, 3, 3, 3, 3, 3, 3, 3, 3, 3, 3, 3, 3, 3, 3, 3, 3, 3, 3, 3, 3, 3, 3, 3, 3, 3, 3, 3, 3, 3, 3, 3, 3, 3, 3, 3, 3, 3, 3, 3, 3, 3, 3, 3, 3, 3, 3, 3, 3, 3, 3, 3, 3, 3, 3, 3, 3, 3, 3, 3, 3, 3, 3, 3, 3, 3, 3, 3, 3, 3, 3, 3, 3, 3, 3, 3, 3, 3, 3, 3, 3, 3, 3, 3, 3, 3, 3, 3, 3, 3, 3, 3, 3, 3, 3, 3, 3, 3, 3, 3, 3, 3, 3, 3, 3, 3, 3, 3, 3, 3, 3, 3, 3, 3, 3, 3, 3, 3, 3, 3, 3, 3, 3, 3, 3, 3, 3, 3, 3, 3, 3, 3, 3, 3, 3, 3, 3, 3, 3, 3, 3, 3, 3, 3, 3, 3, 3, 3, 3, 3, 3, 3, 3, 3, 3, 3, 3, 3, 3, 3, 3, 3, 3, 3, 3, 3, 3, 3, 3, 3, 3, 3, 3, 3, 3, 3, 3, 3, 3, 3, 3, 3, 3, 3, 3, 3, 3, 3, 3, 3, 3, 3, 3, 3, 3, 3, 3, 3, 3, 3, 3, 3, 3, 3, 3, 3, 3, 3, 3, 3, 3, 3, 3, 3, 3, 3, 3, 3, 3, 3, 3, 3, 3, 3, 3, 3, 3, 3, 3, 3, 3, 3, 3, 3, 3, 3, 3, 3, 3, 3, 3, 3, 3, 3, 3, 3, 3, 3, 3, 3, 3, 3, 3, 3, 3, 3, 3, 3, 3, 3, 3, 3]
        int[] faceVertexIndices = [129, 0, 1, 67, 66, 129, 64, 62, 63, 65, 128, 64, 130, 1, 2, 130, 2, 3, 130, 129, 1, 130, 67, 129, 130, 68, 67, 130, 69, 68, 131, 3, 4, 131, 4, 5, 131, 130, 3, 131, 69, 130, 131, 70, 69, 131, 71, 70, 132, 5, 6, 132, 6, 7, 132, 131, 5, 132, 72, 71, 132, 73, 72, 132, 71, 131, 133, 73, 132, 133, 7, 8, 133, 8, 9, 133, 74, 73, 133, 75, 74, 133, 132, 7, 134, 9, 10, 134, 10, 11, 134, 133, 9, 134, 75, 133, 134, 76, 75, 134, 77, 76, 135, 11, 12, 135, 12, 13, 135, 134, 11, 135, 77, 134, 135, 78, 77, 135, 79, 78, 136, 79, 135, 136, 13, 14, 136, 14, 15, 136, 80, 79, 136, 81, 80, 136, 135, 13, 137, 15, 16, 137, 16, 17, 137, 136, 15, 137, 81, 136, 137, 82, 81, 137, 83, 82, 138, 17, 18, 138, 18, 19, 138, 83, 137, 138, 137, 17, 138, 84, 83, 138, 85, 84, 139, 19, 20, 139, 20, 21, 139, 138, 19, 139, 85, 138, 139, 86, 85, 139, 87, 86, 140, 21, 22, 140, 22, 23, 140, 139, 21, 140, 87, 139, 140, 88, 87, 140, 89, 88, 141, 23, 24, 141, 24, 25, 141, 140, 23, 141, 89, 140, 141, 90, 89, 141, 91, 90, 142, 141, 25, 142, 91, 141, 142, 25, 26, 142, 26, 27, 142, 92, 91, 142, 93, 92, 143, 27, 28, 143, 28, 29, 143, 142, 27, 143, 93, 142, 143, 94, 93, 143, 95, 94, 144, 29, 30, 144, 30, 31, 144, 143, 29, 144, 95, 143, 144, 96, 95, 144, 97, 96, 145, 31, 32, 145, 144, 31, 145, 98, 97, 145, 97, 144, 146, 145, 32, 146, 98, 145, 146, 32, 33, 146, 33, 34, 146, 99, 98, 146, 100, 99, 147, 102, 101, 147, 34, 35, 147, 35, 36, 147, 146, 34, 147, 100, 146, 147, 101, 100, 148, 103, 102, 148, 104, 103, 148, 36, 37, 148, 37, 38, 148, 147, 36, 148, 102, 147, 149, 105, 104, 149, 106, 105, 149, 38, 39, 149, 39, 40, 149, 148, 38, 149, 104, 148, 150, 107, 106, 150, 108, 107, 150, 40, 41, 150, 41, 42, 150, 106, 149, 150, 149, 40, 151, 109, 108, 151, 110, 109, 151, 42, 43, 151, 150, 42, 151, 43, 44, 151, 108, 150, 152, 151, 44, 152, 111, 110, 152, 112, 111, 152, 44, 45, 152, 45, 46, 152, 110, 151, 153, 112, 152, 153, 113, 112, 153, 114, 113, 153, 152, 46, 153, 46, 47, 153, 47, 48, 154, 115, 114, 154, 116, 115, 154, 114, 153, 154, 153, 48, 154, 48, 49, 154, 49, 50, 155, 117, 116, 155, 118, 117, 155, 116, 154, 155, 154, 50, 155, 50, 51, 155, 51, 52, 156, 119, 118, 156, 120, 119, 156, 52, 53, 156, 53, 54, 156, 118, 155, 156, 155, 52, 157, 121, 120, 157, 122, 121, 157, 54, 55, 157, 55, 56, 157, 156, 54, 157, 120, 156, 158, 123, 122, 158, 124, 123, 158, 56, 57, 158, 57, 58, 158, 122, 157, 158, 157, 56, 159, 125, 124, 159, 126, 125, 159, 58, 59, 159, 59, 60, 159, 124, 158, 159, 158, 58, 160, 159, 60, 160, 127, 126, 160, 128, 127, 160, 60, 61, 160, 61, 62, 160, 62, 64, 160, 64, 128, 160, 126, 159, 227, 161, 162, 227, 226, 161, 228, 162, 163, 228, 163, 164, 228, 227, 162, 229, 228, 164, 230, 164, 165, 230, 229, 164, 231, 165, 166, 231, 166, 167, 231, 230, 165, 232, 231, 167, 233, 167, 168, 233, 168, 169, 233, 232, 167, 234, 233, 169, 235, 169, 170, 235, 234, 169, 236, 170, 171, 236, 235, 170, 237, 171, 172, 237, 172, 173, 237, 236, 171, 238, 173, 174, 238, 237, 173, 239, 238, 174, 240, 174, 175, 240, 239, 174, 241, 175, 176, 241, 176, 177, 241, 240, 175, 242, 241, 177, 243, 242, 177, 243, 177, 178, 243, 178, 179, 244, 243, 179, 245, 244, 179, 245, 179, 180, 246, 245, 180, 246, 180, 181, 247, 246, 181, 247, 181, 182, 247, 182, 183, 248, 247, 183, 249, 248, 183, 249, 183, 184, 250, 184, 185, 250, 249, 184, 250, 185, 186, 251, 250, 186, 252, 186, 187, 252, 187, 188, 252, 251, 186, 253, 252, 188, 254, 188, 189, 254, 189, 190, 254, 253, 188, 255, 190, 191, 255, 254, 190, 256, 255, 191, 257, 191, 192, 257, 192, 193, 257, 256, 191, 258, 193, 194, 258, 257, 193, 259, 258, 194, 260, 194, 195, 260, 195, 196, 260, 259, 194, 261, 196, 197, 261, 260, 196, 262, 197, 198, 262, 261, 197, 263, 262, 198, 264, 198, 199, 264, 263, 198, 265, 199, 200, 265, 264, 199, 266, 200, 201, 266, 265, 200, 267, 201, 202, 267, 266, 201, 268, 202, 203, 268, 267, 202, 269, 268, 203, 269, 203, 204, 270, 269, 204, 270, 204, 205, 271, 270, 205, 271, 205, 206, 272, 271, 206, 272, 206, 207, 273, 272, 207, 273, 207, 208, 274, 273, 208, 274, 208, 209, 275, 274, 209, 275, 209, 210, 276, 275, 210, 276, 210, 211, 276, 211, 212, 277, 276, 212, 278, 277, 212, 278, 212, 213, 279, 278, 213, 279, 213, 214, 280, 279, 214, 280, 214, 215, 281, 280, 215, 281, 215, 216, 282, 216, 217, 282, 281, 216, 283, 217, 218, 283, 218, 219, 283, 282, 217, 284, 283, 219, 285, 219, 220, 285, 284, 219, 286, 220, 221, 286, 285, 220, 287, 221, 222, 287, 286, 221, 288, 222, 223, 288, 223, 224, 288, 287, 222, 225, 288, 224, 392, 328, 329, 392, 329, 330, 392, 391, 328, 390, 327, 328, 390, 328, 391, 393, 392, 330, 389, 326, 327, 389, 327, 390, 394, 330, 331, 394, 393, 330, 388, 324, 325, 388, 325, 326, 388, 326, 389, 395, 394, 331, 395, 331, 332, 387, 324, 388, 323, 324, 387, 396, 332, 333, 396, 395, 332, 334, 396, 333, 386, 323, 387, 322, 323, 386, 397, 396, 334, 385, 322, 386, 398, 334, 335, 398, 397, 334, 336, 398, 335, 384, 321, 322, 384, 322, 385, 399, 398, 336, 337, 399, 336, 383, 320, 321, 383, 321, 384, 400, 399, 337, 338, 400, 337, 382, 319, 320, 382, 320, 383, 401, 400, 338, 381, 318, 319, 381, 319, 382, 402, 401, 338, 402, 338, 339, 380, 318, 381, 380, 317, 318, 340, 402, 339, 403, 402, 340, 316, 317, 380, 379, 316, 380, 341, 403, 340, 404, 403, 341, 378, 316, 379, 378, 315, 316, 405, 404, 341, 405, 341, 342, 377, 314, 315, 377, 315, 378, 406, 405, 342, 406, 342, 343, 313, 314, 377, 376, 313, 377, 407, 406, 343, 407, 343, 344, 312, 313, 376, 312, 376, 375, 345, 408, 407, 345, 407, 344, 311, 312, 375, 311, 375, 374, 409, 408, 345, 346, 409, 345, 310, 311, 374, 310, 374, 373, 347, 410, 409, 347, 409, 346, 309, 310, 373, 309, 373, 372, 411, 410, 347, 348, 411, 347, 371, 309, 372, 308, 309, 371, 349, 412, 411, 349, 411, 348, 307, 308, 371, 307, 371, 370, 350, 413, 412, 350, 412, 349, 414, 413, 350, 306, 370, 369, 306, 307, 370, 351, 414, 350, 368, 306, 369, 305, 306, 368, 289, 352, 414, 289, 414, 351, 304, 305, 368, 304, 368, 367, 290, 352, 289, 290, 353, 352, 354, 353, 290, 303, 304, 367, 303, 367, 366, 365, 303, 366, 291, 354, 290, 302, 303, 365, 292, 354, 291, 292, 355, 354, 301, 302, 365, 301, 364, 363, 301, 365, 364, 293, 355, 292, 293, 356, 355, 293, 357, 356, 300, 301, 363, 294, 357, 293, 299, 300, 363, 299, 363, 362, 295, 357, 294, 295, 358, 357, 295, 359, 358, 298, 299, 362, 298, 362, 361, 296, 359, 295, 297, 360, 359, 297, 361, 360, 297, 298, 361, 297, 359, 296, 481, 415, 416, 481, 480, 415, 482, 416, 417, 482, 481, 416, 483, 417, 418, 483, 482, 417, 484, 418, 419, 484, 483, 418, 485, 419, 420, 485, 484, 419, 486, 420, 421, 486, 485, 420, 487, 421, 422, 487, 486, 421, 488, 422, 423, 488, 423, 424, 488, 487, 422, 489, 488, 424, 490, 424, 425, 490, 489, 424, 491, 425, 426, 491, 490, 425, 492, 426, 427, 492, 491, 426, 493, 427, 428, 493, 492, 427, 494, 428, 429, 494, 493, 428, 495, 429, 430, 495, 430, 431, 495, 494, 429, 496, 495, 431, 497, 496, 431, 497, 431, 432, 498, 432, 433, 498, 497, 432, 499, 498, 433, 499, 433, 434, 500, 499, 434, 500, 434, 435, 500, 435, 436, 501, 500, 436, 502, 501, 436, 502, 436, 437, 503, 502, 437, 503, 437, 438, 503, 438, 439, 504, 439, 440, 504, 503, 439, 505, 504, 440, 506, 440, 441, 506, 441, 442, 506, 505, 440, 507, 506, 442, 508, 442, 443, 508, 507, 442, 509, 443, 444, 509, 444, 445, 509, 508, 443, 510, 445, 446, 510, 509, 445, 511, 510, 446, 512, 446, 447, 512, 447, 448, 512, 511, 446, 513, 448, 449, 513, 512, 448, 514, 449, 450, 514, 513, 449, 515, 514, 450, 516, 450, 451, 516, 515, 450, 517, 451, 452, 517, 516, 451, 518, 452, 453, 518, 517, 452, 519, 453, 454, 519, 518, 453, 520, 454, 455, 520, 519, 454, 521, 455, 456, 521, 520, 455, 522, 456, 457, 522, 521, 456, 523, 522, 457, 523, 457, 458, 524, 523, 458, 524, 458, 459, 525, 524, 459, 525, 459, 460, 526, 525, 460, 526, 460, 461, 527, 526, 461, 527, 461, 462, 528, 527, 462, 528, 462, 463, 529, 528, 463, 529, 463, 464, 529, 464, 465, 530, 529, 465, 530, 465, 466, 531, 530, 466, 532, 531, 466, 532, 466, 467, 533, 532, 467, 533, 467, 468, 534, 533, 468, 534, 468, 469, 534, 469, 470, 535, 534, 470, 536, 470, 471, 536, 535, 470, 536, 471, 472, 537, 536, 472, 538, 537, 472, 538, 472, 473, 539, 473, 474, 539, 538, 473, 540, 474, 475, 540, 539, 474, 541, 475, 476, 541, 540, 475, 542, 476, 477, 542, 541, 476, 479, 477, 478, 479, 542, 477, 661, 598, 597, 661, 599, 598, 662, 599, 661, 660, 661, 597, 663, 599, 662, 663, 600, 599, 663, 601, 600, 659, 660, 597, 659, 597, 596, 664, 601, 663, 658, 595, 594, 658, 596, 595, 658, 659, 596, 665, 602, 601, 665, 601, 664, 657, 658, 594, 666, 603, 602, 666, 602, 665, 656, 594, 593, 656, 657, 594, 592, 656, 593, 667, 604, 603, 667, 603, 666, 655, 656, 592, 605, 604, 667, 668, 605, 667, 654, 592, 591, 654, 655, 592, 543, 605, 668, 606, 543, 668, 653, 591, 590, 653, 654, 591, 607, 544, 543, 607, 543, 606, 652, 590, 589, 652, 653, 590, 545, 544, 607, 608, 545, 607, 651, 589, 588, 651, 652, 589, 546, 545, 608, 609, 546, 608, 650, 588, 587, 650, 651, 588, 610, 547, 546, 610, 546, 609, 649, 650, 587, 649, 587, 586, 548, 547, 610, 611, 548, 610, 585, 649, 586, 648, 649, 585, 549, 548, 611, 612, 549, 611, 647, 648, 585, 647, 585, 584, 613, 550, 549, 613, 549, 612, 646, 584, 583, 646, 647, 584, 551, 550, 613, 551, 613, 614, 645, 646, 583, 582, 645, 583, 615, 551, 614, 552, 551, 615, 644, 645, 582, 581, 644, 582, 553, 552, 615, 553, 615, 616, 580, 643, 644, 580, 644, 581, 554, 553, 616, 554, 616, 617, 579, 643, 580, 579, 642, 643, 618, 554, 617, 555, 554, 618, 641, 642, 579, 578, 641, 579, 619, 555, 618, 556, 555, 619, 577, 641, 578, 577, 640, 641, 557, 619, 620, 557, 556, 619, 576, 640, 577, 576, 639, 640, 558, 557, 620, 558, 620, 621, 575, 639, 576, 575, 638, 639, 622, 558, 621, 637, 638, 575, 559, 558, 622, 574, 637, 575, 560, 559, 622, 560, 622, 623, 573, 637, 574, 573, 636, 637, 561, 560, 623, 561, 623, 624, 572, 636, 573, 572, 635, 636, 562, 561, 624, 562, 624, 625, 571, 635, 572, 571, 634, 635, 563, 562, 625, 563, 625, 626, 570, 634, 571, 570, 633, 634, 564, 563, 626, 564, 626, 627, 569, 633, 570, 569, 632, 633, 565, 564, 627, 565, 627, 628, 568, 632, 569, 568, 631, 632, 566, 565, 628, 566, 628, 629, 566, 629, 630, 567, 631, 568, 567, 566, 630, 567, 630, 631, 735, 669, 670, 735, 734, 669, 736, 670, 671, 736, 735, 670, 737, 671, 672, 737, 736, 671, 738, 672, 673, 738, 673, 674, 738, 737, 672, 739, 738, 674, 740, 674, 675, 740, 739, 674, 741, 675, 676, 741, 740, 675, 742, 676, 677, 742, 741, 676, 743, 677, 678, 743, 742, 677, 744, 678, 679, 744, 743, 678, 745, 679, 680, 745, 744, 679, 746, 680, 681, 746, 745, 680, 747, 681, 682, 747, 746, 681, 748, 682, 683, 748, 683, 684, 748, 747, 682, 749, 748, 684, 750, 684, 685, 750, 685, 686, 750, 749, 684, 751, 750, 686, 752, 751, 686, 752, 686, 687, 753, 752, 687, 753, 687, 688, 754, 753, 688, 754, 688, 689, 755, 754, 689, 755, 689, 690, 755, 690, 691, 756, 755, 691, 757, 691, 692, 757, 756, 691, 758, 692, 693, 758, 693, 694, 758, 757, 692, 759, 694, 695, 759, 758, 694, 760, 695, 696, 760, 759, 695, 761, 696, 697, 761, 760, 696, 762, 697, 698, 762, 761, 697, 763, 762, 698, 764, 698, 699, 764, 763, 698, 765, 699, 700, 765, 700, 701, 765, 764, 699, 766, 765, 701, 767, 701, 702, 767, 766, 701, 768, 702, 703, 768, 703, 704, 768, 767, 702, 769, 768, 704, 770, 704, 705, 770, 769, 704, 771, 705, 706, 771, 770, 705, 772, 706, 707, 772, 771, 706, 773, 707, 708, 773, 772, 707, 774, 708, 709, 774, 773, 708, 775, 709, 710, 775, 774, 709, 776, 710, 711, 776, 775, 710, 777, 776, 711, 777, 711, 712, 777, 712, 713, 778, 777, 713, 779, 778, 713, 779, 713, 714, 780, 779, 714, 780, 714, 715, 780, 715, 716, 781, 780, 716, 782, 781, 716, 782, 716, 717, 783, 782, 717, 783, 717, 718, 784, 783, 718, 784, 718, 719, 785, 784, 719, 785, 719, 720, 785, 720, 721, 786, 785, 721, 787, 786, 721, 787, 721, 722, 788, 787, 722, 788, 722, 723, 789, 788, 723, 789, 723, 724, 790, 724, 725, 790, 789, 724, 791, 725, 726, 791, 790, 725, 792, 726, 727, 792, 791, 726, 793, 727, 728, 793, 792, 727, 794, 728, 729, 794, 793, 728, 795, 729, 730, 795, 794, 729, 796, 730, 731, 796, 795, 730, 733, 731, 732, 733, 796, 731, 863, 797, 798, 863, 862, 797, 864, 798, 799, 864, 863, 798, 865, 799, 800, 865, 864, 799, 866, 800, 801, 866, 865, 800, 867, 801, 802, 867, 866, 801, 803, 867, 802, 868, 867, 803, 869, 803, 804, 869, 868, 803, 805, 869, 804, 870, 869, 805, 806, 870, 805, 871, 870, 806, 872, 806, 807, 872, 871, 806, 873, 807, 808, 873, 872, 807, 874, 808, 809, 874, 873, 808, 810, 874, 809, 875, 874, 810, 876, 810, 811, 876, 875, 810, 877, 811, 812, 877, 876, 811, 878, 812, 813, 878, 877, 812, 879, 813, 814, 879, 878, 813, 880, 814, 815, 880, 879, 814, 881, 880, 815, 881, 815, 816, 882, 881, 816, 882, 816, 817, 883, 882, 817, 883, 817, 818, 884, 883, 818, 884, 818, 819, 885, 884, 819, 885, 819, 820, 886, 820, 821, 886, 885, 820, 887, 821, 822, 887, 886, 821, 888, 822, 823, 888, 887, 822, 889, 823, 824, 889, 888, 823, 825, 889, 824, 890, 889, 825, 891, 825, 826, 891, 890, 825, 892, 826, 827, 892, 891, 826, 828, 892, 827, 893, 892, 828, 894, 828, 829, 894, 893, 828, 830, 894, 829, 895, 894, 830, 896, 830, 831, 896, 895, 830, 897, 831, 832, 897, 896, 831, 898, 832, 833, 898, 897, 832, 899, 833, 834, 899, 898, 833, 900, 834, 835, 900, 899, 834, 901, 835, 836, 901, 900, 835, 902, 836, 837, 902, 901, 836, 903, 837, 838, 903, 902, 837, 904, 838, 839, 904, 903, 838, 905, 904, 839, 905, 839, 840, 906, 840, 841, 906, 905, 840, 907, 906, 841, 907, 841, 842, 908, 907, 842, 908, 842, 843, 909, 908, 843, 909, 843, 844, 910, 909, 844, 910, 844, 845, 911, 910, 845, 911, 845, 846, 912, 911, 846, 912, 846, 847, 913, 912, 847, 913, 847, 848, 914, 913, 848, 914, 848, 849, 915, 914, 849, 915, 849, 850, 916, 915, 850, 916, 850, 851, 917, 916, 851, 917, 851, 852, 918, 917, 852, 918, 852, 853, 919, 918, 853, 919, 853, 854, 920, 854, 855, 920, 919, 854, 921, 855, 856, 921, 920, 855, 922, 856, 857, 922, 921, 856, 923, 857, 858, 923, 922, 857, 924, 858, 859, 924, 923, 858, 861, 859, 860, 861, 924, 859, 991, 925, 926, 991, 990, 925, 992, 926, 927, 992, 991, 926, 993, 927, 928, 993, 992, 927, 994, 928, 929, 994, 993, 928, 995, 929, 930, 995, 994, 929, 931, 995, 930, 996, 995, 931, 997, 931, 932, 997, 996, 931, 998, 932, 933, 998, 997, 932, 999, 933, 934, 999, 998, 933, 1000, 934, 935, 1000, 999, 934, 1001, 935, 936, 1001, 1000, 935, 1002, 936, 937, 1002, 1001, 936, 1003, 937, 938, 1003, 1002, 937, 1004, 938, 939, 1004, 1003, 938, 1005, 939, 940, 1005, 1004, 939, 1006, 940, 941, 1006, 1005, 940, 1007, 941, 942, 1007, 1006, 941, 943, 1007, 942, 1008, 1007, 943, 1009, 1008, 943, 1009, 943, 944, 945, 1009, 944, 1010, 1009, 945, 1011, 1010, 945, 1011, 945, 946, 1012, 1011, 946, 1012, 946, 947, 948, 1012, 947, 1013, 1012, 948, 949, 1013, 948, 1014, 1013, 949, 950, 1014, 949, 1015, 1014, 950, 951, 1015, 950, 1016, 1015, 951, 1017, 951, 952, 1017, 1016, 951, 1018, 952, 953, 1018, 1017, 952, 954, 1018, 953, 1019, 1018, 954, 955, 1019, 954, 1020, 1019, 955, 956, 1020, 955, 1021, 1020, 956, 1022, 956, 957, 1022, 1021, 956, 1023, 957, 958, 1023, 1022, 957, 1024, 958, 959, 1024, 1023, 958, 1025, 959, 960, 1025, 1024, 959, 1026, 960, 961, 1026, 1025, 960, 1027, 961, 962, 1027, 1026, 961, 1028, 962, 963, 1028, 1027, 962, 1029, 963, 964, 1029, 1028, 963, 1030, 964, 965, 1030, 1029, 964, 1031, 965, 966, 1031, 1030, 965, 1032, 966, 967, 1032, 1031, 966, 1033, 1032, 967, 1033, 967, 968, 1034, 968, 969, 1034, 1033, 968, 1035, 1034, 969, 1035, 969, 970, 1036, 1035, 970, 1036, 970, 971, 1037, 1036, 971, 1037, 971, 972, 1038, 1037, 972, 1038, 972, 973, 1039, 1038, 973, 1039, 973, 974, 1040, 1039, 974, 1040, 974, 975, 1041, 1040, 975, 1041, 975, 976, 1042, 1041, 976, 1042, 976, 977, 1043, 1042, 977, 1043, 977, 978, 1044, 1043, 978, 1044, 978, 979, 1045, 1044, 979, 1045, 979, 980, 1046, 1045, 980, 1046, 980, 981, 1047, 1046, 981, 1047, 981, 982, 1048, 982, 983, 1048, 1047, 982, 1049, 983, 984, 1049, 1048, 983, 1050, 984, 985, 1050, 1049, 984, 1051, 985, 986, 1051, 1050, 985, 1052, 986, 987, 1052, 1051, 986, 989, 987, 988, 989, 1052, 987, 1119, 1053, 1054, 1119, 1118, 1053, 1120, 1054, 1055, 1120, 1119, 1054, 1121, 1055, 1056, 1121, 1120, 1055, 1122, 1056, 1057, 1122, 1121, 1056, 1123, 1057, 1058, 1123, 1122, 1057, 1124, 1058, 1059, 1124, 1123, 1058, 1125, 1059, 1060, 1125, 1124, 1059, 1126, 1060, 1061, 1126, 1125, 1060, 1127, 1061, 1062, 1127, 1126, 1061, 1128, 1062, 1063, 1128, 1127, 1062, 1129, 1063, 1064, 1129, 1128, 1063, 1130, 1064, 1065, 1130, 1129, 1064, 1066, 1130, 1065, 1131, 1130, 1066, 1067, 1131, 1066, 1132, 1131, 1067, 1133, 1067, 1068, 1133, 1132, 1067, 1069, 1133, 1068, 1134, 1133, 1069, 1070, 1134, 1069, 1135, 1134, 1070, 1071, 1135, 1070, 1136, 1135, 1071, 1137, 1136, 1071, 1137, 1071, 1072, 1073, 1137, 1072, 1138, 1137, 1073, 1074, 1138, 1073, 1139, 1138, 1074, 1075, 1139, 1074, 1140, 1139, 1075, 1076, 1140, 1075, 1141, 1140, 1076, 1142, 1076, 1077, 1142, 1141, 1076, 1143, 1077, 1078, 1143, 1142, 1077, 1144, 1078, 1079, 1144, 1143, 1078, 1145, 1079, 1080, 1145, 1144, 1079, 1081, 1145, 1080, 1146, 1145, 1081, 1082, 1146, 1081, 1147, 1146, 1082, 1148, 1082, 1083, 1148, 1147, 1082, 1084, 1148, 1083, 1149, 1148, 1084, 1150, 1084, 1085, 1150, 1149, 1084, 1151, 1085, 1086, 1151, 1150, 1085, 1152, 1086, 1087, 1152, 1151, 1086, 1153, 1087, 1088, 1153, 1152, 1087, 1154, 1088, 1089, 1154, 1153, 1088, 1155, 1089, 1090, 1155, 1154, 1089, 1156, 1090, 1091, 1156, 1155, 1090, 1157, 1091, 1092, 1157, 1156, 1091, 1158, 1092, 1093, 1158, 1157, 1092, 1159, 1093, 1094, 1159, 1158, 1093, 1160, 1094, 1095, 1160, 1159, 1094, 1161, 1160, 1095, 1161, 1095, 1096, 1162, 1096, 1097, 1162, 1161, 1096, 1163, 1162, 1097, 1163, 1097, 1098, 1099, 1163, 1098, 1164, 1163, 1099, 1165, 1164, 1099, 1165, 1099, 1100, 1166, 1165, 1100, 1166, 1100, 1101, 1102, 1166, 1101, 1167, 1166, 1102, 1168, 1167, 1102, 1168, 1102, 1103, 1169, 1168, 1103, 1169, 1103, 1104, 1105, 1169, 1104, 1170, 1169, 1105, 1171, 1170, 1105, 1171, 1105, 1106, 1172, 1171, 1106, 1172, 1106, 1107, 1173, 1172, 1107, 1173, 1107, 1108, 1174, 1173, 1108, 1174, 1108, 1109, 1175, 1174, 1109, 1175, 1109, 1110, 1176, 1110, 1111, 1176, 1175, 1110, 1177, 1111, 1112, 1177, 1176, 1111, 1178, 1112, 1113, 1178, 1177, 1112, 1179, 1113, 1114, 1179, 1178, 1113, 1180, 1114, 1115, 1180, 1179, 1114, 1116, 1180, 1115, 1117, 1180, 1116, 1247, 1181, 1182, 1247, 1246, 1181, 1248, 1182, 1183, 1248, 1247, 1182, 1249, 1183, 1184, 1249, 1248, 1183, 1250, 1184, 1185, 1250, 1249, 1184, 1251, 1185, 1186, 1251, 1250, 1185, 1252, 1186, 1187, 1252, 1251, 1186, 1253, 1187, 1188, 1253, 1252, 1187, 1189, 1253, 1188, 1254, 1253, 1189, 1255, 1189, 1190, 1255, 1254, 1189, 1256, 1190, 1191, 1256, 1255, 1190, 1257, 1191, 1192, 1257, 1256, 1191, 1258, 1192, 1193, 1258, 1257, 1192, 1259, 1193, 1194, 1259, 1258, 1193, 1260, 1194, 1195, 1260, 1259, 1194, 1261, 1195, 1196, 1261, 1260, 1195, 1262, 1196, 1197, 1262, 1261, 1196, 1263, 1197, 1198, 1263, 1262, 1197, 1199, 1263, 1198, 1264, 1263, 1199, 1200, 1264, 1199, 1265, 1264, 1200, 1266, 1265, 1200, 1266, 1200, 1201, 1202, 1266, 1201, 1267, 1266, 1202, 1268, 1267, 1202, 1268, 1202, 1203, 1269, 1268, 1203, 1269, 1203, 1204, 1270, 1204, 1205, 1270, 1269, 1204, 1271, 1205, 1206, 1271, 1270, 1205, 1272, 1206, 1207, 1272, 1271, 1206, 1273, 1207, 1208, 1273, 1272, 1207, 1274, 1208, 1209, 1274, 1273, 1208, 1210, 1274, 1209, 1275, 1274, 1210, 1276, 1210, 1211, 1276, 1275, 1210, 1277, 1211, 1212, 1277, 1276, 1211, 1278, 1212, 1213, 1278, 1277, 1212, 1279, 1213, 1214, 1279, 1278, 1213, 1280, 1214, 1215, 1280, 1279, 1214, 1281, 1215, 1216, 1281, 1280, 1215, 1282, 1216, 1217, 1282, 1281, 1216, 1283, 1217, 1218, 1283, 1282, 1217, 1284, 1218, 1219, 1284, 1283, 1218, 1285, 1219, 1220, 1285, 1284, 1219, 1286, 1220, 1221, 1286, 1285, 1220, 1287, 1221, 1222, 1287, 1286, 1221, 1288, 1222, 1223, 1288, 1287, 1222, 1289, 1288, 1223, 1289, 1223, 1224, 1290, 1224, 1225, 1290, 1289, 1224, 1291, 1290, 1225, 1291, 1225, 1226, 1292, 1291, 1226, 1292, 1226, 1227, 1228, 1292, 1227, 1293, 1292, 1228, 1294, 1293, 1228, 1294, 1228, 1229, 1295, 1294, 1229, 1295, 1229, 1230, 1296, 1295, 1230, 1296, 1230, 1231, 1232, 1296, 1231, 1297, 1296, 1232, 1298, 1297, 1232, 1298, 1232, 1233, 1299, 1298, 1233, 1299, 1233, 1234, 1300, 1299, 1234, 1300, 1234, 1235, 1301, 1300, 1235, 1301, 1235, 1236, 1302, 1301, 1236, 1302, 1236, 1237, 1303, 1302, 1237, 1303, 1237, 1238, 1304, 1238, 1239, 1304, 1303, 1238, 1240, 1304, 1239, 1305, 1304, 1240, 1306, 1240, 1241, 1306, 1305, 1240, 1242, 1306, 1241, 1307, 1306, 1242, 1308, 1242, 1243, 1308, 1307, 1242, 1245, 1243, 1244, 1245, 1308, 1243, 1375, 1309, 1310, 1375, 1374, 1309, 1376, 1310, 1311, 1376, 1375, 1310, 1377, 1311, 1312, 1377, 1376, 1311, 1378, 1312, 1313, 1378, 1377, 1312, 1379, 1313, 1314, 1379, 1378, 1313, 1380, 1314, 1315, 1380, 1379, 1314, 1381, 1315, 1316, 1381, 1380, 1315, 1382, 1316, 1317, 1382, 1381, 1316, 1383, 1317, 1318, 1383, 1382, 1317, 1319, 1383, 1318, 1384, 1383, 1319, 1385, 1319, 1320, 1385, 1384, 1319, 1321, 1385, 1320, 1386, 1385, 1321, 1387, 1321, 1322, 1387, 1386, 1321, 1323, 1387, 1322, 1388, 1387, 1323, 1389, 1323, 1324, 1389, 1388, 1323, 1325, 1389, 1324, 1390, 1389, 1325, 1391, 1325, 1326, 1391, 1390, 1325, 1392, 1326, 1327, 1392, 1391, 1326, 1393, 1392, 1327, 1393, 1327, 1328, 1394, 1393, 1328, 1394, 1328, 1329, 1330, 1394, 1329, 1395, 1394, 1330, 1396, 1395, 1330, 1396, 1330, 1331, 1397, 1396, 1331, 1397, 1331, 1332, 1333, 1397, 1332, 1398, 1397, 1333, 1399, 1333, 1334, 1399, 1398, 1333, 1400, 1334, 1335, 1400, 1399, 1334, 1401, 1335, 1336, 1401, 1400, 1335, 1402, 1336, 1337, 1402, 1401, 1336, 1403, 1337, 1338, 1403, 1402, 1337, 1404, 1338, 1339, 1404, 1403, 1338, 1405, 1339, 1340, 1405, 1404, 1339, 1406, 1340, 1341, 1406, 1405, 1340, 1407, 1341, 1342, 1407, 1406, 1341, 1408, 1342, 1343, 1408, 1407, 1342, 1409, 1343, 1344, 1409, 1408, 1343, 1410, 1344, 1345, 1410, 1409, 1344, 1411, 1345, 1346, 1411, 1410, 1345, 1412, 1346, 1347, 1412, 1411, 1346, 1413, 1347, 1348, 1413, 1412, 1347, 1414, 1348, 1349, 1414, 1413, 1348, 1415, 1349, 1350, 1415, 1414, 1349, 1416, 1350, 1351, 1416, 1415, 1350, 1417, 1416, 1351, 1417, 1351, 1352, 1418, 1352, 1353, 1418, 1417, 1352, 1419, 1418, 1353, 1419, 1353, 1354, 1420, 1419, 1354, 1420, 1354, 1355, 1356, 1420, 1355, 1421, 1420, 1356, 1422, 1421, 1356, 1422, 1356, 1357, 1423, 1422, 1357, 1423, 1357, 1358, 1424, 1423, 1358, 1424, 1358, 1359, 1425, 1424, 1359, 1425, 1359, 1360, 1426, 1425, 1360, 1426, 1360, 1361, 1427, 1426, 1361, 1427, 1361, 1362, 1363, 1427, 1362, 1428, 1427, 1363, 1429, 1428, 1363, 1429, 1363, 1364, 1430, 1429, 1364, 1430, 1364, 1365, 1431, 1430, 1365, 1431, 1365, 1366, 1432, 1366, 1367, 1432, 1431, 1366, 1433, 1367, 1368, 1433, 1432, 1367, 1434, 1368, 1369, 1434, 1433, 1368, 1435, 1369, 1370, 1435, 1434, 1369, 1436, 1370, 1371, 1436, 1435, 1370, 1373, 1371, 1372, 1373, 1436, 1371, 1503, 1437, 1438, 1503, 1502, 1437, 1504, 1438, 1439, 1504, 1503, 1438, 1505, 1439, 1440, 1505, 1504, 1439, 1506, 1440, 1441, 1506, 1505, 1440, 1507, 1441, 1442, 1507, 1506, 1441, 1508, 1442, 1443, 1508, 1507, 1442, 1509, 1443, 1444, 1509, 1508, 1443, 1445, 1509, 1444, 1510, 1509, 1445, 1511, 1445, 1446, 1511, 1510, 1445, 1512, 1446, 1447, 1512, 1511, 1446, 1513, 1447, 1448, 1513, 1512, 1447, 1449, 1513, 1448, 1514, 1513, 1449, 1515, 1449, 1450, 1515, 1514, 1449, 1516, 1450, 1451, 1516, 1515, 1450, 1452, 1516, 1451, 1517, 1516, 1452, 1518, 1452, 1453, 1518, 1517, 1452, 1454, 1518, 1453, 1519, 1518, 1454, 1455, 1519, 1454, 1520, 1519, 1455, 1521, 1520, 1455, 1521, 1455, 1456, 1457, 1521, 1456, 1522, 1521, 1457, 1458, 1522, 1457, 1523, 1522, 1458, 1524, 1523, 1458, 1524, 1458, 1459, 1525, 1524, 1459, 1525, 1459, 1460, 1461, 1525, 1460, 1526, 1525, 1461, 1527, 1461, 1462, 1527, 1526, 1461, 1463, 1527, 1462, 1528, 1527, 1463, 1464, 1528, 1463, 1529, 1528, 1464, 1530, 1464, 1465, 1530, 1529, 1464, 1466, 1530, 1465, 1531, 1530, 1466, 1467, 1531, 1466, 1532, 1531, 1467, 1533, 1467, 1468, 1533, 1532, 1467, 1534, 1468, 1469, 1534, 1533, 1468, 1535, 1469, 1470, 1535, 1534, 1469, 1536, 1470, 1471, 1536, 1535, 1470, 1537, 1471, 1472, 1537, 1536, 1471, 1538, 1472, 1473, 1538, 1537, 1472, 1539, 1473, 1474, 1539, 1538, 1473, 1540, 1474, 1475, 1540, 1539, 1474, 1541, 1475, 1476, 1541, 1540, 1475, 1542, 1476, 1477, 1542, 1541, 1476, 1543, 1477, 1478, 1543, 1542, 1477, 1544, 1478, 1479, 1544, 1543, 1478, 1545, 1544, 1479, 1545, 1479, 1480, 1546, 1480, 1481, 1546, 1545, 1480, 1547, 1546, 1481, 1547, 1481, 1482, 1548, 1547, 1482, 1548, 1482, 1483, 1549, 1548, 1483, 1549, 1483, 1484, 1550, 1549, 1484, 1550, 1484, 1485, 1551, 1550, 1485, 1551, 1485, 1486, 1552, 1551, 1486, 1552, 1486, 1487, 1553, 1552, 1487, 1553, 1487, 1488, 1554, 1553, 1488, 1554, 1488, 1489, 1555, 1554, 1489, 1555, 1489, 1490, 1556, 1555, 1490, 1556, 1490, 1491, 1557, 1556, 1491, 1557, 1491, 1492, 1558, 1557, 1492, 1558, 1492, 1493, 1559, 1558, 1493, 1559, 1493, 1494, 1560, 1494, 1495, 1560, 1559, 1494, 1561, 1495, 1496, 1561, 1560, 1495, 1562, 1496, 1497, 1562, 1561, 1496, 1563, 1497, 1498, 1563, 1562, 1497, 1499, 1563, 1498, 1564, 1563, 1499, 1501, 1499, 1500, 1501, 1564, 1499, 1631, 1565, 1566, 1631, 1630, 1565, 1632, 1566, 1567, 1632, 1631, 1566, 1633, 1567, 1568, 1633, 1632, 1567, 1569, 1633, 1568, 1634, 1633, 1569, 1570, 1634, 1569, 1635, 1634, 1570, 1636, 1570, 1571, 1636, 1635, 1570, 1637, 1571, 1572, 1637, 1636, 1571, 1638, 1572, 1573, 1638, 1637, 1572, 1639, 1573, 1574, 1639, 1638, 1573, 1640, 1574, 1575, 1640, 1639, 1574, 1641, 1575, 1576, 1641, 1640, 1575, 1642, 1576, 1577, 1642, 1641, 1576, 1643, 1577, 1578, 1643, 1642, 1577, 1644, 1578, 1579, 1644, 1643, 1578, 1645, 1579, 1580, 1645, 1644, 1579, 1581, 1645, 1580, 1646, 1645, 1581, 1647, 1581, 1582, 1647, 1646, 1581, 1648, 1582, 1583, 1648, 1647, 1582, 1649, 1648, 1583, 1649, 1583, 1584, 1650, 1649, 1584, 1650, 1584, 1585, 1586, 1650, 1585, 1651, 1650, 1586, 1587, 1651, 1586, 1652, 1651, 1587, 1653, 1652, 1587, 1653, 1587, 1588, 1589, 1653, 1588, 1654, 1653, 1589, 1655, 1589, 1590, 1655, 1654, 1589, 1591, 1655, 1590, 1656, 1655, 1591, 1592, 1656, 1591, 1657, 1656, 1592, 1658, 1592, 1593, 1658, 1657, 1592, 1594, 1658, 1593, 1659, 1658, 1594, 1660, 1594, 1595, 1660, 1659, 1594, 1596, 1660, 1595, 1661, 1660, 1596, 1597, 1661, 1596, 1662, 1661, 1597, 1663, 1597, 1598, 1663, 1662, 1597, 1664, 1598, 1599, 1664, 1663, 1598, 1665, 1599, 1600, 1665, 1664, 1599, 1666, 1600, 1601, 1666, 1665, 1600, 1667, 1601, 1602, 1667, 1666, 1601, 1668, 1602, 1603, 1668, 1667, 1602, 1604, 1668, 1603, 1669, 1668, 1604, 1670, 1604, 1605, 1670, 1669, 1604, 1606, 1670, 1605, 1671, 1670, 1606, 1672, 1606, 1607, 1672, 1671, 1606, 1608, 1672, 1607, 1673, 1672, 1608, 1674, 1673, 1608, 1674, 1608, 1609, 1675, 1674, 1609, 1675, 1609, 1610, 1676, 1675, 1610, 1676, 1610, 1611, 1677, 1676, 1611, 1677, 1611, 1612, 1678, 1677, 1612, 1678, 1612, 1613, 1679, 1678, 1613, 1679, 1613, 1614, 1680, 1679, 1614, 1680, 1614, 1615, 1681, 1680, 1615, 1681, 1615, 1616, 1682, 1681, 1616, 1682, 1616, 1617, 1683, 1682, 1617, 1683, 1617, 1618, 1684, 1683, 1618, 1684, 1618, 1619, 1685, 1684, 1619, 1685, 1619, 1620, 1621, 1685, 1620, 1686, 1685, 1621, 1687, 1621, 1622, 1687, 1686, 1621, 1688, 1622, 1623, 1688, 1687, 1622, 1689, 1623, 1624, 1689, 1688, 1623, 1690, 1624, 1625, 1690, 1689, 1624, 1691, 1625, 1626, 1691, 1690, 1625, 1692, 1626, 1627, 1692, 1691, 1626, 1629, 1627, 1628, 1629, 1692, 1627, 1759, 1693, 1694, 1759, 1758, 1693, 1760, 1694, 1695, 1760, 1759, 1694, 1761, 1695, 1696, 1761, 1760, 1695, 1762, 1696, 1697, 1762, 1761, 1696, 1763, 1697, 1698, 1763, 1762, 1697, 1764, 1698, 1699, 1764, 1763, 1698, 1765, 1699, 1700, 1765, 1764, 1699, 1766, 1700, 1701, 1766, 1765, 1700, 1767, 1701, 1702, 1767, 1766, 1701, 1768, 1702, 1703, 1768, 1767, 1702, 1769, 1703, 1704, 1769, 1768, 1703, 1705, 1769, 1704, 1770, 1769, 1705, 1771, 1705, 1706, 1771, 1770, 1705, 1707, 1771, 1706, 1772, 1771, 1707, 1773, 1707, 1708, 1773, 1772, 1707, 1774, 1708, 1709, 1774, 1773, 1708, 1775, 1709, 1710, 1775, 1774, 1709, 1776, 1710, 1711, 1776, 1775, 1710, 1777, 1776, 1711, 1777, 1711, 1712, 1713, 1777, 1712, 1778, 1777, 1713, 1779, 1778, 1713, 1779, 1713, 1714, 1780, 1779, 1714, 1780, 1714, 1715, 1781, 1780, 1715, 1781, 1715, 1716, 1782, 1716, 1717, 1782, 1781, 1716, 1783, 1717, 1718, 1783, 1782, 1717, 1784, 1718, 1719, 1784, 1783, 1718, 1720, 1784, 1719, 1785, 1784, 1720, 1786, 1720, 1721, 1786, 1785, 1720, 1787, 1721, 1722, 1787, 1786, 1721, 1788, 1722, 1723, 1788, 1787, 1722, 1789, 1723, 1724, 1789, 1788, 1723, 1790, 1724, 1725, 1790, 1789, 1724, 1791, 1725, 1726, 1791, 1790, 1725, 1792, 1726, 1727, 1792, 1791, 1726, 1793, 1727, 1728, 1793, 1792, 1727, 1794, 1728, 1729, 1794, 1793, 1728, 1795, 1729, 1730, 1795, 1794, 1729, 1796, 1730, 1731, 1796, 1795, 1730, 1797, 1731, 1732, 1797, 1796, 1731, 1798, 1732, 1733, 1798, 1797, 1732, 1799, 1733, 1734, 1799, 1798, 1733, 1800, 1734, 1735, 1800, 1799, 1734, 1801, 1800, 1735, 1801, 1735, 1736, 1802, 1736, 1737, 1802, 1801, 1736, 1803, 1802, 1737, 1803, 1737, 1738, 1804, 1803, 1738, 1804, 1738, 1739, 1805, 1804, 1739, 1805, 1739, 1740, 1741, 1805, 1740, 1806, 1805, 1741, 1807, 1806, 1741, 1807, 1741, 1742, 1808, 1807, 1742, 1808, 1742, 1743, 1809, 1808, 1743, 1809, 1743, 1744, 1810, 1809, 1744, 1810, 1744, 1745, 1811, 1810, 1745, 1811, 1745, 1746, 1747, 1811, 1746, 1812, 1811, 1747, 1813, 1812, 1747, 1813, 1747, 1748, 1814, 1813, 1748, 1814, 1748, 1749, 1750, 1814, 1749, 1815, 1814, 1750, 1816, 1750, 1751, 1816, 1815, 1750, 1817, 1751, 1752, 1817, 1816, 1751, 1818, 1752, 1753, 1818, 1817, 1752, 1819, 1753, 1754, 1819, 1818, 1753, 1820, 1754, 1755, 1820, 1819, 1754, 1757, 1755, 1756, 1757, 1820, 1755, 1887, 1821, 1822, 1887, 1886, 1821, 1888, 1822, 1823, 1888, 1887, 1822, 1889, 1823, 1824, 1889, 1888, 1823, 1890, 1824, 1825, 1890, 1889, 1824, 1891, 1825, 1826, 1891, 1890, 1825, 1827, 1891, 1826, 1892, 1891, 1827, 1893, 1827, 1828, 1893, 1892, 1827, 1894, 1828, 1829, 1894, 1893, 1828, 1830, 1894, 1829, 1895, 1894, 1830, 1896, 1830, 1831, 1896, 1895, 1830, 1897, 1831, 1832, 1897, 1896, 1831, 1833, 1897, 1832, 1898, 1897, 1833, 1899, 1833, 1834, 1899, 1898, 1833, 1900, 1834, 1835, 1900, 1899, 1834, 1901, 1835, 1836, 1901, 1900, 1835, 1837, 1901, 1836, 1902, 1901, 1837, 1903, 1837, 1838, 1903, 1902, 1837, 1904, 1838, 1839, 1904, 1903, 1838, 1840, 1904, 1839, 1905, 1904, 1840, 1841, 1905, 1840, 1906, 1905, 1841, 1842, 1906, 1841, 1907, 1906, 1842, 1908, 1907, 1842, 1908, 1842, 1843, 1909, 1908, 1843, 1909, 1843, 1844, 1910, 1844, 1845, 1910, 1909, 1844, 1911, 1845, 1846, 1911, 1910, 1845, 1847, 1911, 1846, 1912, 1911, 1847, 1913, 1847, 1848, 1913, 1912, 1847, 1914, 1848, 1849, 1914, 1913, 1848, 1915, 1849, 1850, 1915, 1914, 1849, 1916, 1850, 1851, 1916, 1915, 1850, 1917, 1851, 1852, 1917, 1916, 1851, 1918, 1852, 1853, 1918, 1917, 1852, 1919, 1853, 1854, 1919, 1918, 1853, 1920, 1854, 1855, 1920, 1919, 1854, 1921, 1855, 1856, 1921, 1920, 1855, 1922, 1856, 1857, 1922, 1921, 1856, 1923, 1857, 1858, 1923, 1922, 1857, 1924, 1858, 1859, 1924, 1923, 1858, 1925, 1859, 1860, 1925, 1924, 1859, 1926, 1860, 1861, 1926, 1925, 1860, 1927, 1861, 1862, 1927, 1926, 1861, 1928, 1862, 1863, 1928, 1927, 1862, 1929, 1928, 1863, 1929, 1863, 1864, 1930, 1864, 1865, 1930, 1929, 1864, 1931, 1930, 1865, 1931, 1865, 1866, 1932, 1931, 1866, 1932, 1866, 1867, 1933, 1932, 1867, 1933, 1867, 1868, 1934, 1933, 1868, 1934, 1868, 1869, 1935, 1934, 1869, 1935, 1869, 1870, 1936, 1935, 1870, 1936, 1870, 1871, 1937, 1936, 1871, 1937, 1871, 1872, 1938, 1937, 1872, 1938, 1872, 1873, 1939, 1938, 1873, 1939, 1873, 1874, 1940, 1939, 1874, 1940, 1874, 1875, 1941, 1940, 1875, 1941, 1875, 1876, 1942, 1941, 1876, 1942, 1876, 1877, 1943, 1942, 1877, 1943, 1877, 1878, 1879, 1943, 1878, 1944, 1943, 1879, 1945, 1879, 1880, 1945, 1944, 1879, 1946, 1880, 1881, 1946, 1945, 1880, 1947, 1881, 1882, 1947, 1946, 1881, 1948, 1882, 1883, 1948, 1947, 1882, 1885, 1883, 1884, 1885, 1948, 1883, 2015, 1949, 1950, 2015, 2014, 1949, 2016, 1950, 1951, 2016, 2015, 1950, 2017, 1951, 1952, 2017, 2016, 1951, 2018, 1952, 1953, 2018, 2017, 1952, 2019, 1953, 1954, 2019, 2018, 1953, 1955, 2019, 1954, 2020, 2019, 1955, 2021, 1955, 1956, 2021, 2020, 1955, 2022, 1956, 1957, 2022, 2021, 1956, 2023, 1957, 1958, 2023, 2022, 1957, 2024, 1958, 1959, 2024, 2023, 1958, 2025, 1959, 1960, 2025, 2024, 1959, 1961, 2025, 1960, 2026, 2025, 1961, 1962, 2026, 1961, 2027, 2026, 1962, 2028, 1962, 1963, 2028, 2027, 1962, 2029, 1963, 1964, 2029, 2028, 1963, 2030, 1964, 1965, 2030, 2029, 1964, 2031, 1965, 1966, 2031, 2030, 1965, 1967, 2031, 1966, 2032, 2031, 1967, 1968, 2032, 1967, 2033, 2032, 1968, 2034, 2033, 1968, 2034, 1968, 1969, 2035, 2034, 1969, 2035, 1969, 1970, 2036, 2035, 1970, 2036, 1970, 1971, 2037, 2036, 1971, 2037, 1971, 1972, 2038, 1972, 1973, 2038, 2037, 1972, 2039, 1973, 1974, 2039, 2038, 1973, 2040, 1974, 1975, 2040, 2039, 1974, 2041, 1975, 1976, 2041, 2040, 1975, 2042, 1976, 1977, 2042, 2041, 1976, 2043, 1977, 1978, 2043, 2042, 1977, 2044, 1978, 1979, 2044, 2043, 1978, 2045, 1979, 1980, 2045, 2044, 1979, 2046, 1980, 1981, 2046, 2045, 1980, 2047, 1981, 1982, 2047, 2046, 1981, 2048, 1982, 1983, 2048, 2047, 1982, 2049, 1983, 1984, 2049, 2048, 1983, 2050, 1984, 1985, 2050, 2049, 1984, 2051, 1985, 1986, 2051, 2050, 1985, 2052, 1986, 1987, 2052, 2051, 1986, 1988, 2052, 1987, 2053, 2052, 1988, 2054, 1988, 1989, 2054, 2053, 1988, 2055, 1989, 1990, 2055, 2054, 1989, 1991, 2055, 1990, 2056, 2055, 1991, 2057, 2056, 1991, 2057, 1991, 1992, 2058, 2057, 1992, 2058, 1992, 1993, 2059, 2058, 1993, 2059, 1993, 1994, 2060, 2059, 1994, 2060, 1994, 1995, 2061, 2060, 1995, 2061, 1995, 1996, 2062, 2061, 1996, 2062, 1996, 1997, 2063, 2062, 1997, 2063, 1997, 1998, 2064, 2063, 1998, 2064, 1998, 1999, 2065, 2064, 1999, 2065, 1999, 2000, 2066, 2065, 2000, 2066, 2000, 2001, 2067, 2066, 2001, 2067, 2001, 2002, 2068, 2067, 2002, 2068, 2002, 2003, 2069, 2068, 2003, 2069, 2003, 2004, 2070, 2069, 2004, 2070, 2004, 2005, 2071, 2070, 2005, 2071, 2005, 2006, 2072, 2006, 2007, 2072, 2071, 2006, 2073, 2007, 2008, 2073, 2072, 2007, 2074, 2008, 2009, 2074, 2073, 2008, 2075, 2009, 2010, 2075, 2074, 2009, 2076, 2010, 2011, 2076, 2075, 2010, 2013, 2011, 2012, 2013, 2076, 2011, 2196, 2133, 2132, 2196, 2132, 2195, 2194, 2132, 2131, 2194, 2195, 2132, 2197, 2134, 2133, 2197, 2135, 2134, 2197, 2133, 2196, 2193, 2194, 2131, 2193, 2131, 2130, 2198, 2135, 2197, 2192, 2130, 2129, 2192, 2193, 2130, 2199, 2135, 2198, 2199, 2136, 2135, 2191, 2129, 2128, 2191, 2192, 2129, 2200, 2137, 2136, 2200, 2138, 2137, 2200, 2136, 2199, 2190, 2127, 2126, 2190, 2128, 2127, 2190, 2191, 2128, 2201, 2138, 2200, 2189, 2190, 2126, 2202, 2139, 2138, 2202, 2138, 2201, 2188, 2126, 2125, 2188, 2189, 2126, 2140, 2139, 2202, 2140, 2077, 2139, 2187, 2125, 2124, 2187, 2188, 2125, 2141, 2078, 2077, 2141, 2077, 2140, 2186, 2187, 2124, 2186, 2123, 2122, 2186, 2124, 2123, 2142, 2078, 2141, 2142, 2079, 2078, 2185, 2186, 2122, 2143, 2080, 2079, 2143, 2079, 2142, 2184, 2185, 2122, 2184, 2122, 2121, 2144, 2081, 2080, 2144, 2080, 2143, 2183, 2184, 2121, 2183, 2121, 2120, 2145, 2082, 2081, 2145, 2081, 2144, 2182, 2183, 2120, 2182, 2120, 2119, 2146, 2083, 2082, 2146, 2082, 2145, 2084, 2083, 2146, 2181, 2182, 2119, 2181, 2119, 2118, 2147, 2084, 2146, 2180, 2118, 2117, 2180, 2181, 2118, 2148, 2084, 2147, 2085, 2084, 2148, 2116, 2180, 2117, 2116, 2179, 2180, 2149, 2085, 2148, 2086, 2085, 2149, 2115, 2177, 2178, 2115, 2178, 2179, 2115, 2179, 2116, 2087, 2086, 2149, 2087, 2149, 2150, 2114, 2177, 2115, 2088, 2150, 2151, 2088, 2151, 2152, 2088, 2087, 2150, 2113, 2177, 2114, 2113, 2176, 2177, 2089, 2088, 2152, 2112, 2176, 2113, 2112, 2175, 2176, 2090, 2152, 2153, 2090, 2089, 2152, 2111, 2175, 2112, 2111, 2174, 2175, 2091, 2090, 2153, 2091, 2153, 2154, 2091, 2154, 2155, 2110, 2174, 2111, 2110, 2173, 2174, 2092, 2091, 2155, 2109, 2173, 2110, 2109, 2171, 2172, 2109, 2172, 2173, 2093, 2155, 2156, 2093, 2156, 2157, 2093, 2092, 2155, 2108, 2171, 2109, 2094, 2093, 2157, 2107, 2171, 2108, 2107, 2170, 2171, 2095, 2157, 2158, 2095, 2094, 2157, 2106, 2170, 2107, 2106, 2169, 2170, 2096, 2095, 2158, 2096, 2158, 2159, 2105, 2169, 2106, 2105, 2168, 2169, 2097, 2096, 2159, 2097, 2159, 2160, 2104, 2168, 2105, 2104, 2167, 2168, 2098, 2097, 2160, 2098, 2160, 2161, 2103, 2167, 2104, 2103, 2166, 2167, 2099, 2098, 2161, 2099, 2161, 2162, 2099, 2162, 2163, 2102, 2166, 2103, 2102, 2165, 2166, 2100, 2099, 2163, 2100, 2163, 2164, 2101, 2165, 2102, 2101, 2100, 2164, 2101, 2164, 2165, 2269, 2203, 2204, 2269, 2268, 2203, 2270, 2204, 2205, 2270, 2269, 2204, 2271, 2205, 2206, 2271, 2270, 2205, 2272, 2206, 2207, 2272, 2271, 2206, 2273, 2207, 2208, 2273, 2272, 2207, 2274, 2208, 2209, 2274, 2273, 2208, 2275, 2209, 2210, 2275, 2274, 2209, 2276, 2210, 2211, 2276, 2275, 2210, 2277, 2211, 2212, 2277, 2276, 2211, 2278, 2212, 2213, 2278, 2277, 2212, 2279, 2213, 2214, 2279, 2278, 2213, 2280, 2214, 2215, 2280, 2279, 2214, 2281, 2215, 2216, 2281, 2280, 2215, 2282, 2216, 2217, 2282, 2281, 2216, 2283, 2217, 2218, 2283, 2282, 2217, 2219, 2283, 2218, 2284, 2283, 2219, 2285, 2219, 2220, 2285, 2284, 2219, 2286, 2220, 2221, 2286, 2285, 2220, 2287, 2286, 2221, 2287, 2221, 2222, 2288, 2287, 2222, 2288, 2222, 2223, 2224, 2288, 2223, 2289, 2288, 2224, 2290, 2289, 2224, 2290, 2224, 2225, 2226, 2290, 2225, 2291, 2290, 2226, 2292, 2226, 2227, 2292, 2291, 2226, 2228, 2292, 2227, 2293, 2292, 2228, 2229, 2293, 2228, 2294, 2293, 2229, 2295, 2229, 2230, 2295, 2294, 2229, 2231, 2295, 2230, 2296, 2295, 2231, 2232, 2296, 2231, 2297, 2296, 2232, 2298, 2232, 2233, 2298, 2297, 2232, 2234, 2298, 2233, 2299, 2298, 2234, 2300, 2234, 2235, 2300, 2299, 2234, 2301, 2235, 2236, 2301, 2300, 2235, 2302, 2236, 2237, 2302, 2301, 2236, 2303, 2237, 2238, 2303, 2302, 2237, 2239, 2303, 2238, 2304, 2303, 2239, 2305, 2239, 2240, 2305, 2304, 2239, 2306, 2240, 2241, 2306, 2305, 2240, 2242, 2306, 2241, 2307, 2306, 2242, 2243, 2307, 2242, 2308, 2307, 2243, 2309, 2243, 2244, 2309, 2308, 2243, 2310, 2244, 2245, 2310, 2309, 2244, 2311, 2310, 2245, 2311, 2245, 2246, 2312, 2246, 2247, 2312, 2311, 2246, 2313, 2312, 2247, 2313, 2247, 2248, 2249, 2313, 2248, 2314, 2313, 2249, 2250, 2314, 2249, 2315, 2314, 2250, 2316, 2315, 2250, 2316, 2250, 2251, 2317, 2316, 2251, 2317, 2251, 2252, 2318, 2317, 2252, 2318, 2252, 2253, 2319, 2318, 2253, 2319, 2253, 2254, 2320, 2319, 2254, 2320, 2254, 2255, 2321, 2320, 2255, 2321, 2255, 2256, 2322, 2321, 2256, 2322, 2256, 2257, 2323, 2322, 2257, 2323, 2257, 2258, 2324, 2323, 2258, 2324, 2258, 2259, 2325, 2324, 2259, 2325, 2259, 2260, 2326, 2260, 2261, 2326, 2325, 2260, 2327, 2261, 2262, 2327, 2326, 2261, 2328, 2262, 2263, 2328, 2327, 2262, 2329, 2263, 2264, 2329, 2328, 2263, 2330, 2264, 2265, 2330, 2329, 2264, 2266, 2330, 2265, 2267, 2330, 2266, 2397, 2331, 2332, 2397, 2332, 2333, 2397, 2396, 2331, 2398, 2397, 2333, 2399, 2333, 2334, 2399, 2334, 2335, 2399, 2398, 2333, 2400, 2399, 2335, 2401, 2335, 2336, 2401, 2400, 2335, 2402, 2336, 2337, 2402, 2401, 2336, 2403, 2337, 2338, 2403, 2338, 2339, 2403, 2402, 2337, 2404, 2403, 2339, 2405, 2339, 2340, 2405, 2404, 2339, 2406, 2340, 2341, 2406, 2405, 2340, 2407, 2341, 2342, 2407, 2406, 2341, 2408, 2342, 2343, 2408, 2407, 2342, 2409, 2343, 2344, 2409, 2408, 2343, 2410, 2344, 2345, 2410, 2345, 2346, 2410, 2409, 2344, 2411, 2410, 2346, 2412, 2346, 2347, 2412, 2411, 2346, 2413, 2347, 2348, 2413, 2348, 2349, 2413, 2412, 2347, 2414, 2413, 2349, 2415, 2414, 2349, 2415, 2349, 2350, 2416, 2415, 2350, 2416, 2350, 2351, 2417, 2416, 2351, 2417, 2351, 2352, 2418, 2417, 2352, 2418, 2352, 2353, 2418, 2353, 2354, 2419, 2354, 2355, 2419, 2418, 2354, 2420, 2355, 2356, 2420, 2419, 2355, 2421, 2356, 2357, 2421, 2420, 2356, 2422, 2421, 2357, 2423, 2357, 2358, 2423, 2422, 2357, 2424, 2358, 2359, 2424, 2359, 2360, 2424, 2423, 2358, 2425, 2424, 2360, 2426, 2360, 2361, 2426, 2425, 2360, 2427, 2361, 2362, 2427, 2362, 2363, 2427, 2426, 2361, 2428, 2427, 2363, 2429, 2363, 2364, 2429, 2364, 2365, 2429, 2428, 2363, 2430, 2429, 2365, 2431, 2365, 2366, 2431, 2366, 2367, 2431, 2430, 2365, 2432, 2431, 2367, 2433, 2367, 2368, 2433, 2432, 2367, 2434, 2368, 2369, 2434, 2369, 2370, 2434, 2433, 2368, 2435, 2434, 2370, 2436, 2370, 2371, 2436, 2435, 2370, 2437, 2371, 2372, 2437, 2372, 2373, 2437, 2436, 2371, 2438, 2437, 2373, 2439, 2438, 2373, 2439, 2373, 2374, 2439, 2374, 2375, 2440, 2439, 2375, 2440, 2375, 2376, 2441, 2440, 2376, 2442, 2441, 2376, 2442, 2376, 2377, 2442, 2377, 2378, 2443, 2442, 2378, 2444, 2443, 2378, 2444, 2378, 2379, 2445, 2444, 2379, 2445, 2379, 2380, 2446, 2445, 2380, 2446, 2380, 2381, 2447, 2446, 2381, 2447, 2381, 2382, 2448, 2447, 2382, 2448, 2382, 2383, 2449, 2448, 2383, 2449, 2383, 2384, 2450, 2449, 2384, 2450, 2384, 2385, 2451, 2450, 2385, 2451, 2385, 2386, 2452, 2386, 2387, 2452, 2451, 2386, 2453, 2387, 2388, 2453, 2388, 2389, 2453, 2452, 2387, 2454, 2453, 2389, 2455, 2389, 2390, 2455, 2454, 2389, 2456, 2390, 2391, 2456, 2455, 2390, 2457, 2391, 2392, 2457, 2456, 2391, 2458, 2392, 2393, 2458, 2457, 2392, 2395, 2393, 2394, 2395, 2458, 2393, 2525, 2459, 2460, 2525, 2524, 2459, 2526, 2460, 2461, 2526, 2525, 2460, 2527, 2461, 2462, 2527, 2526, 2461, 2528, 2462, 2463, 2528, 2527, 2462, 2529, 2463, 2464, 2529, 2528, 2463, 2530, 2464, 2465, 2530, 2529, 2464, 2531, 2465, 2466, 2531, 2530, 2465, 2532, 2466, 2467, 2532, 2531, 2466, 2533, 2467, 2468, 2533, 2532, 2467, 2534, 2468, 2469, 2534, 2533, 2468, 2535, 2469, 2470, 2535, 2534, 2469, 2536, 2470, 2471, 2536, 2535, 2470, 2537, 2471, 2472, 2537, 2536, 2471, 2538, 2472, 2473, 2538, 2537, 2472, 2539, 2473, 2474, 2539, 2538, 2473, 2475, 2539, 2474, 2540, 2539, 2475, 2541, 2475, 2476, 2541, 2540, 2475, 2542, 2476, 2477, 2542, 2541, 2476, 2543, 2542, 2477, 2543, 2477, 2478, 2544, 2543, 2478, 2544, 2478, 2479, 2480, 2544, 2479, 2545, 2544, 2480, 2546, 2545, 2480, 2546, 2480, 2481, 2482, 2546, 2481, 2547, 2546, 2482, 2548, 2482, 2483, 2548, 2547, 2482, 2484, 2548, 2483, 2549, 2548, 2484, 2485, 2549, 2484, 2550, 2549, 2485, 2551, 2485, 2486, 2551, 2550, 2485, 2487, 2551, 2486, 2552, 2551, 2487, 2488, 2552, 2487, 2553, 2552, 2488, 2554, 2488, 2489, 2554, 2553, 2488, 2490, 2554, 2489, 2555, 2554, 2490, 2556, 2490, 2491, 2556, 2555, 2490, 2557, 2491, 2492, 2557, 2556, 2491, 2558, 2492, 2493, 2558, 2557, 2492, 2559, 2493, 2494, 2559, 2558, 2493, 2495, 2559, 2494, 2560, 2559, 2495, 2561, 2495, 2496, 2561, 2560, 2495, 2562, 2496, 2497, 2562, 2561, 2496, 2498, 2562, 2497, 2563, 2562, 2498, 2499, 2563, 2498, 2564, 2563, 2499, 2565, 2499, 2500, 2565, 2564, 2499, 2566, 2500, 2501, 2566, 2565, 2500, 2567, 2566, 2501, 2567, 2501, 2502, 2568, 2502, 2503, 2568, 2567, 2502, 2569, 2568, 2503, 2569, 2503, 2504, 2505, 2569, 2504, 2570, 2569, 2505, 2506, 2570, 2505, 2571, 2570, 2506, 2572, 2571, 2506, 2572, 2506, 2507, 2573, 2572, 2507, 2573, 2507, 2508, 2574, 2573, 2508, 2574, 2508, 2509, 2575, 2574, 2509, 2575, 2509, 2510, 2576, 2575, 2510, 2576, 2510, 2511, 2577, 2576, 2511, 2577, 2511, 2512, 2578, 2577, 2512, 2578, 2512, 2513, 2579, 2578, 2513, 2579, 2513, 2514, 2580, 2579, 2514, 2580, 2514, 2515, 2581, 2580, 2515, 2581, 2515, 2516, 2582, 2516, 2517, 2582, 2581, 2516, 2583, 2517, 2518, 2583, 2582, 2517, 2584, 2518, 2519, 2584, 2583, 2518, 2585, 2519, 2520, 2585, 2584, 2519, 2586, 2520, 2521, 2586, 2585, 2520, 2522, 2586, 2521, 2523, 2586, 2522, 2690, 2626, 2627, 2690, 2689, 2626, 2688, 2625, 2626, 2688, 2626, 2689, 2691, 2627, 2628, 2691, 2628, 2629, 2691, 2690, 2627, 2687, 2624, 2625, 2687, 2625, 2688, 2692, 2691, 2629, 2686, 2623, 2624, 2686, 2624, 2687, 2693, 2629, 2630, 2693, 2692, 2629, 2685, 2622, 2623, 2685, 2623, 2686, 2694, 2630, 2631, 2694, 2631, 2632, 2694, 2693, 2630, 2684, 2621, 2622, 2684, 2622, 2685, 2695, 2694, 2632, 2695, 2632, 2633, 2683, 2620, 2621, 2683, 2621, 2684, 2696, 2695, 2633, 2682, 2619, 2620, 2682, 2620, 2683, 2697, 2696, 2633, 2697, 2633, 2634, 2681, 2618, 2619, 2681, 2619, 2682, 2698, 2697, 2634, 2698, 2634, 2635, 2680, 2618, 2681, 2680, 2617, 2618, 2699, 2635, 2636, 2699, 2698, 2635, 2679, 2617, 2680, 2679, 2616, 2617, 2700, 2699, 2636, 2700, 2636, 2637, 2678, 2616, 2679, 2678, 2615, 2616, 2701, 2700, 2637, 2701, 2637, 2638, 2677, 2614, 2615, 2677, 2615, 2678, 2702, 2701, 2638, 2702, 2638, 2639, 2676, 2613, 2614, 2676, 2614, 2677, 2703, 2702, 2639, 2703, 2639, 2640, 2675, 2612, 2613, 2675, 2613, 2676, 2704, 2703, 2640, 2704, 2640, 2641, 2674, 2612, 2675, 2674, 2611, 2612, 2705, 2704, 2641, 2705, 2641, 2642, 2610, 2611, 2674, 2610, 2674, 2673, 2672, 2610, 2673, 2643, 2706, 2705, 2643, 2705, 2642, 2609, 2610, 2672, 2644, 2707, 2706, 2644, 2708, 2707, 2644, 2706, 2643, 2608, 2609, 2672, 2608, 2671, 2670, 2608, 2672, 2671, 2645, 2708, 2644, 2607, 2670, 2669, 2607, 2608, 2670, 2646, 2709, 2708, 2646, 2710, 2709, 2646, 2708, 2645, 2606, 2607, 2669, 2647, 2710, 2646, 2605, 2669, 2668, 2605, 2606, 2669, 2648, 2711, 2710, 2648, 2710, 2647, 2604, 2605, 2668, 2604, 2668, 2667, 2649, 2712, 2711, 2649, 2650, 2712, 2649, 2711, 2648, 2603, 2604, 2667, 2603, 2667, 2666, 2587, 2650, 2649, 2602, 2603, 2666, 2602, 2665, 2664, 2602, 2666, 2665, 2588, 2650, 2587, 2588, 2651, 2650, 2601, 2602, 2664, 2589, 2652, 2651, 2589, 2653, 2652, 2589, 2651, 2588, 2600, 2601, 2664, 2600, 2664, 2663, 2590, 2653, 2589, 2590, 2654, 2653, 2599, 2600, 2663, 2599, 2662, 2661, 2599, 2663, 2662, 2591, 2654, 2590, 2591, 2655, 2654, 2598, 2599, 2661, 2592, 2655, 2591, 2597, 2598, 2661, 2597, 2661, 2660, 2593, 2655, 2592, 2593, 2656, 2655, 2596, 2597, 2660, 2596, 2660, 2659, 2594, 2657, 2656, 2594, 2658, 2657, 2594, 2656, 2593, 2595, 2659, 2658, 2595, 2596, 2659, 2595, 2658, 2594, 2779, 2713, 2714, 2779, 2778, 2713, 2780, 2714, 2715, 2780, 2779, 2714, 2781, 2715, 2716, 2781, 2780, 2715, 2782, 2716, 2717, 2782, 2781, 2716, 2783, 2717, 2718, 2783, 2782, 2717, 2719, 2783, 2718, 2784, 2783, 2719, 2785, 2719, 2720, 2785, 2784, 2719, 2786, 2720, 2721, 2786, 2785, 2720, 2787, 2721, 2722, 2787, 2786, 2721, 2788, 2722, 2723, 2788, 2787, 2722, 2789, 2723, 2724, 2789, 2788, 2723, 2790, 2724, 2725, 2790, 2789, 2724, 2726, 2790, 2725, 2791, 2790, 2726, 2792, 2726, 2727, 2792, 2791, 2726, 2793, 2727, 2728, 2793, 2792, 2727, 2794, 2728, 2729, 2794, 2793, 2728, 2795, 2729, 2730, 2795, 2794, 2729, 2731, 2795, 2730, 2796, 2795, 2731, 2797, 2796, 2731, 2797, 2731, 2732, 2798, 2797, 2732, 2798, 2732, 2733, 2799, 2798, 2733, 2799, 2733, 2734, 2800, 2799, 2734, 2800, 2734, 2735, 2801, 2800, 2735, 2801, 2735, 2736, 2802, 2736, 2737, 2802, 2801, 2736, 2803, 2737, 2738, 2803, 2802, 2737, 2804, 2738, 2739, 2804, 2803, 2738, 2740, 2804, 2739, 2805, 2804, 2740, 2806, 2740, 2741, 2806, 2805, 2740, 2807, 2741, 2742, 2807, 2806, 2741, 2808, 2742, 2743, 2808, 2807, 2742, 2809, 2743, 2744, 2809, 2808, 2743, 2810, 2744, 2745, 2810, 2809, 2744, 2811, 2745, 2746, 2811, 2810, 2745, 2812, 2746, 2747, 2812, 2811, 2746, 2813, 2747, 2748, 2813, 2812, 2747, 2814, 2748, 2749, 2814, 2813, 2748, 2815, 2749, 2750, 2815, 2814, 2749, 2816, 2750, 2751, 2816, 2815, 2750, 2752, 2816, 2751, 2817, 2816, 2752, 2818, 2752, 2753, 2818, 2817, 2752, 2819, 2753, 2754, 2819, 2818, 2753, 2755, 2819, 2754, 2820, 2819, 2755, 2821, 2820, 2755, 2821, 2755, 2756, 2822, 2821, 2756, 2822, 2756, 2757, 2758, 2822, 2757, 2823, 2822, 2758, 2824, 2823, 2758, 2824, 2758, 2759, 2825, 2824, 2759, 2825, 2759, 2760, 2826, 2825, 2760, 2826, 2760, 2761, 2827, 2826, 2761, 2827, 2761, 2762, 2828, 2827, 2762, 2828, 2762, 2763, 2829, 2828, 2763, 2829, 2763, 2764, 2765, 2829, 2764, 2830, 2829, 2765, 2831, 2830, 2765, 2831, 2765, 2766, 2832, 2831, 2766, 2832, 2766, 2767, 2833, 2832, 2767, 2833, 2767, 2768, 2834, 2833, 2768, 2834, 2768, 2769, 2835, 2834, 2769, 2835, 2769, 2770, 2836, 2770, 2771, 2836, 2835, 2770, 2837, 2771, 2772, 2837, 2836, 2771, 2838, 2772, 2773, 2838, 2837, 2772, 2839, 2773, 2774, 2839, 2838, 2773, 2840, 2774, 2775, 2840, 2839, 2774, 2777, 2775, 2776, 2777, 2840, 2775, 2907, 2841, 2842, 2907, 2906, 2841, 2908, 2842, 2843, 2908, 2907, 2842, 2909, 2843, 2844, 2909, 2908, 2843, 2910, 2844, 2845, 2910, 2909, 2844, 2846, 2910, 2845, 2911, 2910, 2846, 2912, 2846, 2847, 2912, 2911, 2846, 2913, 2847, 2848, 2913, 2912, 2847, 2914, 2848, 2849, 2914, 2913, 2848, 2915, 2849, 2850, 2915, 2914, 2849, 2851, 2915, 2850, 2916, 2915, 2851, 2917, 2851, 2852, 2917, 2916, 2851, 2918, 2852, 2853, 2918, 2917, 2852, 2854, 2918, 2853, 2919, 2918, 2854, 2920, 2854, 2855, 2920, 2919, 2854, 2921, 2855, 2856, 2921, 2920, 2855, 2857, 2921, 2856, 2922, 2921, 2857, 2923, 2857, 2858, 2923, 2922, 2857, 2859, 2923, 2858, 2924, 2923, 2859, 2925, 2924, 2859, 2925, 2859, 2860, 2861, 2925, 2860, 2926, 2925, 2861, 2927, 2926, 2861, 2927, 2861, 2862, 2928, 2927, 2862, 2928, 2862, 2863, 2929, 2928, 2863, 2929, 2863, 2864, 2930, 2864, 2865, 2930, 2929, 2864, 2866, 2930, 2865, 2931, 2930, 2866, 2932, 2866, 2867, 2932, 2931, 2866, 2933, 2867, 2868, 2933, 2932, 2867, 2934, 2868, 2869, 2934, 2933, 2868, 2935, 2869, 2870, 2935, 2934, 2869, 2936, 2870, 2871, 2936, 2935, 2870, 2937, 2871, 2872, 2937, 2936, 2871, 2938, 2872, 2873, 2938, 2937, 2872, 2939, 2873, 2874, 2939, 2938, 2873, 2940, 2874, 2875, 2940, 2939, 2874, 2941, 2875, 2876, 2941, 2940, 2875, 2942, 2876, 2877, 2942, 2941, 2876, 2943, 2877, 2878, 2943, 2942, 2877, 2944, 2878, 2879, 2944, 2943, 2878, 2945, 2879, 2880, 2945, 2944, 2879, 2946, 2880, 2881, 2946, 2945, 2880, 2947, 2881, 2882, 2947, 2946, 2881, 2948, 2882, 2883, 2948, 2947, 2882, 2949, 2948, 2883, 2949, 2883, 2884, 2950, 2884, 2885, 2950, 2949, 2884, 2951, 2950, 2885, 2951, 2885, 2886, 2952, 2951, 2886, 2952, 2886, 2887, 2953, 2952, 2887, 2953, 2887, 2888, 2954, 2953, 2888, 2954, 2888, 2889, 2955, 2954, 2889, 2955, 2889, 2890, 2956, 2955, 2890, 2956, 2890, 2891, 2957, 2956, 2891, 2957, 2891, 2892, 2958, 2957, 2892, 2958, 2892, 2893, 2959, 2958, 2893, 2959, 2893, 2894, 2960, 2959, 2894, 2960, 2894, 2895, 2961, 2960, 2895, 2961, 2895, 2896, 2962, 2961, 2896, 2962, 2896, 2897, 2963, 2962, 2897, 2963, 2897, 2898, 2899, 2963, 2898, 2964, 2963, 2899, 2965, 2899, 2900, 2965, 2964, 2899, 2966, 2900, 2901, 2966, 2965, 2900, 2967, 2901, 2902, 2967, 2966, 2901, 2968, 2902, 2903, 2968, 2967, 2902, 2905, 2903, 2904, 2905, 2968, 2903, 3035, 2969, 2970, 3035, 3034, 2969, 3036, 2970, 2971, 3036, 3035, 2970, 3037, 2971, 2972, 3037, 3036, 2971, 3038, 2972, 2973, 3038, 3037, 2972, 3039, 2973, 2974, 3039, 3038, 2973, 3040, 2974, 2975, 3040, 3039, 2974, 3041, 2975, 2976, 3041, 3040, 2975, 3042, 2976, 2977, 3042, 3041, 2976, 3043, 2977, 2978, 3043, 3042, 2977, 3044, 2978, 2979, 3044, 3043, 2978, 3045, 2979, 2980, 3045, 3044, 2979, 2981, 3045, 2980, 3046, 3045, 2981, 3047, 2981, 2982, 3047, 3046, 2981, 2983, 3047, 2982, 3048, 3047, 2983, 3049, 2983, 2984, 3049, 3048, 2983, 3050, 2984, 2985, 3050, 3049, 2984, 3051, 2985, 2986, 3051, 3050, 2985, 2987, 3051, 2986, 3052, 3051, 2987, 3053, 3052, 2987, 3053, 2987, 2988, 3054, 3053, 2988, 3054, 2988, 2989, 3055, 3054, 2989, 3055, 2989, 2990, 3056, 3055, 2990, 3056, 2990, 2991, 3057, 3056, 2991, 3057, 2991, 2992, 3058, 2992, 2993, 3058, 3057, 2992, 3059, 2993, 2994, 3059, 3058, 2993, 3060, 2994, 2995, 3060, 3059, 2994, 3061, 2995, 2996, 3061, 3060, 2995, 3062, 2996, 2997, 3062, 3061, 2996, 3063, 2997, 2998, 3063, 3062, 2997, 3064, 2998, 2999, 3064, 3063, 2998, 3065, 2999, 3000, 3065, 3064, 2999, 3066, 3000, 3001, 3066, 3065, 3000, 3067, 3001, 3002, 3067, 3066, 3001, 3068, 3002, 3003, 3068, 3067, 3002, 3069, 3003, 3004, 3069, 3068, 3003, 3070, 3004, 3005, 3070, 3069, 3004, 3071, 3005, 3006, 3071, 3070, 3005, 3072, 3006, 3007, 3072, 3071, 3006, 3073, 3007, 3008, 3073, 3072, 3007, 3074, 3008, 3009, 3074, 3073, 3008, 3075, 3009, 3010, 3075, 3074, 3009, 3076, 3010, 3011, 3076, 3075, 3010, 3077, 3076, 3011, 3077, 3011, 3012, 3078, 3012, 3013, 3078, 3077, 3012, 3079, 3078, 3013, 3079, 3013, 3014, 3080, 3079, 3014, 3080, 3014, 3015, 3016, 3080, 3015, 3081, 3080, 3016, 3082, 3081, 3016, 3082, 3016, 3017, 3083, 3082, 3017, 3083, 3017, 3018, 3084, 3083, 3018, 3084, 3018, 3019, 3085, 3084, 3019, 3085, 3019, 3020, 3086, 3085, 3020, 3086, 3020, 3021, 3022, 3086, 3021, 3087, 3086, 3022, 3023, 3087, 3022, 3088, 3087, 3023, 3089, 3088, 3023, 3089, 3023, 3024, 3090, 3089, 3024, 3090, 3024, 3025, 3026, 3090, 3025, 3091, 3090, 3026, 3092, 3026, 3027, 3092, 3091, 3026, 3093, 3027, 3028, 3093, 3092, 3027, 3094, 3028, 3029, 3094, 3093, 3028, 3095, 3029, 3030, 3095, 3094, 3029, 3096, 3030, 3031, 3096, 3095, 3030, 3033, 3031, 3032, 3033, 3096, 3031, 3163, 3097, 3098, 3163, 3162, 3097, 3164, 3098, 3099, 3164, 3163, 3098, 3165, 3099, 3100, 3165, 3164, 3099, 3166, 3100, 3101, 3166, 3165, 3100, 3102, 3166, 3101, 3167, 3166, 3102, 3168, 3102, 3103, 3168, 3167, 3102, 3104, 3168, 3103, 3169, 3168, 3104, 3170, 3104, 3105, 3170, 3169, 3104, 3171, 3105, 3106, 3171, 3170, 3105, 3172, 3106, 3107, 3172, 3171, 3106, 3173, 3107, 3108, 3173, 3172, 3107, 3174, 3108, 3109, 3174, 3173, 3108, 3175, 3109, 3110, 3175, 3174, 3109, 3176, 3110, 3111, 3176, 3175, 3110, 3177, 3111, 3112, 3177, 3176, 3111, 3178, 3112, 3113, 3178, 3177, 3112, 3179, 3113, 3114, 3179, 3178, 3113, 3180, 3114, 3115, 3180, 3179, 3114, 3181, 3180, 3115, 3181, 3115, 3116, 3182, 3181, 3116, 3182, 3116, 3117, 3118, 3182, 3117, 3183, 3182, 3118, 3119, 3183, 3118, 3184, 3183, 3119, 3185, 3184, 3119, 3185, 3119, 3120, 3121, 3185, 3120, 3186, 3185, 3121, 3187, 3121, 3122, 3187, 3186, 3121, 3123, 3187, 3122, 3188, 3187, 3123, 3189, 3123, 3124, 3189, 3188, 3123, 3190, 3124, 3125, 3190, 3189, 3124, 3126, 3190, 3125, 3191, 3190, 3126, 3192, 3126, 3127, 3192, 3191, 3126, 3128, 3192, 3127, 3193, 3192, 3128, 3194, 3128, 3129, 3194, 3193, 3128, 3195, 3129, 3130, 3195, 3194, 3129, 3196, 3130, 3131, 3196, 3195, 3130, 3197, 3131, 3132, 3197, 3196, 3131, 3198, 3132, 3133, 3198, 3197, 3132, 3199, 3133, 3134, 3199, 3198, 3133, 3200, 3134, 3135, 3200, 3199, 3134, 3136, 3200, 3135, 3201, 3200, 3136, 3202, 3136, 3137, 3202, 3201, 3136, 3138, 3202, 3137, 3203, 3202, 3138, 3204, 3138, 3139, 3204, 3203, 3138, 3205, 3204, 3139, 3205, 3139, 3140, 3206, 3140, 3141, 3206, 3205, 3140, 3207, 3206, 3141, 3207, 3141, 3142, 3208, 3207, 3142, 3208, 3142, 3143, 3209, 3208, 3143, 3209, 3143, 3144, 3210, 3209, 3144, 3210, 3144, 3145, 3146, 3210, 3145, 3211, 3210, 3146, 3212, 3211, 3146, 3212, 3146, 3147, 3148, 3212, 3147, 3213, 3212, 3148, 3214, 3213, 3148, 3214, 3148, 3149, 3150, 3214, 3149, 3215, 3214, 3150, 3216, 3215, 3150, 3216, 3150, 3151, 3152, 3216, 3151, 3217, 3216, 3152, 3153, 3217, 3152, 3218, 3217, 3153, 3219, 3153, 3154, 3219, 3218, 3153, 3220, 3154, 3155, 3220, 3219, 3154, 3221, 3155, 3156, 3221, 3220, 3155, 3222, 3156, 3157, 3222, 3221, 3156, 3223, 3157, 3158, 3223, 3222, 3157, 3224, 3158, 3159, 3224, 3223, 3158, 3161, 3159, 3160, 3161, 3224, 3159, 3291, 3225, 3226, 3291, 3290, 3225, 3292, 3226, 3227, 3292, 3291, 3226, 3293, 3227, 3228, 3293, 3292, 3227, 3294, 3228, 3229, 3294, 3293, 3228, 3295, 3229, 3230, 3295, 3294, 3229, 3296, 3230, 3231, 3296, 3295, 3230, 3297, 3231, 3232, 3297, 3296, 3231, 3298, 3232, 3233, 3298, 3297, 3232, 3299, 3233, 3234, 3299, 3298, 3233, 3235, 3299, 3234, 3300, 3299, 3235, 3301, 3235, 3236, 3301, 3300, 3235, 3302, 3236, 3237, 3302, 3301, 3236, 3238, 3302, 3237, 3303, 3302, 3238, 3239, 3303, 3238, 3304, 3303, 3239, 3305, 3239, 3240, 3305, 3304, 3239, 3241, 3305, 3240, 3306, 3305, 3241, 3307, 3241, 3242, 3307, 3306, 3241, 3243, 3307, 3242, 3308, 3307, 3243, 3244, 3308, 3243, 3309, 3308, 3244, 3310, 3309, 3244, 3310, 3244, 3245, 3246, 3310, 3245, 3311, 3310, 3246, 3247, 3311, 3246, 3312, 3311, 3247, 3313, 3312, 3247, 3313, 3247, 3248, 3249, 3313, 3248, 3314, 3313, 3249, 3315, 3249, 3250, 3315, 3314, 3249, 3251, 3315, 3250, 3316, 3315, 3251, 3317, 3251, 3252, 3317, 3316, 3251, 3318, 3252, 3253, 3318, 3317, 3252, 3254, 3318, 3253, 3319, 3318, 3254, 3320, 3254, 3255, 3320, 3319, 3254, 3256, 3320, 3255, 3321, 3320, 3256, 3322, 3256, 3257, 3322, 3321, 3256, 3323, 3257, 3258, 3323, 3322, 3257, 3324, 3258, 3259, 3324, 3323, 3258, 3325, 3259, 3260, 3325, 3324, 3259, 3326, 3260, 3261, 3326, 3325, 3260, 3327, 3261, 3262, 3327, 3326, 3261, 3328, 3262, 3263, 3328, 3327, 3262, 3329, 3263, 3264, 3329, 3328, 3263, 3330, 3264, 3265, 3330, 3329, 3264, 3331, 3265, 3266, 3331, 3330, 3265, 3332, 3266, 3267, 3332, 3331, 3266, 3333, 3332, 3267, 3333, 3267, 3268, 3334, 3268, 3269, 3334, 3333, 3268, 3335, 3334, 3269, 3335, 3269, 3270, 3336, 3335, 3270, 3336, 3270, 3271, 3337, 3336, 3271, 3337, 3271, 3272, 3338, 3337, 3272, 3338, 3272, 3273, 3339, 3338, 3273, 3339, 3273, 3274, 3340, 3339, 3274, 3340, 3274, 3275, 3341, 3340, 3275, 3341, 3275, 3276, 3342, 3341, 3276, 3342, 3276, 3277, 3343, 3342, 3277, 3343, 3277, 3278, 3344, 3343, 3278, 3344, 3278, 3279, 3345, 3344, 3279, 3345, 3279, 3280, 3346, 3345, 3280, 3346, 3280, 3281, 3347, 3346, 3281, 3347, 3281, 3282, 3348, 3282, 3283, 3348, 3347, 3282, 3349, 3283, 3284, 3349, 3348, 3283, 3350, 3284, 3285, 3350, 3349, 3284, 3351, 3285, 3286, 3351, 3350, 3285, 3287, 3351, 3286, 3352, 3351, 3287, 3289, 3287, 3288, 3289, 3352, 3287, 3419, 3353, 3354, 3419, 3418, 3353, 3420, 3354, 3355, 3420, 3419, 3354, 3421, 3355, 3356, 3421, 3420, 3355, 3422, 3356, 3357, 3422, 3421, 3356, 3423, 3357, 3358, 3423, 3422, 3357, 3424, 3358, 3359, 3424, 3423, 3358, 3425, 3359, 3360, 3425, 3424, 3359, 3361, 3425, 3360, 3426, 3425, 3361, 3427, 3361, 3362, 3427, 3426, 3361, 3428, 3362, 3363, 3428, 3427, 3362, 3429, 3363, 3364, 3429, 3428, 3363, 3365, 3429, 3364, 3430, 3429, 3365, 3366, 3430, 3365, 3431, 3430, 3366, 3432, 3366, 3367, 3432, 3431, 3366, 3433, 3367, 3368, 3433, 3432, 3367, 3369, 3433, 3368, 3434, 3433, 3369, 3435, 3369, 3370, 3435, 3434, 3369, 3436, 3370, 3371, 3436, 3435, 3370, 3437, 3436, 3371, 3437, 3371, 3372, 3438, 3437, 3372, 3438, 3372, 3373, 3374, 3438, 3373, 3439, 3438, 3374, 3440, 3439, 3374, 3440, 3374, 3375, 3441, 3440, 3375, 3441, 3375, 3376, 3442, 3376, 3377, 3442, 3441, 3376, 3443, 3377, 3378, 3443, 3442, 3377, 3444, 3378, 3379, 3444, 3443, 3378, 3445, 3379, 3380, 3445, 3444, 3379, 3446, 3380, 3381, 3446, 3445, 3380, 3447, 3381, 3382, 3447, 3446, 3381, 3448, 3382, 3383, 3448, 3447, 3382, 3449, 3383, 3384, 3449, 3448, 3383, 3450, 3384, 3385, 3450, 3449, 3384, 3451, 3385, 3386, 3451, 3450, 3385, 3452, 3386, 3387, 3452, 3451, 3386, 3453, 3387, 3388, 3453, 3452, 3387, 3454, 3388, 3389, 3454, 3453, 3388, 3455, 3389, 3390, 3455, 3454, 3389, 3456, 3390, 3391, 3456, 3455, 3390, 3457, 3391, 3392, 3457, 3456, 3391, 3458, 3392, 3393, 3458, 3457, 3392, 3459, 3393, 3394, 3459, 3458, 3393, 3460, 3394, 3395, 3460, 3459, 3394, 3461, 3460, 3395, 3461, 3395, 3396, 3462, 3396, 3397, 3462, 3461, 3396, 3463, 3462, 3397, 3463, 3397, 3398, 3464, 3463, 3398, 3464, 3398, 3399, 3400, 3464, 3399, 3465, 3464, 3400, 3466, 3465, 3400, 3466, 3400, 3401, 3467, 3466, 3401, 3467, 3401, 3402, 3468, 3467, 3402, 3468, 3402, 3403, 3469, 3468, 3403, 3469, 3403, 3404, 3405, 3469, 3404, 3470, 3469, 3405, 3471, 3470, 3405, 3471, 3405, 3406, 3472, 3471, 3406, 3472, 3406, 3407, 3473, 3472, 3407, 3473, 3407, 3408, 3409, 3473, 3408, 3474, 3473, 3409, 3475, 3409, 3410, 3475, 3474, 3409, 3476, 3410, 3411, 3476, 3475, 3410, 3477, 3411, 3412, 3477, 3476, 3411, 3478, 3412, 3413, 3478, 3477, 3412, 3414, 3478, 3413, 3479, 3478, 3414, 3480, 3414, 3415, 3480, 3479, 3414, 3417, 3415, 3416, 3417, 3480, 3415, 3547, 3481, 3482, 3547, 3546, 3481, 3548, 3482, 3483, 3548, 3547, 3482, 3549, 3483, 3484, 3549, 3548, 3483, 3550, 3484, 3485, 3550, 3549, 3484, 3551, 3485, 3486, 3551, 3550, 3485, 3552, 3486, 3487, 3552, 3551, 3486, 3553, 3487, 3488, 3553, 3552, 3487, 3554, 3488, 3489, 3554, 3553, 3488, 3555, 3489, 3490, 3555, 3554, 3489, 3556, 3490, 3491, 3556, 3555, 3490, 3557, 3491, 3492, 3557, 3556, 3491, 3558, 3492, 3493, 3558, 3557, 3492, 3559, 3493, 3494, 3559, 3558, 3493, 3495, 3559, 3494, 3560, 3559, 3495, 3561, 3495, 3496, 3561, 3560, 3495, 3562, 3496, 3497, 3562, 3561, 3496, 3563, 3497, 3498, 3563, 3562, 3497, 3499, 3563, 3498, 3564, 3563, 3499, 3565, 3564, 3499, 3565, 3499, 3500, 3501, 3565, 3500, 3566, 3565, 3501, 3567, 3566, 3501, 3567, 3501, 3502, 3568, 3567, 3502, 3568, 3502, 3503, 3569, 3568, 3503, 3569, 3503, 3504, 3570, 3504, 3505, 3570, 3569, 3504, 3571, 3505, 3506, 3571, 3570, 3505, 3572, 3506, 3507, 3572, 3571, 3506, 3573, 3507, 3508, 3573, 3572, 3507, 3509, 3573, 3508, 3574, 3573, 3509, 3575, 3509, 3510, 3575, 3574, 3509, 3576, 3510, 3511, 3576, 3575, 3510, 3577, 3511, 3512, 3577, 3576, 3511, 3578, 3512, 3513, 3578, 3577, 3512, 3579, 3513, 3514, 3579, 3578, 3513, 3580, 3514, 3515, 3580, 3579, 3514, 3581, 3515, 3516, 3581, 3580, 3515, 3582, 3516, 3517, 3582, 3581, 3516, 3583, 3517, 3518, 3583, 3582, 3517, 3584, 3518, 3519, 3584, 3583, 3518, 3585, 3519, 3520, 3585, 3584, 3519, 3586, 3520, 3521, 3586, 3585, 3520, 3587, 3521, 3522, 3587, 3586, 3521, 3588, 3522, 3523, 3588, 3587, 3522, 3589, 3588, 3523, 3589, 3523, 3524, 3590, 3524, 3525, 3590, 3589, 3524, 3591, 3590, 3525, 3591, 3525, 3526, 3592, 3591, 3526, 3592, 3526, 3527, 3528, 3592, 3527, 3593, 3592, 3528, 3594, 3593, 3528, 3594, 3528, 3529, 3595, 3594, 3529, 3595, 3529, 3530, 3596, 3595, 3530, 3596, 3530, 3531, 3532, 3596, 3531, 3597, 3596, 3532, 3598, 3597, 3532, 3598, 3532, 3533, 3599, 3598, 3533, 3599, 3533, 3534, 3600, 3599, 3534, 3600, 3534, 3535, 3601, 3600, 3535, 3601, 3535, 3536, 3602, 3601, 3536, 3602, 3536, 3537, 3603, 3602, 3537, 3603, 3537, 3538, 3604, 3538, 3539, 3604, 3603, 3538, 3605, 3539, 3540, 3605, 3604, 3539, 3606, 3540, 3541, 3606, 3605, 3540, 3542, 3606, 3541, 3607, 3606, 3542, 3608, 3542, 3543, 3608, 3607, 3542, 3545, 3543, 3544, 3545, 3608, 3543, 3675, 3609, 3610, 3675, 3674, 3609, 3676, 3610, 3611, 3676, 3675, 3610, 3677, 3611, 3612, 3677, 3676, 3611, 3678, 3612, 3613, 3678, 3677, 3612, 3679, 3613, 3614, 3679, 3678, 3613, 3680, 3614, 3615, 3680, 3679, 3614, 3681, 3615, 3616, 3681, 3680, 3615, 3682, 3616, 3617, 3682, 3681, 3616, 3683, 3617, 3618, 3683, 3682, 3617, 3684, 3618, 3619, 3684, 3683, 3618, 3685, 3619, 3620, 3685, 3684, 3619, 3686, 3620, 3621, 3686, 3685, 3620, 3687, 3621, 3622, 3687, 3686, 3621, 3623, 3687, 3622, 3688, 3687, 3623, 3689, 3623, 3624, 3689, 3688, 3623, 3625, 3689, 3624, 3690, 3689, 3625, 3691, 3625, 3626, 3691, 3690, 3625, 3627, 3691, 3626, 3692, 3691, 3627, 3693, 3692, 3627, 3693, 3627, 3628, 3694, 3693, 3628, 3694, 3628, 3629, 3630, 3694, 3629, 3695, 3694, 3630, 3631, 3695, 3630, 3696, 3695, 3631, 3632, 3696, 3631, 3697, 3696, 3632, 3698, 3632, 3633, 3698, 3697, 3632, 3699, 3633, 3634, 3699, 3698, 3633, 3700, 3634, 3635, 3700, 3699, 3634, 3701, 3635, 3636, 3701, 3700, 3635, 3637, 3701, 3636, 3702, 3701, 3637, 3638, 3702, 3637, 3703, 3702, 3638, 3639, 3703, 3638, 3704, 3703, 3639, 3640, 3704, 3639, 3705, 3704, 3640, 3706, 3640, 3641, 3706, 3705, 3640, 3707, 3641, 3642, 3707, 3706, 3641, 3708, 3642, 3643, 3708, 3707, 3642, 3709, 3643, 3644, 3709, 3708, 3643, 3710, 3644, 3645, 3710, 3709, 3644, 3711, 3645, 3646, 3711, 3710, 3645, 3712, 3646, 3647, 3712, 3711, 3646, 3713, 3647, 3648, 3713, 3712, 3647, 3714, 3648, 3649, 3714, 3713, 3648, 3715, 3649, 3650, 3715, 3714, 3649, 3716, 3650, 3651, 3716, 3715, 3650, 3717, 3716, 3651, 3717, 3651, 3652, 3718, 3652, 3653, 3718, 3717, 3652, 3719, 3718, 3653, 3719, 3653, 3654, 3655, 3719, 3654, 3720, 3719, 3655, 3656, 3720, 3655, 3721, 3720, 3656, 3657, 3721, 3656, 3722, 3721, 3657, 3723, 3722, 3657, 3723, 3657, 3658, 3724, 3723, 3658, 3724, 3658, 3659, 3725, 3724, 3659, 3725, 3659, 3660, 3726, 3725, 3660, 3726, 3660, 3661, 3727, 3726, 3661, 3727, 3661, 3662, 3728, 3727, 3662, 3728, 3662, 3663, 3729, 3728, 3663, 3729, 3663, 3664, 3730, 3729, 3664, 3730, 3664, 3665, 3731, 3730, 3665, 3731, 3665, 3666, 3667, 3731, 3666, 3732, 3731, 3667, 3733, 3667, 3668, 3733, 3732, 3667, 3734, 3668, 3669, 3734, 3733, 3668, 3670, 3734, 3669, 3735, 3734, 3670, 3736, 3670, 3671, 3736, 3735, 3670, 3672, 3736, 3671, 3673, 3736, 3672, 3803, 3737, 3738, 3803, 3802, 3737, 3804, 3738, 3739, 3804, 3803, 3738, 3805, 3739, 3740, 3805, 3804, 3739, 3806, 3740, 3741, 3806, 3805, 3740, 3807, 3741, 3742, 3807, 3806, 3741, 3808, 3742, 3743, 3808, 3807, 3742, 3809, 3743, 3744, 3809, 3808, 3743, 3810, 3744, 3745, 3810, 3809, 3744, 3811, 3745, 3746, 3811, 3810, 3745, 3812, 3746, 3747, 3812, 3811, 3746, 3813, 3747, 3748, 3813, 3812, 3747, 3814, 3748, 3749, 3814, 3813, 3748, 3815, 3749, 3750, 3815, 3814, 3749, 3751, 3815, 3750, 3816, 3815, 3751, 3817, 3751, 3752, 3817, 3816, 3751, 3818, 3752, 3753, 3818, 3817, 3752, 3754, 3818, 3753, 3819, 3818, 3754, 3820, 3754, 3755, 3820, 3819, 3754, 3821, 3820, 3755, 3821, 3755, 3756, 3757, 3821, 3756, 3822, 3821, 3757, 3823, 3822, 3757, 3823, 3757, 3758, 3824, 3823, 3758, 3824, 3758, 3759, 3760, 3824, 3759, 3825, 3824, 3760, 3826, 3760, 3761, 3826, 3825, 3760, 3762, 3826, 3761, 3827, 3826, 3762, 3763, 3827, 3762, 3828, 3827, 3763, 3829, 3763, 3764, 3829, 3828, 3763, 3765, 3829, 3764, 3830, 3829, 3765, 3831, 3765, 3766, 3831, 3830, 3765, 3767, 3831, 3766, 3832, 3831, 3767, 3768, 3832, 3767, 3833, 3832, 3768, 3834, 3768, 3769, 3834, 3833, 3768, 3770, 3834, 3769, 3835, 3834, 3770, 3836, 3770, 3771, 3836, 3835, 3770, 3837, 3771, 3772, 3837, 3836, 3771, 3838, 3772, 3773, 3838, 3837, 3772, 3839, 3773, 3774, 3839, 3838, 3773, 3840, 3774, 3775, 3840, 3839, 3774, 3841, 3775, 3776, 3841, 3840, 3775, 3842, 3776, 3777, 3842, 3841, 3776, 3843, 3777, 3778, 3843, 3842, 3777, 3844, 3778, 3779, 3844, 3843, 3778, 3845, 3844, 3779, 3845, 3779, 3780, 3846, 3780, 3781, 3846, 3845, 3780, 3847, 3846, 3781, 3847, 3781, 3782, 3848, 3847, 3782, 3848, 3782, 3783, 3849, 3848, 3783, 3849, 3783, 3784, 3850, 3849, 3784, 3850, 3784, 3785, 3851, 3850, 3785, 3851, 3785, 3786, 3852, 3851, 3786, 3852, 3786, 3787, 3853, 3852, 3787, 3853, 3787, 3788, 3854, 3853, 3788, 3854, 3788, 3789, 3855, 3854, 3789, 3855, 3789, 3790, 3856, 3855, 3790, 3856, 3790, 3791, 3857, 3856, 3791, 3857, 3791, 3792, 3858, 3857, 3792, 3858, 3792, 3793, 3859, 3858, 3793, 3859, 3793, 3794, 3860, 3794, 3795, 3860, 3859, 3794, 3861, 3795, 3796, 3861, 3860, 3795, 3862, 3796, 3797, 3862, 3861, 3796, 3863, 3797, 3798, 3863, 3862, 3797, 3864, 3798, 3799, 3864, 3863, 3798, 3801, 3799, 3800, 3801, 3864, 3799, 3931, 3865, 3866, 3931, 3930, 3865, 3932, 3866, 3867, 3932, 3931, 3866, 3933, 3867, 3868, 3933, 3932, 3867, 3934, 3868, 3869, 3934, 3933, 3868, 3870, 3934, 3869, 3935, 3934, 3870, 3936, 3870, 3871, 3936, 3935, 3870, 3937, 3871, 3872, 3937, 3936, 3871, 3938, 3872, 3873, 3938, 3937, 3872, 3874, 3938, 3873, 3939, 3938, 3874, 3940, 3874, 3875, 3940, 3939, 3874, 3941, 3875, 3876, 3941, 3940, 3875, 3942, 3876, 3877, 3942, 3941, 3876, 3878, 3942, 3877, 3943, 3942, 3878, 3944, 3878, 3879, 3944, 3943, 3878, 3945, 3879, 3880, 3945, 3944, 3879, 3946, 3880, 3881, 3946, 3945, 3880, 3947, 3881, 3882, 3947, 3946, 3881, 3948, 3882, 3883, 3948, 3947, 3882, 3949, 3948, 3883, 3949, 3883, 3884, 3950, 3949, 3884, 3950, 3884, 3885, 3951, 3950, 3885, 3951, 3885, 3886, 3952, 3951, 3886, 3952, 3886, 3887, 3953, 3952, 3887, 3953, 3887, 3888, 3954, 3888, 3889, 3954, 3953, 3888, 3955, 3889, 3890, 3955, 3954, 3889, 3956, 3890, 3891, 3956, 3955, 3890, 3957, 3891, 3892, 3957, 3956, 3891, 3893, 3957, 3892, 3958, 3957, 3893, 3959, 3893, 3894, 3959, 3958, 3893, 3960, 3894, 3895, 3960, 3959, 3894, 3961, 3895, 3896, 3961, 3960, 3895, 3962, 3896, 3897, 3962, 3961, 3896, 3898, 3962, 3897, 3963, 3962, 3898, 3964, 3898, 3899, 3964, 3963, 3898, 3965, 3899, 3900, 3965, 3964, 3899, 3966, 3900, 3901, 3966, 3965, 3900, 3967, 3901, 3902, 3967, 3966, 3901, 3968, 3902, 3903, 3968, 3967, 3902, 3969, 3903, 3904, 3969, 3968, 3903, 3970, 3904, 3905, 3970, 3969, 3904, 3971, 3905, 3906, 3971, 3970, 3905, 3972, 3906, 3907, 3972, 3971, 3906, 3973, 3972, 3907, 3973, 3907, 3908, 3974, 3908, 3909, 3974, 3973, 3908, 3975, 3974, 3909, 3975, 3909, 3910, 3976, 3975, 3910, 3976, 3910, 3911, 3977, 3976, 3911, 3977, 3911, 3912, 3978, 3977, 3912, 3978, 3912, 3913, 3979, 3978, 3913, 3979, 3913, 3914, 3980, 3979, 3914, 3980, 3914, 3915, 3981, 3980, 3915, 3981, 3915, 3916, 3982, 3981, 3916, 3982, 3916, 3917, 3983, 3982, 3917, 3983, 3917, 3918, 3984, 3983, 3918, 3984, 3918, 3919, 3985, 3984, 3919, 3985, 3919, 3920, 3986, 3985, 3920, 3986, 3920, 3921, 3987, 3986, 3921, 3987, 3921, 3922, 3988, 3922, 3923, 3988, 3987, 3922, 3989, 3923, 3924, 3989, 3988, 3923, 3990, 3924, 3925, 3990, 3989, 3924, 3991, 3925, 3926, 3991, 3990, 3925, 3992, 3926, 3927, 3992, 3991, 3926, 3929, 3927, 3928, 3929, 3992, 3927, 4059, 3993, 3994, 4059, 4058, 3993, 4060, 3994, 3995, 4060, 3995, 3996, 4060, 4059, 3994, 4061, 4060, 3996, 4062, 3996, 3997, 4062, 4061, 3996, 4063, 3997, 3998, 4063, 3998, 3999, 4063, 4062, 3997, 4064, 4063, 3999, 4065, 3999, 4000, 4065, 4064, 3999, 4066, 4000, 4001, 4066, 4065, 4000, 4067, 4001, 4002, 4067, 4066, 4001, 4068, 4002, 4003, 4068, 4003, 4004, 4068, 4067, 4002, 4069, 4068, 4004, 4070, 4004, 4005, 4070, 4069, 4004, 4071, 4005, 4006, 4071, 4070, 4005, 4072, 4006, 4007, 4072, 4071, 4006, 4073, 4007, 4008, 4073, 4072, 4007, 4074, 4008, 4009, 4074, 4073, 4008, 4075, 4009, 4010, 4075, 4074, 4009, 4076, 4010, 4011, 4076, 4075, 4010, 4077, 4076, 4011, 4077, 4011, 4012, 4078, 4077, 4012, 4078, 4012, 4013, 4079, 4078, 4013, 4079, 4013, 4014, 4080, 4079, 4014, 4080, 4014, 4015, 4080, 4015, 4016, 4081, 4016, 4017, 4081, 4080, 4016, 4082, 4081, 4017, 4083, 4017, 4018, 4083, 4018, 4019, 4083, 4082, 4017, 4084, 4083, 4019, 4085, 4019, 4020, 4085, 4084, 4019, 4086, 4020, 4021, 4086, 4021, 4022, 4086, 4085, 4020, 4087, 4086, 4022, 4088, 4022, 4023, 4088, 4087, 4022, 4089, 4023, 4024, 4089, 4024, 4025, 4089, 4088, 4023, 4090, 4025, 4026, 4090, 4089, 4025, 4091, 4026, 4027, 4091, 4090, 4026, 4092, 4091, 4027, 4093, 4027, 4028, 4093, 4028, 4029, 4093, 4092, 4027, 4094, 4093, 4029, 4095, 4029, 4030, 4095, 4094, 4029, 4096, 4030, 4031, 4096, 4031, 4032, 4096, 4095, 4030, 4097, 4096, 4032, 4098, 4032, 4033, 4098, 4033, 4034, 4098, 4097, 4032, 4099, 4098, 4034, 4100, 4034, 4035, 4100, 4099, 4034, 4101, 4100, 4035, 4101, 4035, 4036, 4102, 4101, 4036, 4102, 4036, 4037, 4103, 4102, 4037, 4103, 4037, 4038, 4103, 4038, 4039, 4104, 4103, 4039, 4105, 4104, 4039, 4105, 4039, 4040, 4106, 4105, 4040, 4106, 4040, 4041, 4107, 4106, 4041, 4107, 4041, 4042, 4108, 4107, 4042, 4108, 4042, 4043, 4108, 4043, 4044, 4109, 4108, 4044, 4110, 4109, 4044, 4110, 4044, 4045, 4111, 4110, 4045, 4111, 4045, 4046, 4111, 4046, 4047, 4112, 4111, 4047, 4113, 4112, 4047, 4113, 4047, 4048, 4114, 4048, 4049, 4114, 4113, 4048, 4115, 4049, 4050, 4115, 4114, 4049, 4116, 4050, 4051, 4116, 4115, 4050, 4117, 4051, 4052, 4117, 4116, 4051, 4118, 4052, 4053, 4118, 4117, 4052, 4119, 4053, 4054, 4119, 4118, 4053, 4120, 4054, 4055, 4120, 4055, 4056, 4120, 4119, 4054, 4057, 4120, 4056, 4224, 4160, 4161, 4224, 4161, 4162, 4224, 4223, 4160, 4222, 4159, 4160, 4222, 4160, 4223, 4225, 4224, 4162, 4221, 4158, 4159, 4221, 4159, 4222, 4226, 4162, 4163, 4226, 4225, 4162, 4220, 4156, 4157, 4220, 4157, 4158, 4220, 4158, 4221, 4227, 4226, 4163, 4227, 4163, 4164, 4219, 4156, 4220, 4155, 4156, 4219, 4228, 4164, 4165, 4228, 4227, 4164, 4166, 4228, 4165, 4218, 4155, 4219, 4154, 4155, 4218, 4229, 4228, 4166, 4217, 4154, 4218, 4230, 4166, 4167, 4230, 4229, 4166, 4168, 4230, 4167, 4216, 4153, 4154, 4216, 4154, 4217, 4231, 4230, 4168, 4169, 4231, 4168, 4215, 4152, 4153, 4215, 4153, 4216, 4232, 4231, 4169, 4170, 4232, 4169, 4214, 4151, 4152, 4214, 4152, 4215, 4233, 4232, 4170, 4213, 4150, 4151, 4213, 4151, 4214, 4234, 4233, 4170, 4234, 4170, 4171, 4212, 4150, 4213, 4212, 4149, 4150, 4172, 4234, 4171, 4235, 4234, 4172, 4148, 4149, 4212, 4211, 4148, 4212, 4173, 4235, 4172, 4236, 4235, 4173, 4210, 4148, 4211, 4210, 4147, 4148, 4237, 4236, 4173, 4237, 4173, 4174, 4209, 4146, 4147, 4209, 4147, 4210, 4238, 4237, 4174, 4238, 4174, 4175, 4145, 4146, 4209, 4208, 4145, 4209, 4239, 4238, 4175, 4239, 4175, 4176, 4144, 4145, 4208, 4144, 4208, 4207, 4177, 4240, 4239, 4177, 4239, 4176, 4143, 4144, 4207, 4143, 4207, 4206, 4241, 4240, 4177, 4178, 4241, 4177, 4142, 4143, 4206, 4142, 4206, 4205, 4179, 4242, 4241, 4179, 4241, 4178, 4141, 4142, 4205, 4141, 4205, 4204, 4243, 4242, 4179, 4180, 4243, 4179, 4203, 4141, 4204, 4140, 4141, 4203, 4181, 4244, 4243, 4181, 4243, 4180, 4139, 4140, 4203, 4139, 4203, 4202, 4182, 4245, 4244, 4182, 4244, 4181, 4246, 4245, 4182, 4138, 4202, 4201, 4138, 4139, 4202, 4183, 4246, 4182, 4200, 4138, 4201, 4137, 4138, 4200, 4121, 4184, 4246, 4121, 4246, 4183, 4136, 4137, 4200, 4136, 4200, 4199, 4122, 4184, 4121, 4122, 4185, 4184, 4186, 4185, 4122, 4135, 4136, 4199, 4135, 4199, 4198, 4197, 4135, 4198, 4123, 4186, 4122, 4134, 4135, 4197, 4124, 4186, 4123, 4124, 4187, 4186, 4133, 4134, 4197, 4133, 4196, 4195, 4133, 4197, 4196, 4125, 4187, 4124, 4125, 4188, 4187, 4125, 4189, 4188, 4132, 4133, 4195, 4126, 4189, 4125, 4131, 4132, 4195, 4131, 4195, 4194, 4127, 4189, 4126, 4127, 4190, 4189, 4127, 4191, 4190, 4130, 4131, 4194, 4130, 4194, 4193, 4128, 4191, 4127, 4129, 4192, 4191, 4129, 4193, 4192, 4129, 4130, 4193, 4129, 4191, 4128, 4313, 4247, 4248, 4313, 4312, 4247, 4314, 4248, 4249, 4314, 4313, 4248, 4315, 4249, 4250, 4315, 4314, 4249, 4316, 4250, 4251, 4316, 4315, 4250, 4317, 4251, 4252, 4317, 4252, 4253, 4317, 4316, 4251, 4318, 4317, 4253, 4319, 4253, 4254, 4319, 4318, 4253, 4320, 4254, 4255, 4320, 4319, 4254, 4321, 4255, 4256, 4321, 4320, 4255, 4322, 4256, 4257, 4322, 4321, 4256, 4323, 4257, 4258, 4323, 4258, 4259, 4323, 4322, 4257, 4324, 4259, 4260, 4324, 4323, 4259, 4325, 4324, 4260, 4326, 4260, 4261, 4326, 4325, 4260, 4327, 4261, 4262, 4327, 4262, 4263, 4327, 4326, 4261, 4328, 4327, 4263, 4329, 4328, 4263, 4329, 4263, 4264, 4329, 4264, 4265, 4330, 4329, 4265, 4331, 4330, 4265, 4331, 4265, 4266, 4331, 4266, 4267, 4332, 4331, 4267, 4333, 4332, 4267, 4333, 4267, 4268, 4333, 4268, 4269, 4334, 4333, 4269, 4335, 4334, 4269, 4335, 4269, 4270, 4336, 4270, 4271, 4336, 4335, 4270, 4337, 4271, 4272, 4337, 4272, 4273, 4337, 4336, 4271, 4338, 4337, 4273, 4339, 4273, 4274, 4339, 4338, 4273, 4340, 4274, 4275, 4340, 4339, 4274, 4341, 4275, 4276, 4341, 4340, 4275, 4342, 4276, 4277, 4342, 4341, 4276, 4343, 4277, 4278, 4343, 4342, 4277, 4344, 4278, 4279, 4344, 4343, 4278, 4345, 4279, 4280, 4345, 4344, 4279, 4346, 4280, 4281, 4346, 4281, 4282, 4346, 4345, 4280, 4347, 4346, 4282, 4348, 4282, 4283, 4348, 4347, 4282, 4349, 4283, 4284, 4349, 4348, 4283, 4350, 4284, 4285, 4350, 4349, 4284, 4351, 4285, 4286, 4351, 4286, 4287, 4351, 4350, 4285, 4352, 4351, 4287, 4353, 4287, 4288, 4353, 4352, 4287, 4354, 4288, 4289, 4354, 4353, 4288, 4355, 4354, 4289, 4355, 4289, 4290, 4355, 4290, 4291, 4356, 4355, 4291, 4356, 4291, 4292, 4357, 4356, 4292, 4357, 4292, 4293, 4358, 4357, 4293, 4359, 4358, 4293, 4359, 4293, 4294, 4360, 4359, 4294, 4360, 4294, 4295, 4360, 4295, 4296, 4361, 4360, 4296, 4362, 4361, 4296, 4362, 4296, 4297, 4363, 4362, 4297, 4363, 4297, 4298, 4364, 4363, 4298, 4364, 4298, 4299, 4365, 4364, 4299, 4365, 4299, 4300, 4366, 4365, 4300, 4366, 4300, 4301, 4367, 4366, 4301, 4367, 4301, 4302, 4368, 4302, 4303, 4368, 4367, 4302, 4369, 4303, 4304, 4369, 4368, 4303, 4370, 4304, 4305, 4370, 4369, 4304, 4371, 4305, 4306, 4371, 4370, 4305, 4372, 4306, 4307, 4372, 4371, 4306, 4373, 4307, 4308, 4373, 4372, 4307, 4374, 4308, 4309, 4374, 4373, 4308, 4311, 4309, 4310, 4311, 4374, 4309, 4493, 4430, 4429, 4493, 4431, 4430, 4494, 4431, 4493, 4492, 4493, 4429, 4495, 4431, 4494, 4495, 4432, 4431, 4495, 4433, 4432, 4491, 4492, 4429, 4491, 4429, 4428, 4496, 4433, 4495, 4490, 4427, 4426, 4490, 4428, 4427, 4490, 4491, 4428, 4497, 4434, 4433, 4497, 4433, 4496, 4489, 4490, 4426, 4498, 4435, 4434, 4498, 4434, 4497, 4488, 4426, 4425, 4488, 4489, 4426, 4424, 4488, 4425, 4499, 4436, 4435, 4499, 4435, 4498, 4487, 4488, 4424, 4437, 4436, 4499, 4500, 4437, 4499, 4486, 4424, 4423, 4486, 4487, 4424, 4375, 4437, 4500, 4438, 4375, 4500, 4485, 4423, 4422, 4485, 4486, 4423, 4439, 4376, 4375, 4439, 4375, 4438, 4484, 4422, 4421, 4484, 4485, 4422, 4377, 4376, 4439, 4440, 4377, 4439, 4483, 4421, 4420, 4483, 4484, 4421, 4378, 4377, 4440, 4441, 4378, 4440, 4482, 4420, 4419, 4482, 4483, 4420, 4442, 4379, 4378, 4442, 4378, 4441, 4481, 4482, 4419, 4481, 4419, 4418, 4380, 4379, 4442, 4443, 4380, 4442, 4417, 4481, 4418, 4480, 4481, 4417, 4381, 4380, 4443, 4444, 4381, 4443, 4479, 4480, 4417, 4479, 4417, 4416, 4445, 4382, 4381, 4445, 4381, 4444, 4478, 4416, 4415, 4478, 4479, 4416, 4383, 4382, 4445, 4383, 4445, 4446, 4477, 4478, 4415, 4414, 4477, 4415, 4447, 4383, 4446, 4384, 4383, 4447, 4476, 4477, 4414, 4413, 4476, 4414, 4385, 4384, 4447, 4385, 4447, 4448, 4412, 4475, 4476, 4412, 4476, 4413, 4386, 4385, 4448, 4386, 4448, 4449, 4411, 4475, 4412, 4411, 4474, 4475, 4450, 4386, 4449, 4387, 4386, 4450, 4473, 4474, 4411, 4410, 4473, 4411, 4451, 4387, 4450, 4388, 4387, 4451, 4409, 4473, 4410, 4409, 4472, 4473, 4389, 4451, 4452, 4389, 4388, 4451, 4408, 4472, 4409, 4408, 4471, 4472, 4390, 4389, 4452, 4390, 4452, 4453, 4407, 4471, 4408, 4407, 4470, 4471, 4454, 4390, 4453, 4469, 4470, 4407, 4391, 4390, 4454, 4406, 4469, 4407, 4392, 4391, 4454, 4392, 4454, 4455, 4405, 4469, 4406, 4405, 4468, 4469, 4393, 4392, 4455, 4393, 4455, 4456, 4404, 4468, 4405, 4404, 4467, 4468, 4394, 4393, 4456, 4394, 4456, 4457, 4403, 4467, 4404, 4403, 4466, 4467, 4395, 4394, 4457, 4395, 4457, 4458, 4402, 4466, 4403, 4402, 4465, 4466, 4396, 4395, 4458, 4396, 4458, 4459, 4401, 4465, 4402, 4401, 4464, 4465, 4397, 4396, 4459, 4397, 4459, 4460, 4400, 4464, 4401, 4400, 4463, 4464, 4398, 4397, 4460, 4398, 4460, 4461, 4398, 4461, 4462, 4399, 4463, 4400, 4399, 4398, 4462, 4399, 4462, 4463, 4567, 4501, 4502, 4567, 4566, 4501, 4568, 4502, 4503, 4568, 4503, 4504, 4568, 4567, 4502, 4569, 4568, 4504, 4570, 4504, 4505, 4570, 4569, 4504, 4571, 4505, 4506, 4571, 4506, 4507, 4571, 4570, 4505, 4572, 4571, 4507, 4573, 4507, 4508, 4573, 4508, 4509, 4573, 4572, 4507, 4574, 4573, 4509, 4575, 4509, 4510, 4575, 4574, 4509, 4576, 4510, 4511, 4576, 4575, 4510, 4577, 4511, 4512, 4577, 4512, 4513, 4577, 4576, 4511, 4578, 4513, 4514, 4578, 4577, 4513, 4579, 4578, 4514, 4580, 4514, 4515, 4580, 4579, 4514, 4581, 4515, 4516, 4581, 4516, 4517, 4581, 4580, 4515, 4582, 4581, 4517, 4583, 4582, 4517, 4583, 4517, 4518, 4583, 4518, 4519, 4584, 4583, 4519, 4585, 4584, 4519, 4585, 4519, 4520, 4586, 4585, 4520, 4586, 4520, 4521, 4587, 4586, 4521, 4587, 4521, 4522, 4587, 4522, 4523, 4588, 4587, 4523, 4589, 4588, 4523, 4589, 4523, 4524, 4590, 4524, 4525, 4590, 4589, 4524, 4590, 4525, 4526, 4591, 4590, 4526, 4592, 4526, 4527, 4592, 4527, 4528, 4592, 4591, 4526, 4593, 4592, 4528, 4594, 4528, 4529, 4594, 4529, 4530, 4594, 4593, 4528, 4595, 4530, 4531, 4595, 4594, 4530, 4596, 4595, 4531, 4597, 4531, 4532, 4597, 4532, 4533, 4597, 4596, 4531, 4598, 4533, 4534, 4598, 4597, 4533, 4599, 4598, 4534, 4600, 4534, 4535, 4600, 4535, 4536, 4600, 4599, 4534, 4601, 4536, 4537, 4601, 4600, 4536, 4602, 4537, 4538, 4602, 4601, 4537, 4603, 4602, 4538, 4604, 4538, 4539, 4604, 4603, 4538, 4605, 4539, 4540, 4605, 4604, 4539, 4606, 4540, 4541, 4606, 4605, 4540, 4607, 4541, 4542, 4607, 4606, 4541, 4608, 4542, 4543, 4608, 4607, 4542, 4609, 4608, 4543, 4609, 4543, 4544, 4610, 4609, 4544, 4610, 4544, 4545, 4611, 4610, 4545, 4611, 4545, 4546, 4612, 4611, 4546, 4612, 4546, 4547, 4613, 4612, 4547, 4613, 4547, 4548, 4614, 4613, 4548, 4614, 4548, 4549, 4615, 4614, 4549, 4615, 4549, 4550, 4616, 4615, 4550, 4616, 4550, 4551, 4616, 4551, 4552, 4617, 4616, 4552, 4618, 4617, 4552, 4618, 4552, 4553, 4619, 4618, 4553, 4619, 4553, 4554, 4620, 4619, 4554, 4620, 4554, 4555, 4621, 4620, 4555, 4621, 4555, 4556, 4622, 4556, 4557, 4622, 4621, 4556, 4623, 4557, 4558, 4623, 4558, 4559, 4623, 4622, 4557, 4624, 4623, 4559, 4625, 4559, 4560, 4625, 4624, 4559, 4626, 4560, 4561, 4626, 4625, 4560, 4627, 4561, 4562, 4627, 4626, 4561, 4628, 4562, 4563, 4628, 4563, 4564, 4628, 4627, 4562, 4565, 4628, 4564, 4758, 4629, 4630, 4696, 4695, 4758, 4693, 4691, 4692, 4694, 4757, 4693, 4759, 4630, 4631, 4759, 4631, 4632, 4759, 4758, 4630, 4759, 4696, 4758, 4759, 4697, 4696, 4759, 4698, 4697, 4760, 4632, 4633, 4760, 4633, 4634, 4760, 4759, 4632, 4760, 4698, 4759, 4760, 4699, 4698, 4760, 4700, 4699, 4761, 4634, 4635, 4761, 4635, 4636, 4761, 4760, 4634, 4761, 4701, 4700, 4761, 4702, 4701, 4761, 4700, 4760, 4762, 4702, 4761, 4762, 4636, 4637, 4762, 4637, 4638, 4762, 4703, 4702, 4762, 4704, 4703, 4762, 4761, 4636, 4763, 4638, 4639, 4763, 4639, 4640, 4763, 4762, 4638, 4763, 4704, 4762, 4763, 4705, 4704, 4763, 4706, 4705, 4764, 4640, 4641, 4764, 4641, 4642, 4764, 4763, 4640, 4764, 4706, 4763, 4764, 4707, 4706, 4764, 4708, 4707, 4765, 4708, 4764, 4765, 4642, 4643, 4765, 4643, 4644, 4765, 4709, 4708, 4765, 4710, 4709, 4765, 4764, 4642, 4766, 4644, 4645, 4766, 4645, 4646, 4766, 4765, 4644, 4766, 4710, 4765, 4766, 4711, 4710, 4766, 4712, 4711, 4767, 4646, 4647, 4767, 4647, 4648, 4767, 4766, 4646, 4767, 4712, 4766, 4767, 4713, 4712, 4767, 4714, 4713, 4768, 4648, 4649, 4768, 4649, 4650, 4768, 4767, 4648, 4768, 4714, 4767, 4768, 4715, 4714, 4768, 4716, 4715, 4769, 4650, 4651, 4769, 4651, 4652, 4769, 4768, 4650, 4769, 4716, 4768, 4769, 4717, 4716, 4769, 4718, 4717, 4770, 4652, 4653, 4770, 4653, 4654, 4770, 4769, 4652, 4770, 4718, 4769, 4770, 4719, 4718, 4770, 4720, 4719, 4771, 4770, 4654, 4771, 4720, 4770, 4771, 4654, 4655, 4771, 4655, 4656, 4771, 4721, 4720, 4771, 4722, 4721, 4772, 4656, 4657, 4772, 4657, 4658, 4772, 4771, 4656, 4772, 4722, 4771, 4772, 4723, 4722, 4772, 4724, 4723, 4773, 4658, 4659, 4773, 4659, 4660, 4773, 4772, 4658, 4773, 4724, 4772, 4773, 4725, 4724, 4773, 4726, 4725, 4774, 4660, 4661, 4774, 4773, 4660, 4774, 4727, 4726, 4774, 4726, 4773, 4775, 4774, 4661, 4775, 4727, 4774, 4775, 4661, 4662, 4775, 4662, 4663, 4775, 4728, 4727, 4775, 4729, 4728, 4776, 4731, 4730, 4776, 4663, 4664, 4776, 4664, 4665, 4776, 4775, 4663, 4776, 4729, 4775, 4776, 4730, 4729, 4777, 4732, 4731, 4777, 4733, 4732, 4777, 4665, 4666, 4777, 4666, 4667, 4777, 4776, 4665, 4777, 4731, 4776, 4778, 4734, 4733, 4778, 4735, 4734, 4778, 4667, 4668, 4778, 4668, 4669, 4778, 4777, 4667, 4778, 4733, 4777, 4779, 4736, 4735, 4779, 4737, 4736, 4779, 4669, 4670, 4779, 4670, 4671, 4779, 4778, 4669, 4779, 4735, 4778, 4780, 4738, 4737, 4780, 4739, 4738, 4780, 4671, 4672, 4780, 4672, 4673, 4780, 4779, 4671, 4780, 4737, 4779, 4781, 4780, 4673, 4781, 4740, 4739, 4781, 4741, 4740, 4781, 4673, 4674, 4781, 4674, 4675, 4781, 4739, 4780, 4782, 4741, 4781, 4782, 4742, 4741, 4782, 4743, 4742, 4782, 4781, 4675, 4782, 4675, 4676, 4782, 4676, 4677, 4783, 4744, 4743, 4783, 4745, 4744, 4783, 4743, 4782, 4783, 4782, 4677, 4783, 4677, 4678, 4783, 4678, 4679, 4784, 4746, 4745, 4784, 4747, 4746, 4784, 4745, 4783, 4784, 4783, 4679, 4784, 4679, 4680, 4784, 4680, 4681, 4785, 4748, 4747, 4785, 4749, 4748, 4785, 4681, 4682, 4785, 4682, 4683, 4785, 4747, 4784, 4785, 4784, 4681, 4786, 4750, 4749, 4786, 4751, 4750, 4786, 4683, 4684, 4786, 4684, 4685, 4786, 4749, 4785, 4786, 4785, 4683, 4787, 4752, 4751, 4787, 4753, 4752, 4787, 4685, 4686, 4787, 4686, 4687, 4787, 4751, 4786, 4787, 4786, 4685, 4788, 4754, 4753, 4788, 4755, 4754, 4788, 4687, 4688, 4788, 4688, 4689, 4788, 4753, 4787, 4788, 4787, 4687, 4789, 4788, 4689, 4789, 4756, 4755, 4789, 4757, 4756, 4789, 4689, 4690, 4789, 4690, 4691, 4789, 4691, 4693, 4789, 4693, 4757, 4789, 4755, 4788, 4893, 4829, 4830, 4893, 4830, 4831, 4893, 4892, 4829, 4891, 4828, 4829, 4891, 4829, 4892, 4894, 4893, 4831, 4890, 4827, 4828, 4890, 4828, 4891, 4895, 4831, 4832, 4895, 4894, 4831, 4889, 4826, 4827, 4889, 4827, 4890, 4896, 4832, 4833, 4896, 4833, 4834, 4896, 4895, 4832, 4888, 4825, 4826, 4888, 4826, 4889, 4897, 4896, 4834, 4887, 4824, 4825, 4887, 4825, 4888, 4898, 4897, 4834, 4898, 4834, 4835, 4886, 4823, 4824, 4886, 4824, 4887, 4899, 4835, 4836, 4899, 4898, 4835, 4885, 4821, 4822, 4885, 4822, 4823, 4885, 4823, 4886, 4900, 4899, 4836, 4900, 4836, 4837, 4884, 4821, 4885, 4901, 4900, 4837, 4901, 4837, 4838, 4883, 4821, 4884, 4883, 4820, 4821, 4902, 4838, 4839, 4902, 4901, 4838, 4882, 4820, 4883, 4882, 4818, 4819, 4882, 4819, 4820, 4903, 4839, 4840, 4903, 4902, 4839, 4881, 4818, 4882, 4904, 4903, 4840, 4904, 4840, 4841, 4880, 4818, 4881, 4880, 4817, 4818, 4905, 4841, 4842, 4905, 4904, 4841, 4879, 4816, 4817, 4879, 4817, 4880, 4906, 4905, 4842, 4906, 4842, 4843, 4878, 4816, 4879, 4878, 4815, 4816, 4907, 4906, 4843, 4907, 4843, 4844, 4877, 4814, 4815, 4877, 4815, 4878, 4908, 4907, 4844, 4908, 4844, 4845, 4813, 4814, 4877, 4813, 4877, 4876, 4846, 4909, 4908, 4846, 4908, 4845, 4812, 4813, 4876, 4812, 4876, 4875, 4847, 4910, 4909, 4847, 4909, 4846, 4811, 4875, 4874, 4811, 4812, 4875, 4848, 4911, 4910, 4848, 4910, 4847, 4810, 4811, 4874, 4810, 4874, 4873, 4849, 4911, 4848, 4849, 4912, 4911, 4849, 4913, 4912, 4809, 4810, 4873, 4809, 4873, 4872, 4850, 4914, 4913, 4850, 4913, 4849, 4808, 4809, 4872, 4808, 4872, 4871, 4851, 4914, 4850, 4807, 4808, 4871, 4807, 4870, 4869, 4807, 4871, 4870, 4852, 4915, 4914, 4852, 4853, 4915, 4852, 4914, 4851, 4806, 4807, 4869, 4790, 4853, 4852, 4805, 4806, 4869, 4805, 4868, 4867, 4805, 4869, 4868, 4791, 4853, 4790, 4791, 4854, 4853, 4791, 4855, 4854, 4804, 4805, 4867, 4804, 4867, 4866, 4792, 4855, 4791, 4803, 4804, 4866, 4793, 4855, 4792, 4793, 4856, 4855, 4802, 4803, 4866, 4802, 4866, 4865, 4794, 4857, 4856, 4794, 4856, 4793, 4801, 4802, 4865, 4801, 4864, 4863, 4801, 4865, 4864, 4795, 4857, 4794, 4795, 4858, 4857, 4800, 4801, 4863, 4796, 4858, 4795, 4796, 4859, 4858, 4799, 4800, 4863, 4799, 4863, 4862, 4797, 4859, 4796, 4797, 4860, 4859, 4798, 4861, 4860, 4798, 4862, 4861, 4798, 4799, 4862, 4798, 4860, 4797, 5047, 4916, 4917, 4985, 4984, 5049, 4980, 4978, 4979, 4983, 5046, 4982, 5050, 4917, 4918, 5050, 4918, 4919, 5050, 5047, 4917, 5051, 4919, 4920, 5051, 4920, 4921, 5051, 5050, 4919, 5052, 5048, 5047, 5052, 5047, 5050, 5053, 4921, 4922, 5053, 4922, 4923, 5053, 5051, 4921, 5054, 5052, 5050, 5054, 5050, 5051, 5055, 4923, 4924, 5055, 4924, 4925, 5055, 5053, 4923, 5056, 5049, 5048, 5056, 5048, 5052, 5056, 4986, 4985, 5056, 4987, 4986, 5056, 4985, 5049, 5057, 5051, 5053, 5057, 5054, 5051, 5058, 4925, 4926, 5058, 4926, 4927, 5058, 5055, 4925, 5059, 5052, 5054, 5059, 5056, 5052, 5059, 4988, 4987, 5059, 4989, 4988, 5059, 4987, 5056, 5060, 5053, 5055, 5060, 5057, 5053, 5061, 4927, 4928, 5061, 4928, 4929, 5061, 5058, 4927, 5062, 4989, 5059, 5062, 5057, 5060, 5062, 4990, 4989, 5062, 4991, 4990, 5062, 5059, 5054, 5062, 5054, 5057, 5063, 5060, 5055, 5063, 5055, 5058, 5064, 5061, 4929, 5064, 4929, 4930, 5064, 4930, 4931, 5065, 5062, 5060, 5065, 4991, 5062, 5065, 4992, 4991, 5065, 4993, 4992, 5066, 5058, 5061, 5066, 5063, 5058, 5067, 5064, 4931, 5067, 4931, 4932, 5067, 4932, 4933, 5068, 4993, 5065, 5068, 4994, 4993, 5068, 4995, 4994, 5068, 5065, 5060, 5068, 5060, 5063, 5069, 5061, 5064, 5069, 5066, 5061, 5070, 5067, 4933, 5070, 4933, 4934, 5070, 4934, 4935, 5071, 5068, 5063, 5071, 5063, 5066, 5071, 4995, 5068, 5071, 4996, 4995, 5071, 4997, 4996, 5072, 5069, 5064, 5072, 5064, 5067, 5073, 4935, 4936, 5073, 4936, 4937, 5073, 5070, 4935, 5074, 5066, 5069, 5074, 5071, 5066, 5074, 4998, 4997, 5074, 4999, 4998, 5074, 4997, 5071, 5075, 5067, 5070, 5075, 5072, 5067, 5076, 4937, 4938, 5076, 5073, 4937, 5076, 4938, 4939, 5077, 4999, 5074, 5077, 5074, 5069, 5077, 5069, 5072, 5077, 5000, 4999, 5077, 5001, 5000, 5078, 5073, 5076, 5078, 5075, 5070, 5078, 5070, 5073, 5079, 4939, 4940, 5079, 4940, 4941, 5079, 5076, 4939, 5080, 5001, 5077, 5080, 5077, 5072, 5080, 5072, 5075, 5080, 5002, 5001, 5080, 5003, 5002, 5081, 5078, 5076, 5082, 4941, 4942, 5082, 4942, 4943, 5082, 5079, 4941, 5083, 5080, 5075, 5083, 5003, 5080, 5083, 5004, 5003, 5083, 5005, 5004, 5083, 5075, 5078, 5084, 5081, 5076, 5084, 5076, 5079, 5085, 4943, 4944, 5085, 4944, 4945, 5085, 5082, 4943, 5086, 5083, 5078, 5086, 5078, 5081, 5086, 5005, 5083, 5086, 5006, 5005, 5086, 5007, 5006, 5087, 5084, 5079, 5087, 5079, 5082, 5088, 4945, 4946, 5088, 4946, 4947, 5088, 5085, 4945, 5089, 5086, 5081, 5089, 5007, 5086, 5089, 5081, 5084, 5089, 5008, 5007, 5089, 5009, 5008, 5090, 5082, 5085, 5090, 5087, 5082, 5091, 4947, 4948, 5091, 5088, 4947, 5092, 5084, 5087, 5092, 5087, 5090, 5092, 5009, 5089, 5092, 5089, 5084, 5092, 5010, 5009, 5092, 5011, 5010, 5093, 5090, 5085, 5093, 5085, 5088, 5094, 5091, 4948, 5094, 4948, 4949, 5094, 4949, 4950, 5095, 5011, 5092, 5095, 5090, 5093, 5095, 5092, 5090, 5095, 5012, 5011, 5095, 5013, 5012, 5096, 5091, 5094, 5096, 5093, 5088, 5096, 5088, 5091, 5097, 4950, 4951, 5097, 4951, 4952, 5097, 5094, 4950, 5098, 5095, 5093, 5098, 5013, 5095, 5098, 5014, 5013, 5098, 5015, 5014, 5099, 5096, 5094, 5100, 4952, 4953, 5100, 4953, 4954, 5100, 5097, 4952, 5101, 5015, 5098, 5101, 5096, 5099, 5101, 5098, 5093, 5101, 5093, 5096, 5101, 5016, 5015, 5102, 5094, 5097, 5102, 5099, 5094, 5103, 5100, 4954, 5103, 4954, 4955, 5103, 4955, 4956, 5104, 5018, 5017, 5104, 5016, 5101, 5104, 5099, 5102, 5104, 5101, 5099, 5104, 5017, 5016, 5105, 5102, 5097, 5105, 5097, 5100, 5106, 4956, 4957, 5106, 4957, 4958, 5106, 5103, 4956, 5107, 5019, 5018, 5107, 5020, 5019, 5107, 5018, 5104, 5107, 5104, 5102, 5108, 5105, 5100, 5108, 5100, 5103, 5109, 4958, 4959, 5109, 4959, 4960, 5109, 5106, 4958, 5110, 5021, 5020, 5110, 5022, 5021, 5110, 5020, 5107, 5110, 5102, 5105, 5110, 5107, 5102, 5111, 5103, 5106, 5111, 5108, 5103, 5112, 4960, 4961, 5112, 4961, 4962, 5112, 5109, 4960, 5113, 5023, 5022, 5113, 5024, 5023, 5113, 5105, 5108, 5113, 5110, 5105, 5113, 5022, 5110, 5114, 5111, 5106, 5114, 5106, 5109, 5115, 5112, 4962, 5115, 4962, 4963, 5115, 4963, 4964, 5116, 5025, 5024, 5116, 5026, 5025, 5116, 5024, 5113, 5116, 5108, 5111, 5116, 5113, 5108, 5116, 5111, 5114, 5117, 5109, 5112, 5117, 5114, 5109, 5118, 4964, 4965, 5118, 4965, 4966, 5118, 5115, 4964, 5119, 5027, 5026, 5119, 5028, 5027, 5119, 5116, 5114, 5119, 5114, 5117, 5119, 5026, 5116, 5120, 5117, 5112, 5120, 5112, 5115, 5121, 4966, 4967, 5121, 4967, 4968, 5121, 5118, 4966, 5122, 5029, 5028, 5122, 5030, 5029, 5122, 5028, 5119, 5122, 5119, 5117, 5123, 5115, 5118, 5123, 5120, 5115, 5124, 4968, 4969, 5124, 4969, 4970, 5124, 5121, 4968, 5125, 5031, 5030, 5125, 5032, 5031, 5125, 5030, 5122, 5125, 5117, 5120, 5125, 5122, 5117, 5125, 5120, 5123, 5126, 5118, 5121, 5126, 5123, 5118, 5126, 5121, 5124, 5127, 4970, 4971, 5127, 4971, 4972, 5127, 5124, 4970, 5128, 5033, 5032, 5128, 5034, 5033, 5128, 5032, 5125, 5128, 5125, 5123, 5129, 5126, 5124, 5130, 4972, 4973, 5130, 4973, 4974, 5130, 5127, 4972, 5131, 5035, 5034, 5131, 5036, 5035, 5131, 5034, 5128, 5131, 5123, 5126, 5131, 5128, 5123, 5132, 5124, 5127, 5132, 5129, 5124, 5133, 5130, 4974, 5133, 4974, 4975, 5133, 4975, 4976, 5134, 5131, 5126, 5134, 5037, 5036, 5134, 5038, 5037, 5134, 5036, 5131, 5134, 5126, 5129, 5135, 5132, 5127, 5135, 5127, 5130, 5136, 5133, 4976, 5136, 4976, 4977, 5136, 4977, 4978, 5136, 4978, 4980, 5137, 5038, 5134, 5137, 5134, 5129, 5137, 5039, 5038, 5137, 5040, 5039, 5137, 5129, 5132, 5138, 5135, 5130, 5138, 5130, 5133, 5139, 5132, 5135, 5139, 5135, 5138, 5139, 5040, 5137, 5139, 5041, 5040, 5139, 5042, 5041, 5139, 5137, 5132, 5140, 5133, 5136, 5140, 5138, 5133, 5140, 5136, 4980, 5140, 4980, 4981, 5140, 4981, 4982, 5141, 5138, 5140, 5141, 5043, 5042, 5141, 5044, 5043, 5141, 5042, 5139, 5141, 5139, 5138, 5142, 4982, 5046, 5142, 5141, 5140, 5142, 5045, 5044, 5142, 5046, 5045, 5142, 5140, 4982, 5142, 5044, 5141, 5209, 5143, 5144, 5209, 5208, 5143, 5210, 5144, 5145, 5210, 5209, 5144, 5211, 5145, 5146, 5211, 5210, 5145, 5212, 5146, 5147, 5212, 5211, 5146, 5213, 5147, 5148, 5213, 5212, 5147, 5214, 5148, 5149, 5214, 5149, 5150, 5214, 5213, 5148, 5215, 5214, 5150, 5216, 5150, 5151, 5216, 5215, 5150, 5217, 5151, 5152, 5217, 5216, 5151, 5218, 5152, 5153, 5218, 5217, 5152, 5219, 5153, 5154, 5219, 5218, 5153, 5220, 5154, 5155, 5220, 5219, 5154, 5221, 5155, 5156, 5221, 5220, 5155, 5222, 5156, 5157, 5222, 5221, 5156, 5223, 5157, 5158, 5223, 5222, 5157, 5224, 5158, 5159, 5224, 5223, 5158, 5225, 5159, 5160, 5225, 5224, 5159, 5226, 5160, 5161, 5226, 5225, 5160, 5227, 5226, 5161, 5227, 5161, 5162, 5227, 5162, 5163, 5228, 5227, 5163, 5228, 5163, 5164, 5229, 5228, 5164, 5230, 5229, 5164, 5230, 5164, 5165, 5231, 5165, 5166, 5231, 5230, 5165, 5232, 5166, 5167, 5232, 5231, 5166, 5233, 5167, 5168, 5233, 5232, 5167, 5234, 5168, 5169, 5234, 5233, 5168, 5235, 5169, 5170, 5235, 5234, 5169, 5236, 5170, 5171, 5236, 5235, 5170, 5237, 5171, 5172, 5237, 5236, 5171, 5238, 5172, 5173, 5238, 5237, 5172, 5239, 5173, 5174, 5239, 5238, 5173, 5240, 5174, 5175, 5240, 5175, 5176, 5240, 5239, 5174, 5241, 5240, 5176, 5242, 5176, 5177, 5242, 5241, 5176, 5243, 5177, 5178, 5243, 5242, 5177, 5244, 5178, 5179, 5244, 5243, 5178, 5245, 5179, 5180, 5245, 5244, 5179, 5246, 5180, 5181, 5246, 5245, 5180, 5247, 5181, 5182, 5247, 5246, 5181, 5248, 5182, 5183, 5248, 5247, 5182, 5249, 5183, 5184, 5249, 5184, 5185, 5249, 5248, 5183, 5250, 5249, 5185, 5251, 5250, 5185, 5251, 5185, 5186, 5252, 5251, 5186, 5252, 5186, 5187, 5253, 5252, 5187, 5253, 5187, 5188, 5254, 5253, 5188, 5254, 5188, 5189, 5255, 5254, 5189, 5255, 5189, 5190, 5256, 5255, 5190, 5256, 5190, 5191, 5257, 5256, 5191, 5257, 5191, 5192, 5258, 5257, 5192, 5258, 5192, 5193, 5259, 5258, 5193, 5259, 5193, 5194, 5260, 5259, 5194, 5260, 5194, 5195, 5261, 5260, 5195, 5261, 5195, 5196, 5262, 5261, 5196, 5262, 5196, 5197, 5263, 5262, 5197, 5263, 5197, 5198, 5264, 5198, 5199, 5264, 5263, 5198, 5265, 5199, 5200, 5265, 5264, 5199, 5266, 5200, 5201, 5266, 5265, 5200, 5267, 5201, 5202, 5267, 5266, 5201, 5268, 5202, 5203, 5268, 5267, 5202, 5269, 5203, 5204, 5269, 5268, 5203, 5270, 5204, 5205, 5270, 5205, 5206, 5270, 5269, 5204, 5207, 5270, 5206, 5340, 5271, 5272, 5335, 5333, 5334, 5343, 5272, 5273, 5343, 5273, 5274, 5343, 5340, 5272, 5344, 5274, 5275, 5344, 5275, 5276, 5344, 5343, 5274, 5345, 5276, 5277, 5345, 5277, 5278, 5345, 5344, 5276, 5346, 5340, 5343, 5346, 5341, 5340, 5347, 5278, 5279, 5347, 5279, 5280, 5347, 5345, 5278, 5348, 5343, 5344, 5348, 5346, 5343, 5349, 5280, 5281, 5349, 5281, 5282, 5349, 5347, 5280, 5350, 5348, 5344, 5350, 5344, 5345, 5351, 5282, 5283, 5351, 5283, 5284, 5351, 5349, 5282, 5352, 5341, 5346, 5352, 5342, 5341, 5352, 5339, 5342, 5353, 5350, 5345, 5353, 5345, 5347, 5354, 5284, 5285, 5354, 5285, 5286, 5354, 5351, 5284, 5355, 5352, 5346, 5355, 5339, 5352, 5355, 5346, 5348, 5356, 5353, 5347, 5356, 5347, 5349, 5357, 5354, 5286, 5357, 5286, 5287, 5357, 5287, 5288, 5358, 5355, 5348, 5358, 5339, 5355, 5358, 5348, 5350, 5359, 5349, 5351, 5359, 5356, 5349, 5360, 5288, 5289, 5360, 5289, 5290, 5360, 5357, 5288, 5361, 5350, 5353, 5361, 5358, 5350, 5361, 5339, 5358, 5362, 5359, 5351, 5362, 5351, 5354, 5363, 5290, 5291, 5363, 5360, 5290, 5363, 5291, 5292, 5364, 5361, 5353, 5364, 5353, 5356, 5364, 5339, 5361, 5365, 5354, 5357, 5365, 5362, 5354, 5366, 5363, 5292, 5366, 5292, 5293, 5366, 5293, 5294, 5367, 5356, 5359, 5367, 5364, 5356, 5367, 5339, 5364, 5368, 5365, 5357, 5368, 5357, 5360, 5369, 5294, 5295, 5369, 5295, 5296, 5369, 5366, 5294, 5370, 5367, 5359, 5370, 5359, 5362, 5370, 5339, 5367, 5371, 5363, 5366, 5371, 5368, 5360, 5371, 5360, 5363, 5372, 5369, 5296, 5372, 5296, 5297, 5372, 5297, 5298, 5373, 5339, 5370, 5373, 5370, 5362, 5373, 5362, 5365, 5374, 5371, 5366, 5375, 5298, 5299, 5375, 5299, 5300, 5375, 5372, 5298, 5376, 5365, 5368, 5376, 5373, 5365, 5376, 5339, 5373, 5377, 5366, 5369, 5377, 5374, 5366, 5378, 5300, 5301, 5378, 5301, 5302, 5378, 5375, 5300, 5379, 5368, 5371, 5379, 5376, 5368, 5379, 5371, 5374, 5379, 5339, 5376, 5380, 5369, 5372, 5380, 5377, 5369, 5381, 5302, 5303, 5381, 5378, 5302, 5382, 5379, 5374, 5382, 5374, 5377, 5382, 5339, 5379, 5383, 5372, 5375, 5383, 5380, 5372, 5384, 5303, 5304, 5384, 5304, 5305, 5384, 5381, 5303, 5385, 5382, 5377, 5385, 5339, 5382, 5386, 5375, 5378, 5386, 5383, 5375, 5387, 5305, 5306, 5387, 5306, 5307, 5387, 5384, 5305, 5388, 5377, 5380, 5388, 5385, 5377, 5388, 5339, 5385, 5389, 5386, 5378, 5389, 5378, 5381, 5390, 5387, 5307, 5390, 5307, 5308, 5390, 5308, 5309, 5391, 5380, 5383, 5391, 5388, 5380, 5391, 5339, 5388, 5392, 5389, 5381, 5392, 5381, 5384, 5393, 5390, 5309, 5393, 5309, 5310, 5393, 5310, 5311, 5394, 5383, 5386, 5394, 5391, 5383, 5394, 5339, 5391, 5395, 5384, 5387, 5395, 5392, 5384, 5396, 5311, 5312, 5396, 5312, 5313, 5396, 5393, 5311, 5397, 5338, 5339, 5397, 5386, 5389, 5397, 5339, 5394, 5397, 5394, 5386, 5397, 5389, 5392, 5398, 5387, 5390, 5398, 5390, 5393, 5398, 5395, 5387, 5399, 5313, 5314, 5399, 5314, 5315, 5399, 5396, 5313, 5400, 5397, 5392, 5400, 5338, 5397, 5401, 5398, 5393, 5402, 5399, 5315, 5402, 5315, 5316, 5402, 5316, 5317, 5403, 5400, 5392, 5403, 5338, 5400, 5403, 5392, 5395, 5404, 5393, 5396, 5404, 5396, 5399, 5404, 5401, 5393, 5405, 5317, 5318, 5405, 5318, 5319, 5405, 5402, 5317, 5406, 5398, 5401, 5406, 5338, 5403, 5406, 5403, 5395, 5406, 5395, 5398, 5407, 5404, 5399, 5408, 5405, 5319, 5408, 5319, 5320, 5408, 5320, 5321, 5409, 5406, 5401, 5409, 5338, 5406, 5410, 5407, 5399, 5410, 5399, 5402, 5411, 5408, 5321, 5411, 5321, 5322, 5411, 5322, 5323, 5412, 5401, 5404, 5412, 5404, 5407, 5412, 5409, 5401, 5412, 5338, 5409, 5413, 5402, 5405, 5413, 5405, 5408, 5413, 5410, 5402, 5414, 5323, 5324, 5414, 5324, 5325, 5414, 5411, 5323, 5415, 5412, 5407, 5415, 5338, 5412, 5416, 5413, 5408, 5417, 5325, 5326, 5417, 5326, 5327, 5417, 5414, 5325, 5418, 5407, 5410, 5418, 5415, 5407, 5418, 5338, 5415, 5419, 5408, 5411, 5419, 5416, 5408, 5420, 5327, 5328, 5420, 5328, 5329, 5420, 5417, 5327, 5421, 5410, 5413, 5421, 5418, 5410, 5421, 5338, 5418, 5422, 5411, 5414, 5422, 5414, 5417, 5422, 5419, 5411, 5423, 5420, 5329, 5423, 5329, 5330, 5423, 5330, 5331, 5424, 5416, 5419, 5424, 5413, 5416, 5424, 5421, 5413, 5424, 5338, 5421, 5425, 5422, 5417, 5426, 5333, 5335, 5426, 5331, 5332, 5426, 5332, 5333, 5426, 5423, 5331, 5427, 5424, 5419, 5427, 5338, 5424, 5428, 5417, 5420, 5428, 5425, 5417, 5429, 5419, 5422, 5429, 5427, 5419, 5429, 5338, 5427, 5430, 5420, 5423, 5430, 5428, 5420, 5431, 5422, 5425, 5431, 5338, 5429, 5431, 5429, 5422, 5431, 5425, 5428, 5432, 5335, 5336, 5432, 5426, 5335, 5432, 5423, 5426, 5432, 5430, 5423, 5433, 5338, 5431, 5433, 5431, 5428, 5434, 5428, 5430, 5434, 5338, 5433, 5434, 5433, 5428, 5435, 5430, 5432, 5435, 5338, 5434, 5435, 5336, 5337, 5435, 5337, 5338, 5435, 5432, 5336, 5435, 5434, 5430, 5443, 5442, 5507, 5441, 5504, 5440, 5508, 5505, 5436, 5509, 5508, 5436, 5510, 5509, 5436, 5511, 5505, 5508, 5511, 5506, 5505, 5512, 5510, 5436, 5513, 5511, 5508, 5513, 5508, 5509, 5514, 5512, 5436, 5515, 5509, 5510, 5515, 5513, 5509, 5516, 5514, 5436, 5517, 5444, 5443, 5517, 5445, 5444, 5517, 5506, 5511, 5517, 5507, 5506, 5517, 5443, 5507, 5518, 5510, 5512, 5518, 5515, 5510, 5519, 5516, 5436, 5520, 5445, 5517, 5520, 5446, 5445, 5520, 5447, 5446, 5520, 5511, 5513, 5520, 5517, 5511, 5521, 5518, 5512, 5521, 5512, 5514, 5522, 5519, 5436, 5523, 5520, 5513, 5523, 5448, 5447, 5523, 5449, 5448, 5523, 5447, 5520, 5523, 5513, 5515, 5524, 5521, 5514, 5524, 5514, 5516, 5525, 5522, 5436, 5526, 5523, 5515, 5526, 5450, 5449, 5526, 5451, 5450, 5526, 5449, 5523, 5526, 5515, 5518, 5527, 5516, 5519, 5527, 5524, 5516, 5528, 5525, 5436, 5529, 5451, 5526, 5529, 5452, 5451, 5529, 5453, 5452, 5529, 5518, 5521, 5529, 5526, 5518, 5530, 5527, 5519, 5530, 5519, 5522, 5531, 5528, 5436, 5532, 5453, 5529, 5532, 5454, 5453, 5532, 5455, 5454, 5532, 5521, 5524, 5532, 5529, 5521, 5533, 5530, 5522, 5533, 5522, 5525, 5534, 5531, 5436, 5535, 5524, 5527, 5535, 5456, 5455, 5535, 5457, 5456, 5535, 5455, 5532, 5535, 5532, 5524, 5536, 5525, 5528, 5536, 5528, 5531, 5536, 5533, 5525, 5537, 5534, 5436, 5538, 5457, 5535, 5538, 5458, 5457, 5538, 5459, 5458, 5538, 5535, 5527, 5538, 5527, 5530, 5539, 5536, 5531, 5540, 5537, 5436, 5541, 5530, 5533, 5541, 5460, 5459, 5541, 5461, 5460, 5541, 5538, 5530, 5541, 5459, 5538, 5542, 5531, 5534, 5542, 5539, 5531, 5543, 5540, 5436, 5544, 5462, 5461, 5544, 5463, 5462, 5544, 5533, 5536, 5544, 5461, 5541, 5544, 5541, 5533, 5544, 5536, 5539, 5545, 5542, 5534, 5545, 5534, 5537, 5546, 5436, 5437, 5546, 5543, 5436, 5547, 5464, 5463, 5547, 5465, 5464, 5547, 5544, 5539, 5547, 5463, 5544, 5548, 5545, 5537, 5548, 5540, 5543, 5548, 5537, 5540, 5549, 5546, 5437, 5550, 5466, 5465, 5550, 5467, 5466, 5550, 5539, 5542, 5550, 5465, 5547, 5550, 5547, 5539, 5551, 5548, 5543, 5552, 5549, 5437, 5553, 5542, 5545, 5553, 5468, 5467, 5553, 5469, 5468, 5553, 5467, 5550, 5553, 5545, 5548, 5553, 5550, 5542, 5554, 5543, 5546, 5554, 5551, 5543, 5555, 5552, 5437, 5556, 5470, 5469, 5556, 5471, 5470, 5556, 5553, 5548, 5556, 5469, 5553, 5557, 5554, 5546, 5557, 5546, 5549, 5558, 5555, 5437, 5559, 5472, 5471, 5559, 5473, 5472, 5559, 5551, 5554, 5559, 5548, 5551, 5559, 5471, 5556, 5559, 5556, 5548, 5560, 5549, 5552, 5560, 5557, 5549, 5561, 5558, 5437, 5562, 5559, 5554, 5562, 5474, 5473, 5562, 5473, 5559, 5563, 5552, 5555, 5563, 5555, 5558, 5563, 5560, 5552, 5564, 5561, 5437, 5565, 5474, 5562, 5565, 5562, 5554, 5565, 5475, 5474, 5565, 5476, 5475, 5565, 5554, 5557, 5566, 5563, 5558, 5567, 5564, 5437, 5568, 5476, 5565, 5568, 5565, 5557, 5568, 5477, 5476, 5568, 5478, 5477, 5568, 5557, 5560, 5569, 5558, 5561, 5569, 5566, 5558, 5570, 5567, 5437, 5571, 5563, 5566, 5571, 5568, 5560, 5571, 5479, 5478, 5571, 5480, 5479, 5571, 5478, 5568, 5571, 5560, 5563, 5572, 5561, 5564, 5572, 5564, 5567, 5572, 5569, 5561, 5573, 5570, 5437, 5574, 5571, 5566, 5574, 5481, 5480, 5574, 5482, 5481, 5574, 5480, 5571, 5575, 5572, 5567, 5576, 5573, 5437, 5577, 5566, 5569, 5577, 5483, 5482, 5577, 5484, 5483, 5577, 5574, 5566, 5577, 5482, 5574, 5578, 5567, 5570, 5578, 5575, 5567, 5579, 5576, 5437, 5580, 5569, 5572, 5580, 5577, 5569, 5580, 5572, 5575, 5580, 5484, 5577, 5580, 5485, 5484, 5580, 5486, 5485, 5581, 5570, 5573, 5581, 5578, 5570, 5582, 5579, 5437, 5583, 5486, 5580, 5583, 5580, 5575, 5583, 5487, 5486, 5583, 5488, 5487, 5584, 5573, 5576, 5584, 5581, 5573, 5585, 5582, 5437, 5586, 5583, 5575, 5586, 5578, 5581, 5586, 5489, 5488, 5586, 5490, 5489, 5586, 5488, 5583, 5586, 5575, 5578, 5587, 5584, 5576, 5587, 5576, 5579, 5587, 5579, 5582, 5588, 5585, 5437, 5589, 5490, 5586, 5589, 5491, 5490, 5589, 5492, 5491, 5589, 5581, 5584, 5589, 5586, 5581, 5590, 5587, 5582, 5591, 5437, 5438, 5591, 5588, 5437, 5592, 5493, 5492, 5592, 5494, 5493, 5592, 5584, 5587, 5592, 5492, 5589, 5592, 5589, 5584, 5593, 5582, 5585, 5593, 5590, 5582, 5594, 5494, 5592, 5594, 5495, 5494, 5594, 5496, 5495, 5594, 5592, 5587, 5595, 5585, 5588, 5595, 5593, 5585, 5596, 5496, 5594, 5596, 5497, 5496, 5596, 5498, 5497, 5596, 5587, 5590, 5596, 5590, 5593, 5596, 5594, 5587, 5597, 5438, 5439, 5597, 5591, 5438, 5597, 5588, 5591, 5597, 5595, 5588, 5598, 5498, 5596, 5598, 5499, 5498, 5598, 5500, 5499, 5598, 5596, 5593, 5599, 5593, 5595, 5599, 5500, 5598, 5599, 5501, 5500, 5599, 5502, 5501, 5599, 5598, 5593, 5600, 5439, 5440, 5600, 5595, 5597, 5600, 5599, 5595, 5600, 5440, 5504, 5600, 5502, 5599, 5600, 5503, 5502, 5600, 5504, 5503, 5600, 5597, 5439, 5667, 5601, 5602, 5667, 5666, 5601, 5668, 5602, 5603, 5668, 5667, 5602, 5669, 5603, 5604, 5669, 5668, 5603, 5670, 5604, 5605, 5670, 5669, 5604, 5671, 5605, 5606, 5671, 5670, 5605, 5672, 5606, 5607, 5672, 5607, 5608, 5672, 5671, 5606, 5673, 5672, 5608, 5674, 5608, 5609, 5674, 5673, 5608, 5675, 5609, 5610, 5675, 5674, 5609, 5676, 5610, 5611, 5676, 5675, 5610, 5677, 5611, 5612, 5677, 5676, 5611, 5678, 5612, 5613, 5678, 5677, 5612, 5679, 5613, 5614, 5679, 5614, 5615, 5679, 5678, 5613, 5680, 5615, 5616, 5680, 5679, 5615, 5681, 5680, 5616, 5682, 5616, 5617, 5682, 5617, 5618, 5682, 5681, 5616, 5683, 5682, 5618, 5684, 5683, 5618, 5684, 5618, 5619, 5685, 5684, 5619, 5685, 5619, 5620, 5686, 5685, 5620, 5686, 5620, 5621, 5687, 5686, 5621, 5687, 5621, 5622, 5688, 5687, 5622, 5688, 5622, 5623, 5689, 5623, 5624, 5689, 5688, 5623, 5690, 5624, 5625, 5690, 5689, 5624, 5691, 5625, 5626, 5691, 5690, 5625, 5692, 5626, 5627, 5692, 5691, 5626, 5693, 5627, 5628, 5693, 5692, 5627, 5694, 5628, 5629, 5694, 5693, 5628, 5695, 5629, 5630, 5695, 5694, 5629, 5696, 5630, 5631, 5696, 5695, 5630, 5697, 5631, 5632, 5697, 5696, 5631, 5698, 5632, 5633, 5698, 5697, 5632, 5699, 5633, 5634, 5699, 5634, 5635, 5699, 5698, 5633, 5700, 5699, 5635, 5701, 5635, 5636, 5701, 5700, 5635, 5702, 5636, 5637, 5702, 5701, 5636, 5703, 5637, 5638, 5703, 5702, 5637, 5704, 5638, 5639, 5704, 5639, 5640, 5704, 5703, 5638, 5705, 5704, 5640, 5706, 5640, 5641, 5706, 5705, 5640, 5707, 5641, 5642, 5707, 5706, 5641, 5708, 5642, 5643, 5708, 5707, 5642, 5709, 5708, 5643, 5709, 5643, 5644, 5710, 5709, 5644, 5710, 5644, 5645, 5711, 5710, 5645, 5711, 5645, 5646, 5712, 5711, 5646, 5712, 5646, 5647, 5713, 5712, 5647, 5713, 5647, 5648, 5714, 5713, 5648, 5714, 5648, 5649, 5715, 5714, 5649, 5715, 5649, 5650, 5716, 5715, 5650, 5716, 5650, 5651, 5717, 5716, 5651, 5717, 5651, 5652, 5718, 5717, 5652, 5718, 5652, 5653, 5718, 5653, 5654, 5719, 5718, 5654, 5720, 5719, 5654, 5720, 5654, 5655, 5721, 5720, 5655, 5721, 5655, 5656, 5722, 5656, 5657, 5722, 5721, 5656, 5723, 5657, 5658, 5723, 5722, 5657, 5724, 5658, 5659, 5724, 5723, 5658, 5725, 5659, 5660, 5725, 5724, 5659, 5726, 5660, 5661, 5726, 5725, 5660, 5727, 5661, 5662, 5727, 5726, 5661, 5728, 5662, 5663, 5728, 5727, 5662, 5665, 5663, 5664, 5665, 5728, 5663, 5860, 5729, 5730, 5798, 5797, 5862, 5793, 5791, 5792, 5796, 5859, 5795, 5863, 5730, 5731, 5863, 5731, 5732, 5863, 5860, 5730, 5864, 5732, 5733, 5864, 5733, 5734, 5864, 5863, 5732, 5865, 5861, 5860, 5865, 5860, 5863, 5866, 5734, 5735, 5866, 5735, 5736, 5866, 5864, 5734, 5867, 5865, 5863, 5867, 5863, 5864, 5868, 5736, 5737, 5868, 5737, 5738, 5868, 5866, 5736, 5869, 5862, 5861, 5869, 5861, 5865, 5869, 5799, 5798, 5869, 5800, 5799, 5869, 5798, 5862, 5870, 5864, 5866, 5870, 5867, 5864, 5871, 5738, 5739, 5871, 5739, 5740, 5871, 5868, 5738, 5872, 5865, 5867, 5872, 5869, 5865, 5872, 5801, 5800, 5872, 5802, 5801, 5872, 5800, 5869, 5873, 5866, 5868, 5873, 5870, 5866, 5874, 5740, 5741, 5874, 5741, 5742, 5874, 5871, 5740, 5875, 5802, 5872, 5875, 5803, 5802, 5875, 5804, 5803, 5875, 5872, 5867, 5875, 5867, 5870, 5876, 5873, 5868, 5876, 5868, 5871, 5877, 5874, 5742, 5877, 5742, 5743, 5877, 5743, 5744, 5878, 5875, 5870, 5878, 5804, 5875, 5878, 5870, 5873, 5878, 5805, 5804, 5878, 5806, 5805, 5879, 5871, 5874, 5879, 5876, 5871, 5880, 5877, 5744, 5880, 5744, 5745, 5880, 5745, 5746, 5881, 5806, 5878, 5881, 5807, 5806, 5881, 5808, 5807, 5881, 5878, 5873, 5881, 5873, 5876, 5882, 5874, 5877, 5882, 5879, 5874, 5883, 5746, 5747, 5883, 5747, 5748, 5883, 5880, 5746, 5884, 5876, 5879, 5884, 5808, 5881, 5884, 5809, 5808, 5884, 5810, 5809, 5884, 5881, 5876, 5885, 5877, 5880, 5885, 5882, 5877, 5886, 5748, 5749, 5886, 5749, 5750, 5886, 5883, 5748, 5887, 5879, 5882, 5887, 5810, 5884, 5887, 5884, 5879, 5887, 5811, 5810, 5887, 5812, 5811, 5888, 5880, 5883, 5888, 5885, 5880, 5888, 5883, 5886, 5889, 5750, 5751, 5889, 5886, 5750, 5889, 5751, 5752, 5890, 5887, 5882, 5890, 5882, 5885, 5890, 5812, 5887, 5890, 5813, 5812, 5890, 5814, 5813, 5891, 5888, 5886, 5892, 5889, 5752, 5892, 5752, 5753, 5892, 5753, 5754, 5893, 5885, 5888, 5893, 5814, 5890, 5893, 5890, 5885, 5893, 5815, 5814, 5893, 5816, 5815, 5894, 5886, 5889, 5894, 5891, 5886, 5895, 5754, 5755, 5895, 5755, 5756, 5895, 5892, 5754, 5896, 5816, 5893, 5896, 5893, 5888, 5896, 5888, 5891, 5896, 5817, 5816, 5896, 5818, 5817, 5897, 5894, 5889, 5897, 5889, 5892, 5898, 5895, 5756, 5898, 5756, 5757, 5898, 5757, 5758, 5899, 5891, 5894, 5899, 5896, 5891, 5899, 5818, 5896, 5899, 5819, 5818, 5899, 5820, 5819, 5899, 5894, 5897, 5900, 5897, 5892, 5900, 5892, 5895, 5901, 5898, 5758, 5901, 5758, 5759, 5901, 5759, 5760, 5902, 5820, 5899, 5902, 5899, 5897, 5902, 5821, 5820, 5902, 5822, 5821, 5903, 5900, 5895, 5903, 5895, 5898, 5903, 5898, 5901, 5904, 5901, 5760, 5904, 5760, 5761, 5905, 5897, 5900, 5905, 5900, 5903, 5905, 5902, 5897, 5905, 5823, 5822, 5905, 5824, 5823, 5905, 5822, 5902, 5906, 5903, 5901, 5907, 5904, 5761, 5907, 5761, 5762, 5907, 5762, 5763, 5908, 5824, 5905, 5908, 5905, 5903, 5908, 5825, 5824, 5908, 5826, 5825, 5909, 5904, 5907, 5909, 5901, 5904, 5909, 5906, 5901, 5910, 5763, 5764, 5910, 5764, 5765, 5910, 5907, 5763, 5911, 5826, 5908, 5911, 5908, 5903, 5911, 5903, 5906, 5911, 5827, 5826, 5911, 5828, 5827, 5912, 5907, 5910, 5912, 5909, 5907, 5913, 5910, 5765, 5913, 5765, 5766, 5913, 5766, 5767, 5914, 5828, 5911, 5914, 5911, 5906, 5914, 5906, 5909, 5914, 5829, 5828, 5915, 5912, 5910, 5916, 5913, 5767, 5916, 5767, 5768, 5916, 5768, 5769, 5917, 5831, 5830, 5917, 5909, 5912, 5917, 5829, 5914, 5917, 5914, 5909, 5917, 5830, 5829, 5918, 5915, 5910, 5918, 5913, 5916, 5918, 5910, 5913, 5919, 5769, 5770, 5919, 5770, 5771, 5919, 5916, 5769, 5920, 5832, 5831, 5920, 5833, 5832, 5920, 5915, 5918, 5920, 5831, 5917, 5920, 5917, 5912, 5920, 5912, 5915, 5921, 5918, 5916, 5921, 5916, 5919, 5922, 5771, 5772, 5922, 5772, 5773, 5922, 5919, 5771, 5923, 5834, 5833, 5923, 5835, 5834, 5923, 5920, 5918, 5923, 5833, 5920, 5924, 5921, 5919, 5925, 5773, 5774, 5925, 5774, 5775, 5925, 5922, 5773, 5926, 5836, 5835, 5926, 5837, 5836, 5926, 5923, 5918, 5926, 5835, 5923, 5926, 5918, 5921, 5927, 5924, 5919, 5927, 5919, 5922, 5928, 5775, 5776, 5928, 5776, 5777, 5928, 5925, 5775, 5929, 5838, 5837, 5929, 5921, 5924, 5929, 5839, 5838, 5929, 5926, 5921, 5929, 5837, 5926, 5930, 5927, 5922, 5930, 5922, 5925, 5930, 5925, 5928, 5931, 5777, 5778, 5931, 5778, 5779, 5931, 5928, 5777, 5932, 5840, 5839, 5932, 5841, 5840, 5932, 5839, 5929, 5932, 5929, 5924, 5932, 5924, 5927, 5933, 5930, 5928, 5934, 5779, 5780, 5934, 5780, 5781, 5934, 5931, 5779, 5935, 5842, 5841, 5935, 5843, 5842, 5935, 5927, 5930, 5935, 5841, 5932, 5935, 5932, 5927, 5936, 5928, 5931, 5936, 5933, 5928, 5936, 5931, 5934, 5937, 5781, 5782, 5937, 5782, 5783, 5937, 5934, 5781, 5938, 5844, 5843, 5938, 5845, 5844, 5938, 5843, 5935, 5938, 5930, 5933, 5938, 5935, 5930, 5939, 5936, 5934, 5940, 5783, 5784, 5940, 5784, 5785, 5940, 5937, 5783, 5941, 5846, 5845, 5941, 5847, 5846, 5941, 5845, 5938, 5941, 5933, 5936, 5941, 5938, 5933, 5942, 5934, 5937, 5942, 5939, 5934, 5943, 5785, 5786, 5943, 5786, 5787, 5943, 5940, 5785, 5944, 5848, 5847, 5944, 5849, 5848, 5944, 5936, 5939, 5944, 5847, 5941, 5944, 5941, 5936, 5945, 5937, 5940, 5945, 5942, 5937, 5946, 5787, 5788, 5946, 5788, 5789, 5946, 5943, 5787, 5947, 5944, 5939, 5947, 5942, 5945, 5947, 5850, 5849, 5947, 5851, 5850, 5947, 5939, 5942, 5947, 5849, 5944, 5948, 5945, 5940, 5948, 5940, 5943, 5949, 5789, 5790, 5949, 5790, 5791, 5949, 5946, 5789, 5949, 5791, 5793, 5950, 5945, 5948, 5950, 5851, 5947, 5950, 5852, 5851, 5950, 5853, 5852, 5950, 5947, 5945, 5951, 5943, 5946, 5951, 5948, 5943, 5952, 5950, 5948, 5952, 5853, 5950, 5952, 5854, 5853, 5952, 5855, 5854, 5953, 5946, 5949, 5953, 5951, 5946, 5953, 5949, 5793, 5953, 5793, 5794, 5953, 5794, 5795, 5954, 5948, 5951, 5954, 5952, 5948, 5954, 5856, 5855, 5954, 5857, 5856, 5954, 5855, 5952, 5954, 5951, 5953, 5955, 5795, 5859, 5955, 5858, 5857, 5955, 5859, 5858, 5955, 5953, 5795, 5955, 5954, 5953, 5955, 5857, 5954, 6075, 6011, 6074, 6075, 6012, 6011, 6073, 6074, 6011, 6073, 6010, 6009, 6073, 6011, 6010, 6076, 6013, 6012, 6076, 6012, 6075, 6072, 6073, 6009, 6077, 6014, 6013, 6077, 6013, 6076, 6071, 6009, 6008, 6071, 6072, 6009, 6078, 6015, 6014, 6078, 6014, 6077, 6070, 6008, 6007, 6070, 6071, 6008, 6079, 6016, 6015, 6079, 6015, 6078, 6069, 6007, 6006, 6069, 6070, 6007, 6080, 6016, 6079, 6080, 6017, 6016, 6068, 6069, 6006, 6068, 6006, 6005, 6081, 6017, 6080, 6081, 6018, 6017, 6067, 6068, 6005, 6067, 6005, 6004, 6019, 6018, 6081, 6019, 5956, 6018, 6066, 6067, 6004, 6066, 6004, 6003, 6020, 5957, 5956, 6020, 5956, 6019, 6065, 6066, 6003, 6065, 6003, 6002, 6021, 5958, 5957, 6021, 5957, 6020, 6021, 5959, 5958, 6064, 6065, 6002, 6064, 6002, 6001, 6022, 5959, 6021, 6063, 6064, 6001, 6063, 6001, 6000, 6023, 5960, 5959, 6023, 5959, 6022, 6062, 6063, 6000, 6062, 6000, 5999, 6024, 5961, 5960, 6024, 5960, 6023, 6061, 6062, 5999, 6061, 5999, 5998, 6025, 5962, 5961, 6025, 5961, 6024, 6060, 5998, 5997, 6060, 6061, 5998, 6026, 5963, 5962, 6026, 5962, 6025, 6059, 5997, 5996, 6059, 6060, 5997, 6058, 6059, 5996, 5964, 5963, 6026, 5964, 6026, 6027, 6028, 5964, 6027, 5995, 6058, 5996, 5965, 5964, 6028, 5994, 6057, 6058, 5994, 6058, 5995, 5966, 5965, 6028, 5966, 6028, 6029, 5993, 6056, 6057, 5993, 6057, 5994, 5967, 6029, 6030, 5967, 6030, 6031, 5967, 5966, 6029, 5992, 6056, 5993, 5992, 6055, 6056, 5968, 5967, 6031, 5991, 6055, 5992, 5991, 6054, 6055, 5969, 5968, 6031, 5969, 6031, 6032, 5990, 6054, 5991, 5990, 6052, 6053, 5990, 6053, 6054, 5970, 5969, 6032, 5970, 6032, 6033, 5989, 6052, 5990, 5971, 5970, 6033, 5971, 6033, 6034, 5988, 6052, 5989, 5988, 6051, 6052, 5972, 5971, 6034, 5972, 6034, 6035, 5972, 6035, 6036, 5987, 6051, 5988, 5987, 6050, 6051, 5973, 5972, 6036, 5973, 6036, 6037, 5986, 6050, 5987, 5986, 6049, 6050, 5974, 5973, 6037, 5985, 6049, 5986, 5985, 6048, 6049, 5975, 5974, 6037, 5975, 6037, 6038, 5975, 6038, 6039, 5984, 6048, 5985, 5984, 6047, 6048, 5976, 5975, 6039, 5976, 6039, 6040, 5983, 6047, 5984, 5983, 6046, 6047, 5977, 5976, 6040, 5982, 6046, 5983, 5982, 6045, 6046, 5978, 5977, 6040, 5978, 6040, 6041, 5981, 6045, 5982, 5981, 6044, 6045, 5979, 5978, 6041, 5979, 6041, 6042, 5980, 6044, 5981, 5980, 5979, 6042, 5980, 6042, 6043, 5980, 6043, 6044]
        point3f[] points = [(0.0000, 8.5000, 0.0000), (0.0000, 8.4578, 0.8463), (0.0000, 8.3315, 1.6842), (0.0000, 8.1224, 2.5054), (0.0000, 7.8325, 3.3017), (0.0000, 7.4649, 4.0652), (0.0000, 7.0230, 4.7882), (0.0000, 6.5114, 5.4637), (0.0000, 5.9350, 6.0849), (0.0000, 5.2997, 6.6456), (0.0000, 4.6116, 7.1402), (0.0000, 3.8778, 7.5639), (0.0000, 3.1054, 7.9124), (0.0000, 2.3021, 8.1823), (0.0000, 1.4760, 8.3709), (0.0000, 0.6352, 8.4762), (0.0000, -0.2119, 8.4974), (0.0000, -1.0569, 8.4340), (0.0000, -1.8914, 8.2869), (0.0000, -2.7071, 8.0574), (0.0000, -3.4959, 7.7478), (0.0000, -4.2500, 7.3612), (0.0000, -4.9618, 6.9015), (0.0000, -5.6243, 6.3731), (0.0000, -6.2309, 5.7815), (0.0000, -6.7756, 5.1323), (0.0000, -7.2530, 4.4322), (0.0000, -7.6582, 3.6880), (0.0000, -7.9874, 2.9072), (0.0000, -8.2372, 2.0974), (0.0000, -8.4051, 1.2669), (0.0000, -8.4894, 0.4237), (0.0000, -8.4894, -0.4237), (0.0000, -8.4051, -1.2669), (0.0000, -8.2372, -2.0974), (0.0000, -7.9874, -2.9072), (0.0000, -7.6582, -3.6880), (0.0000, -7.2530, -4.4322), (0.0000, -6.7756, -5.1323), (0.0000, -6.2309, -5.7815), (0.0000, -5.6243, -6.3731), (0.0000, -4.9618, -6.9015), (0.0000, -4.2500, -7.3612), (0.0000, -3.4959, -7.7478), (0.0000, -2.7071, -8.0574), (0.0000, -1.8914, -8.2869), (0.0000, -1.0569, -8.4340), (0.0000, -0.2119, -8.4974), (0.0000, 0.6352, -8.4762), (0.0000, 1.4760, -8.3709), (0.0000, 2.3021, -8.1823), (0.0000, 3.1054, -7.9124), (0.0000, 3.8778, -7.5639), (0.0000, 4.6116, -7.1402), (0.0000, 5.2997, -6.6456), (0.0000, 5.9350, -6.0849), (0.0000, 6.5114, -5.4637), (0.0000, 7.0230, -4.7882), (0.0000, 7.4649, -4.0652), (0.0000, 7.8325, -3.3017), (0.0000, 8.1224, -2.5054), (0.0000, 8.3315, -1.6842), (0.0000, 8.4578, -0.8463), (0.0000, 8.5000, 0.0000), (0.7500, 9.2500, 0.0000), (1.5000, 10.0000, 0.0000), (1.5000, 10.0000, 0.0000), (1.5000, 9.9503, 0.9957), (1.5000, 9.8017, 1.9815), (1.5000, 9.5557, 2.9476), (1.5000, 9.2148, 3.8843), (1.5000, 8.7822, 4.7825), (1.5000, 8.2624, 5.6332), (1.5000, 7.6604, 6.4279), (1.5000, 6.9824, 7.1587), (1.5000, 6.2349, 7.8183), (1.5000, 5.4255, 8.4003), (1.5000, 4.5621, 8.8987), (1.5000, 3.6534, 9.3087), (1.5000, 2.7084, 9.6262), (1.5000, 1.7365, 9.8481), (1.5000, 0.7473, 9.9720), (1.5000, -0.2493, 9.9969), (1.5000, -1.2434, 9.9224), (1.5000, -2.2252, 9.7493), (1.5000, -3.1849, 9.4793), (1.5000, -4.1129, 9.1151), (1.5000, -5.0000, 8.6603), (1.5000, -5.8374, 8.1194), (1.5000, -6.6169, 7.4978), (1.5000, -7.3305, 6.8017), (1.5000, -7.9713, 6.0380), (1.5000, -8.5329, 5.2144), (1.5000, -9.0097, 4.3388), (1.5000, -9.3969, 3.4202), (1.5000, -9.6908, 2.4676), (1.5000, -9.8883, 1.4904), (1.5000, -9.9876, 0.4985), (1.5000, -9.9876, -0.4985), (1.5000, -9.8883, -1.4904), (1.5000, -9.6908, -2.4676), (1.5000, -9.3969, -3.4202), (1.5000, -9.0097, -4.3388), (1.5000, -8.5329, -5.2144), (1.5000, -7.9713, -6.0380), (1.5000, -7.3305, -6.8017), (1.5000, -6.6169, -7.4978), (1.5000, -5.8374, -8.1194), (1.5000, -5.0000, -8.6603), (1.5000, -4.1129, -9.1151), (1.5000, -3.1849, -9.4793), (1.5000, -2.2252, -9.7493), (1.5000, -1.2434, -9.9224), (1.5000, -0.2493, -9.9969), (1.5000, 0.7473, -9.9720), (1.5000, 1.7365, -9.8481), (1.5000, 2.7084, -9.6262), (1.5000, 3.6534, -9.3087), (1.5000, 4.5621, -8.8987), (1.5000, 5.4255, -8.4003), (1.5000, 6.2349, -7.8183), (1.5000, 6.9824, -7.1587), (1.5000, 7.6604, -6.4279), (1.5000, 8.2624, -5.6332), (1.5000, 8.7822, -4.7825), (1.5000, 9.2148, -3.8843), (1.5000, 9.5557, -2.9476), (1.5000, 9.8017, -1.9815), (1.5000, 9.9503, -0.9957), (0.7500, 9.2500, 0.0000), (0.7500, 9.0723, 1.8046), (0.7500, 8.5459, 3.5398), (0.7500, 7.6911, 5.1390), (0.7500, 6.5407, 6.5407), (0.7500, 5.1390, 7.6911), (0.7500, 3.5398, 8.5459), (0.7500, 1.8046, 9.0723), (0.7500, 0.0000, 9.2500), (0.7500, -1.8046, 9.0723), (0.7500, -3.5398, 8.5459), (0.7500, -5.1390, 7.6911), (0.7500, -6.5407, 6.5407), (0.7500, -7.6911, 5.1390), (0.7500, -8.5459, 3.5398), (0.7500, -9.0723, 1.8046), (0.7500, -9.2500, -0.0000), (0.7500, -9.0723, -1.8046), (0.7500, -8.5459, -3.5398), (0.7500, -7.6911, -5.1390), (0.7500, -6.5407, -6.5407), (0.7500, -5.1390, -7.6911), (0.7500, -3.5398, -8.5459), (0.7500, -1.8046, -9.0723), (0.7500, 0.0000, -9.2500), (0.7500, 1.8046, -9.0723), (0.7500, 3.5398, -8.5459), (0.7500, 5.1390, -7.6911), (0.7500, 6.5407, -6.5407), (0.7500, 7.6911, -5.1390), (0.7500, 8.5459, -3.5398), (0.7500, 9.0723, -1.8046), (1.5000, 10.0000, 0.0000), (1.5000, 9.9503, 0.9957), (1.5000, 9.8017, 1.9815), (1.5000, 9.5557, 2.9476), (1.5000, 9.2148, 3.8843), (1.5000, 8.7822, 4.7825), (1.5000, 8.2624, 5.6332), (1.5000, 7.6604, 6.4279), (1.5000, 6.9824, 7.1587), (1.5000, 6.2349, 7.8183), (1.5000, 5.4255, 8.4003), (1.5000, 4.5621, 8.8987), (1.5000, 3.6534, 9.3087), (1.5000, 2.7084, 9.6262), (1.5000, 1.7365, 9.8481), (1.5000, 0.7473, 9.9720), (1.5000, -0.2493, 9.9969), (1.5000, -1.2434, 9.9224), (1.5000, -2.2252, 9.7493), (1.5000, -3.1849, 9.4793), (1.5000, -4.1129, 9.1151), (1.5000, -5.0000, 8.6603), (1.5000, -5.8374, 8.1194), (1.5000, -6.6169, 7.4978), (1.5000, -7.3305, 6.8017), (1.5000, -7.9713, 6.0380), (1.5000, -8.5329, 5.2144), (1.5000, -9.0097, 4.3388), (1.5000, -9.3969, 3.4202), (1.5000, -9.6908, 2.4676), (1.5000, -9.8883, 1.4904), (1.5000, -9.9876, 0.4985), (1.5000, -9.9876, -0.4985), (1.5000, -9.8883, -1.4904), (1.5000, -9.6908, -2.4676), (1.5000, -9.3969, -3.4202), (1.5000, -9.0097, -4.3388), (1.5000, -8.5329, -5.2144), (1.5000, -7.9713, -6.0380), (1.5000, -7.3305, -6.8017), (1.5000, -6.6169, -7.4978), (1.5000, -5.8374, -8.1194), (1.5000, -5.0000, -8.6603), (1.5000, -4.1129, -9.1151), (1.5000, -3.1849, -9.4793), (1.5000, -2.2252, -9.7493), (1.5000, -1.2434, -9.9224), (1.5000, -0.2493, -9.9969), (1.5000, 0.7473, -9.9720), (1.5000, 1.7365, -9.8481), (1.5000, 2.7084, -9.6262), (1.5000, 3.6534, -9.3087), (1.5000, 4.5621, -8.8987), (1.5000, 5.4255, -8.4003), (1.5000, 6.2349, -7.8183), (1.5000, 6.9824, -7.1587), (1.5000, 7.6604, -6.4279), (1.5000, 8.2624, -5.6332), (1.5000, 8.7822, -4.7825), (1.5000, 9.2148, -3.8843), (1.5000, 9.5557, -2.9476), (1.5000, 9.8017, -1.9815), (1.5000, 9.9503, -0.9957), (1.5000, 10.0000, 0.0000), (6.0000, 10.0000, 0.0000), (6.0000, 10.0000, 0.0000), (6.0000, 9.9503, 0.9957), (6.0000, 9.8017, 1.9815), (6.0000, 9.5557, 2.9476), (6.0000, 9.2148, 3.8843), (6.0000, 8.7822, 4.7825), (6.0000, 8.2624, 5.6332), (6.0000, 7.6604, 6.4279), (6.0000, 6.9824, 7.1587), (6.0000, 6.2349, 7.8183), (6.0000, 5.4255, 8.4003), (6.0000, 4.5621, 8.8987), (6.0000, 3.6534, 9.3087), (6.0000, 2.7084, 9.6262), (6.0000, 1.7365, 9.8481), (6.0000, 0.7473, 9.9720), (6.0000, -0.2493, 9.9969), (6.0000, -1.2434, 9.9224), (6.0000, -2.2252, 9.7493), (6.0000, -3.1849, 9.4793), (6.0000, -4.1129, 9.1151), (6.0000, -5.0000, 8.6603), (6.0000, -5.8374, 8.1194), (6.0000, -6.6169, 7.4978), (6.0000, -7.3305, 6.8017), (6.0000, -7.9713, 6.0380), (6.0000, -8.5329, 5.2144), (6.0000, -9.0097, 4.3388), (6.0000, -9.3969, 3.4202), (6.0000, -9.6908, 2.4676), (6.0000, -9.8883, 1.4904), (6.0000, -9.9876, 0.4985), (6.0000, -9.9876, -0.4985), (6.0000, -9.8883, -1.4904), (6.0000, -9.6908, -2.4676), (6.0000, -9.3969, -3.4202), (6.0000, -9.0097, -4.3388), (6.0000, -8.5329, -5.2144), (6.0000, -7.9713, -6.0380), (6.0000, -7.3305, -6.8017), (6.0000, -6.6169, -7.4978), (6.0000, -5.8374, -8.1194), (6.0000, -5.0000, -8.6603), (6.0000, -4.1129, -9.1151), (6.0000, -3.1849, -9.4793), (6.0000, -2.2252, -9.7493), (6.0000, -1.2434, -9.9224), (6.0000, -0.2493, -9.9969), (6.0000, 0.7473, -9.9720), (6.0000, 1.7365, -9.8481), (6.0000, 2.7084, -9.6262), (6.0000, 3.6534, -9.3087), (6.0000, 4.5621, -8.8987), (6.0000, 5.4255, -8.4003), (6.0000, 6.2349, -7.8183), (6.0000, 6.9824, -7.1587), (6.0000, 7.6604, -6.4279), (6.0000, 8.2624, -5.6332), (6.0000, 8.7822, -4.7825), (6.0000, 9.2148, -3.8843), (6.0000, 9.5557, -2.9476), (6.0000, 9.8017, -1.9815), (6.0000, 9.9503, -0.9957), (6.0000, 10.0000, 0.0000), (6.0000, 9.9503, 0.9957), (6.0000, 9.8017, 1.9815), (6.0000, 9.5557, 2.9476), (6.0000, 9.2148, 3.8843), (6.0000, 8.7822, 4.7825), (6.0000, 8.2624, 5.6332), (6.0000, 7.6604, 6.4279), (6.0000, 6.9824, 7.1587), (6.0000, 6.2349, 7.8183), (6.0000, 5.4255, 8.4003), (6.0000, 4.5621, 8.8987), (6.0000, 3.6534, 9.3087), (6.0000, 2.7084, 9.6262), (6.0000, 1.7365, 9.8481), (6.0000, 0.7473, 9.9720), (6.0000, -0.2493, 9.9969), (6.0000, -1.2434, 9.9224), (6.0000, -2.2252, 9.7493), (6.0000, -3.1849, 9.4793), (6.0000, -4.1129, 9.1151), (6.0000, -5.0000, 8.6603), (6.0000, -5.8374, 8.1194), (6.0000, -6.6169, 7.4978), (6.0000, -7.3305, 6.8017), (6.0000, -7.9713, 6.0380), (6.0000, -8.5329, 5.2144), (6.0000, -9.0097, 4.3388), (6.0000, -9.3969, 3.4202), (6.0000, -9.6908, 2.4676), (6.0000, -9.8883, 1.4904), (6.0000, -9.9876, 0.4985), (6.0000, -9.9876, -0.4985), (6.0000, -9.8883, -1.4904), (6.0000, -9.6908, -2.4676), (6.0000, -9.3969, -3.4202), (6.0000, -9.0097, -4.3388), (6.0000, -8.5329, -5.2144), (6.0000, -7.9713, -6.0380), (6.0000, -7.3305, -6.8017), (6.0000, -6.6169, -7.4978), (6.0000, -5.8374, -8.1194), (6.0000, -5.0000, -8.6603), (6.0000, -4.1129, -9.1151), (6.0000, -3.1849, -9.4793), (6.0000, -2.2252, -9.7493), (6.0000, -1.2434, -9.9224), (6.0000, -0.2493, -9.9969), (6.0000, 0.7473, -9.9720), (6.0000, 1.7365, -9.8481), (6.0000, 2.7084, -9.6262), (6.0000, 3.6534, -9.3087), (6.0000, 4.5621, -8.8987), (6.0000, 5.4255, -8.4003), (6.0000, 6.2349, -7.8183), (6.0000, 6.9824, -7.1587), (6.0000, 7.6604, -6.4279), (6.0000, 8.2624, -5.6332), (6.0000, 8.7822, -4.7825), (6.0000, 9.2148, -3.8843), (6.0000, 9.5557, -2.9476), (6.0000, 9.8017, -1.9815), (6.0000, 9.9503, -0.9957), (6.0000, 9.5000, 0.0000), (6.0000, 9.4528, 0.9459), (6.0000, 9.3116, 1.8824), (6.0000, 9.0779, 2.8002), (6.0000, 8.7540, 3.6901), (6.0000, 8.3431, 4.5434), (6.0000, 7.8493, 5.3515), (6.0000, 7.2774, 6.1065), (6.0000, 6.6332, 6.8007), (6.0000, 5.9232, 7.4274), (6.0000, 5.1542, 7.9802), (6.0000, 4.3340, 8.4538), (6.0000, 3.4707, 8.8433), (6.0000, 2.5730, 9.1449), (6.0000, 1.6497, 9.3557), (6.0000, 0.7099, 9.4734), (6.0000, -0.2368, 9.4970), (6.0000, -1.1813, 9.4263), (6.0000, -2.1139, 9.2618), (6.0000, -3.0256, 9.0053), (6.0000, -3.9072, 8.6593), (6.0000, -4.7500, 8.2272), (6.0000, -5.5456, 7.7134), (6.0000, -6.2860, 7.1229), (6.0000, -6.9640, 6.4616), (6.0000, -7.5728, 5.7361), (6.0000, -8.1063, 4.9536), (6.0000, -8.5592, 4.1219), (6.0000, -8.9271, 3.2492), (6.0000, -9.2062, 2.3442), (6.0000, -9.3939, 1.4159), (6.0000, -9.4882, 0.4735), (6.0000, -9.4882, -0.4735), (6.0000, -9.3939, -1.4159), (6.0000, -9.2062, -2.3442), (6.0000, -8.9271, -3.2492), (6.0000, -8.5592, -4.1219), (6.0000, -8.1063, -4.9536), (6.0000, -7.5728, -5.7361), (6.0000, -6.9640, -6.4616), (6.0000, -6.2860, -7.1229), (6.0000, -5.5456, -7.7134), (6.0000, -4.7500, -8.2272), (6.0000, -3.9072, -8.6593), (6.0000, -3.0256, -9.0053), (6.0000, -2.1139, -9.2618), (6.0000, -1.1813, -9.4263), (6.0000, -0.2368, -9.4970), (6.0000, 0.7099, -9.4734), (6.0000, 1.6497, -9.3557), (6.0000, 2.5730, -9.1449), (6.0000, 3.4707, -8.8433), (6.0000, 4.3340, -8.4538), (6.0000, 5.1542, -7.9802), (6.0000, 5.9232, -7.4274), (6.0000, 6.6332, -6.8007), (6.0000, 7.2774, -6.1065), (6.0000, 7.8493, -5.3515), (6.0000, 8.3431, -4.5434), (6.0000, 8.7540, -3.6901), (6.0000, 9.0779, -2.8002), (6.0000, 9.3116, -1.8824), (6.0000, 9.4528, -0.9459), (6.0000, 9.5000, 0.0000), (6.0000, 9.4528, 0.9459), (6.0000, 9.3116, 1.8824), (6.0000, 9.0779, 2.8002), (6.0000, 8.7540, 3.6901), (6.0000, 8.3431, 4.5434), (6.0000, 7.8493, 5.3515), (6.0000, 7.2774, 6.1065), (6.0000, 6.6332, 6.8007), (6.0000, 5.9232, 7.4274), (6.0000, 5.1542, 7.9802), (6.0000, 4.3340, 8.4538), (6.0000, 3.4707, 8.8433), (6.0000, 2.5730, 9.1449), (6.0000, 1.6497, 9.3557), (6.0000, 0.7099, 9.4734), (6.0000, -0.2368, 9.4970), (6.0000, -1.1813, 9.4263), (6.0000, -2.1139, 9.2618), (6.0000, -3.0256, 9.0053), (6.0000, -3.9072, 8.6593), (6.0000, -4.7500, 8.2272), (6.0000, -5.5456, 7.7134), (6.0000, -6.2860, 7.1229), (6.0000, -6.9640, 6.4616), (6.0000, -7.5728, 5.7361), (6.0000, -8.1063, 4.9536), (6.0000, -8.5592, 4.1219), (6.0000, -8.9271, 3.2492), (6.0000, -9.2062, 2.3442), (6.0000, -9.3939, 1.4159), (6.0000, -9.4882, 0.4735), (6.0000, -9.4882, -0.4735), (6.0000, -9.3939, -1.4159), (6.0000, -9.2062, -2.3442), (6.0000, -8.9271, -3.2492), (6.0000, -8.5592, -4.1219), (6.0000, -8.1063, -4.9536), (6.0000, -7.5728, -5.7361), (6.0000, -6.9640, -6.4616), (6.0000, -6.2860, -7.1229), (6.0000, -5.5456, -7.7134), (6.0000, -4.7500, -8.2272), (6.0000, -3.9072, -8.6593), (6.0000, -3.0256, -9.0053), (6.0000, -2.1139, -9.2618), (6.0000, -1.1813, -9.4263), (6.0000, -0.2368, -9.4970), (6.0000, 0.7099, -9.4734), (6.0000, 1.6497, -9.3557), (6.0000, 2.5730, -9.1449), (6.0000, 3.4707, -8.8433), (6.0000, 4.3340, -8.4538), (6.0000, 5.1542, -7.9802), (6.0000, 5.9232, -7.4274), (6.0000, 6.6332, -6.8007), (6.0000, 7.2774, -6.1065), (6.0000, 7.8493, -5.3515), (6.0000, 8.3431, -4.5434), (6.0000, 8.7540, -3.6901), (6.0000, 9.0779, -2.8002), (6.0000, 9.3116, -1.8824), (6.0000, 9.4528, -0.9459), (6.0000, 9.5000, 0.0000), (7.3000, 9.5000, 0.0000), (7.3000, 9.5000, 0.0000), (7.3000, 9.4528, 0.9459), (7.3000, 9.3116, 1.8824), (7.3000, 9.0779, 2.8002), (7.3000, 8.7540, 3.6901), (7.3000, 8.3431, 4.5434), (7.3000, 7.8493, 5.3515), (7.3000, 7.2774, 6.1065), (7.3000, 6.6332, 6.8007), (7.3000, 5.9232, 7.4274), (7.3000, 5.1542, 7.9802), (7.3000, 4.3340, 8.4538), (7.3000, 3.4707, 8.8433), (7.3000, 2.5730, 9.1449), (7.3000, 1.6497, 9.3557), (7.3000, 0.7099, 9.4734), (7.3000, -0.2368, 9.4970), (7.3000, -1.1813, 9.4263), (7.3000, -2.1139, 9.2618), (7.3000, -3.0256, 9.0053), (7.3000, -3.9072, 8.6593), (7.3000, -4.7500, 8.2272), (7.3000, -5.5456, 7.7134), (7.3000, -6.2860, 7.1229), (7.3000, -6.9640, 6.4616), (7.3000, -7.5728, 5.7361), (7.3000, -8.1063, 4.9536), (7.3000, -8.5592, 4.1219), (7.3000, -8.9271, 3.2492), (7.3000, -9.2062, 2.3442), (7.3000, -9.3939, 1.4159), (7.3000, -9.4882, 0.4735), (7.3000, -9.4882, -0.4735), (7.3000, -9.3939, -1.4159), (7.3000, -9.2062, -2.3442), (7.3000, -8.9271, -3.2492), (7.3000, -8.5592, -4.1219), (7.3000, -8.1063, -4.9536), (7.3000, -7.5728, -5.7361), (7.3000, -6.9640, -6.4616), (7.3000, -6.2860, -7.1229), (7.3000, -5.5456, -7.7134), (7.3000, -4.7500, -8.2272), (7.3000, -3.9072, -8.6593), (7.3000, -3.0256, -9.0053), (7.3000, -2.1139, -9.2618), (7.3000, -1.1813, -9.4263), (7.3000, -0.2368, -9.4970), (7.3000, 0.7099, -9.4734), (7.3000, 1.6497, -9.3557), (7.3000, 2.5730, -9.1449), (7.3000, 3.4707, -8.8433), (7.3000, 4.3340, -8.4538), (7.3000, 5.1542, -7.9802), (7.3000, 5.9232, -7.4274), (7.3000, 6.6332, -6.8007), (7.3000, 7.2774, -6.1065), (7.3000, 7.8493, -5.3515), (7.3000, 8.3431, -4.5434), (7.3000, 8.7540, -3.6901), (7.3000, 9.0779, -2.8002), (7.3000, 9.3116, -1.8824), (7.3000, 9.4528, -0.9459), (7.3000, 10.0000, 0.0000), (7.3000, 9.9503, 0.9957), (7.3000, 9.8017, 1.9815), (7.3000, 9.5557, 2.9476), (7.3000, 9.2148, 3.8843), (7.3000, 8.7822, 4.7825), (7.3000, 8.2624, 5.6332), (7.3000, 7.6604, 6.4279), (7.3000, 6.9824, 7.1587), (7.3000, 6.2349, 7.8183), (7.3000, 5.4255, 8.4003), (7.3000, 4.5621, 8.8987), (7.3000, 3.6534, 9.3087), (7.3000, 2.7084, 9.6262), (7.3000, 1.7365, 9.8481), (7.3000, 0.7473, 9.9720), (7.3000, -0.2493, 9.9969), (7.3000, -1.2434, 9.9224), (7.3000, -2.2252, 9.7493), (7.3000, -3.1849, 9.4793), (7.3000, -4.1129, 9.1151), (7.3000, -5.0000, 8.6603), (7.3000, -5.8374, 8.1194), (7.3000, -6.6169, 7.4978), (7.3000, -7.3305, 6.8017), (7.3000, -7.9713, 6.0380), (7.3000, -8.5329, 5.2144), (7.3000, -9.0097, 4.3388), (7.3000, -9.3969, 3.4202), (7.3000, -9.6908, 2.4676), (7.3000, -9.8883, 1.4904), (7.3000, -9.9876, 0.4985), (7.3000, -9.9876, -0.4985), (7.3000, -9.8883, -1.4904), (7.3000, -9.6908, -2.4676), (7.3000, -9.3969, -3.4202), (7.3000, -9.0097, -4.3388), (7.3000, -8.5329, -5.2144), (7.3000, -7.9713, -6.0380), (7.3000, -7.3305, -6.8017), (7.3000, -6.6169, -7.4978), (7.3000, -5.8374, -8.1194), (7.3000, -5.0000, -8.6603), (7.3000, -4.1129, -9.1151), (7.3000, -3.1849, -9.4793), (7.3000, -2.2252, -9.7493), (7.3000, -1.2434, -9.9224), (7.3000, -0.2493, -9.9969), (7.3000, 0.7473, -9.9720), (7.3000, 1.7365, -9.8481), (7.3000, 2.7084, -9.6262), (7.3000, 3.6534, -9.3087), (7.3000, 4.5621, -8.8987), (7.3000, 5.4255, -8.4003), (7.3000, 6.2349, -7.8183), (7.3000, 6.9824, -7.1587), (7.3000, 7.6604, -6.4279), (7.3000, 8.2624, -5.6332), (7.3000, 8.7822, -4.7825), (7.3000, 9.2148, -3.8843), (7.3000, 9.5557, -2.9476), (7.3000, 9.8017, -1.9815), (7.3000, 9.9503, -0.9957), (7.3000, 9.5000, 0.0000), (7.3000, 9.4528, 0.9459), (7.3000, 9.3116, 1.8824), (7.3000, 9.0779, 2.8002), (7.3000, 8.7540, 3.6901), (7.3000, 8.3431, 4.5434), (7.3000, 7.8493, 5.3515), (7.3000, 7.2774, 6.1065), (7.3000, 6.6332, 6.8007), (7.3000, 5.9232, 7.4274), (7.3000, 5.1542, 7.9802), (7.3000, 4.3340, 8.4538), (7.3000, 3.4707, 8.8433), (7.3000, 2.5730, 9.1449), (7.3000, 1.6497, 9.3557), (7.3000, 0.7099, 9.4734), (7.3000, -0.2368, 9.4970), (7.3000, -1.1813, 9.4263), (7.3000, -2.1139, 9.2618), (7.3000, -3.0256, 9.0053), (7.3000, -3.9072, 8.6593), (7.3000, -4.7500, 8.2272), (7.3000, -5.5456, 7.7134), (7.3000, -6.2860, 7.1229), (7.3000, -6.9640, 6.4616), (7.3000, -7.5728, 5.7361), (7.3000, -8.1063, 4.9536), (7.3000, -8.5592, 4.1219), (7.3000, -8.9271, 3.2492), (7.3000, -9.2062, 2.3442), (7.3000, -9.3939, 1.4159), (7.3000, -9.4882, 0.4735), (7.3000, -9.4882, -0.4735), (7.3000, -9.3939, -1.4159), (7.3000, -9.2062, -2.3442), (7.3000, -8.9271, -3.2492), (7.3000, -8.5592, -4.1219), (7.3000, -8.1063, -4.9536), (7.3000, -7.5728, -5.7361), (7.3000, -6.9640, -6.4616), (7.3000, -6.2860, -7.1229), (7.3000, -5.5456, -7.7134), (7.3000, -4.7500, -8.2272), (7.3000, -3.9072, -8.6593), (7.3000, -3.0256, -9.0053), (7.3000, -2.1139, -9.2618), (7.3000, -1.1813, -9.4263), (7.3000, -0.2368, -9.4970), (7.3000, 0.7099, -9.4734), (7.3000, 1.6497, -9.3557), (7.3000, 2.5730, -9.1449), (7.3000, 3.4707, -8.8433), (7.3000, 4.3340, -8.4538), (7.3000, 5.1542, -7.9802), (7.3000, 5.9232, -7.4274), (7.3000, 6.6332, -6.8007), (7.3000, 7.2774, -6.1065), (7.3000, 7.8493, -5.3515), (7.3000, 8.3431, -4.5434), (7.3000, 8.7540, -3.6901), (7.3000, 9.0779, -2.8002), (7.3000, 9.3116, -1.8824), (7.3000, 9.4528, -0.9459), (7.3000, 10.0000, 0.0000), (7.3000, 9.9503, 0.9957), (7.3000, 9.8017, 1.9815), (7.3000, 9.5557, 2.9476), (7.3000, 9.2148, 3.8843), (7.3000, 8.7822, 4.7825), (7.3000, 8.2624, 5.6332), (7.3000, 7.6604, 6.4279), (7.3000, 6.9824, 7.1587), (7.3000, 6.2349, 7.8183), (7.3000, 5.4255, 8.4003), (7.3000, 4.5621, 8.8987), (7.3000, 3.6534, 9.3087), (7.3000, 2.7084, 9.6262), (7.3000, 1.7365, 9.8481), (7.3000, 0.7473, 9.9720), (7.3000, -0.2493, 9.9969), (7.3000, -1.2434, 9.9224), (7.3000, -2.2252, 9.7493), (7.3000, -3.1849, 9.4793), (7.3000, -4.1129, 9.1151), (7.3000, -5.0000, 8.6603), (7.3000, -5.8374, 8.1194), (7.3000, -6.6169, 7.4978), (7.3000, -7.3305, 6.8017), (7.3000, -7.9713, 6.0380), (7.3000, -8.5329, 5.2144), (7.3000, -9.0097, 4.3388), (7.3000, -9.3969, 3.4202), (7.3000, -9.6908, 2.4676), (7.3000, -9.8883, 1.4904), (7.3000, -9.9876, 0.4985), (7.3000, -9.9876, -0.4985), (7.3000, -9.8883, -1.4904), (7.3000, -9.6908, -2.4676), (7.3000, -9.3969, -3.4202), (7.3000, -9.0097, -4.3388), (7.3000, -8.5329, -5.2144), (7.3000, -7.9713, -6.0380), (7.3000, -7.3305, -6.8017), (7.3000, -6.6169, -7.4978), (7.3000, -5.8374, -8.1194), (7.3000, -5.0000, -8.6603), (7.3000, -4.1129, -9.1151), (7.3000, -3.1849, -9.4793), (7.3000, -2.2252, -9.7493), (7.3000, -1.2434, -9.9224), (7.3000, -0.2493, -9.9969), (7.3000, 0.7473, -9.9720), (7.3000, 1.7365, -9.8481), (7.3000, 2.7084, -9.6262), (7.3000, 3.6534, -9.3087), (7.3000, 4.5621, -8.8987), (7.3000, 5.4255, -8.4003), (7.3000, 6.2349, -7.8183), (7.3000, 6.9824, -7.1587), (7.3000, 7.6604, -6.4279), (7.3000, 8.2624, -5.6332), (7.3000, 8.7822, -4.7825), (7.3000, 9.2148, -3.8843), (7.3000, 9.5557, -2.9476), (7.3000, 9.8017, -1.9815), (7.3000, 9.9503, -0.9957), (7.3000, 10.0000, 0.0000), (18.5000, 10.0000, 0.0000), (18.5000, 10.0000, 0.0000), (18.5000, 9.9503, 0.9957), (18.5000, 9.8017, 1.9815), (18.5000, 9.5557, 2.9476), (18.5000, 9.2148, 3.8843), (18.5000, 8.7822, 4.7825), (18.5000, 8.2624, 5.6332), (18.5000, 7.6604, 6.4279), (18.5000, 6.9824, 7.1587), (18.5000, 6.2349, 7.8183), (18.5000, 5.4255, 8.4003), (18.5000, 4.5621, 8.8987), (18.5000, 3.6534, 9.3087), (18.5000, 2.7084, 9.6262), (18.5000, 1.7365, 9.8481), (18.5000, 0.7473, 9.9720), (18.5000, -0.2493, 9.9969), (18.5000, -1.2434, 9.9224), (18.5000, -2.2252, 9.7493), (18.5000, -3.1849, 9.4793), (18.5000, -4.1129, 9.1151), (18.5000, -5.0000, 8.6603), (18.5000, -5.8374, 8.1194), (18.5000, -6.6169, 7.4978), (18.5000, -7.3305, 6.8017), (18.5000, -7.9713, 6.0380), (18.5000, -8.5329, 5.2144), (18.5000, -9.0097, 4.3388), (18.5000, -9.3969, 3.4202), (18.5000, -9.6908, 2.4676), (18.5000, -9.8883, 1.4904), (18.5000, -9.9876, 0.4985), (18.5000, -9.9876, -0.4985), (18.5000, -9.8883, -1.4904), (18.5000, -9.6908, -2.4676), (18.5000, -9.3969, -3.4202), (18.5000, -9.0097, -4.3388), (18.5000, -8.5329, -5.2144), (18.5000, -7.9713, -6.0380), (18.5000, -7.3305, -6.8017), (18.5000, -6.6169, -7.4978), (18.5000, -5.8374, -8.1194), (18.5000, -5.0000, -8.6603), (18.5000, -4.1129, -9.1151), (18.5000, -3.1849, -9.4793), (18.5000, -2.2252, -9.7493), (18.5000, -1.2434, -9.9224), (18.5000, -0.2493, -9.9969), (18.5000, 0.7473, -9.9720), (18.5000, 1.7365, -9.8481), (18.5000, 2.7084, -9.6262), (18.5000, 3.6534, -9.3087), (18.5000, 4.5621, -8.8987), (18.5000, 5.4255, -8.4003), (18.5000, 6.2349, -7.8183), (18.5000, 6.9824, -7.1587), (18.5000, 7.6604, -6.4279), (18.5000, 8.2624, -5.6332), (18.5000, 8.7822, -4.7825), (18.5000, 9.2148, -3.8843), (18.5000, 9.5557, -2.9476), (18.5000, 9.8017, -1.9815), (18.5000, 9.9503, -0.9957), (18.5000, 10.0000, 0.0000), (18.5000, 9.9503, 0.9957), (18.5000, 9.8017, 1.9815), (18.5000, 9.5557, 2.9476), (18.5000, 9.2148, 3.8843), (18.5000, 8.7822, 4.7825), (18.5000, 8.2624, 5.6332), (18.5000, 7.6604, 6.4279), (18.5000, 6.9824, 7.1587), (18.5000, 6.2349, 7.8183), (18.5000, 5.4255, 8.4003), (18.5000, 4.5621, 8.8987), (18.5000, 3.6534, 9.3087), (18.5000, 2.7084, 9.6262), (18.5000, 1.7365, 9.8481), (18.5000, 0.7473, 9.9720), (18.5000, -0.2493, 9.9969), (18.5000, -1.2434, 9.9224), (18.5000, -2.2252, 9.7493), (18.5000, -3.1849, 9.4793), (18.5000, -4.1129, 9.1151), (18.5000, -5.0000, 8.6603), (18.5000, -5.8374, 8.1194), (18.5000, -6.6169, 7.4978), (18.5000, -7.3305, 6.8017), (18.5000, -7.9713, 6.0380), (18.5000, -8.5329, 5.2144), (18.5000, -9.0097, 4.3388), (18.5000, -9.3969, 3.4202), (18.5000, -9.6908, 2.4676), (18.5000, -9.8883, 1.4904), (18.5000, -9.9876, 0.4985), (18.5000, -9.9876, -0.4985), (18.5000, -9.8883, -1.4904), (18.5000, -9.6908, -2.4676), (18.5000, -9.3969, -3.4202), (18.5000, -9.0097, -4.3388), (18.5000, -8.5329, -5.2144), (18.5000, -7.9713, -6.0380), (18.5000, -7.3305, -6.8017), (18.5000, -6.6169, -7.4978), (18.5000, -5.8374, -8.1194), (18.5000, -5.0000, -8.6603), (18.5000, -4.1129, -9.1151), (18.5000, -3.1849, -9.4793), (18.5000, -2.2252, -9.7493), (18.5000, -1.2434, -9.9224), (18.5000, -0.2493, -9.9969), (18.5000, 0.7473, -9.9720), (18.5000, 1.7365, -9.8481), (18.5000, 2.7084, -9.6262), (18.5000, 3.6534, -9.3087), (18.5000, 4.5621, -8.8987), (18.5000, 5.4255, -8.4003), (18.5000, 6.2349, -7.8183), (18.5000, 6.9824, -7.1587), (18.5000, 7.6604, -6.4279), (18.5000, 8.2624, -5.6332), (18.5000, 8.7822, -4.7825), (18.5000, 9.2148, -3.8843), (18.5000, 9.5557, -2.9476), (18.5000, 9.8017, -1.9815), (18.5000, 9.9503, -0.9957), (18.5000, 10.0000, 0.0000), (18.7347, 10.0185, 0.0000), (18.7347, 10.0185, 0.0000), (18.7347, 9.9687, 0.9975), (18.7347, 9.8198, 1.9851), (18.7347, 9.5734, 2.9530), (18.7347, 9.2318, 3.8915), (18.7347, 8.7984, 4.7914), (18.7347, 8.2776, 5.6436), (18.7347, 7.6746, 6.4397), (18.7347, 6.9953, 7.1719), (18.7347, 6.2464, 7.8328), (18.7347, 5.4355, 8.4158), (18.7347, 4.5705, 8.9152), (18.7347, 3.6602, 9.3259), (18.7347, 2.7134, 9.6440), (18.7347, 1.7397, 9.8663), (18.7347, 0.7487, 9.9905), (18.7347, -0.2498, 10.0154), (18.7347, -1.2457, 9.9407), (18.7347, -2.2293, 9.7673), (18.7347, -3.1907, 9.4968), (18.7347, -4.1205, 9.1319), (18.7347, -5.0092, 8.6762), (18.7347, -5.8482, 8.1344), (18.7347, -6.6291, 7.5117), (18.7347, -7.3441, 6.8143), (18.7347, -7.9860, 6.0492), (18.7347, -8.5487, 5.2240), (18.7347, -9.0263, 4.3469), (18.7347, -9.4143, 3.4265), (18.7347, -9.7087, 2.4721), (18.7347, -9.9066, 1.4932), (18.7347, -10.0060, 0.4994), (18.7347, -10.0060, -0.4994), (18.7347, -9.9066, -1.4932), (18.7347, -9.7087, -2.4721), (18.7347, -9.4143, -3.4265), (18.7347, -9.0263, -4.3469), (18.7347, -8.5487, -5.2240), (18.7347, -7.9860, -6.0492), (18.7347, -7.3441, -6.8143), (18.7347, -6.6291, -7.5117), (18.7347, -5.8482, -8.1344), (18.7347, -5.0092, -8.6762), (18.7347, -4.1205, -9.1319), (18.7347, -3.1907, -9.4968), (18.7347, -2.2293, -9.7673), (18.7347, -1.2457, -9.9407), (18.7347, -0.2498, -10.0154), (18.7347, 0.7487, -9.9905), (18.7347, 1.7397, -9.8663), (18.7347, 2.7134, -9.6440), (18.7347, 3.6602, -9.3259), (18.7347, 4.5705, -8.9152), (18.7347, 5.4355, -8.4158), (18.7347, 6.2464, -7.8328), (18.7347, 6.9953, -7.1719), (18.7347, 7.6746, -6.4397), (18.7347, 8.2776, -5.6436), (18.7347, 8.7984, -4.7914), (18.7347, 9.2318, -3.8915), (18.7347, 9.5734, -2.9530), (18.7347, 9.8198, -1.9851), (18.7347, 9.9687, -0.9975), (18.7347, 10.0185, 0.0000), (18.7347, 9.9687, 0.9975), (18.7347, 9.8198, 1.9851), (18.7347, 9.5734, 2.9530), (18.7347, 9.2318, 3.8915), (18.7347, 8.7984, 4.7914), (18.7347, 8.2776, 5.6436), (18.7347, 7.6746, 6.4397), (18.7347, 6.9953, 7.1719), (18.7347, 6.2464, 7.8328), (18.7347, 5.4355, 8.4158), (18.7347, 4.5705, 8.9152), (18.7347, 3.6602, 9.3259), (18.7347, 2.7134, 9.6440), (18.7347, 1.7397, 9.8663), (18.7347, 0.7487, 9.9905), (18.7347, -0.2498, 10.0154), (18.7347, -1.2457, 9.9407), (18.7347, -2.2293, 9.7673), (18.7347, -3.1907, 9.4968), (18.7347, -4.1205, 9.1319), (18.7347, -5.0092, 8.6762), (18.7347, -5.8482, 8.1344), (18.7347, -6.6291, 7.5117), (18.7347, -7.3441, 6.8143), (18.7347, -7.9860, 6.0492), (18.7347, -8.5487, 5.2240), (18.7347, -9.0263, 4.3469), (18.7347, -9.4143, 3.4265), (18.7347, -9.7087, 2.4721), (18.7347, -9.9066, 1.4932), (18.7347, -10.0060, 0.4994), (18.7347, -10.0060, -0.4994), (18.7347, -9.9066, -1.4932), (18.7347, -9.7087, -2.4721), (18.7347, -9.4143, -3.4265), (18.7347, -9.0263, -4.3469), (18.7347, -8.5487, -5.2240), (18.7347, -7.9860, -6.0492), (18.7347, -7.3441, -6.8143), (18.7347, -6.6291, -7.5117), (18.7347, -5.8482, -8.1344), (18.7347, -5.0092, -8.6762), (18.7347, -4.1205, -9.1319), (18.7347, -3.1907, -9.4968), (18.7347, -2.2293, -9.7673), (18.7347, -1.2457, -9.9407), (18.7347, -0.2498, -10.0154), (18.7347, 0.7487, -9.9905), (18.7347, 1.7397, -9.8663), (18.7347, 2.7134, -9.6440), (18.7347, 3.6602, -9.3259), (18.7347, 4.5705, -8.9152), (18.7347, 5.4355, -8.4158), (18.7347, 6.2464, -7.8328), (18.7347, 6.9953, -7.1719), (18.7347, 7.6746, -6.4397), (18.7347, 8.2776, -5.6436), (18.7347, 8.7984, -4.7914), (18.7347, 9.2318, -3.8915), (18.7347, 9.5734, -2.9530), (18.7347, 9.8198, -1.9851), (18.7347, 9.9687, -0.9975), (18.7347, 10.0185, 0.0000), (18.9635, 10.0734, 0.0000), (18.9635, 10.0734, 0.0000), (18.9635, 10.0234, 1.0030), (18.9635, 9.8737, 1.9960), (18.9635, 9.6259, 2.9692), (18.9635, 9.2824, 3.9129), (18.9635, 8.8467, 4.8177), (18.9635, 8.3230, 5.6746), (18.9635, 7.7167, 6.4751), (18.9635, 7.0336, 7.2112), (18.9635, 6.2807, 7.8757), (18.9635, 5.4653, 8.4619), (18.9635, 4.5956, 8.9640), (18.9635, 3.6802, 9.3771), (18.9635, 2.7283, 9.6969), (18.9635, 1.7492, 9.9204), (18.9635, 0.7528, 10.0452), (18.9635, -0.2511, 10.0703), (18.9635, -1.2526, 9.9952), (18.9635, -2.2415, 9.8209), (18.9635, -3.2082, 9.5489), (18.9635, -4.1431, 9.1820), (18.9635, -5.0367, 8.7238), (18.9635, -5.8803, 8.1790), (18.9635, -6.6654, 7.5529), (18.9635, -7.3843, 6.8517), (18.9635, -8.0298, 6.0824), (18.9635, -8.5956, 5.2526), (18.9635, -9.0758, 4.3707), (18.9635, -9.4659, 3.4453), (18.9635, -9.7619, 2.4857), (18.9635, -9.9609, 1.5014), (18.9635, -10.0609, 0.5021), (18.9635, -10.0609, -0.5021), (18.9635, -9.9609, -1.5014), (18.9635, -9.7619, -2.4857), (18.9635, -9.4659, -3.4453), (18.9635, -9.0758, -4.3707), (18.9635, -8.5956, -5.2526), (18.9635, -8.0298, -6.0824), (18.9635, -7.3843, -6.8517), (18.9635, -6.6654, -7.5529), (18.9635, -5.8803, -8.1790), (18.9635, -5.0367, -8.7238), (18.9635, -4.1431, -9.1820), (18.9635, -3.2082, -9.5489), (18.9635, -2.2415, -9.8209), (18.9635, -1.2526, -9.9952), (18.9635, -0.2511, -10.0703), (18.9635, 0.7528, -10.0452), (18.9635, 1.7492, -9.9204), (18.9635, 2.7283, -9.6969), (18.9635, 3.6802, -9.3771), (18.9635, 4.5956, -8.9640), (18.9635, 5.4653, -8.4619), (18.9635, 6.2807, -7.8757), (18.9635, 7.0336, -7.2112), (18.9635, 7.7167, -6.4751), (18.9635, 8.3230, -5.6746), (18.9635, 8.8467, -4.8177), (18.9635, 9.2824, -3.9129), (18.9635, 9.6259, -2.9692), (18.9635, 9.8737, -1.9960), (18.9635, 10.0234, -1.0030), (18.9635, 10.0734, 0.0000), (18.9635, 10.0234, 1.0030), (18.9635, 9.8737, 1.9960), (18.9635, 9.6259, 2.9692), (18.9635, 9.2824, 3.9129), (18.9635, 8.8467, 4.8177), (18.9635, 8.3230, 5.6746), (18.9635, 7.7167, 6.4751), (18.9635, 7.0336, 7.2112), (18.9635, 6.2807, 7.8757), (18.9635, 5.4653, 8.4619), (18.9635, 4.5956, 8.9640), (18.9635, 3.6802, 9.3771), (18.9635, 2.7283, 9.6969), (18.9635, 1.7492, 9.9204), (18.9635, 0.7528, 10.0452), (18.9635, -0.2511, 10.0703), (18.9635, -1.2526, 9.9952), (18.9635, -2.2415, 9.8209), (18.9635, -3.2082, 9.5489), (18.9635, -4.1431, 9.1820), (18.9635, -5.0367, 8.7238), (18.9635, -5.8803, 8.1790), (18.9635, -6.6654, 7.5529), (18.9635, -7.3843, 6.8517), (18.9635, -8.0298, 6.0824), (18.9635, -8.5956, 5.2526), (18.9635, -9.0758, 4.3707), (18.9635, -9.4659, 3.4453), (18.9635, -9.7619, 2.4857), (18.9635, -9.9609, 1.5014), (18.9635, -10.0609, 0.5021), (18.9635, -10.0609, -0.5021), (18.9635, -9.9609, -1.5014), (18.9635, -9.7619, -2.4857), (18.9635, -9.4659, -3.4453), (18.9635, -9.0758, -4.3707), (18.9635, -8.5956, -5.2526), (18.9635, -8.0298, -6.0824), (18.9635, -7.3843, -6.8517), (18.9635, -6.6654, -7.5529), (18.9635, -5.8803, -8.1790), (18.9635, -5.0367, -8.7238), (18.9635, -4.1431, -9.1820), (18.9635, -3.2082, -9.5489), (18.9635, -2.2415, -9.8209), (18.9635, -1.2526, -9.9952), (18.9635, -0.2511, -10.0703), (18.9635, 0.7528, -10.0452), (18.9635, 1.7492, -9.9204), (18.9635, 2.7283, -9.6969), (18.9635, 3.6802, -9.3771), (18.9635, 4.5956, -8.9640), (18.9635, 5.4653, -8.4619), (18.9635, 6.2807, -7.8757), (18.9635, 7.0336, -7.2112), (18.9635, 7.7167, -6.4751), (18.9635, 8.3230, -5.6746), (18.9635, 8.8467, -4.8177), (18.9635, 9.2824, -3.9129), (18.9635, 9.6259, -2.9692), (18.9635, 9.8737, -1.9960), (18.9635, 10.0234, -1.0030), (18.9635, 10.0734, 0.0000), (19.1810, 10.1635, 0.0000), (19.1810, 10.1635, 0.0000), (19.1810, 10.1130, 1.0120), (19.1810, 9.9620, 2.0139), (19.1810, 9.7120, 2.9957), (19.1810, 9.3654, 3.9479), (19.1810, 8.9258, 4.8607), (19.1810, 8.3975, 5.7253), (19.1810, 7.7857, 6.5330), (19.1810, 7.0965, 7.2757), (19.1810, 6.3368, 7.9461), (19.1810, 5.5142, 8.5376), (19.1810, 4.6367, 9.0442), (19.1810, 3.7131, 9.4609), (19.1810, 2.7527, 9.7836), (19.1810, 1.7649, 10.0091), (19.1810, 0.7595, 10.1351), (19.1810, -0.2534, 10.1603), (19.1810, -1.2638, 10.0846), (19.1810, -2.2616, 9.9087), (19.1810, -3.2369, 9.6343), (19.1810, -4.1801, 9.2641), (19.1810, -5.0817, 8.8018), (19.1810, -5.9329, 8.2521), (19.1810, -6.7250, 7.6204), (19.1810, -7.4504, 6.9129), (19.1810, -8.1016, 6.1368), (19.1810, -8.6724, 5.2996), (19.1810, -9.1570, 4.4098), (19.1810, -9.5506, 3.4761), (19.1810, -9.8492, 2.5079), (19.1810, -10.0500, 1.5148), (19.1810, -10.1509, 0.5066), (19.1810, -10.1509, -0.5066), (19.1810, -10.0500, -1.5148), (19.1810, -9.8492, -2.5079), (19.1810, -9.5506, -3.4761), (19.1810, -9.1570, -4.4098), (19.1810, -8.6724, -5.2996), (19.1810, -8.1016, -6.1368), (19.1810, -7.4504, -6.9129), (19.1810, -6.7250, -7.6204), (19.1810, -5.9329, -8.2521), (19.1810, -5.0817, -8.8018), (19.1810, -4.1801, -9.2641), (19.1810, -3.2369, -9.6343), (19.1810, -2.2616, -9.9087), (19.1810, -1.2638, -10.0846), (19.1810, -0.2534, -10.1603), (19.1810, 0.7595, -10.1351), (19.1810, 1.7649, -10.0091), (19.1810, 2.7527, -9.7836), (19.1810, 3.7131, -9.4609), (19.1810, 4.6367, -9.0442), (19.1810, 5.5142, -8.5376), (19.1810, 6.3368, -7.9461), (19.1810, 7.0965, -7.2757), (19.1810, 7.7857, -6.5330), (19.1810, 8.3975, -5.7253), (19.1810, 8.9258, -4.8607), (19.1810, 9.3654, -3.9479), (19.1810, 9.7120, -2.9957), (19.1810, 9.9620, -2.0139), (19.1810, 10.1130, -1.0120), (19.1810, 10.1635, 0.0000), (19.1810, 10.1130, 1.0120), (19.1810, 9.9620, 2.0139), (19.1810, 9.7120, 2.9957), (19.1810, 9.3654, 3.9479), (19.1810, 8.9258, 4.8607), (19.1810, 8.3975, 5.7253), (19.1810, 7.7857, 6.5330), (19.1810, 7.0965, 7.2757), (19.1810, 6.3368, 7.9461), (19.1810, 5.5142, 8.5376), (19.1810, 4.6367, 9.0442), (19.1810, 3.7131, 9.4609), (19.1810, 2.7527, 9.7836), (19.1810, 1.7649, 10.0091), (19.1810, 0.7595, 10.1351), (19.1810, -0.2534, 10.1603), (19.1810, -1.2638, 10.0846), (19.1810, -2.2616, 9.9087), (19.1810, -3.2369, 9.6343), (19.1810, -4.1801, 9.2641), (19.1810, -5.0817, 8.8018), (19.1810, -5.9329, 8.2521), (19.1810, -6.7250, 7.6204), (19.1810, -7.4504, 6.9129), (19.1810, -8.1016, 6.1368), (19.1810, -8.6724, 5.2996), (19.1810, -9.1570, 4.4098), (19.1810, -9.5506, 3.4761), (19.1810, -9.8492, 2.5079), (19.1810, -10.0500, 1.5148), (19.1810, -10.1509, 0.5066), (19.1810, -10.1509, -0.5066), (19.1810, -10.0500, -1.5148), (19.1810, -9.8492, -2.5079), (19.1810, -9.5506, -3.4761), (19.1810, -9.1570, -4.4098), (19.1810, -8.6724, -5.2996), (19.1810, -8.1016, -6.1368), (19.1810, -7.4504, -6.9129), (19.1810, -6.7250, -7.6204), (19.1810, -5.9329, -8.2521), (19.1810, -5.0817, -8.8018), (19.1810, -4.1801, -9.2641), (19.1810, -3.2369, -9.6343), (19.1810, -2.2616, -9.9087), (19.1810, -1.2638, -10.0846), (19.1810, -0.2534, -10.1603), (19.1810, 0.7595, -10.1351), (19.1810, 1.7649, -10.0091), (19.1810, 2.7527, -9.7836), (19.1810, 3.7131, -9.4609), (19.1810, 4.6367, -9.0442), (19.1810, 5.5142, -8.5376), (19.1810, 6.3368, -7.9461), (19.1810, 7.0965, -7.2757), (19.1810, 7.7857, -6.5330), (19.1810, 8.3975, -5.7253), (19.1810, 8.9258, -4.8607), (19.1810, 9.3654, -3.9479), (19.1810, 9.7120, -2.9957), (19.1810, 9.9620, -2.0139), (19.1810, 10.1130, -1.0120), (19.1810, 10.1635, 0.0000), (19.3817, 10.2865, 0.0000), (19.3817, 10.2865, 0.0000), (19.3817, 10.2354, 1.0242), (19.3817, 10.0825, 2.0382), (19.3817, 9.8295, 3.0320), (19.3817, 9.4787, 3.9956), (19.3817, 9.0338, 4.9195), (19.3817, 8.4991, 5.7946), (19.3817, 7.8799, 6.6120), (19.3817, 7.1824, 7.3637), (19.3817, 6.4135, 8.0423), (19.3817, 5.5809, 8.6409), (19.3817, 4.6928, 9.1536), (19.3817, 3.7581, 9.5754), (19.3817, 2.7860, 9.9020), (19.3817, 1.7862, 10.1302), (19.3817, 0.7687, 10.2577), (19.3817, -0.2564, 10.2833), (19.3817, -1.2791, 10.2066), (19.3817, -2.2890, 10.0286), (19.3817, -3.2761, 9.7508), (19.3817, -4.2307, 9.3762), (19.3817, -5.1432, 8.9083), (19.3817, -6.0047, 8.3520), (19.3817, -6.8064, 7.7126), (19.3817, -7.5405, 6.9966), (19.3817, -8.1997, 6.2110), (19.3817, -8.7774, 5.3637), (19.3817, -9.2678, 4.4631), (19.3817, -9.6661, 3.5182), (19.3817, -9.9684, 2.5383), (19.3817, -10.1716, 1.5331), (19.3817, -10.2737, 0.5127), (19.3817, -10.2737, -0.5127), (19.3817, -10.1716, -1.5331), (19.3817, -9.9684, -2.5383), (19.3817, -9.6661, -3.5182), (19.3817, -9.2678, -4.4631), (19.3817, -8.7774, -5.3637), (19.3817, -8.1997, -6.2110), (19.3817, -7.5405, -6.9966), (19.3817, -6.8064, -7.7126), (19.3817, -6.0047, -8.3520), (19.3817, -5.1432, -8.9083), (19.3817, -4.2307, -9.3762), (19.3817, -3.2761, -9.7508), (19.3817, -2.2890, -10.0286), (19.3817, -1.2791, -10.2066), (19.3817, -0.2564, -10.2833), (19.3817, 0.7687, -10.2577), (19.3817, 1.7862, -10.1302), (19.3817, 2.7860, -9.9020), (19.3817, 3.7581, -9.5754), (19.3817, 4.6928, -9.1536), (19.3817, 5.5809, -8.6409), (19.3817, 6.4135, -8.0423), (19.3817, 7.1824, -7.3637), (19.3817, 7.8799, -6.6120), (19.3817, 8.4991, -5.7946), (19.3817, 9.0338, -4.9195), (19.3817, 9.4787, -3.9956), (19.3817, 9.8295, -3.0320), (19.3817, 10.0825, -2.0382), (19.3817, 10.2354, -1.0242), (19.3817, 10.2865, 0.0000), (19.3817, 10.2354, 1.0242), (19.3817, 10.0825, 2.0382), (19.3817, 9.8295, 3.0320), (19.3817, 9.4787, 3.9956), (19.3817, 9.0338, 4.9195), (19.3817, 8.4991, 5.7946), (19.3817, 7.8799, 6.6120), (19.3817, 7.1824, 7.3637), (19.3817, 6.4135, 8.0423), (19.3817, 5.5809, 8.6409), (19.3817, 4.6928, 9.1536), (19.3817, 3.7581, 9.5754), (19.3817, 2.7860, 9.9020), (19.3817, 1.7862, 10.1302), (19.3817, 0.7687, 10.2577), (19.3817, -0.2564, 10.2833), (19.3817, -1.2791, 10.2066), (19.3817, -2.2890, 10.0286), (19.3817, -3.2761, 9.7508), (19.3817, -4.2307, 9.3762), (19.3817, -5.1432, 8.9083), (19.3817, -6.0047, 8.3520), (19.3817, -6.8064, 7.7126), (19.3817, -7.5405, 6.9966), (19.3817, -8.1997, 6.2110), (19.3817, -8.7774, 5.3637), (19.3817, -9.2678, 4.4631), (19.3817, -9.6661, 3.5182), (19.3817, -9.9684, 2.5383), (19.3817, -10.1716, 1.5331), (19.3817, -10.2737, 0.5127), (19.3817, -10.2737, -0.5127), (19.3817, -10.1716, -1.5331), (19.3817, -9.9684, -2.5383), (19.3817, -9.6661, -3.5182), (19.3817, -9.2678, -4.4631), (19.3817, -8.7774, -5.3637), (19.3817, -8.1997, -6.2110), (19.3817, -7.5405, -6.9966), (19.3817, -6.8064, -7.7126), (19.3817, -6.0047, -8.3520), (19.3817, -5.1432, -8.9083), (19.3817, -4.2307, -9.3762), (19.3817, -3.2761, -9.7508), (19.3817, -2.2890, -10.0286), (19.3817, -1.2791, -10.2066), (19.3817, -0.2564, -10.2833), (19.3817, 0.7687, -10.2577), (19.3817, 1.7862, -10.1302), (19.3817, 2.7860, -9.9020), (19.3817, 3.7581, -9.5754), (19.3817, 4.6928, -9.1536), (19.3817, 5.5809, -8.6409), (19.3817, 6.4135, -8.0423), (19.3817, 7.1824, -7.3637), (19.3817, 7.8799, -6.6120), (19.3817, 8.4991, -5.7946), (19.3817, 9.0338, -4.9195), (19.3817, 9.4787, -3.9956), (19.3817, 9.8295, -3.0320), (19.3817, 10.0825, -2.0382), (19.3817, 10.2354, -1.0242), (19.3817, 10.2865, 0.0000), (19.5607, 10.4393, 0.0000), (19.5607, 10.4393, 0.0000), (19.5607, 10.3875, 1.0394), (19.5607, 10.2324, 2.0685), (19.5607, 9.9755, 3.0770), (19.5607, 9.6196, 4.0550), (19.5607, 9.1681, 4.9927), (19.5607, 8.6254, 5.8807), (19.5607, 7.9970, 6.7103), (19.5607, 7.2891, 7.4732), (19.5607, 6.5088, 8.1618), (19.5607, 5.6638, 8.7693), (19.5607, 4.7625, 9.2897), (19.5607, 3.8139, 9.7177), (19.5607, 2.8274, 10.0492), (19.5607, 1.8128, 10.2807), (19.5607, 0.7801, 10.4101), (19.5607, -0.2603, 10.4361), (19.5607, -1.2981, 10.3583), (19.5607, -2.3230, 10.1776), (19.5607, -3.3248, 9.8957), (19.5607, -4.2936, 9.5155), (19.5607, -5.2197, 9.0407), (19.5607, -6.0939, 8.4761), (19.5607, -6.9076, 7.8272), (19.5607, -7.6526, 7.1006), (19.5607, -8.3215, 6.3033), (19.5607, -8.9078, 5.4434), (19.5607, -9.4055, 4.5295), (19.5607, -9.8098, 3.5705), (19.5607, -10.1165, 2.5760), (19.5607, -10.3227, 1.5559), (19.5607, -10.4264, 0.5204), (19.5607, -10.4264, -0.5204), (19.5607, -10.3227, -1.5559), (19.5607, -10.1165, -2.5760), (19.5607, -9.8098, -3.5705), (19.5607, -9.4055, -4.5295), (19.5607, -8.9078, -5.4434), (19.5607, -8.3215, -6.3033), (19.5607, -7.6526, -7.1006), (19.5607, -6.9076, -7.8272), (19.5607, -6.0939, -8.4761), (19.5607, -5.2197, -9.0407), (19.5607, -4.2936, -9.5155), (19.5607, -3.3248, -9.8957), (19.5607, -2.3230, -10.1776), (19.5607, -1.2981, -10.3583), (19.5607, -0.2603, -10.4361), (19.5607, 0.7801, -10.4101), (19.5607, 1.8128, -10.2807), (19.5607, 2.8274, -10.0492), (19.5607, 3.8139, -9.7177), (19.5607, 4.7625, -9.2897), (19.5607, 5.6638, -8.7693), (19.5607, 6.5088, -8.1618), (19.5607, 7.2891, -7.4732), (19.5607, 7.9970, -6.7103), (19.5607, 8.6254, -5.8807), (19.5607, 9.1681, -4.9927), (19.5607, 9.6196, -4.0550), (19.5607, 9.9755, -3.0770), (19.5607, 10.2324, -2.0685), (19.5607, 10.3875, -1.0394), (19.5607, 10.4393, 0.0000), (19.5607, 10.3875, 1.0394), (19.5607, 10.2324, 2.0685), (19.5607, 9.9755, 3.0770), (19.5607, 9.6196, 4.0550), (19.5607, 9.1681, 4.9927), (19.5607, 8.6254, 5.8807), (19.5607, 7.9970, 6.7103), (19.5607, 7.2891, 7.4732), (19.5607, 6.5088, 8.1618), (19.5607, 5.6638, 8.7693), (19.5607, 4.7625, 9.2897), (19.5607, 3.8139, 9.7177), (19.5607, 2.8274, 10.0492), (19.5607, 1.8128, 10.2807), (19.5607, 0.7801, 10.4101), (19.5607, -0.2603, 10.4361), (19.5607, -1.2981, 10.3583), (19.5607, -2.3230, 10.1776), (19.5607, -3.3248, 9.8957), (19.5607, -4.2936, 9.5155), (19.5607, -5.2197, 9.0407), (19.5607, -6.0939, 8.4761), (19.5607, -6.9076, 7.8272), (19.5607, -7.6526, 7.1006), (19.5607, -8.3215, 6.3033), (19.5607, -8.9078, 5.4434), (19.5607, -9.4055, 4.5295), (19.5607, -9.8098, 3.5705), (19.5607, -10.1165, 2.5760), (19.5607, -10.3227, 1.5559), (19.5607, -10.4264, 0.5204), (19.5607, -10.4264, -0.5204), (19.5607, -10.3227, -1.5559), (19.5607, -10.1165, -2.5760), (19.5607, -9.8098, -3.5705), (19.5607, -9.4055, -4.5295), (19.5607, -8.9078, -5.4434), (19.5607, -8.3215, -6.3033), (19.5607, -7.6526, -7.1006), (19.5607, -6.9076, -7.8272), (19.5607, -6.0939, -8.4761), (19.5607, -5.2197, -9.0407), (19.5607, -4.2936, -9.5155), (19.5607, -3.3248, -9.8957), (19.5607, -2.3230, -10.1776), (19.5607, -1.2981, -10.3583), (19.5607, -0.2603, -10.4361), (19.5607, 0.7801, -10.4101), (19.5607, 1.8128, -10.2807), (19.5607, 2.8274, -10.0492), (19.5607, 3.8139, -9.7177), (19.5607, 4.7625, -9.2897), (19.5607, 5.6638, -8.7693), (19.5607, 6.5088, -8.1618), (19.5607, 7.2891, -7.4732), (19.5607, 7.9970, -6.7103), (19.5607, 8.6254, -5.8807), (19.5607, 9.1681, -4.9927), (19.5607, 9.6196, -4.0550), (19.5607, 9.9755, -3.0770), (19.5607, 10.2324, -2.0685), (19.5607, 10.3875, -1.0394), (19.5607, 10.4393, 0.0000), (19.7135, 10.6183, 0.0000), (19.7135, 10.6183, 0.0000), (19.7135, 10.5656, 1.0572), (19.7135, 10.4078, 2.1040), (19.7135, 10.1466, 3.1298), (19.7135, 9.7845, 4.1245), (19.7135, 9.3252, 5.0783), (19.7135, 8.7733, 5.9815), (19.7135, 8.1341, 6.8253), (19.7135, 7.4141, 7.6013), (19.7135, 6.6204, 8.3017), (19.7135, 5.7609, 8.9197), (19.7135, 4.8442, 9.4489), (19.7135, 3.8793, 9.8843), (19.7135, 2.8759, 10.2215), (19.7135, 1.8439, 10.4570), (19.7135, 0.7935, 10.5886), (19.7135, -0.2647, 10.6150), (19.7135, -1.3203, 10.5359), (19.7135, -2.3628, 10.3521), (19.7135, -3.3818, 10.0654), (19.7135, -4.3672, 9.6787), (19.7135, -5.3092, 9.1957), (19.7135, -6.1984, 8.6214), (19.7135, -7.0260, 7.9614), (19.7135, -7.7838, 7.2223), (19.7135, -8.4642, 6.4114), (19.7135, -9.0605, 5.5368), (19.7135, -9.5668, 4.6071), (19.7135, -9.9780, 3.6317), (19.7135, -10.2900, 2.6201), (19.7135, -10.4997, 1.5826), (19.7135, -10.6051, 0.5293), (19.7135, -10.6051, -0.5293), (19.7135, -10.4997, -1.5826), (19.7135, -10.2900, -2.6201), (19.7135, -9.9780, -3.6317), (19.7135, -9.5668, -4.6071), (19.7135, -9.0605, -5.5368), (19.7135, -8.4642, -6.4114), (19.7135, -7.7838, -7.2223), (19.7135, -7.0260, -7.9614), (19.7135, -6.1984, -8.6214), (19.7135, -5.3092, -9.1957), (19.7135, -4.3672, -9.6787), (19.7135, -3.3818, -10.0654), (19.7135, -2.3628, -10.3521), (19.7135, -1.3203, -10.5359), (19.7135, -0.2647, -10.6150), (19.7135, 0.7935, -10.5886), (19.7135, 1.8439, -10.4570), (19.7135, 2.8759, -10.2215), (19.7135, 3.8793, -9.8843), (19.7135, 4.8442, -9.4489), (19.7135, 5.7609, -8.9197), (19.7135, 6.6204, -8.3017), (19.7135, 7.4141, -7.6013), (19.7135, 8.1341, -6.8253), (19.7135, 8.7733, -5.9815), (19.7135, 9.3252, -5.0783), (19.7135, 9.7845, -4.1245), (19.7135, 10.1466, -3.1298), (19.7135, 10.4078, -2.1040), (19.7135, 10.5656, -1.0572), (19.7135, 10.6183, 0.0000), (19.7135, 10.5656, 1.0572), (19.7135, 10.4078, 2.1040), (19.7135, 10.1466, 3.1298), (19.7135, 9.7845, 4.1245), (19.7135, 9.3252, 5.0783), (19.7135, 8.7733, 5.9815), (19.7135, 8.1341, 6.8253), (19.7135, 7.4141, 7.6013), (19.7135, 6.6204, 8.3017), (19.7135, 5.7609, 8.9197), (19.7135, 4.8442, 9.4489), (19.7135, 3.8793, 9.8843), (19.7135, 2.8759, 10.2215), (19.7135, 1.8439, 10.4570), (19.7135, 0.7935, 10.5886), (19.7135, -0.2647, 10.6150), (19.7135, -1.3203, 10.5359), (19.7135, -2.3628, 10.3521), (19.7135, -3.3818, 10.0654), (19.7135, -4.3672, 9.6787), (19.7135, -5.3092, 9.1957), (19.7135, -6.1984, 8.6214), (19.7135, -7.0260, 7.9614), (19.7135, -7.7838, 7.2223), (19.7135, -8.4642, 6.4114), (19.7135, -9.0605, 5.5368), (19.7135, -9.5668, 4.6071), (19.7135, -9.9780, 3.6317), (19.7135, -10.2900, 2.6201), (19.7135, -10.4997, 1.5826), (19.7135, -10.6051, 0.5293), (19.7135, -10.6051, -0.5293), (19.7135, -10.4997, -1.5826), (19.7135, -10.2900, -2.6201), (19.7135, -9.9780, -3.6317), (19.7135, -9.5668, -4.6071), (19.7135, -9.0605, -5.5368), (19.7135, -8.4642, -6.4114), (19.7135, -7.7838, -7.2223), (19.7135, -7.0260, -7.9614), (19.7135, -6.1984, -8.6214), (19.7135, -5.3092, -9.1957), (19.7135, -4.3672, -9.6787), (19.7135, -3.3818, -10.0654), (19.7135, -2.3628, -10.3521), (19.7135, -1.3203, -10.5359), (19.7135, -0.2647, -10.6150), (19.7135, 0.7935, -10.5886), (19.7135, 1.8439, -10.4570), (19.7135, 2.8759, -10.2215), (19.7135, 3.8793, -9.8843), (19.7135, 4.8442, -9.4489), (19.7135, 5.7609, -8.9197), (19.7135, 6.6204, -8.3017), (19.7135, 7.4141, -7.6013), (19.7135, 8.1341, -6.8253), (19.7135, 8.7733, -5.9815), (19.7135, 9.3252, -5.0783), (19.7135, 9.7845, -4.1245), (19.7135, 10.1466, -3.1298), (19.7135, 10.4078, -2.1040), (19.7135, 10.5656, -1.0572), (19.7135, 10.6183, 0.0000), (19.8365, 10.8190, 0.0000), (19.8365, 10.8190, 0.0000), (19.8365, 10.7653, 1.0772), (19.8365, 10.6045, 2.1437), (19.8365, 10.3384, 3.1890), (19.8365, 9.9695, 4.2025), (19.8365, 9.5015, 5.1742), (19.8365, 8.9391, 6.0946), (19.8365, 8.2878, 6.9543), (19.8365, 7.5542, 7.7450), (19.8365, 6.7455, 8.4586), (19.8365, 5.8698, 9.0883), (19.8365, 4.9357, 9.6275), (19.8365, 3.9526, 10.0711), (19.8365, 2.9302, 10.4146), (19.8365, 1.8787, 10.6546), (19.8365, 0.8085, 10.7888), (19.8365, -0.2697, 10.8157), (19.8365, -1.3453, 10.7351), (19.8365, -2.4075, 10.5478), (19.8365, -3.4457, 10.2556), (19.8365, -4.4497, 9.8616), (19.8365, -5.4095, 9.3695), (19.8365, -6.3155, 8.7844), (19.8365, -7.1588, 8.1119), (19.8365, -7.9309, 7.3588), (19.8365, -8.6242, 6.5326), (19.8365, -9.2318, 5.6414), (19.8365, -9.7476, 4.6942), (19.8365, -10.1665, 3.7003), (19.8365, -10.4845, 2.6697), (19.8365, -10.6982, 1.6125), (19.8365, -10.8056, 0.5393), (19.8365, -10.8056, -0.5393), (19.8365, -10.6982, -1.6125), (19.8365, -10.4845, -2.6697), (19.8365, -10.1665, -3.7003), (19.8365, -9.7476, -4.6942), (19.8365, -9.2318, -5.6414), (19.8365, -8.6242, -6.5326), (19.8365, -7.9309, -7.3588), (19.8365, -7.1588, -8.1119), (19.8365, -6.3155, -8.7844), (19.8365, -5.4095, -9.3695), (19.8365, -4.4497, -9.8616), (19.8365, -3.4457, -10.2556), (19.8365, -2.4075, -10.5478), (19.8365, -1.3453, -10.7351), (19.8365, -0.2697, -10.8157), (19.8365, 0.8085, -10.7888), (19.8365, 1.8787, -10.6546), (19.8365, 2.9302, -10.4146), (19.8365, 3.9526, -10.0711), (19.8365, 4.9357, -9.6275), (19.8365, 5.8698, -9.0883), (19.8365, 6.7455, -8.4586), (19.8365, 7.5542, -7.7450), (19.8365, 8.2878, -6.9543), (19.8365, 8.9391, -6.0946), (19.8365, 9.5015, -5.1742), (19.8365, 9.9695, -4.2025), (19.8365, 10.3384, -3.1890), (19.8365, 10.6045, -2.1437), (19.8365, 10.7653, -1.0772), (19.8365, 10.8190, 0.0000), (19.8365, 10.7653, 1.0772), (19.8365, 10.6045, 2.1437), (19.8365, 10.3384, 3.1890), (19.8365, 9.9695, 4.2025), (19.8365, 9.5015, 5.1742), (19.8365, 8.9391, 6.0946), (19.8365, 8.2878, 6.9543), (19.8365, 7.5542, 7.7450), (19.8365, 6.7455, 8.4586), (19.8365, 5.8698, 9.0883), (19.8365, 4.9357, 9.6275), (19.8365, 3.9526, 10.0711), (19.8365, 2.9302, 10.4146), (19.8365, 1.8787, 10.6546), (19.8365, 0.8085, 10.7888), (19.8365, -0.2697, 10.8157), (19.8365, -1.3453, 10.7351), (19.8365, -2.4075, 10.5478), (19.8365, -3.4457, 10.2556), (19.8365, -4.4497, 9.8616), (19.8365, -5.4095, 9.3695), (19.8365, -6.3155, 8.7844), (19.8365, -7.1588, 8.1119), (19.8365, -7.9309, 7.3588), (19.8365, -8.6242, 6.5326), (19.8365, -9.2318, 5.6414), (19.8365, -9.7476, 4.6942), (19.8365, -10.1665, 3.7003), (19.8365, -10.4845, 2.6697), (19.8365, -10.6982, 1.6125), (19.8365, -10.8056, 0.5393), (19.8365, -10.8056, -0.5393), (19.8365, -10.6982, -1.6125), (19.8365, -10.4845, -2.6697), (19.8365, -10.1665, -3.7003), (19.8365, -9.7476, -4.6942), (19.8365, -9.2318, -5.6414), (19.8365, -8.6242, -6.5326), (19.8365, -7.9309, -7.3588), (19.8365, -7.1588, -8.1119), (19.8365, -6.3155, -8.7844), (19.8365, -5.4095, -9.3695), (19.8365, -4.4497, -9.8616), (19.8365, -3.4457, -10.2556), (19.8365, -2.4075, -10.5478), (19.8365, -1.3453, -10.7351), (19.8365, -0.2697, -10.8157), (19.8365, 0.8085, -10.7888), (19.8365, 1.8787, -10.6546), (19.8365, 2.9302, -10.4146), (19.8365, 3.9526, -10.0711), (19.8365, 4.9357, -9.6275), (19.8365, 5.8698, -9.0883), (19.8365, 6.7455, -8.4586), (19.8365, 7.5542, -7.7450), (19.8365, 8.2878, -6.9543), (19.8365, 8.9391, -6.0946), (19.8365, 9.5015, -5.1742), (19.8365, 9.9695, -4.2025), (19.8365, 10.3384, -3.1890), (19.8365, 10.6045, -2.1437), (19.8365, 10.7653, -1.0772), (19.8365, 10.8190, 0.0000), (19.9266, 11.0365, 0.0000), (19.9266, 11.0365, 0.0000), (19.9266, 10.9816, 1.0989), (19.9266, 10.8176, 2.1868), (19.9266, 10.5462, 3.2531), (19.9266, 10.1698, 4.2870), (19.9266, 9.6925, 5.2782), (19.9266, 9.1188, 6.2171), (19.9266, 8.4544, 7.0941), (19.9266, 7.7061, 7.9006), (19.9266, 6.8811, 8.6287), (19.9266, 5.9878, 9.2709), (19.9266, 5.0350, 9.8210), (19.9266, 4.0321, 10.2736), (19.9266, 2.9891, 10.6240), (19.9266, 1.9165, 10.8688), (19.9266, 0.8248, 11.0056), (19.9266, -0.2751, 11.0330), (19.9266, -1.3723, 10.9508), (19.9266, -2.4558, 10.7598), (19.9266, -3.5150, 10.4618), (19.9266, -4.5392, 10.0598), (19.9266, -5.5182, 9.5579), (19.9266, -6.4425, 8.9609), (19.9266, -7.3027, 8.2749), (19.9266, -8.0903, 7.5067), (19.9266, -8.7975, 6.6639), (19.9266, -9.4173, 5.7548), (19.9266, -9.9435, 4.7885), (19.9266, -10.3709, 3.7747), (19.9266, -10.6952, 2.7233), (19.9266, -10.9132, 1.6449), (19.9266, -11.0228, 0.5501), (19.9266, -11.0228, -0.5501), (19.9266, -10.9132, -1.6449), (19.9266, -10.6952, -2.7233), (19.9266, -10.3709, -3.7747), (19.9266, -9.9435, -4.7885), (19.9266, -9.4173, -5.7548), (19.9266, -8.7975, -6.6639), (19.9266, -8.0903, -7.5067), (19.9266, -7.3027, -8.2749), (19.9266, -6.4425, -8.9609), (19.9266, -5.5182, -9.5579), (19.9266, -4.5392, -10.0598), (19.9266, -3.5150, -10.4618), (19.9266, -2.4558, -10.7598), (19.9266, -1.3723, -10.9508), (19.9266, -0.2751, -11.0330), (19.9266, 0.8248, -11.0056), (19.9266, 1.9165, -10.8688), (19.9266, 2.9891, -10.6240), (19.9266, 4.0321, -10.2736), (19.9266, 5.0350, -9.8210), (19.9266, 5.9878, -9.2709), (19.9266, 6.8811, -8.6287), (19.9266, 7.7061, -7.9006), (19.9266, 8.4544, -7.0941), (19.9266, 9.1188, -6.2171), (19.9266, 9.6925, -5.2782), (19.9266, 10.1698, -4.2870), (19.9266, 10.5462, -3.2531), (19.9266, 10.8176, -2.1868), (19.9266, 10.9816, -1.0989), (19.9266, 11.0365, 0.0000), (19.9266, 10.9816, 1.0989), (19.9266, 10.8176, 2.1868), (19.9266, 10.5462, 3.2531), (19.9266, 10.1698, 4.2870), (19.9266, 9.6925, 5.2782), (19.9266, 9.1188, 6.2171), (19.9266, 8.4544, 7.0941), (19.9266, 7.7061, 7.9006), (19.9266, 6.8811, 8.6287), (19.9266, 5.9878, 9.2709), (19.9266, 5.0350, 9.8210), (19.9266, 4.0321, 10.2736), (19.9266, 2.9891, 10.6240), (19.9266, 1.9165, 10.8688), (19.9266, 0.8248, 11.0056), (19.9266, -0.2751, 11.0330), (19.9266, -1.3723, 10.9508), (19.9266, -2.4558, 10.7598), (19.9266, -3.5150, 10.4618), (19.9266, -4.5392, 10.0598), (19.9266, -5.5182, 9.5579), (19.9266, -6.4425, 8.9609), (19.9266, -7.3027, 8.2749), (19.9266, -8.0903, 7.5067), (19.9266, -8.7975, 6.6639), (19.9266, -9.4173, 5.7548), (19.9266, -9.9435, 4.7885), (19.9266, -10.3709, 3.7747), (19.9266, -10.6952, 2.7233), (19.9266, -10.9132, 1.6449), (19.9266, -11.0228, 0.5501), (19.9266, -11.0228, -0.5501), (19.9266, -10.9132, -1.6449), (19.9266, -10.6952, -2.7233), (19.9266, -10.3709, -3.7747), (19.9266, -9.9435, -4.7885), (19.9266, -9.4173, -5.7548), (19.9266, -8.7975, -6.6639), (19.9266, -8.0903, -7.5067), (19.9266, -7.3027, -8.2749), (19.9266, -6.4425, -8.9609), (19.9266, -5.5182, -9.5579), (19.9266, -4.5392, -10.0598), (19.9266, -3.5150, -10.4618), (19.9266, -2.4558, -10.7598), (19.9266, -1.3723, -10.9508), (19.9266, -0.2751, -11.0330), (19.9266, 0.8248, -11.0056), (19.9266, 1.9165, -10.8688), (19.9266, 2.9891, -10.6240), (19.9266, 4.0321, -10.2736), (19.9266, 5.0350, -9.8210), (19.9266, 5.9878, -9.2709), (19.9266, 6.8811, -8.6287), (19.9266, 7.7061, -7.9006), (19.9266, 8.4544, -7.0941), (19.9266, 9.1188, -6.2171), (19.9266, 9.6925, -5.2782), (19.9266, 10.1698, -4.2870), (19.9266, 10.5462, -3.2531), (19.9266, 10.8176, -2.1868), (19.9266, 10.9816, -1.0989), (19.9266, 11.0365, 0.0000), (19.9815, 11.2653, 0.0000), (19.9815, 11.2653, 0.0000), (19.9815, 11.2094, 1.1217), (19.9815, 11.0420, 2.2322), (19.9815, 10.7649, 3.3205), (19.9815, 10.3808, 4.3759), (19.9815, 9.8935, 5.3877), (19.9815, 9.3079, 6.3460), (19.9815, 8.6298, 7.2412), (19.9815, 7.8659, 8.0645), (19.9815, 7.0238, 8.8076), (19.9815, 6.1120, 9.4632), (19.9815, 5.1394, 10.0247), (19.9815, 4.1157, 10.4866), (19.9815, 3.0511, 10.8443), (19.9815, 1.9562, 11.0942), (19.9815, 0.8419, 11.2338), (19.9815, -0.2809, 11.2618), (19.9815, -1.4008, 11.1779), (19.9815, -2.5068, 10.9829), (19.9815, -3.5879, 10.6787), (19.9815, -4.6333, 10.2684), (19.9815, -5.6327, 9.7561), (19.9815, -6.5761, 9.1468), (19.9815, -7.4541, 8.4465), (19.9815, -8.2581, 7.6624), (19.9815, -8.9800, 6.8021), (19.9815, -9.6126, 5.8741), (19.9815, -10.1497, 4.8879), (19.9815, -10.5860, 3.8530), (19.9815, -10.9170, 2.7798), (19.9815, -11.1395, 1.6790), (19.9815, -11.2513, 0.5615), (19.9815, -11.2513, -0.5615), (19.9815, -11.1395, -1.6790), (19.9815, -10.9170, -2.7798), (19.9815, -10.5860, -3.8530), (19.9815, -10.1497, -4.8879), (19.9815, -9.6126, -5.8741), (19.9815, -8.9800, -6.8021), (19.9815, -8.2581, -7.6624), (19.9815, -7.4541, -8.4465), (19.9815, -6.5761, -9.1468), (19.9815, -5.6327, -9.7561), (19.9815, -4.6333, -10.2684), (19.9815, -3.5879, -10.6787), (19.9815, -2.5068, -10.9829), (19.9815, -1.4008, -11.1779), (19.9815, -0.2809, -11.2618), (19.9815, 0.8419, -11.2338), (19.9815, 1.9562, -11.0942), (19.9815, 3.0511, -10.8443), (19.9815, 4.1157, -10.4866), (19.9815, 5.1394, -10.0247), (19.9815, 6.1120, -9.4632), (19.9815, 7.0238, -8.8076), (19.9815, 7.8659, -8.0645), (19.9815, 8.6298, -7.2412), (19.9815, 9.3079, -6.3460), (19.9815, 9.8935, -5.3877), (19.9815, 10.3808, -4.3759), (19.9815, 10.7649, -3.3205), (19.9815, 11.0420, -2.2322), (19.9815, 11.2094, -1.1217), (19.9815, 11.2653, 0.0000), (19.9815, 11.2094, 1.1217), (19.9815, 11.0420, 2.2322), (19.9815, 10.7649, 3.3205), (19.9815, 10.3808, 4.3759), (19.9815, 9.8935, 5.3877), (19.9815, 9.3079, 6.3460), (19.9815, 8.6298, 7.2412), (19.9815, 7.8659, 8.0645), (19.9815, 7.0238, 8.8076), (19.9815, 6.1120, 9.4632), (19.9815, 5.1394, 10.0247), (19.9815, 4.1157, 10.4866), (19.9815, 3.0511, 10.8443), (19.9815, 1.9562, 11.0942), (19.9815, 0.8419, 11.2338), (19.9815, -0.2809, 11.2618), (19.9815, -1.4008, 11.1779), (19.9815, -2.5068, 10.9829), (19.9815, -3.5879, 10.6787), (19.9815, -4.6333, 10.2684), (19.9815, -5.6327, 9.7561), (19.9815, -6.5761, 9.1468), (19.9815, -7.4541, 8.4465), (19.9815, -8.2581, 7.6624), (19.9815, -8.9800, 6.8021), (19.9815, -9.6126, 5.8741), (19.9815, -10.1497, 4.8879), (19.9815, -10.5860, 3.8530), (19.9815, -10.9170, 2.7798), (19.9815, -11.1395, 1.6790), (19.9815, -11.2513, 0.5615), (19.9815, -11.2513, -0.5615), (19.9815, -11.1395, -1.6790), (19.9815, -10.9170, -2.7798), (19.9815, -10.5860, -3.8530), (19.9815, -10.1497, -4.8879), (19.9815, -9.6126, -5.8741), (19.9815, -8.9800, -6.8021), (19.9815, -8.2581, -7.6624), (19.9815, -7.4541, -8.4465), (19.9815, -6.5761, -9.1468), (19.9815, -5.6327, -9.7561), (19.9815, -4.6333, -10.2684), (19.9815, -3.5879, -10.6787), (19.9815, -2.5068, -10.9829), (19.9815, -1.4008, -11.1779), (19.9815, -0.2809, -11.2618), (19.9815, 0.8419, -11.2338), (19.9815, 1.9562, -11.0942), (19.9815, 3.0511, -10.8443), (19.9815, 4.1157, -10.4866), (19.9815, 5.1394, -10.0247), (19.9815, 6.1120, -9.4632), (19.9815, 7.0238, -8.8076), (19.9815, 7.8659, -8.0645), (19.9815, 8.6298, -7.2412), (19.9815, 9.3079, -6.3460), (19.9815, 9.8935, -5.3877), (19.9815, 10.3808, -4.3759), (19.9815, 10.7649, -3.3205), (19.9815, 11.0420, -2.2322), (19.9815, 11.2094, -1.1217), (19.9815, 11.2653, 0.0000), (20.0000, 11.5000, 0.0000), (20.0000, 11.5000, 0.0000), (20.0000, 11.4429, 1.1450), (20.0000, 11.2720, 2.2787), (20.0000, 10.9891, 3.3897), (20.0000, 10.5970, 4.4670), (20.0000, 10.0995, 5.4999), (20.0000, 9.5017, 6.4782), (20.0000, 8.8095, 7.3921), (20.0000, 8.0297, 8.2325), (20.0000, 7.1701, 8.9911), (20.0000, 6.2393, 9.6603), (20.0000, 5.2464, 10.2335), (20.0000, 4.2014, 10.7050), (20.0000, 3.1147, 11.0702), (20.0000, 1.9970, 11.3253), (20.0000, 0.8594, 11.4678), (20.0000, -0.2867, 11.4964), (20.0000, -1.4300, 11.4108), (20.0000, -2.5590, 11.2117), (20.0000, -3.6626, 10.9012), (20.0000, -4.7298, 10.4823), (20.0000, -5.7500, 9.9593), (20.0000, -6.7131, 9.3373), (20.0000, -7.6094, 8.6225), (20.0000, -8.4301, 7.8220), (20.0000, -9.1670, 6.9438), (20.0000, -9.8128, 5.9965), (20.0000, -10.3611, 4.9897), (20.0000, -10.8065, 3.9332), (20.0000, -11.1444, 2.8377), (20.0000, -11.3716, 1.7140), (20.0000, -11.4857, 0.5732), (20.0000, -11.4857, -0.5732), (20.0000, -11.3716, -1.7140), (20.0000, -11.1444, -2.8377), (20.0000, -10.8065, -3.9332), (20.0000, -10.3611, -4.9897), (20.0000, -9.8128, -5.9965), (20.0000, -9.1670, -6.9438), (20.0000, -8.4301, -7.8220), (20.0000, -7.6094, -8.6225), (20.0000, -6.7131, -9.3373), (20.0000, -5.7500, -9.9593), (20.0000, -4.7298, -10.4823), (20.0000, -3.6626, -10.9012), (20.0000, -2.5590, -11.2117), (20.0000, -1.4300, -11.4108), (20.0000, -0.2867, -11.4964), (20.0000, 0.8594, -11.4678), (20.0000, 1.9970, -11.3253), (20.0000, 3.1147, -11.0702), (20.0000, 4.2014, -10.7050), (20.0000, 5.2464, -10.2335), (20.0000, 6.2393, -9.6603), (20.0000, 7.1701, -8.9911), (20.0000, 8.0297, -8.2325), (20.0000, 8.8095, -7.3921), (20.0000, 9.5017, -6.4782), (20.0000, 10.0995, -5.4999), (20.0000, 10.5970, -4.4670), (20.0000, 10.9891, -3.3897), (20.0000, 11.2720, -2.2787), (20.0000, 11.4429, -1.1450), (20.0000, 21.5000, 0.0000), (20.0000, 21.3932, 2.1407), (20.0000, 21.0737, 4.2601), (20.0000, 20.5448, 6.3372), (20.0000, 19.8117, 8.3513), (20.0000, 18.8818, 10.2825), (20.0000, 17.7641, 12.1114), (20.0000, 16.4700, 13.8199), (20.0000, 15.0121, 15.3911), (20.0000, 13.4050, 16.8094), (20.0000, 11.6647, 18.0606), (20.0000, 9.8085, 19.1322), (20.0000, 7.8548, 20.0138), (20.0000, 5.8231, 20.6964), (20.0000, 3.7334, 21.1734), (20.0000, 1.6067, 21.4399), (20.0000, -0.5360, 21.4933), (20.0000, -2.6734, 21.3331), (20.0000, -4.7842, 20.9610), (20.0000, -6.8475, 20.3804), (20.0000, -8.8427, 19.5974), (20.0000, -10.7500, 18.6195), (20.0000, -12.5505, 17.4567), (20.0000, -14.2262, 16.1203), (20.0000, -15.7606, 14.6237), (20.0000, -17.1383, 12.9818), (20.0000, -18.3458, 11.2109), (20.0000, -19.3708, 9.3285), (20.0000, -20.2034, 7.3534), (20.0000, -20.8352, 5.3053), (20.0000, -21.2599, 3.2044), (20.0000, -21.4733, 1.0717), (20.0000, -21.4733, -1.0717), (20.0000, -21.2599, -3.2044), (20.0000, -20.8352, -5.3053), (20.0000, -20.2034, -7.3534), (20.0000, -19.3708, -9.3285), (20.0000, -18.3458, -11.2109), (20.0000, -17.1383, -12.9818), (20.0000, -15.7606, -14.6237), (20.0000, -14.2262, -16.1203), (20.0000, -12.5505, -17.4567), (20.0000, -10.7500, -18.6195), (20.0000, -8.8427, -19.5974), (20.0000, -6.8475, -20.3804), (20.0000, -4.7842, -20.9610), (20.0000, -2.6734, -21.3331), (20.0000, -0.5360, -21.4933), (20.0000, 1.6067, -21.4399), (20.0000, 3.7334, -21.1734), (20.0000, 5.8231, -20.6964), (20.0000, 7.8548, -20.0138), (20.0000, 9.8085, -19.1322), (20.0000, 11.6647, -18.0606), (20.0000, 13.4050, -16.8094), (20.0000, 15.0121, -15.3911), (20.0000, 16.4700, -13.8199), (20.0000, 17.7641, -12.1114), (20.0000, 18.8818, -10.2825), (20.0000, 19.8117, -8.3513), (20.0000, 20.5448, -6.3372), (20.0000, 21.0737, -4.2601), (20.0000, 21.3932, -2.1407), (20.0000, 11.5000, 0.0000), (20.0000, 11.4429, 1.1450), (20.0000, 11.2720, 2.2787), (20.0000, 10.9891, 3.3897), (20.0000, 10.5970, 4.4670), (20.0000, 10.0995, 5.4999), (20.0000, 9.5017, 6.4782), (20.0000, 8.8095, 7.3921), (20.0000, 8.0297, 8.2325), (20.0000, 7.1701, 8.9911), (20.0000, 6.2393, 9.6603), (20.0000, 5.2464, 10.2335), (20.0000, 4.2014, 10.7050), (20.0000, 3.1147, 11.0702), (20.0000, 1.9970, 11.3253), (20.0000, 0.8594, 11.4678), (20.0000, -0.2867, 11.4964), (20.0000, -1.4300, 11.4108), (20.0000, -2.5590, 11.2117), (20.0000, -3.6626, 10.9012), (20.0000, -4.7298, 10.4823), (20.0000, -5.7500, 9.9593), (20.0000, -6.7131, 9.3373), (20.0000, -7.6094, 8.6225), (20.0000, -8.4301, 7.8220), (20.0000, -9.1670, 6.9438), (20.0000, -9.8128, 5.9965), (20.0000, -10.3611, 4.9897), (20.0000, -10.8065, 3.9332), (20.0000, -11.1444, 2.8377), (20.0000, -11.3716, 1.7140), (20.0000, -11.4857, 0.5732), (20.0000, -11.4857, -0.5732), (20.0000, -11.3716, -1.7140), (20.0000, -11.1444, -2.8377), (20.0000, -10.8065, -3.9332), (20.0000, -10.3611, -4.9897), (20.0000, -9.8128, -5.9965), (20.0000, -9.1670, -6.9438), (20.0000, -8.4301, -7.8220), (20.0000, -7.6094, -8.6225), (20.0000, -6.7131, -9.3373), (20.0000, -5.7500, -9.9593), (20.0000, -4.7298, -10.4823), (20.0000, -3.6626, -10.9012), (20.0000, -2.5590, -11.2117), (20.0000, -1.4300, -11.4108), (20.0000, -0.2867, -11.4964), (20.0000, 0.8594, -11.4678), (20.0000, 1.9970, -11.3253), (20.0000, 3.1147, -11.0702), (20.0000, 4.2014, -10.7050), (20.0000, 5.2464, -10.2335), (20.0000, 6.2393, -9.6603), (20.0000, 7.1701, -8.9911), (20.0000, 8.0297, -8.2325), (20.0000, 8.8095, -7.3921), (20.0000, 9.5017, -6.4782), (20.0000, 10.0995, -5.4999), (20.0000, 10.5970, -4.4670), (20.0000, 10.9891, -3.3897), (20.0000, 11.2720, -2.2787), (20.0000, 11.4429, -1.1450), (20.0000, 21.5000, 0.0000), (20.0000, 21.3932, 2.1407), (20.0000, 21.0737, 4.2601), (20.0000, 20.5448, 6.3372), (20.0000, 19.8117, 8.3513), (20.0000, 18.8818, 10.2825), (20.0000, 17.7641, 12.1114), (20.0000, 16.4700, 13.8199), (20.0000, 15.0121, 15.3911), (20.0000, 13.4050, 16.8094), (20.0000, 11.6647, 18.0606), (20.0000, 9.8085, 19.1322), (20.0000, 7.8548, 20.0138), (20.0000, 5.8231, 20.6964), (20.0000, 3.7334, 21.1734), (20.0000, 1.6067, 21.4399), (20.0000, -0.5360, 21.4933), (20.0000, -2.6734, 21.3331), (20.0000, -4.7842, 20.9610), (20.0000, -6.8475, 20.3804), (20.0000, -8.8427, 19.5974), (20.0000, -10.7500, 18.6195), (20.0000, -12.5505, 17.4567), (20.0000, -14.2262, 16.1203), (20.0000, -15.7606, 14.6237), (20.0000, -17.1383, 12.9818), (20.0000, -18.3458, 11.2109), (20.0000, -19.3708, 9.3285), (20.0000, -20.2034, 7.3534), (20.0000, -20.8352, 5.3053), (20.0000, -21.2599, 3.2044), (20.0000, -21.4733, 1.0717), (20.0000, -21.4733, -1.0717), (20.0000, -21.2599, -3.2044), (20.0000, -20.8352, -5.3053), (20.0000, -20.2034, -7.3534), (20.0000, -19.3708, -9.3285), (20.0000, -18.3458, -11.2109), (20.0000, -17.1383, -12.9818), (20.0000, -15.7606, -14.6237), (20.0000, -14.2262, -16.1203), (20.0000, -12.5505, -17.4567), (20.0000, -10.7500, -18.6195), (20.0000, -8.8427, -19.5974), (20.0000, -6.8475, -20.3804), (20.0000, -4.7842, -20.9610), (20.0000, -2.6734, -21.3331), (20.0000, -0.5360, -21.4933), (20.0000, 1.6067, -21.4399), (20.0000, 3.7334, -21.1734), (20.0000, 5.8231, -20.6964), (20.0000, 7.8548, -20.0138), (20.0000, 9.8085, -19.1322), (20.0000, 11.6647, -18.0606), (20.0000, 13.4050, -16.8094), (20.0000, 15.0121, -15.3911), (20.0000, 16.4700, -13.8199), (20.0000, 17.7641, -12.1114), (20.0000, 18.8818, -10.2825), (20.0000, 19.8117, -8.3513), (20.0000, 20.5448, -6.3372), (20.0000, 21.0737, -4.2601), (20.0000, 21.3932, -2.1407), (20.0000, 21.5000, 0.0000), (21.0000, 22.5000, 0.0000), (21.0000, 22.5000, 0.0000), (21.0000, 22.3882, 2.2403), (21.0000, 22.0539, 4.4583), (21.0000, 21.5004, 6.6320), (21.0000, 20.7332, 8.7398), (21.0000, 19.7600, 10.7607), (21.0000, 18.5904, 12.6747), (21.0000, 17.2360, 14.4627), (21.0000, 15.7103, 16.1070), (21.0000, 14.0285, 17.5912), (21.0000, 12.2073, 18.9006), (21.0000, 10.2647, 20.0221), (21.0000, 8.2202, 20.9447), (21.0000, 6.0939, 21.6590), (21.0000, 3.9071, 22.1582), (21.0000, 1.6814, 22.4371), (21.0000, -0.5609, 22.4930), (21.0000, -2.7977, 22.3254), (21.0000, -5.0067, 21.9359), (21.0000, -7.1659, 21.3284), (21.0000, -9.2540, 20.5089), (21.0000, -11.2500, 19.4856), (21.0000, -13.1342, 18.2686), (21.0000, -14.8879, 16.8701), (21.0000, -16.4937, 15.3039), (21.0000, -17.9355, 13.5856), (21.0000, -19.1990, 11.7323), (21.0000, -20.2718, 9.7624), (21.0000, -21.1431, 7.6955), (21.0000, -21.8042, 5.5520), (21.0000, -22.2487, 3.3535), (21.0000, -22.4720, 1.1215), (21.0000, -22.4720, -1.1215), (21.0000, -22.2487, -3.3535), (21.0000, -21.8042, -5.5520), (21.0000, -21.1431, -7.6955), (21.0000, -20.2718, -9.7624), (21.0000, -19.1990, -11.7323), (21.0000, -17.9355, -13.5856), (21.0000, -16.4937, -15.3039), (21.0000, -14.8879, -16.8701), (21.0000, -13.1342, -18.2686), (21.0000, -11.2500, -19.4856), (21.0000, -9.2540, -20.5089), (21.0000, -7.1659, -21.3284), (21.0000, -5.0067, -21.9359), (21.0000, -2.7977, -22.3254), (21.0000, -0.5609, -22.4930), (21.0000, 1.6814, -22.4371), (21.0000, 3.9071, -22.1582), (21.0000, 6.0939, -21.6590), (21.0000, 8.2202, -20.9447), (21.0000, 10.2647, -20.0221), (21.0000, 12.2073, -18.9006), (21.0000, 14.0285, -17.5912), (21.0000, 15.7103, -16.1070), (21.0000, 17.2360, -14.4627), (21.0000, 18.5904, -12.6747), (21.0000, 19.7600, -10.7607), (21.0000, 20.7332, -8.7398), (21.0000, 21.5004, -6.6320), (21.0000, 22.0539, -4.4583), (21.0000, 22.3882, -2.2403), (21.0000, 22.5000, 0.0000), (21.0000, 22.3882, 2.2403), (21.0000, 22.0539, 4.4583), (21.0000, 21.5004, 6.6320), (21.0000, 20.7332, 8.7398), (21.0000, 19.7600, 10.7607), (21.0000, 18.5904, 12.6747), (21.0000, 17.2360, 14.4627), (21.0000, 15.7103, 16.1070), (21.0000, 14.0285, 17.5912), (21.0000, 12.2073, 18.9006), (21.0000, 10.2647, 20.0221), (21.0000, 8.2202, 20.9447), (21.0000, 6.0939, 21.6590), (21.0000, 3.9071, 22.1582), (21.0000, 1.6814, 22.4371), (21.0000, -0.5609, 22.4930), (21.0000, -2.7977, 22.3254), (21.0000, -5.0067, 21.9359), (21.0000, -7.1659, 21.3284), (21.0000, -9.2540, 20.5089), (21.0000, -11.2500, 19.4856), (21.0000, -13.1342, 18.2686), (21.0000, -14.8879, 16.8701), (21.0000, -16.4937, 15.3039), (21.0000, -17.9355, 13.5856), (21.0000, -19.1990, 11.7323), (21.0000, -20.2718, 9.7624), (21.0000, -21.1431, 7.6955), (21.0000, -21.8042, 5.5520), (21.0000, -22.2487, 3.3535), (21.0000, -22.4720, 1.1215), (21.0000, -22.4720, -1.1215), (21.0000, -22.2487, -3.3535), (21.0000, -21.8042, -5.5520), (21.0000, -21.1431, -7.6955), (21.0000, -20.2718, -9.7624), (21.0000, -19.1990, -11.7323), (21.0000, -17.9355, -13.5856), (21.0000, -16.4937, -15.3039), (21.0000, -14.8879, -16.8701), (21.0000, -13.1342, -18.2686), (21.0000, -11.2500, -19.4856), (21.0000, -9.2540, -20.5089), (21.0000, -7.1659, -21.3284), (21.0000, -5.0067, -21.9359), (21.0000, -2.7977, -22.3254), (21.0000, -0.5609, -22.4930), (21.0000, 1.6814, -22.4371), (21.0000, 3.9071, -22.1582), (21.0000, 6.0939, -21.6590), (21.0000, 8.2202, -20.9447), (21.0000, 10.2647, -20.0221), (21.0000, 12.2073, -18.9006), (21.0000, 14.0285, -17.5912), (21.0000, 15.7103, -16.1070), (21.0000, 17.2360, -14.4627), (21.0000, 18.5904, -12.6747), (21.0000, 19.7600, -10.7607), (21.0000, 20.7332, -8.7398), (21.0000, 21.5004, -6.6320), (21.0000, 22.0539, -4.4583), (21.0000, 22.3882, -2.2403), (21.0000, 22.5000, 0.0000), (89.0000, 22.5000, 0.0000), (89.0000, 22.5000, 0.0000), (89.0000, 22.3882, 2.2403), (89.0000, 22.0539, 4.4583), (89.0000, 21.5004, 6.6320), (89.0000, 20.7332, 8.7398), (89.0000, 19.7600, 10.7607), (89.0000, 18.5904, 12.6747), (89.0000, 17.2360, 14.4627), (89.0000, 15.7103, 16.1070), (89.0000, 14.0285, 17.5912), (89.0000, 12.2073, 18.9006), (89.0000, 10.2647, 20.0221), (89.0000, 8.2202, 20.9447), (89.0000, 6.0939, 21.6590), (89.0000, 3.9071, 22.1582), (89.0000, 1.6814, 22.4371), (89.0000, -0.5609, 22.4930), (89.0000, -2.7977, 22.3254), (89.0000, -5.0067, 21.9359), (89.0000, -7.1659, 21.3284), (89.0000, -9.2540, 20.5089), (89.0000, -11.2500, 19.4856), (89.0000, -13.1342, 18.2686), (89.0000, -14.8879, 16.8701), (89.0000, -16.4937, 15.3039), (89.0000, -17.9355, 13.5856), (89.0000, -19.1990, 11.7323), (89.0000, -20.2718, 9.7624), (89.0000, -21.1431, 7.6955), (89.0000, -21.8042, 5.5520), (89.0000, -22.2487, 3.3535), (89.0000, -22.4720, 1.1215), (89.0000, -22.4720, -1.1215), (89.0000, -22.2487, -3.3535), (89.0000, -21.8042, -5.5520), (89.0000, -21.1431, -7.6955), (89.0000, -20.2718, -9.7624), (89.0000, -19.1990, -11.7323), (89.0000, -17.9355, -13.5856), (89.0000, -16.4937, -15.3039), (89.0000, -14.8879, -16.8701), (89.0000, -13.1342, -18.2686), (89.0000, -11.2500, -19.4856), (89.0000, -9.2540, -20.5089), (89.0000, -7.1659, -21.3284), (89.0000, -5.0067, -21.9359), (89.0000, -2.7977, -22.3254), (89.0000, -0.5609, -22.4930), (89.0000, 1.6814, -22.4371), (89.0000, 3.9071, -22.1582), (89.0000, 6.0939, -21.6590), (89.0000, 8.2202, -20.9447), (89.0000, 10.2647, -20.0221), (89.0000, 12.2073, -18.9006), (89.0000, 14.0285, -17.5912), (89.0000, 15.7103, -16.1070), (89.0000, 17.2360, -14.4627), (89.0000, 18.5904, -12.6747), (89.0000, 19.7600, -10.7607), (89.0000, 20.7332, -8.7398), (89.0000, 21.5004, -6.6320), (89.0000, 22.0539, -4.4583), (89.0000, 22.3882, -2.2403), (89.0000, 22.5000, 0.0000), (89.0000, 22.3882, 2.2403), (89.0000, 22.0539, 4.4583), (89.0000, 21.5004, 6.6320), (89.0000, 20.7332, 8.7398), (89.0000, 19.7600, 10.7607), (89.0000, 18.5904, 12.6747), (89.0000, 17.2360, 14.4627), (89.0000, 15.7103, 16.1070), (89.0000, 14.0285, 17.5912), (89.0000, 12.2073, 18.9006), (89.0000, 10.2647, 20.0221), (89.0000, 8.2202, 20.9447), (89.0000, 6.0939, 21.6590), (89.0000, 3.9071, 22.1582), (89.0000, 1.6814, 22.4371), (89.0000, -0.5609, 22.4930), (89.0000, -2.7977, 22.3254), (89.0000, -5.0067, 21.9359), (89.0000, -7.1659, 21.3284), (89.0000, -9.2540, 20.5089), (89.0000, -11.2500, 19.4856), (89.0000, -13.1342, 18.2686), (89.0000, -14.8879, 16.8701), (89.0000, -16.4937, 15.3039), (89.0000, -17.9355, 13.5856), (89.0000, -19.1990, 11.7323), (89.0000, -20.2718, 9.7624), (89.0000, -21.1431, 7.6955), (89.0000, -21.8042, 5.5520), (89.0000, -22.2487, 3.3535), (89.0000, -22.4720, 1.1215), (89.0000, -22.4720, -1.1215), (89.0000, -22.2487, -3.3535), (89.0000, -21.8042, -5.5520), (89.0000, -21.1431, -7.6955), (89.0000, -20.2718, -9.7624), (89.0000, -19.1990, -11.7323), (89.0000, -17.9355, -13.5856), (89.0000, -16.4937, -15.3039), (89.0000, -14.8879, -16.8701), (89.0000, -13.1342, -18.2686), (89.0000, -11.2500, -19.4856), (89.0000, -9.2540, -20.5089), (89.0000, -7.1659, -21.3284), (89.0000, -5.0067, -21.9359), (89.0000, -2.7977, -22.3254), (89.0000, -0.5609, -22.4930), (89.0000, 1.6814, -22.4371), (89.0000, 3.9071, -22.1582), (89.0000, 6.0939, -21.6590), (89.0000, 8.2202, -20.9447), (89.0000, 10.2647, -20.0221), (89.0000, 12.2073, -18.9006), (89.0000, 14.0285, -17.5912), (89.0000, 15.7103, -16.1070), (89.0000, 17.2360, -14.4627), (89.0000, 18.5904, -12.6747), (89.0000, 19.7600, -10.7607), (89.0000, 20.7332, -8.7398), (89.0000, 21.5004, -6.6320), (89.0000, 22.0539, -4.4583), (89.0000, 22.3882, -2.2403), (89.0000, 22.5000, 0.0000), (90.0000, 21.5000, 0.0000), (90.0000, 21.5000, 0.0000), (90.0000, 21.3932, 2.1407), (90.0000, 21.0737, 4.2601), (90.0000, 20.5448, 6.3372), (90.0000, 19.8117, 8.3513), (90.0000, 18.8818, 10.2825), (90.0000, 17.7641, 12.1114), (90.0000, 16.4700, 13.8199), (90.0000, 15.0121, 15.3911), (90.0000, 13.4050, 16.8094), (90.0000, 11.6647, 18.0606), (90.0000, 9.8085, 19.1322), (90.0000, 7.8548, 20.0138), (90.0000, 5.8231, 20.6964), (90.0000, 3.7334, 21.1734), (90.0000, 1.6067, 21.4399), (90.0000, -0.5360, 21.4933), (90.0000, -2.6734, 21.3331), (90.0000, -4.7842, 20.9610), (90.0000, -6.8475, 20.3804), (90.0000, -8.8427, 19.5974), (90.0000, -10.7500, 18.6195), (90.0000, -12.5505, 17.4567), (90.0000, -14.2262, 16.1203), (90.0000, -15.7606, 14.6237), (90.0000, -17.1383, 12.9818), (90.0000, -18.3458, 11.2109), (90.0000, -19.3708, 9.3285), (90.0000, -20.2034, 7.3534), (90.0000, -20.8352, 5.3053), (90.0000, -21.2599, 3.2044), (90.0000, -21.4733, 1.0717), (90.0000, -21.4733, -1.0717), (90.0000, -21.2599, -3.2044), (90.0000, -20.8352, -5.3053), (90.0000, -20.2034, -7.3534), (90.0000, -19.3708, -9.3285), (90.0000, -18.3458, -11.2109), (90.0000, -17.1383, -12.9818), (90.0000, -15.7606, -14.6237), (90.0000, -14.2262, -16.1203), (90.0000, -12.5505, -17.4567), (90.0000, -10.7500, -18.6195), (90.0000, -8.8427, -19.5974), (90.0000, -6.8475, -20.3804), (90.0000, -4.7842, -20.9610), (90.0000, -2.6734, -21.3331), (90.0000, -0.5360, -21.4933), (90.0000, 1.6067, -21.4399), (90.0000, 3.7334, -21.1734), (90.0000, 5.8231, -20.6964), (90.0000, 7.8548, -20.0138), (90.0000, 9.8085, -19.1322), (90.0000, 11.6647, -18.0606), (90.0000, 13.4050, -16.8094), (90.0000, 15.0121, -15.3911), (90.0000, 16.4700, -13.8199), (90.0000, 17.7641, -12.1114), (90.0000, 18.8818, -10.2825), (90.0000, 19.8117, -8.3513), (90.0000, 20.5448, -6.3372), (90.0000, 21.0737, -4.2601), (90.0000, 21.3932, -2.1407), (90.0000, 21.5000, 0.0000), (90.0000, 21.3932, 2.1407), (90.0000, 21.0737, 4.2601), (90.0000, 20.5448, 6.3372), (90.0000, 19.8117, 8.3513), (90.0000, 18.8818, 10.2825), (90.0000, 17.7641, 12.1114), (90.0000, 16.4700, 13.8199), (90.0000, 15.0121, 15.3911), (90.0000, 13.4050, 16.8094), (90.0000, 11.6647, 18.0606), (90.0000, 9.8085, 19.1322), (90.0000, 7.8548, 20.0138), (90.0000, 5.8231, 20.6964), (90.0000, 3.7334, 21.1734), (90.0000, 1.6067, 21.4399), (90.0000, -0.5360, 21.4933), (90.0000, -2.6734, 21.3331), (90.0000, -4.7842, 20.9610), (90.0000, -6.8475, 20.3804), (90.0000, -8.8427, 19.5974), (90.0000, -10.7500, 18.6195), (90.0000, -12.5505, 17.4567), (90.0000, -14.2262, 16.1203), (90.0000, -15.7606, 14.6237), (90.0000, -17.1383, 12.9818), (90.0000, -18.3458, 11.2109), (90.0000, -19.3708, 9.3285), (90.0000, -20.2034, 7.3534), (90.0000, -20.8352, 5.3053), (90.0000, -21.2599, 3.2044), (90.0000, -21.4733, 1.0717), (90.0000, -21.4733, -1.0717), (90.0000, -21.2599, -3.2044), (90.0000, -20.8352, -5.3053), (90.0000, -20.2034, -7.3534), (90.0000, -19.3708, -9.3285), (90.0000, -18.3458, -11.2109), (90.0000, -17.1383, -12.9818), (90.0000, -15.7606, -14.6237), (90.0000, -14.2262, -16.1203), (90.0000, -12.5505, -17.4567), (90.0000, -10.7500, -18.6195), (90.0000, -8.8427, -19.5974), (90.0000, -6.8475, -20.3804), (90.0000, -4.7842, -20.9610), (90.0000, -2.6734, -21.3331), (90.0000, -0.5360, -21.4933), (90.0000, 1.6067, -21.4399), (90.0000, 3.7334, -21.1734), (90.0000, 5.8231, -20.6964), (90.0000, 7.8548, -20.0138), (90.0000, 9.8085, -19.1322), (90.0000, 11.6647, -18.0606), (90.0000, 13.4050, -16.8094), (90.0000, 15.0121, -15.3911), (90.0000, 16.4700, -13.8199), (90.0000, 17.7641, -12.1114), (90.0000, 18.8818, -10.2825), (90.0000, 19.8117, -8.3513), (90.0000, 20.5448, -6.3372), (90.0000, 21.0737, -4.2601), (90.0000, 21.3932, -2.1407), (90.0000, 11.5000, 0.0000), (90.0000, 11.4429, 1.1450), (90.0000, 11.2720, 2.2787), (90.0000, 10.9891, 3.3897), (90.0000, 10.5970, 4.4670), (90.0000, 10.0995, 5.4999), (90.0000, 9.5017, 6.4782), (90.0000, 8.8095, 7.3921), (90.0000, 8.0297, 8.2325), (90.0000, 7.1701, 8.9911), (90.0000, 6.2393, 9.6603), (90.0000, 5.2464, 10.2335), (90.0000, 4.2014, 10.7050), (90.0000, 3.1147, 11.0702), (90.0000, 1.9970, 11.3253), (90.0000, 0.8594, 11.4678), (90.0000, -0.2867, 11.4964), (90.0000, -1.4300, 11.4108), (90.0000, -2.5590, 11.2117), (90.0000, -3.6626, 10.9012), (90.0000, -4.7298, 10.4823), (90.0000, -5.7500, 9.9593), (90.0000, -6.7131, 9.3373), (90.0000, -7.6094, 8.6225), (90.0000, -8.4301, 7.8220), (90.0000, -9.1670, 6.9438), (90.0000, -9.8128, 5.9965), (90.0000, -10.3611, 4.9897), (90.0000, -10.8065, 3.9332), (90.0000, -11.1444, 2.8377), (90.0000, -11.3716, 1.7140), (90.0000, -11.4857, 0.5732), (90.0000, -11.4857, -0.5732), (90.0000, -11.3716, -1.7140), (90.0000, -11.1444, -2.8377), (90.0000, -10.8065, -3.9332), (90.0000, -10.3611, -4.9897), (90.0000, -9.8128, -5.9965), (90.0000, -9.1670, -6.9438), (90.0000, -8.4301, -7.8220), (90.0000, -7.6094, -8.6225), (90.0000, -6.7131, -9.3373), (90.0000, -5.7500, -9.9593), (90.0000, -4.7298, -10.4823), (90.0000, -3.6626, -10.9012), (90.0000, -2.5590, -11.2117), (90.0000, -1.4300, -11.4108), (90.0000, -0.2867, -11.4964), (90.0000, 0.8594, -11.4678), (90.0000, 1.9970, -11.3253), (90.0000, 3.1147, -11.0702), (90.0000, 4.2014, -10.7050), (90.0000, 5.2464, -10.2335), (90.0000, 6.2393, -9.6603), (90.0000, 7.1701, -8.9911), (90.0000, 8.0297, -8.2325), (90.0000, 8.8095, -7.3921), (90.0000, 9.5017, -6.4782), (90.0000, 10.0995, -5.4999), (90.0000, 10.5970, -4.4670), (90.0000, 10.9891, -3.3897), (90.0000, 11.2720, -2.2787), (90.0000, 11.4429, -1.1450), (90.0000, 11.5000, 0.0000), (90.0000, 11.4429, 1.1450), (90.0000, 11.2720, 2.2787), (90.0000, 10.9891, 3.3897), (90.0000, 10.5970, 4.4670), (90.0000, 10.0995, 5.4999), (90.0000, 9.5017, 6.4782), (90.0000, 8.8095, 7.3921), (90.0000, 8.0297, 8.2325), (90.0000, 7.1701, 8.9911), (90.0000, 6.2393, 9.6603), (90.0000, 5.2464, 10.2335), (90.0000, 4.2014, 10.7050), (90.0000, 3.1147, 11.0702), (90.0000, 1.9970, 11.3253), (90.0000, 0.8594, 11.4678), (90.0000, -0.2867, 11.4964), (90.0000, -1.4300, 11.4108), (90.0000, -2.5590, 11.2117), (90.0000, -3.6626, 10.9012), (90.0000, -4.7298, 10.4823), (90.0000, -5.7500, 9.9593), (90.0000, -6.7131, 9.3373), (90.0000, -7.6094, 8.6225), (90.0000, -8.4301, 7.8220), (90.0000, -9.1670, 6.9438), (90.0000, -9.8128, 5.9965), (90.0000, -10.3611, 4.9897), (90.0000, -10.8065, 3.9332), (90.0000, -11.1444, 2.8377), (90.0000, -11.3716, 1.7140), (90.0000, -11.4857, 0.5732), (90.0000, -11.4857, -0.5732), (90.0000, -11.3716, -1.7140), (90.0000, -11.1444, -2.8377), (90.0000, -10.8065, -3.9332), (90.0000, -10.3611, -4.9897), (90.0000, -9.8128, -5.9965), (90.0000, -9.1670, -6.9438), (90.0000, -8.4301, -7.8220), (90.0000, -7.6094, -8.6225), (90.0000, -6.7131, -9.3373), (90.0000, -5.7500, -9.9593), (90.0000, -4.7298, -10.4823), (90.0000, -3.6626, -10.9012), (90.0000, -2.5590, -11.2117), (90.0000, -1.4300, -11.4108), (90.0000, -0.2867, -11.4964), (90.0000, 0.8594, -11.4678), (90.0000, 1.9970, -11.3253), (90.0000, 3.1147, -11.0702), (90.0000, 4.2014, -10.7050), (90.0000, 5.2464, -10.2335), (90.0000, 6.2393, -9.6603), (90.0000, 7.1701, -8.9911), (90.0000, 8.0297, -8.2325), (90.0000, 8.8095, -7.3921), (90.0000, 9.5017, -6.4782), (90.0000, 10.0995, -5.4999), (90.0000, 10.5970, -4.4670), (90.0000, 10.9891, -3.3897), (90.0000, 11.2720, -2.2787), (90.0000, 11.4429, -1.1450), (90.0000, 11.5000, 0.0000), (90.0185, 11.2653, 0.0000), (90.0185, 11.2653, 0.0000), (90.0185, 11.2094, 1.1217), (90.0185, 11.0420, 2.2322), (90.0185, 10.7649, 3.3205), (90.0185, 10.3808, 4.3759), (90.0185, 9.8935, 5.3877), (90.0185, 9.3079, 6.3460), (90.0185, 8.6298, 7.2412), (90.0185, 7.8659, 8.0645), (90.0185, 7.0238, 8.8076), (90.0185, 6.1120, 9.4632), (90.0185, 5.1394, 10.0247), (90.0185, 4.1157, 10.4866), (90.0185, 3.0511, 10.8443), (90.0185, 1.9562, 11.0942), (90.0185, 0.8419, 11.2338), (90.0185, -0.2809, 11.2618), (90.0185, -1.4008, 11.1779), (90.0185, -2.5068, 10.9829), (90.0185, -3.5879, 10.6787), (90.0185, -4.6333, 10.2684), (90.0185, -5.6327, 9.7561), (90.0185, -6.5761, 9.1468), (90.0185, -7.4541, 8.4465), (90.0185, -8.2581, 7.6624), (90.0185, -8.9800, 6.8021), (90.0185, -9.6126, 5.8741), (90.0185, -10.1497, 4.8879), (90.0185, -10.5860, 3.8530), (90.0185, -10.9170, 2.7798), (90.0185, -11.1395, 1.6790), (90.0185, -11.2513, 0.5615), (90.0185, -11.2513, -0.5615), (90.0185, -11.1395, -1.6790), (90.0185, -10.9170, -2.7798), (90.0185, -10.5860, -3.8530), (90.0185, -10.1497, -4.8879), (90.0185, -9.6126, -5.8741), (90.0185, -8.9800, -6.8021), (90.0185, -8.2581, -7.6624), (90.0185, -7.4541, -8.4465), (90.0185, -6.5761, -9.1468), (90.0185, -5.6327, -9.7561), (90.0185, -4.6333, -10.2684), (90.0185, -3.5879, -10.6787), (90.0185, -2.5068, -10.9829), (90.0185, -1.4008, -11.1779), (90.0185, -0.2809, -11.2618), (90.0185, 0.8419, -11.2338), (90.0185, 1.9562, -11.0942), (90.0185, 3.0511, -10.8443), (90.0185, 4.1157, -10.4866), (90.0185, 5.1394, -10.0247), (90.0185, 6.1120, -9.4632), (90.0185, 7.0238, -8.8076), (90.0185, 7.8659, -8.0645), (90.0185, 8.6298, -7.2412), (90.0185, 9.3079, -6.3460), (90.0185, 9.8935, -5.3877), (90.0185, 10.3808, -4.3759), (90.0185, 10.7649, -3.3205), (90.0185, 11.0420, -2.2322), (90.0185, 11.2094, -1.1217), (90.0185, 11.2653, 0.0000), (90.0185, 11.2094, 1.1217), (90.0185, 11.0420, 2.2322), (90.0185, 10.7649, 3.3205), (90.0185, 10.3808, 4.3759), (90.0185, 9.8935, 5.3877), (90.0185, 9.3079, 6.3460), (90.0185, 8.6298, 7.2412), (90.0185, 7.8659, 8.0645), (90.0185, 7.0238, 8.8076), (90.0185, 6.1120, 9.4632), (90.0185, 5.1394, 10.0247), (90.0185, 4.1157, 10.4866), (90.0185, 3.0511, 10.8443), (90.0185, 1.9562, 11.0942), (90.0185, 0.8419, 11.2338), (90.0185, -0.2809, 11.2618), (90.0185, -1.4008, 11.1779), (90.0185, -2.5068, 10.9829), (90.0185, -3.5879, 10.6787), (90.0185, -4.6333, 10.2684), (90.0185, -5.6327, 9.7561), (90.0185, -6.5761, 9.1468), (90.0185, -7.4541, 8.4465), (90.0185, -8.2581, 7.6624), (90.0185, -8.9800, 6.8021), (90.0185, -9.6126, 5.8741), (90.0185, -10.1497, 4.8879), (90.0185, -10.5860, 3.8530), (90.0185, -10.9170, 2.7798), (90.0185, -11.1395, 1.6790), (90.0185, -11.2513, 0.5615), (90.0185, -11.2513, -0.5615), (90.0185, -11.1395, -1.6790), (90.0185, -10.9170, -2.7798), (90.0185, -10.5860, -3.8530), (90.0185, -10.1497, -4.8879), (90.0185, -9.6126, -5.8741), (90.0185, -8.9800, -6.8021), (90.0185, -8.2581, -7.6624), (90.0185, -7.4541, -8.4465), (90.0185, -6.5761, -9.1468), (90.0185, -5.6327, -9.7561), (90.0185, -4.6333, -10.2684), (90.0185, -3.5879, -10.6787), (90.0185, -2.5068, -10.9829), (90.0185, -1.4008, -11.1779), (90.0185, -0.2809, -11.2618), (90.0185, 0.8419, -11.2338), (90.0185, 1.9562, -11.0942), (90.0185, 3.0511, -10.8443), (90.0185, 4.1157, -10.4866), (90.0185, 5.1394, -10.0247), (90.0185, 6.1120, -9.4632), (90.0185, 7.0238, -8.8076), (90.0185, 7.8659, -8.0645), (90.0185, 8.6298, -7.2412), (90.0185, 9.3079, -6.3460), (90.0185, 9.8935, -5.3877), (90.0185, 10.3808, -4.3759), (90.0185, 10.7649, -3.3205), (90.0185, 11.0420, -2.2322), (90.0185, 11.2094, -1.1217), (90.0185, 11.2653, 0.0000), (90.0734, 11.0365, 0.0000), (90.0734, 11.0365, 0.0000), (90.0734, 10.9816, 1.0989), (90.0734, 10.8176, 2.1868), (90.0734, 10.5462, 3.2531), (90.0734, 10.1698, 4.2870), (90.0734, 9.6925, 5.2782), (90.0734, 9.1188, 6.2171), (90.0734, 8.4544, 7.0941), (90.0734, 7.7061, 7.9006), (90.0734, 6.8811, 8.6287), (90.0734, 5.9878, 9.2709), (90.0734, 5.0350, 9.8210), (90.0734, 4.0321, 10.2736), (90.0734, 2.9891, 10.6240), (90.0734, 1.9165, 10.8688), (90.0734, 0.8248, 11.0056), (90.0734, -0.2751, 11.0330), (90.0734, -1.3723, 10.9508), (90.0734, -2.4558, 10.7598), (90.0734, -3.5150, 10.4618), (90.0734, -4.5392, 10.0598), (90.0734, -5.5182, 9.5579), (90.0734, -6.4425, 8.9609), (90.0734, -7.3027, 8.2749), (90.0734, -8.0903, 7.5067), (90.0734, -8.7975, 6.6639), (90.0734, -9.4173, 5.7548), (90.0734, -9.9435, 4.7885), (90.0734, -10.3709, 3.7747), (90.0734, -10.6952, 2.7233), (90.0734, -10.9132, 1.6449), (90.0734, -11.0228, 0.5501), (90.0734, -11.0228, -0.5501), (90.0734, -10.9132, -1.6449), (90.0734, -10.6952, -2.7233), (90.0734, -10.3709, -3.7747), (90.0734, -9.9435, -4.7885), (90.0734, -9.4173, -5.7548), (90.0734, -8.7975, -6.6639), (90.0734, -8.0903, -7.5067), (90.0734, -7.3027, -8.2749), (90.0734, -6.4425, -8.9609), (90.0734, -5.5182, -9.5579), (90.0734, -4.5392, -10.0598), (90.0734, -3.5150, -10.4618), (90.0734, -2.4558, -10.7598), (90.0734, -1.3723, -10.9508), (90.0734, -0.2751, -11.0330), (90.0734, 0.8248, -11.0056), (90.0734, 1.9165, -10.8688), (90.0734, 2.9891, -10.6240), (90.0734, 4.0321, -10.2736), (90.0734, 5.0350, -9.8210), (90.0734, 5.9878, -9.2709), (90.0734, 6.8811, -8.6287), (90.0734, 7.7061, -7.9006), (90.0734, 8.4544, -7.0941), (90.0734, 9.1188, -6.2171), (90.0734, 9.6925, -5.2782), (90.0734, 10.1698, -4.2870), (90.0734, 10.5462, -3.2531), (90.0734, 10.8176, -2.1868), (90.0734, 10.9816, -1.0989), (90.0734, 11.0365, 0.0000), (90.0734, 10.9816, 1.0989), (90.0734, 10.8176, 2.1868), (90.0734, 10.5462, 3.2531), (90.0734, 10.1698, 4.2870), (90.0734, 9.6925, 5.2782), (90.0734, 9.1188, 6.2171), (90.0734, 8.4544, 7.0941), (90.0734, 7.7061, 7.9006), (90.0734, 6.8811, 8.6287), (90.0734, 5.9878, 9.2709), (90.0734, 5.0350, 9.8210), (90.0734, 4.0321, 10.2736), (90.0734, 2.9891, 10.6240), (90.0734, 1.9165, 10.8688), (90.0734, 0.8248, 11.0056), (90.0734, -0.2751, 11.0330), (90.0734, -1.3723, 10.9508), (90.0734, -2.4558, 10.7598), (90.0734, -3.5150, 10.4618), (90.0734, -4.5392, 10.0598), (90.0734, -5.5182, 9.5579), (90.0734, -6.4425, 8.9609), (90.0734, -7.3027, 8.2749), (90.0734, -8.0903, 7.5067), (90.0734, -8.7975, 6.6639), (90.0734, -9.4173, 5.7548), (90.0734, -9.9435, 4.7885), (90.0734, -10.3709, 3.7747), (90.0734, -10.6952, 2.7233), (90.0734, -10.9132, 1.6449), (90.0734, -11.0228, 0.5501), (90.0734, -11.0228, -0.5501), (90.0734, -10.9132, -1.6449), (90.0734, -10.6952, -2.7233), (90.0734, -10.3709, -3.7747), (90.0734, -9.9435, -4.7885), (90.0734, -9.4173, -5.7548), (90.0734, -8.7975, -6.6639), (90.0734, -8.0903, -7.5067), (90.0734, -7.3027, -8.2749), (90.0734, -6.4425, -8.9609), (90.0734, -5.5182, -9.5579), (90.0734, -4.5392, -10.0598), (90.0734, -3.5150, -10.4618), (90.0734, -2.4558, -10.7598), (90.0734, -1.3723, -10.9508), (90.0734, -0.2751, -11.0330), (90.0734, 0.8248, -11.0056), (90.0734, 1.9165, -10.8688), (90.0734, 2.9891, -10.6240), (90.0734, 4.0321, -10.2736), (90.0734, 5.0350, -9.8210), (90.0734, 5.9878, -9.2709), (90.0734, 6.8811, -8.6287), (90.0734, 7.7061, -7.9006), (90.0734, 8.4544, -7.0941), (90.0734, 9.1188, -6.2171), (90.0734, 9.6925, -5.2782), (90.0734, 10.1698, -4.2870), (90.0734, 10.5462, -3.2531), (90.0734, 10.8176, -2.1868), (90.0734, 10.9816, -1.0989), (90.0734, 11.0365, 0.0000), (90.1635, 10.8190, 0.0000), (90.1635, 10.8190, 0.0000), (90.1635, 10.7653, 1.0772), (90.1635, 10.6045, 2.1437), (90.1635, 10.3384, 3.1890), (90.1635, 9.9695, 4.2025), (90.1635, 9.5015, 5.1742), (90.1635, 8.9391, 6.0946), (90.1635, 8.2878, 6.9543), (90.1635, 7.5542, 7.7450), (90.1635, 6.7455, 8.4586), (90.1635, 5.8698, 9.0883), (90.1635, 4.9357, 9.6275), (90.1635, 3.9526, 10.0711), (90.1635, 2.9302, 10.4146), (90.1635, 1.8787, 10.6546), (90.1635, 0.8085, 10.7888), (90.1635, -0.2697, 10.8157), (90.1635, -1.3453, 10.7351), (90.1635, -2.4075, 10.5478), (90.1635, -3.4457, 10.2556), (90.1635, -4.4497, 9.8616), (90.1635, -5.4095, 9.3695), (90.1635, -6.3155, 8.7844), (90.1635, -7.1588, 8.1119), (90.1635, -7.9309, 7.3588), (90.1635, -8.6242, 6.5326), (90.1635, -9.2318, 5.6414), (90.1635, -9.7476, 4.6942), (90.1635, -10.1665, 3.7003), (90.1635, -10.4845, 2.6697), (90.1635, -10.6982, 1.6125), (90.1635, -10.8056, 0.5393), (90.1635, -10.8056, -0.5393), (90.1635, -10.6982, -1.6125), (90.1635, -10.4845, -2.6697), (90.1635, -10.1665, -3.7003), (90.1635, -9.7476, -4.6942), (90.1635, -9.2318, -5.6414), (90.1635, -8.6242, -6.5326), (90.1635, -7.9309, -7.3588), (90.1635, -7.1588, -8.1119), (90.1635, -6.3155, -8.7844), (90.1635, -5.4095, -9.3695), (90.1635, -4.4497, -9.8616), (90.1635, -3.4457, -10.2556), (90.1635, -2.4075, -10.5478), (90.1635, -1.3453, -10.7351), (90.1635, -0.2697, -10.8157), (90.1635, 0.8085, -10.7888), (90.1635, 1.8787, -10.6546), (90.1635, 2.9302, -10.4146), (90.1635, 3.9526, -10.0711), (90.1635, 4.9357, -9.6275), (90.1635, 5.8698, -9.0883), (90.1635, 6.7455, -8.4586), (90.1635, 7.5542, -7.7450), (90.1635, 8.2878, -6.9543), (90.1635, 8.9391, -6.0946), (90.1635, 9.5015, -5.1742), (90.1635, 9.9695, -4.2025), (90.1635, 10.3384, -3.1890), (90.1635, 10.6045, -2.1437), (90.1635, 10.7653, -1.0772), (90.1635, 10.8190, 0.0000), (90.1635, 10.7653, 1.0772), (90.1635, 10.6045, 2.1437), (90.1635, 10.3384, 3.1890), (90.1635, 9.9695, 4.2025), (90.1635, 9.5015, 5.1742), (90.1635, 8.9391, 6.0946), (90.1635, 8.2878, 6.9543), (90.1635, 7.5542, 7.7450), (90.1635, 6.7455, 8.4586), (90.1635, 5.8698, 9.0883), (90.1635, 4.9357, 9.6275), (90.1635, 3.9526, 10.0711), (90.1635, 2.9302, 10.4146), (90.1635, 1.8787, 10.6546), (90.1635, 0.8085, 10.7888), (90.1635, -0.2697, 10.8157), (90.1635, -1.3453, 10.7351), (90.1635, -2.4075, 10.5478), (90.1635, -3.4457, 10.2556), (90.1635, -4.4497, 9.8616), (90.1635, -5.4095, 9.3695), (90.1635, -6.3155, 8.7844), (90.1635, -7.1588, 8.1119), (90.1635, -7.9309, 7.3588), (90.1635, -8.6242, 6.5326), (90.1635, -9.2318, 5.6414), (90.1635, -9.7476, 4.6942), (90.1635, -10.1665, 3.7003), (90.1635, -10.4845, 2.6697), (90.1635, -10.6982, 1.6125), (90.1635, -10.8056, 0.5393), (90.1635, -10.8056, -0.5393), (90.1635, -10.6982, -1.6125), (90.1635, -10.4845, -2.6697), (90.1635, -10.1665, -3.7003), (90.1635, -9.7476, -4.6942), (90.1635, -9.2318, -5.6414), (90.1635, -8.6242, -6.5326), (90.1635, -7.9309, -7.3588), (90.1635, -7.1588, -8.1119), (90.1635, -6.3155, -8.7844), (90.1635, -5.4095, -9.3695), (90.1635, -4.4497, -9.8616), (90.1635, -3.4457, -10.2556), (90.1635, -2.4075, -10.5478), (90.1635, -1.3453, -10.7351), (90.1635, -0.2697, -10.8157), (90.1635, 0.8085, -10.7888), (90.1635, 1.8787, -10.6546), (90.1635, 2.9302, -10.4146), (90.1635, 3.9526, -10.0711), (90.1635, 4.9357, -9.6275), (90.1635, 5.8698, -9.0883), (90.1635, 6.7455, -8.4586), (90.1635, 7.5542, -7.7450), (90.1635, 8.2878, -6.9543), (90.1635, 8.9391, -6.0946), (90.1635, 9.5015, -5.1742), (90.1635, 9.9695, -4.2025), (90.1635, 10.3384, -3.1890), (90.1635, 10.6045, -2.1437), (90.1635, 10.7653, -1.0772), (90.1635, 10.8190, 0.0000), (90.2865, 10.6183, 0.0000), (90.2865, 10.6183, 0.0000), (90.2865, 10.5656, 1.0572), (90.2865, 10.4078, 2.1040), (90.2865, 10.1466, 3.1298), (90.2865, 9.7845, 4.1245), (90.2865, 9.3252, 5.0783), (90.2865, 8.7733, 5.9815), (90.2865, 8.1341, 6.8253), (90.2865, 7.4141, 7.6013), (90.2865, 6.6204, 8.3017), (90.2865, 5.7609, 8.9197), (90.2865, 4.8442, 9.4489), (90.2865, 3.8793, 9.8843), (90.2865, 2.8759, 10.2215), (90.2865, 1.8439, 10.4570), (90.2865, 0.7935, 10.5886), (90.2865, -0.2647, 10.6150), (90.2865, -1.3203, 10.5359), (90.2865, -2.3628, 10.3521), (90.2865, -3.3818, 10.0654), (90.2865, -4.3672, 9.6787), (90.2865, -5.3092, 9.1957), (90.2865, -6.1984, 8.6214), (90.2865, -7.0260, 7.9614), (90.2865, -7.7838, 7.2223), (90.2865, -8.4642, 6.4114), (90.2865, -9.0605, 5.5368), (90.2865, -9.5668, 4.6071), (90.2865, -9.9780, 3.6317), (90.2865, -10.2900, 2.6201), (90.2865, -10.4997, 1.5826), (90.2865, -10.6051, 0.5293), (90.2865, -10.6051, -0.5293), (90.2865, -10.4997, -1.5826), (90.2865, -10.2900, -2.6201), (90.2865, -9.9780, -3.6317), (90.2865, -9.5668, -4.6071), (90.2865, -9.0605, -5.5368), (90.2865, -8.4642, -6.4114), (90.2865, -7.7838, -7.2223), (90.2865, -7.0260, -7.9614), (90.2865, -6.1984, -8.6214), (90.2865, -5.3092, -9.1957), (90.2865, -4.3672, -9.6787), (90.2865, -3.3818, -10.0654), (90.2865, -2.3628, -10.3521), (90.2865, -1.3203, -10.5359), (90.2865, -0.2647, -10.6150), (90.2865, 0.7935, -10.5886), (90.2865, 1.8439, -10.4570), (90.2865, 2.8759, -10.2215), (90.2865, 3.8793, -9.8843), (90.2865, 4.8442, -9.4489), (90.2865, 5.7609, -8.9197), (90.2865, 6.6204, -8.3017), (90.2865, 7.4141, -7.6013), (90.2865, 8.1341, -6.8253), (90.2865, 8.7733, -5.9815), (90.2865, 9.3252, -5.0783), (90.2865, 9.7845, -4.1245), (90.2865, 10.1466, -3.1298), (90.2865, 10.4078, -2.1040), (90.2865, 10.5656, -1.0572), (90.2865, 10.6183, 0.0000), (90.2865, 10.5656, 1.0572), (90.2865, 10.4078, 2.1040), (90.2865, 10.1466, 3.1298), (90.2865, 9.7845, 4.1245), (90.2865, 9.3252, 5.0783), (90.2865, 8.7733, 5.9815), (90.2865, 8.1341, 6.8253), (90.2865, 7.4141, 7.6013), (90.2865, 6.6204, 8.3017), (90.2865, 5.7609, 8.9197), (90.2865, 4.8442, 9.4489), (90.2865, 3.8793, 9.8843), (90.2865, 2.8759, 10.2215), (90.2865, 1.8439, 10.4570), (90.2865, 0.7935, 10.5886), (90.2865, -0.2647, 10.6150), (90.2865, -1.3203, 10.5359), (90.2865, -2.3628, 10.3521), (90.2865, -3.3818, 10.0654), (90.2865, -4.3672, 9.6787), (90.2865, -5.3092, 9.1957), (90.2865, -6.1984, 8.6214), (90.2865, -7.0260, 7.9614), (90.2865, -7.7838, 7.2223), (90.2865, -8.4642, 6.4114), (90.2865, -9.0605, 5.5368), (90.2865, -9.5668, 4.6071), (90.2865, -9.9780, 3.6317), (90.2865, -10.2900, 2.6201), (90.2865, -10.4997, 1.5826), (90.2865, -10.6051, 0.5293), (90.2865, -10.6051, -0.5293), (90.2865, -10.4997, -1.5826), (90.2865, -10.2900, -2.6201), (90.2865, -9.9780, -3.6317), (90.2865, -9.5668, -4.6071), (90.2865, -9.0605, -5.5368), (90.2865, -8.4642, -6.4114), (90.2865, -7.7838, -7.2223), (90.2865, -7.0260, -7.9614), (90.2865, -6.1984, -8.6214), (90.2865, -5.3092, -9.1957), (90.2865, -4.3672, -9.6787), (90.2865, -3.3818, -10.0654), (90.2865, -2.3628, -10.3521), (90.2865, -1.3203, -10.5359), (90.2865, -0.2647, -10.6150), (90.2865, 0.7935, -10.5886), (90.2865, 1.8439, -10.4570), (90.2865, 2.8759, -10.2215), (90.2865, 3.8793, -9.8843), (90.2865, 4.8442, -9.4489), (90.2865, 5.7609, -8.9197), (90.2865, 6.6204, -8.3017), (90.2865, 7.4141, -7.6013), (90.2865, 8.1341, -6.8253), (90.2865, 8.7733, -5.9815), (90.2865, 9.3252, -5.0783), (90.2865, 9.7845, -4.1245), (90.2865, 10.1466, -3.1298), (90.2865, 10.4078, -2.1040), (90.2865, 10.5656, -1.0572), (90.2865, 10.6183, 0.0000), (90.4393, 10.4393, 0.0000), (90.4393, 10.4393, 0.0000), (90.4393, 10.3875, 1.0394), (90.4393, 10.2324, 2.0685), (90.4393, 9.9755, 3.0770), (90.4393, 9.6196, 4.0550), (90.4393, 9.1681, 4.9927), (90.4393, 8.6254, 5.8807), (90.4393, 7.9970, 6.7103), (90.4393, 7.2891, 7.4732), (90.4393, 6.5088, 8.1618), (90.4393, 5.6638, 8.7693), (90.4393, 4.7625, 9.2897), (90.4393, 3.8139, 9.7177), (90.4393, 2.8274, 10.0492), (90.4393, 1.8128, 10.2807), (90.4393, 0.7801, 10.4101), (90.4393, -0.2603, 10.4361), (90.4393, -1.2981, 10.3583), (90.4393, -2.3230, 10.1776), (90.4393, -3.3248, 9.8957), (90.4393, -4.2936, 9.5155), (90.4393, -5.2197, 9.0407), (90.4393, -6.0939, 8.4761), (90.4393, -6.9076, 7.8272), (90.4393, -7.6526, 7.1006), (90.4393, -8.3215, 6.3033), (90.4393, -8.9078, 5.4434), (90.4393, -9.4055, 4.5295), (90.4393, -9.8098, 3.5705), (90.4393, -10.1165, 2.5760), (90.4393, -10.3227, 1.5559), (90.4393, -10.4264, 0.5204), (90.4393, -10.4264, -0.5204), (90.4393, -10.3227, -1.5559), (90.4393, -10.1165, -2.5760), (90.4393, -9.8098, -3.5705), (90.4393, -9.4055, -4.5295), (90.4393, -8.9078, -5.4434), (90.4393, -8.3215, -6.3033), (90.4393, -7.6526, -7.1006), (90.4393, -6.9076, -7.8272), (90.4393, -6.0939, -8.4761), (90.4393, -5.2197, -9.0407), (90.4393, -4.2936, -9.5155), (90.4393, -3.3248, -9.8957), (90.4393, -2.3230, -10.1776), (90.4393, -1.2981, -10.3583), (90.4393, -0.2603, -10.4361), (90.4393, 0.7801, -10.4101), (90.4393, 1.8128, -10.2807), (90.4393, 2.8274, -10.0492), (90.4393, 3.8139, -9.7177), (90.4393, 4.7625, -9.2897), (90.4393, 5.6638, -8.7693), (90.4393, 6.5088, -8.1618), (90.4393, 7.2891, -7.4732), (90.4393, 7.9970, -6.7103), (90.4393, 8.6254, -5.8807), (90.4393, 9.1681, -4.9927), (90.4393, 9.6196, -4.0550), (90.4393, 9.9755, -3.0770), (90.4393, 10.2324, -2.0685), (90.4393, 10.3875, -1.0394), (90.4393, 10.4393, 0.0000), (90.4393, 10.3875, 1.0394), (90.4393, 10.2324, 2.0685), (90.4393, 9.9755, 3.0770), (90.4393, 9.6196, 4.0550), (90.4393, 9.1681, 4.9927), (90.4393, 8.6254, 5.8807), (90.4393, 7.9970, 6.7103), (90.4393, 7.2891, 7.4732), (90.4393, 6.5088, 8.1618), (90.4393, 5.6638, 8.7693), (90.4393, 4.7625, 9.2897), (90.4393, 3.8139, 9.7177), (90.4393, 2.8274, 10.0492), (90.4393, 1.8128, 10.2807), (90.4393, 0.7801, 10.4101), (90.4393, -0.2603, 10.4361), (90.4393, -1.2981, 10.3583), (90.4393, -2.3230, 10.1776), (90.4393, -3.3248, 9.8957), (90.4393, -4.2936, 9.5155), (90.4393, -5.2197, 9.0407), (90.4393, -6.0939, 8.4761), (90.4393, -6.9076, 7.8272), (90.4393, -7.6526, 7.1006), (90.4393, -8.3215, 6.3033), (90.4393, -8.9078, 5.4434), (90.4393, -9.4055, 4.5295), (90.4393, -9.8098, 3.5705), (90.4393, -10.1165, 2.5760), (90.4393, -10.3227, 1.5559), (90.4393, -10.4264, 0.5204), (90.4393, -10.4264, -0.5204), (90.4393, -10.3227, -1.5559), (90.4393, -10.1165, -2.5760), (90.4393, -9.8098, -3.5705), (90.4393, -9.4055, -4.5295), (90.4393, -8.9078, -5.4434), (90.4393, -8.3215, -6.3033), (90.4393, -7.6526, -7.1006), (90.4393, -6.9076, -7.8272), (90.4393, -6.0939, -8.4761), (90.4393, -5.2197, -9.0407), (90.4393, -4.2936, -9.5155), (90.4393, -3.3248, -9.8957), (90.4393, -2.3230, -10.1776), (90.4393, -1.2981, -10.3583), (90.4393, -0.2603, -10.4361), (90.4393, 0.7801, -10.4101), (90.4393, 1.8128, -10.2807), (90.4393, 2.8274, -10.0492), (90.4393, 3.8139, -9.7177), (90.4393, 4.7625, -9.2897), (90.4393, 5.6638, -8.7693), (90.4393, 6.5088, -8.1618), (90.4393, 7.2891, -7.4732), (90.4393, 7.9970, -6.7103), (90.4393, 8.6254, -5.8807), (90.4393, 9.1681, -4.9927), (90.4393, 9.6196, -4.0550), (90.4393, 9.9755, -3.0770), (90.4393, 10.2324, -2.0685), (90.4393, 10.3875, -1.0394), (90.4393, 10.4393, 0.0000), (90.6183, 10.2865, 0.0000), (90.6183, 10.2865, 0.0000), (90.6183, 10.2354, 1.0242), (90.6183, 10.0825, 2.0382), (90.6183, 9.8295, 3.0320), (90.6183, 9.4787, 3.9956), (90.6183, 9.0338, 4.9195), (90.6183, 8.4991, 5.7946), (90.6183, 7.8799, 6.6120), (90.6183, 7.1824, 7.3637), (90.6183, 6.4135, 8.0423), (90.6183, 5.5809, 8.6409), (90.6183, 4.6928, 9.1536), (90.6183, 3.7581, 9.5754), (90.6183, 2.7860, 9.9020), (90.6183, 1.7862, 10.1302), (90.6183, 0.7687, 10.2577), (90.6183, -0.2564, 10.2833), (90.6183, -1.2791, 10.2066), (90.6183, -2.2890, 10.0286), (90.6183, -3.2761, 9.7508), (90.6183, -4.2307, 9.3762), (90.6183, -5.1432, 8.9083), (90.6183, -6.0047, 8.3520), (90.6183, -6.8064, 7.7126), (90.6183, -7.5405, 6.9966), (90.6183, -8.1997, 6.2110), (90.6183, -8.7774, 5.3637), (90.6183, -9.2678, 4.4631), (90.6183, -9.6661, 3.5182), (90.6183, -9.9684, 2.5383), (90.6183, -10.1716, 1.5331), (90.6183, -10.2737, 0.5127), (90.6183, -10.2737, -0.5127), (90.6183, -10.1716, -1.5331), (90.6183, -9.9684, -2.5383), (90.6183, -9.6661, -3.5182), (90.6183, -9.2678, -4.4631), (90.6183, -8.7774, -5.3637), (90.6183, -8.1997, -6.2110), (90.6183, -7.5405, -6.9966), (90.6183, -6.8064, -7.7126), (90.6183, -6.0047, -8.3520), (90.6183, -5.1432, -8.9083), (90.6183, -4.2307, -9.3762), (90.6183, -3.2761, -9.7508), (90.6183, -2.2890, -10.0286), (90.6183, -1.2791, -10.2066), (90.6183, -0.2564, -10.2833), (90.6183, 0.7687, -10.2577), (90.6183, 1.7862, -10.1302), (90.6183, 2.7860, -9.9020), (90.6183, 3.7581, -9.5754), (90.6183, 4.6928, -9.1536), (90.6183, 5.5809, -8.6409), (90.6183, 6.4135, -8.0423), (90.6183, 7.1824, -7.3637), (90.6183, 7.8799, -6.6120), (90.6183, 8.4991, -5.7946), (90.6183, 9.0338, -4.9195), (90.6183, 9.4787, -3.9956), (90.6183, 9.8295, -3.0320), (90.6183, 10.0825, -2.0382), (90.6183, 10.2354, -1.0242), (90.6183, 10.2865, 0.0000), (90.6183, 10.2354, 1.0242), (90.6183, 10.0825, 2.0382), (90.6183, 9.8295, 3.0320), (90.6183, 9.4787, 3.9956), (90.6183, 9.0338, 4.9195), (90.6183, 8.4991, 5.7946), (90.6183, 7.8799, 6.6120), (90.6183, 7.1824, 7.3637), (90.6183, 6.4135, 8.0423), (90.6183, 5.5809, 8.6409), (90.6183, 4.6928, 9.1536), (90.6183, 3.7581, 9.5754), (90.6183, 2.7860, 9.9020), (90.6183, 1.7862, 10.1302), (90.6183, 0.7687, 10.2577), (90.6183, -0.2564, 10.2833), (90.6183, -1.2791, 10.2066), (90.6183, -2.2890, 10.0286), (90.6183, -3.2761, 9.7508), (90.6183, -4.2307, 9.3762), (90.6183, -5.1432, 8.9083), (90.6183, -6.0047, 8.3520), (90.6183, -6.8064, 7.7126), (90.6183, -7.5405, 6.9966), (90.6183, -8.1997, 6.2110), (90.6183, -8.7774, 5.3637), (90.6183, -9.2678, 4.4631), (90.6183, -9.6661, 3.5182), (90.6183, -9.9684, 2.5383), (90.6183, -10.1716, 1.5331), (90.6183, -10.2737, 0.5127), (90.6183, -10.2737, -0.5127), (90.6183, -10.1716, -1.5331), (90.6183, -9.9684, -2.5383), (90.6183, -9.6661, -3.5182), (90.6183, -9.2678, -4.4631), (90.6183, -8.7774, -5.3637), (90.6183, -8.1997, -6.2110), (90.6183, -7.5405, -6.9966), (90.6183, -6.8064, -7.7126), (90.6183, -6.0047, -8.3520), (90.6183, -5.1432, -8.9083), (90.6183, -4.2307, -9.3762), (90.6183, -3.2761, -9.7508), (90.6183, -2.2890, -10.0286), (90.6183, -1.2791, -10.2066), (90.6183, -0.2564, -10.2833), (90.6183, 0.7687, -10.2577), (90.6183, 1.7862, -10.1302), (90.6183, 2.7860, -9.9020), (90.6183, 3.7581, -9.5754), (90.6183, 4.6928, -9.1536), (90.6183, 5.5809, -8.6409), (90.6183, 6.4135, -8.0423), (90.6183, 7.1824, -7.3637), (90.6183, 7.8799, -6.6120), (90.6183, 8.4991, -5.7946), (90.6183, 9.0338, -4.9195), (90.6183, 9.4787, -3.9956), (90.6183, 9.8295, -3.0320), (90.6183, 10.0825, -2.0382), (90.6183, 10.2354, -1.0242), (90.6183, 10.2865, 0.0000), (90.8190, 10.1635, 0.0000), (90.8190, 10.1635, 0.0000), (90.8190, 10.1130, 1.0120), (90.8190, 9.9620, 2.0139), (90.8190, 9.7120, 2.9957), (90.8190, 9.3654, 3.9479), (90.8190, 8.9258, 4.8607), (90.8190, 8.3975, 5.7253), (90.8190, 7.7857, 6.5330), (90.8190, 7.0965, 7.2757), (90.8190, 6.3368, 7.9461), (90.8190, 5.5142, 8.5376), (90.8190, 4.6367, 9.0442), (90.8190, 3.7131, 9.4609), (90.8190, 2.7527, 9.7836), (90.8190, 1.7649, 10.0091), (90.8190, 0.7595, 10.1351), (90.8190, -0.2534, 10.1603), (90.8190, -1.2638, 10.0846), (90.8190, -2.2616, 9.9087), (90.8190, -3.2369, 9.6343), (90.8190, -4.1801, 9.2641), (90.8190, -5.0817, 8.8018), (90.8190, -5.9329, 8.2521), (90.8190, -6.7250, 7.6204), (90.8190, -7.4504, 6.9129), (90.8190, -8.1016, 6.1368), (90.8190, -8.6724, 5.2996), (90.8190, -9.1570, 4.4098), (90.8190, -9.5506, 3.4761), (90.8190, -9.8492, 2.5079), (90.8190, -10.0500, 1.5148), (90.8190, -10.1509, 0.5066), (90.8190, -10.1509, -0.5066), (90.8190, -10.0500, -1.5148), (90.8190, -9.8492, -2.5079), (90.8190, -9.5506, -3.4761), (90.8190, -9.1570, -4.4098), (90.8190, -8.6724, -5.2996), (90.8190, -8.1016, -6.1368), (90.8190, -7.4504, -6.9129), (90.8190, -6.7250, -7.6204), (90.8190, -5.9329, -8.2521), (90.8190, -5.0817, -8.8018), (90.8190, -4.1801, -9.2641), (90.8190, -3.2369, -9.6343), (90.8190, -2.2616, -9.9087), (90.8190, -1.2638, -10.0846), (90.8190, -0.2534, -10.1603), (90.8190, 0.7595, -10.1351), (90.8190, 1.7649, -10.0091), (90.8190, 2.7527, -9.7836), (90.8190, 3.7131, -9.4609), (90.8190, 4.6367, -9.0442), (90.8190, 5.5142, -8.5376), (90.8190, 6.3368, -7.9461), (90.8190, 7.0965, -7.2757), (90.8190, 7.7857, -6.5330), (90.8190, 8.3975, -5.7253), (90.8190, 8.9258, -4.8607), (90.8190, 9.3654, -3.9479), (90.8190, 9.7120, -2.9957), (90.8190, 9.9620, -2.0139), (90.8190, 10.1130, -1.0120), (90.8190, 10.1635, 0.0000), (90.8190, 10.1130, 1.0120), (90.8190, 9.9620, 2.0139), (90.8190, 9.7120, 2.9957), (90.8190, 9.3654, 3.9479), (90.8190, 8.9258, 4.8607), (90.8190, 8.3975, 5.7253), (90.8190, 7.7857, 6.5330), (90.8190, 7.0965, 7.2757), (90.8190, 6.3368, 7.9461), (90.8190, 5.5142, 8.5376), (90.8190, 4.6367, 9.0442), (90.8190, 3.7131, 9.4609), (90.8190, 2.7527, 9.7836), (90.8190, 1.7649, 10.0091), (90.8190, 0.7595, 10.1351), (90.8190, -0.2534, 10.1603), (90.8190, -1.2638, 10.0846), (90.8190, -2.2616, 9.9087), (90.8190, -3.2369, 9.6343), (90.8190, -4.1801, 9.2641), (90.8190, -5.0817, 8.8018), (90.8190, -5.9329, 8.2521), (90.8190, -6.7250, 7.6204), (90.8190, -7.4504, 6.9129), (90.8190, -8.1016, 6.1368), (90.8190, -8.6724, 5.2996), (90.8190, -9.1570, 4.4098), (90.8190, -9.5506, 3.4761), (90.8190, -9.8492, 2.5079), (90.8190, -10.0500, 1.5148), (90.8190, -10.1509, 0.5066), (90.8190, -10.1509, -0.5066), (90.8190, -10.0500, -1.5148), (90.8190, -9.8492, -2.5079), (90.8190, -9.5506, -3.4761), (90.8190, -9.1570, -4.4098), (90.8190, -8.6724, -5.2996), (90.8190, -8.1016, -6.1368), (90.8190, -7.4504, -6.9129), (90.8190, -6.7250, -7.6204), (90.8190, -5.9329, -8.2521), (90.8190, -5.0817, -8.8018), (90.8190, -4.1801, -9.2641), (90.8190, -3.2369, -9.6343), (90.8190, -2.2616, -9.9087), (90.8190, -1.2638, -10.0846), (90.8190, -0.2534, -10.1603), (90.8190, 0.7595, -10.1351), (90.8190, 1.7649, -10.0091), (90.8190, 2.7527, -9.7836), (90.8190, 3.7131, -9.4609), (90.8190, 4.6367, -9.0442), (90.8190, 5.5142, -8.5376), (90.8190, 6.3368, -7.9461), (90.8190, 7.0965, -7.2757), (90.8190, 7.7857, -6.5330), (90.8190, 8.3975, -5.7253), (90.8190, 8.9258, -4.8607), (90.8190, 9.3654, -3.9479), (90.8190, 9.7120, -2.9957), (90.8190, 9.9620, -2.0139), (90.8190, 10.1130, -1.0120), (90.8190, 10.1635, 0.0000), (91.0365, 10.0734, 0.0000), (91.0365, 10.0734, 0.0000), (91.0365, 10.0234, 1.0030), (91.0365, 9.8737, 1.9960), (91.0365, 9.6259, 2.9692), (91.0365, 9.2824, 3.9129), (91.0365, 8.8467, 4.8177), (91.0365, 8.3230, 5.6746), (91.0365, 7.7167, 6.4751), (91.0365, 7.0336, 7.2112), (91.0365, 6.2807, 7.8757), (91.0365, 5.4653, 8.4619), (91.0365, 4.5956, 8.9640), (91.0365, 3.6802, 9.3771), (91.0365, 2.7283, 9.6969), (91.0365, 1.7492, 9.9204), (91.0365, 0.7528, 10.0452), (91.0365, -0.2511, 10.0703), (91.0365, -1.2526, 9.9952), (91.0365, -2.2415, 9.8209), (91.0365, -3.2082, 9.5489), (91.0365, -4.1431, 9.1820), (91.0365, -5.0367, 8.7238), (91.0365, -5.8803, 8.1790), (91.0365, -6.6654, 7.5529), (91.0365, -7.3843, 6.8517), (91.0365, -8.0298, 6.0824), (91.0365, -8.5956, 5.2526), (91.0365, -9.0758, 4.3707), (91.0365, -9.4659, 3.4453), (91.0365, -9.7619, 2.4857), (91.0365, -9.9609, 1.5014), (91.0365, -10.0609, 0.5021), (91.0365, -10.0609, -0.5021), (91.0365, -9.9609, -1.5014), (91.0365, -9.7619, -2.4857), (91.0365, -9.4659, -3.4453), (91.0365, -9.0758, -4.3707), (91.0365, -8.5956, -5.2526), (91.0365, -8.0298, -6.0824), (91.0365, -7.3843, -6.8517), (91.0365, -6.6654, -7.5529), (91.0365, -5.8803, -8.1790), (91.0365, -5.0367, -8.7238), (91.0365, -4.1431, -9.1820), (91.0365, -3.2082, -9.5489), (91.0365, -2.2415, -9.8209), (91.0365, -1.2526, -9.9952), (91.0365, -0.2511, -10.0703), (91.0365, 0.7528, -10.0452), (91.0365, 1.7492, -9.9204), (91.0365, 2.7283, -9.6969), (91.0365, 3.6802, -9.3771), (91.0365, 4.5956, -8.9640), (91.0365, 5.4653, -8.4619), (91.0365, 6.2807, -7.8757), (91.0365, 7.0336, -7.2112), (91.0365, 7.7167, -6.4751), (91.0365, 8.3230, -5.6746), (91.0365, 8.8467, -4.8177), (91.0365, 9.2824, -3.9129), (91.0365, 9.6259, -2.9692), (91.0365, 9.8737, -1.9960), (91.0365, 10.0234, -1.0030), (91.0365, 10.0734, 0.0000), (91.0365, 10.0234, 1.0030), (91.0365, 9.8737, 1.9960), (91.0365, 9.6259, 2.9692), (91.0365, 9.2824, 3.9129), (91.0365, 8.8467, 4.8177), (91.0365, 8.3230, 5.6746), (91.0365, 7.7167, 6.4751), (91.0365, 7.0336, 7.2112), (91.0365, 6.2807, 7.8757), (91.0365, 5.4653, 8.4619), (91.0365, 4.5956, 8.9640), (91.0365, 3.6802, 9.3771), (91.0365, 2.7283, 9.6969), (91.0365, 1.7492, 9.9204), (91.0365, 0.7528, 10.0452), (91.0365, -0.2511, 10.0703), (91.0365, -1.2526, 9.9952), (91.0365, -2.2415, 9.8209), (91.0365, -3.2082, 9.5489), (91.0365, -4.1431, 9.1820), (91.0365, -5.0367, 8.7238), (91.0365, -5.8803, 8.1790), (91.0365, -6.6654, 7.5529), (91.0365, -7.3843, 6.8517), (91.0365, -8.0298, 6.0824), (91.0365, -8.5956, 5.2526), (91.0365, -9.0758, 4.3707), (91.0365, -9.4659, 3.4453), (91.0365, -9.7619, 2.4857), (91.0365, -9.9609, 1.5014), (91.0365, -10.0609, 0.5021), (91.0365, -10.0609, -0.5021), (91.0365, -9.9609, -1.5014), (91.0365, -9.7619, -2.4857), (91.0365, -9.4659, -3.4453), (91.0365, -9.0758, -4.3707), (91.0365, -8.5956, -5.2526), (91.0365, -8.0298, -6.0824), (91.0365, -7.3843, -6.8517), (91.0365, -6.6654, -7.5529), (91.0365, -5.8803, -8.1790), (91.0365, -5.0367, -8.7238), (91.0365, -4.1431, -9.1820), (91.0365, -3.2082, -9.5489), (91.0365, -2.2415, -9.8209), (91.0365, -1.2526, -9.9952), (91.0365, -0.2511, -10.0703), (91.0365, 0.7528, -10.0452), (91.0365, 1.7492, -9.9204), (91.0365, 2.7283, -9.6969), (91.0365, 3.6802, -9.3771), (91.0365, 4.5956, -8.9640), (91.0365, 5.4653, -8.4619), (91.0365, 6.2807, -7.8757), (91.0365, 7.0336, -7.2112), (91.0365, 7.7167, -6.4751), (91.0365, 8.3230, -5.6746), (91.0365, 8.8467, -4.8177), (91.0365, 9.2824, -3.9129), (91.0365, 9.6259, -2.9692), (91.0365, 9.8737, -1.9960), (91.0365, 10.0234, -1.0030), (91.0365, 10.0734, 0.0000), (91.2653, 10.0185, 0.0000), (91.2653, 10.0185, 0.0000), (91.2653, 9.9687, 0.9975), (91.2653, 9.8198, 1.9851), (91.2653, 9.5734, 2.9530), (91.2653, 9.2318, 3.8915), (91.2653, 8.7984, 4.7914), (91.2653, 8.2776, 5.6436), (91.2653, 7.6746, 6.4397), (91.2653, 6.9953, 7.1719), (91.2653, 6.2464, 7.8328), (91.2653, 5.4355, 8.4158), (91.2653, 4.5705, 8.9152), (91.2653, 3.6602, 9.3259), (91.2653, 2.7134, 9.6440), (91.2653, 1.7397, 9.8663), (91.2653, 0.7487, 9.9905), (91.2653, -0.2498, 10.0154), (91.2653, -1.2457, 9.9407), (91.2653, -2.2293, 9.7673), (91.2653, -3.1907, 9.4968), (91.2653, -4.1205, 9.1319), (91.2653, -5.0092, 8.6762), (91.2653, -5.8482, 8.1344), (91.2653, -6.6291, 7.5117), (91.2653, -7.3441, 6.8143), (91.2653, -7.9860, 6.0492), (91.2653, -8.5487, 5.2240), (91.2653, -9.0263, 4.3469), (91.2653, -9.4143, 3.4265), (91.2653, -9.7087, 2.4721), (91.2653, -9.9066, 1.4932), (91.2653, -10.0060, 0.4994), (91.2653, -10.0060, -0.4994), (91.2653, -9.9066, -1.4932), (91.2653, -9.7087, -2.4721), (91.2653, -9.4143, -3.4265), (91.2653, -9.0263, -4.3469), (91.2653, -8.5487, -5.2240), (91.2653, -7.9860, -6.0492), (91.2653, -7.3441, -6.8143), (91.2653, -6.6291, -7.5117), (91.2653, -5.8482, -8.1344), (91.2653, -5.0092, -8.6762), (91.2653, -4.1205, -9.1319), (91.2653, -3.1907, -9.4968), (91.2653, -2.2293, -9.7673), (91.2653, -1.2457, -9.9407), (91.2653, -0.2498, -10.0154), (91.2653, 0.7487, -9.9905), (91.2653, 1.7397, -9.8663), (91.2653, 2.7134, -9.6440), (91.2653, 3.6602, -9.3259), (91.2653, 4.5705, -8.9152), (91.2653, 5.4355, -8.4158), (91.2653, 6.2464, -7.8328), (91.2653, 6.9953, -7.1719), (91.2653, 7.6746, -6.4397), (91.2653, 8.2776, -5.6436), (91.2653, 8.7984, -4.7914), (91.2653, 9.2318, -3.8915), (91.2653, 9.5734, -2.9530), (91.2653, 9.8198, -1.9851), (91.2653, 9.9687, -0.9975), (91.2653, 10.0185, 0.0000), (91.2653, 9.9687, 0.9975), (91.2653, 9.8198, 1.9851), (91.2653, 9.5734, 2.9530), (91.2653, 9.2318, 3.8915), (91.2653, 8.7984, 4.7914), (91.2653, 8.2776, 5.6436), (91.2653, 7.6746, 6.4397), (91.2653, 6.9953, 7.1719), (91.2653, 6.2464, 7.8328), (91.2653, 5.4355, 8.4158), (91.2653, 4.5705, 8.9152), (91.2653, 3.6602, 9.3259), (91.2653, 2.7134, 9.6440), (91.2653, 1.7397, 9.8663), (91.2653, 0.7487, 9.9905), (91.2653, -0.2498, 10.0154), (91.2653, -1.2457, 9.9407), (91.2653, -2.2293, 9.7673), (91.2653, -3.1907, 9.4968), (91.2653, -4.1205, 9.1319), (91.2653, -5.0092, 8.6762), (91.2653, -5.8482, 8.1344), (91.2653, -6.6291, 7.5117), (91.2653, -7.3441, 6.8143), (91.2653, -7.9860, 6.0492), (91.2653, -8.5487, 5.2240), (91.2653, -9.0263, 4.3469), (91.2653, -9.4143, 3.4265), (91.2653, -9.7087, 2.4721), (91.2653, -9.9066, 1.4932), (91.2653, -10.0060, 0.4994), (91.2653, -10.0060, -0.4994), (91.2653, -9.9066, -1.4932), (91.2653, -9.7087, -2.4721), (91.2653, -9.4143, -3.4265), (91.2653, -9.0263, -4.3469), (91.2653, -8.5487, -5.2240), (91.2653, -7.9860, -6.0492), (91.2653, -7.3441, -6.8143), (91.2653, -6.6291, -7.5117), (91.2653, -5.8482, -8.1344), (91.2653, -5.0092, -8.6762), (91.2653, -4.1205, -9.1319), (91.2653, -3.1907, -9.4968), (91.2653, -2.2293, -9.7673), (91.2653, -1.2457, -9.9407), (91.2653, -0.2498, -10.0154), (91.2653, 0.7487, -9.9905), (91.2653, 1.7397, -9.8663), (91.2653, 2.7134, -9.6440), (91.2653, 3.6602, -9.3259), (91.2653, 4.5705, -8.9152), (91.2653, 5.4355, -8.4158), (91.2653, 6.2464, -7.8328), (91.2653, 6.9953, -7.1719), (91.2653, 7.6746, -6.4397), (91.2653, 8.2776, -5.6436), (91.2653, 8.7984, -4.7914), (91.2653, 9.2318, -3.8915), (91.2653, 9.5734, -2.9530), (91.2653, 9.8198, -1.9851), (91.2653, 9.9687, -0.9975), (91.2653, 10.0185, 0.0000), (91.5000, 10.0000, 0.0000), (91.5000, 10.0000, 0.0000), (91.5000, 9.9503, 0.9957), (91.5000, 9.8017, 1.9815), (91.5000, 9.5557, 2.9476), (91.5000, 9.2148, 3.8843), (91.5000, 8.7822, 4.7825), (91.5000, 8.2624, 5.6332), (91.5000, 7.6604, 6.4279), (91.5000, 6.9824, 7.1587), (91.5000, 6.2349, 7.8183), (91.5000, 5.4255, 8.4003), (91.5000, 4.5621, 8.8987), (91.5000, 3.6534, 9.3087), (91.5000, 2.7084, 9.6262), (91.5000, 1.7365, 9.8481), (91.5000, 0.7473, 9.9720), (91.5000, -0.2493, 9.9969), (91.5000, -1.2434, 9.9224), (91.5000, -2.2252, 9.7493), (91.5000, -3.1849, 9.4793), (91.5000, -4.1129, 9.1151), (91.5000, -5.0000, 8.6603), (91.5000, -5.8374, 8.1194), (91.5000, -6.6169, 7.4978), (91.5000, -7.3305, 6.8017), (91.5000, -7.9713, 6.0380), (91.5000, -8.5329, 5.2144), (91.5000, -9.0097, 4.3388), (91.5000, -9.3969, 3.4202), (91.5000, -9.6908, 2.4676), (91.5000, -9.8883, 1.4904), (91.5000, -9.9876, 0.4985), (91.5000, -9.9876, -0.4985), (91.5000, -9.8883, -1.4904), (91.5000, -9.6908, -2.4676), (91.5000, -9.3969, -3.4202), (91.5000, -9.0097, -4.3388), (91.5000, -8.5329, -5.2144), (91.5000, -7.9713, -6.0380), (91.5000, -7.3305, -6.8017), (91.5000, -6.6169, -7.4978), (91.5000, -5.8374, -8.1194), (91.5000, -5.0000, -8.6603), (91.5000, -4.1129, -9.1151), (91.5000, -3.1849, -9.4793), (91.5000, -2.2252, -9.7493), (91.5000, -1.2434, -9.9224), (91.5000, -0.2493, -9.9969), (91.5000, 0.7473, -9.9720), (91.5000, 1.7365, -9.8481), (91.5000, 2.7084, -9.6262), (91.5000, 3.6534, -9.3087), (91.5000, 4.5621, -8.8987), (91.5000, 5.4255, -8.4003), (91.5000, 6.2349, -7.8183), (91.5000, 6.9824, -7.1587), (91.5000, 7.6604, -6.4279), (91.5000, 8.2624, -5.6332), (91.5000, 8.7822, -4.7825), (91.5000, 9.2148, -3.8843), (91.5000, 9.5557, -2.9476), (91.5000, 9.8017, -1.9815), (91.5000, 9.9503, -0.9957), (91.5000, 10.0000, 0.0000), (91.5000, 9.9503, 0.9957), (91.5000, 9.8017, 1.9815), (91.5000, 9.5557, 2.9476), (91.5000, 9.2148, 3.8843), (91.5000, 8.7822, 4.7825), (91.5000, 8.2624, 5.6332), (91.5000, 7.6604, 6.4279), (91.5000, 6.9824, 7.1587), (91.5000, 6.2349, 7.8183), (91.5000, 5.4255, 8.4003), (91.5000, 4.5621, 8.8987), (91.5000, 3.6534, 9.3087), (91.5000, 2.7084, 9.6262), (91.5000, 1.7365, 9.8481), (91.5000, 0.7473, 9.9720), (91.5000, -0.2493, 9.9969), (91.5000, -1.2434, 9.9224), (91.5000, -2.2252, 9.7493), (91.5000, -3.1849, 9.4793), (91.5000, -4.1129, 9.1151), (91.5000, -5.0000, 8.6603), (91.5000, -5.8374, 8.1194), (91.5000, -6.6169, 7.4978), (91.5000, -7.3305, 6.8017), (91.5000, -7.9713, 6.0380), (91.5000, -8.5329, 5.2144), (91.5000, -9.0097, 4.3388), (91.5000, -9.3969, 3.4202), (91.5000, -9.6908, 2.4676), (91.5000, -9.8883, 1.4904), (91.5000, -9.9876, 0.4985), (91.5000, -9.9876, -0.4985), (91.5000, -9.8883, -1.4904), (91.5000, -9.6908, -2.4676), (91.5000, -9.3969, -3.4202), (91.5000, -9.0097, -4.3388), (91.5000, -8.5329, -5.2144), (91.5000, -7.9713, -6.0380), (91.5000, -7.3305, -6.8017), (91.5000, -6.6169, -7.4978), (91.5000, -5.8374, -8.1194), (91.5000, -5.0000, -8.6603), (91.5000, -4.1129, -9.1151), (91.5000, -3.1849, -9.4793), (91.5000, -2.2252, -9.7493), (91.5000, -1.2434, -9.9224), (91.5000, -0.2493, -9.9969), (91.5000, 0.7473, -9.9720), (91.5000, 1.7365, -9.8481), (91.5000, 2.7084, -9.6262), (91.5000, 3.6534, -9.3087), (91.5000, 4.5621, -8.8987), (91.5000, 5.4255, -8.4003), (91.5000, 6.2349, -7.8183), (91.5000, 6.9824, -7.1587), (91.5000, 7.6604, -6.4279), (91.5000, 8.2624, -5.6332), (91.5000, 8.7822, -4.7825), (91.5000, 9.2148, -3.8843), (91.5000, 9.5557, -2.9476), (91.5000, 9.8017, -1.9815), (91.5000, 9.9503, -0.9957), (91.5000, 10.0000, 0.0000), (102.7000, 10.0000, 0.0000), (102.7000, 10.0000, 0.0000), (102.7000, 9.9503, 0.9957), (102.7000, 9.8017, 1.9815), (102.7000, 9.5557, 2.9476), (102.7000, 9.2148, 3.8843), (102.7000, 8.7822, 4.7825), (102.7000, 8.2624, 5.6332), (102.7000, 7.6604, 6.4279), (102.7000, 6.9824, 7.1587), (102.7000, 6.2349, 7.8183), (102.7000, 5.4255, 8.4003), (102.7000, 4.5621, 8.8987), (102.7000, 3.6534, 9.3087), (102.7000, 2.7084, 9.6262), (102.7000, 1.7365, 9.8481), (102.7000, 0.7473, 9.9720), (102.7000, -0.2493, 9.9969), (102.7000, -1.2434, 9.9224), (102.7000, -2.2252, 9.7493), (102.7000, -3.1849, 9.4793), (102.7000, -4.1129, 9.1151), (102.7000, -5.0000, 8.6603), (102.7000, -5.8374, 8.1194), (102.7000, -6.6169, 7.4978), (102.7000, -7.3305, 6.8017), (102.7000, -7.9713, 6.0380), (102.7000, -8.5329, 5.2144), (102.7000, -9.0097, 4.3388), (102.7000, -9.3969, 3.4202), (102.7000, -9.6908, 2.4676), (102.7000, -9.8883, 1.4904), (102.7000, -9.9876, 0.4985), (102.7000, -9.9876, -0.4985), (102.7000, -9.8883, -1.4904), (102.7000, -9.6908, -2.4676), (102.7000, -9.3969, -3.4202), (102.7000, -9.0097, -4.3388), (102.7000, -8.5329, -5.2144), (102.7000, -7.9713, -6.0380), (102.7000, -7.3305, -6.8017), (102.7000, -6.6169, -7.4978), (102.7000, -5.8374, -8.1194), (102.7000, -5.0000, -8.6603), (102.7000, -4.1129, -9.1151), (102.7000, -3.1849, -9.4793), (102.7000, -2.2252, -9.7493), (102.7000, -1.2434, -9.9224), (102.7000, -0.2493, -9.9969), (102.7000, 0.7473, -9.9720), (102.7000, 1.7365, -9.8481), (102.7000, 2.7084, -9.6262), (102.7000, 3.6534, -9.3087), (102.7000, 4.5621, -8.8987), (102.7000, 5.4255, -8.4003), (102.7000, 6.2349, -7.8183), (102.7000, 6.9824, -7.1587), (102.7000, 7.6604, -6.4279), (102.7000, 8.2624, -5.6332), (102.7000, 8.7822, -4.7825), (102.7000, 9.2148, -3.8843), (102.7000, 9.5557, -2.9476), (102.7000, 9.8017, -1.9815), (102.7000, 9.9503, -0.9957), (102.7000, 10.0000, 0.0000), (102.7000, 9.9503, 0.9957), (102.7000, 9.8017, 1.9815), (102.7000, 9.5557, 2.9476), (102.7000, 9.2148, 3.8843), (102.7000, 8.7822, 4.7825), (102.7000, 8.2624, 5.6332), (102.7000, 7.6604, 6.4279), (102.7000, 6.9824, 7.1587), (102.7000, 6.2349, 7.8183), (102.7000, 5.4255, 8.4003), (102.7000, 4.5621, 8.8987), (102.7000, 3.6534, 9.3087), (102.7000, 2.7084, 9.6262), (102.7000, 1.7365, 9.8481), (102.7000, 0.7473, 9.9720), (102.7000, -0.2493, 9.9969), (102.7000, -1.2434, 9.9224), (102.7000, -2.2252, 9.7493), (102.7000, -3.1849, 9.4793), (102.7000, -4.1129, 9.1151), (102.7000, -5.0000, 8.6603), (102.7000, -5.8374, 8.1194), (102.7000, -6.6169, 7.4978), (102.7000, -7.3305, 6.8017), (102.7000, -7.9713, 6.0380), (102.7000, -8.5329, 5.2144), (102.7000, -9.0097, 4.3388), (102.7000, -9.3969, 3.4202), (102.7000, -9.6908, 2.4676), (102.7000, -9.8883, 1.4904), (102.7000, -9.9876, 0.4985), (102.7000, -9.9876, -0.4985), (102.7000, -9.8883, -1.4904), (102.7000, -9.6908, -2.4676), (102.7000, -9.3969, -3.4202), (102.7000, -9.0097, -4.3388), (102.7000, -8.5329, -5.2144), (102.7000, -7.9713, -6.0380), (102.7000, -7.3305, -6.8017), (102.7000, -6.6169, -7.4978), (102.7000, -5.8374, -8.1194), (102.7000, -5.0000, -8.6603), (102.7000, -4.1129, -9.1151), (102.7000, -3.1849, -9.4793), (102.7000, -2.2252, -9.7493), (102.7000, -1.2434, -9.9224), (102.7000, -0.2493, -9.9969), (102.7000, 0.7473, -9.9720), (102.7000, 1.7365, -9.8481), (102.7000, 2.7084, -9.6262), (102.7000, 3.6534, -9.3087), (102.7000, 4.5621, -8.8987), (102.7000, 5.4255, -8.4003), (102.7000, 6.2349, -7.8183), (102.7000, 6.9824, -7.1587), (102.7000, 7.6604, -6.4279), (102.7000, 8.2624, -5.6332), (102.7000, 8.7822, -4.7825), (102.7000, 9.2148, -3.8843), (102.7000, 9.5557, -2.9476), (102.7000, 9.8017, -1.9815), (102.7000, 9.9503, -0.9957), (102.7000, 9.5000, 0.0000), (102.7000, 9.4528, 0.9459), (102.7000, 9.3116, 1.8824), (102.7000, 9.0779, 2.8002), (102.7000, 8.7540, 3.6901), (102.7000, 8.3431, 4.5434), (102.7000, 7.8493, 5.3515), (102.7000, 7.2774, 6.1065), (102.7000, 6.6332, 6.8007), (102.7000, 5.9232, 7.4274), (102.7000, 5.1542, 7.9802), (102.7000, 4.3340, 8.4538), (102.7000, 3.4707, 8.8433), (102.7000, 2.5730, 9.1449), (102.7000, 1.6497, 9.3557), (102.7000, 0.7099, 9.4734), (102.7000, -0.2368, 9.4970), (102.7000, -1.1813, 9.4263), (102.7000, -2.1139, 9.2618), (102.7000, -3.0256, 9.0053), (102.7000, -3.9072, 8.6593), (102.7000, -4.7500, 8.2272), (102.7000, -5.5456, 7.7134), (102.7000, -6.2860, 7.1229), (102.7000, -6.9640, 6.4616), (102.7000, -7.5728, 5.7361), (102.7000, -8.1063, 4.9536), (102.7000, -8.5592, 4.1219), (102.7000, -8.9271, 3.2492), (102.7000, -9.2062, 2.3442), (102.7000, -9.3939, 1.4159), (102.7000, -9.4882, 0.4735), (102.7000, -9.4882, -0.4735), (102.7000, -9.3939, -1.4159), (102.7000, -9.2062, -2.3442), (102.7000, -8.9271, -3.2492), (102.7000, -8.5592, -4.1219), (102.7000, -8.1063, -4.9536), (102.7000, -7.5728, -5.7361), (102.7000, -6.9640, -6.4616), (102.7000, -6.2860, -7.1229), (102.7000, -5.5456, -7.7134), (102.7000, -4.7500, -8.2272), (102.7000, -3.9072, -8.6593), (102.7000, -3.0256, -9.0053), (102.7000, -2.1139, -9.2618), (102.7000, -1.1813, -9.4263), (102.7000, -0.2368, -9.4970), (102.7000, 0.7099, -9.4734), (102.7000, 1.6497, -9.3557), (102.7000, 2.5730, -9.1449), (102.7000, 3.4707, -8.8433), (102.7000, 4.3340, -8.4538), (102.7000, 5.1542, -7.9802), (102.7000, 5.9232, -7.4274), (102.7000, 6.6332, -6.8007), (102.7000, 7.2774, -6.1065), (102.7000, 7.8493, -5.3515), (102.7000, 8.3431, -4.5434), (102.7000, 8.7540, -3.6901), (102.7000, 9.0779, -2.8002), (102.7000, 9.3116, -1.8824), (102.7000, 9.4528, -0.9459), (102.7000, 9.5000, 0.0000), (102.7000, 9.4528, 0.9459), (102.7000, 9.3116, 1.8824), (102.7000, 9.0779, 2.8002), (102.7000, 8.7540, 3.6901), (102.7000, 8.3431, 4.5434), (102.7000, 7.8493, 5.3515), (102.7000, 7.2774, 6.1065), (102.7000, 6.6332, 6.8007), (102.7000, 5.9232, 7.4274), (102.7000, 5.1542, 7.9802), (102.7000, 4.3340, 8.4538), (102.7000, 3.4707, 8.8433), (102.7000, 2.5730, 9.1449), (102.7000, 1.6497, 9.3557), (102.7000, 0.7099, 9.4734), (102.7000, -0.2368, 9.4970), (102.7000, -1.1813, 9.4263), (102.7000, -2.1139, 9.2618), (102.7000, -3.0256, 9.0053), (102.7000, -3.9072, 8.6593), (102.7000, -4.7500, 8.2272), (102.7000, -5.5456, 7.7134), (102.7000, -6.2860, 7.1229), (102.7000, -6.9640, 6.4616), (102.7000, -7.5728, 5.7361), (102.7000, -8.1063, 4.9536), (102.7000, -8.5592, 4.1219), (102.7000, -8.9271, 3.2492), (102.7000, -9.2062, 2.3442), (102.7000, -9.3939, 1.4159), (102.7000, -9.4882, 0.4735), (102.7000, -9.4882, -0.4735), (102.7000, -9.3939, -1.4159), (102.7000, -9.2062, -2.3442), (102.7000, -8.9271, -3.2492), (102.7000, -8.5592, -4.1219), (102.7000, -8.1063, -4.9536), (102.7000, -7.5728, -5.7361), (102.7000, -6.9640, -6.4616), (102.7000, -6.2860, -7.1229), (102.7000, -5.5456, -7.7134), (102.7000, -4.7500, -8.2272), (102.7000, -3.9072, -8.6593), (102.7000, -3.0256, -9.0053), (102.7000, -2.1139, -9.2618), (102.7000, -1.1813, -9.4263), (102.7000, -0.2368, -9.4970), (102.7000, 0.7099, -9.4734), (102.7000, 1.6497, -9.3557), (102.7000, 2.5730, -9.1449), (102.7000, 3.4707, -8.8433), (102.7000, 4.3340, -8.4538), (102.7000, 5.1542, -7.9802), (102.7000, 5.9232, -7.4274), (102.7000, 6.6332, -6.8007), (102.7000, 7.2774, -6.1065), (102.7000, 7.8493, -5.3515), (102.7000, 8.3431, -4.5434), (102.7000, 8.7540, -3.6901), (102.7000, 9.0779, -2.8002), (102.7000, 9.3116, -1.8824), (102.7000, 9.4528, -0.9459), (102.7000, 9.5000, 0.0000), (104.0000, 9.5000, 0.0000), (104.0000, 9.5000, 0.0000), (104.0000, 9.4528, 0.9459), (104.0000, 9.3116, 1.8824), (104.0000, 9.0779, 2.8002), (104.0000, 8.7540, 3.6901), (104.0000, 8.3431, 4.5434), (104.0000, 7.8493, 5.3515), (104.0000, 7.2774, 6.1065), (104.0000, 6.6332, 6.8007), (104.0000, 5.9232, 7.4274), (104.0000, 5.1542, 7.9802), (104.0000, 4.3340, 8.4538), (104.0000, 3.4707, 8.8433), (104.0000, 2.5730, 9.1449), (104.0000, 1.6497, 9.3557), (104.0000, 0.7099, 9.4734), (104.0000, -0.2368, 9.4970), (104.0000, -1.1813, 9.4263), (104.0000, -2.1139, 9.2618), (104.0000, -3.0256, 9.0053), (104.0000, -3.9072, 8.6593), (104.0000, -4.7500, 8.2272), (104.0000, -5.5456, 7.7134), (104.0000, -6.2860, 7.1229), (104.0000, -6.9640, 6.4616), (104.0000, -7.5728, 5.7361), (104.0000, -8.1063, 4.9536), (104.0000, -8.5592, 4.1219), (104.0000, -8.9271, 3.2492), (104.0000, -9.2062, 2.3442), (104.0000, -9.3939, 1.4159), (104.0000, -9.4882, 0.4735), (104.0000, -9.4882, -0.4735), (104.0000, -9.3939, -1.4159), (104.0000, -9.2062, -2.3442), (104.0000, -8.9271, -3.2492), (104.0000, -8.5592, -4.1219), (104.0000, -8.1063, -4.9536), (104.0000, -7.5728, -5.7361), (104.0000, -6.9640, -6.4616), (104.0000, -6.2860, -7.1229), (104.0000, -5.5456, -7.7134), (104.0000, -4.7500, -8.2272), (104.0000, -3.9072, -8.6593), (104.0000, -3.0256, -9.0053), (104.0000, -2.1139, -9.2618), (104.0000, -1.1813, -9.4263), (104.0000, -0.2368, -9.4970), (104.0000, 0.7099, -9.4734), (104.0000, 1.6497, -9.3557), (104.0000, 2.5730, -9.1449), (104.0000, 3.4707, -8.8433), (104.0000, 4.3340, -8.4538), (104.0000, 5.1542, -7.9802), (104.0000, 5.9232, -7.4274), (104.0000, 6.6332, -6.8007), (104.0000, 7.2774, -6.1065), (104.0000, 7.8493, -5.3515), (104.0000, 8.3431, -4.5434), (104.0000, 8.7540, -3.6901), (104.0000, 9.0779, -2.8002), (104.0000, 9.3116, -1.8824), (104.0000, 9.4528, -0.9459), (104.0000, 10.0000, 0.0000), (104.0000, 9.9503, 0.9957), (104.0000, 9.8017, 1.9815), (104.0000, 9.5557, 2.9476), (104.0000, 9.2148, 3.8843), (104.0000, 8.7822, 4.7825), (104.0000, 8.2624, 5.6332), (104.0000, 7.6604, 6.4279), (104.0000, 6.9824, 7.1587), (104.0000, 6.2349, 7.8183), (104.0000, 5.4255, 8.4003), (104.0000, 4.5621, 8.8987), (104.0000, 3.6534, 9.3087), (104.0000, 2.7084, 9.6262), (104.0000, 1.7365, 9.8481), (104.0000, 0.7473, 9.9720), (104.0000, -0.2493, 9.9969), (104.0000, -1.2434, 9.9224), (104.0000, -2.2252, 9.7493), (104.0000, -3.1849, 9.4793), (104.0000, -4.1129, 9.1151), (104.0000, -5.0000, 8.6603), (104.0000, -5.8374, 8.1194), (104.0000, -6.6169, 7.4978), (104.0000, -7.3305, 6.8017), (104.0000, -7.9713, 6.0380), (104.0000, -8.5329, 5.2144), (104.0000, -9.0097, 4.3388), (104.0000, -9.3969, 3.4202), (104.0000, -9.6908, 2.4676), (104.0000, -9.8883, 1.4904), (104.0000, -9.9876, 0.4985), (104.0000, -9.9876, -0.4985), (104.0000, -9.8883, -1.4904), (104.0000, -9.6908, -2.4676), (104.0000, -9.3969, -3.4202), (104.0000, -9.0097, -4.3388), (104.0000, -8.5329, -5.2144), (104.0000, -7.9713, -6.0380), (104.0000, -7.3305, -6.8017), (104.0000, -6.6169, -7.4978), (104.0000, -5.8374, -8.1194), (104.0000, -5.0000, -8.6603), (104.0000, -4.1129, -9.1151), (104.0000, -3.1849, -9.4793), (104.0000, -2.2252, -9.7493), (104.0000, -1.2434, -9.9224), (104.0000, -0.2493, -9.9969), (104.0000, 0.7473, -9.9720), (104.0000, 1.7365, -9.8481), (104.0000, 2.7084, -9.6262), (104.0000, 3.6534, -9.3087), (104.0000, 4.5621, -8.8987), (104.0000, 5.4255, -8.4003), (104.0000, 6.2349, -7.8183), (104.0000, 6.9824, -7.1587), (104.0000, 7.6604, -6.4279), (104.0000, 8.2624, -5.6332), (104.0000, 8.7822, -4.7825), (104.0000, 9.2148, -3.8843), (104.0000, 9.5557, -2.9476), (104.0000, 9.8017, -1.9815), (104.0000, 9.9503, -0.9957), (104.0000, 9.5000, 0.0000), (104.0000, 9.4528, 0.9459), (104.0000, 9.3116, 1.8824), (104.0000, 9.0779, 2.8002), (104.0000, 8.7540, 3.6901), (104.0000, 8.3431, 4.5434), (104.0000, 7.8493, 5.3515), (104.0000, 7.2774, 6.1065), (104.0000, 6.6332, 6.8007), (104.0000, 5.9232, 7.4274), (104.0000, 5.1542, 7.9802), (104.0000, 4.3340, 8.4538), (104.0000, 3.4707, 8.8433), (104.0000, 2.5730, 9.1449), (104.0000, 1.6497, 9.3557), (104.0000, 0.7099, 9.4734), (104.0000, -0.2368, 9.4970), (104.0000, -1.1813, 9.4263), (104.0000, -2.1139, 9.2618), (104.0000, -3.0256, 9.0053), (104.0000, -3.9072, 8.6593), (104.0000, -4.7500, 8.2272), (104.0000, -5.5456, 7.7134), (104.0000, -6.2860, 7.1229), (104.0000, -6.9640, 6.4616), (104.0000, -7.5728, 5.7361), (104.0000, -8.1063, 4.9536), (104.0000, -8.5592, 4.1219), (104.0000, -8.9271, 3.2492), (104.0000, -9.2062, 2.3442), (104.0000, -9.3939, 1.4159), (104.0000, -9.4882, 0.4735), (104.0000, -9.4882, -0.4735), (104.0000, -9.3939, -1.4159), (104.0000, -9.2062, -2.3442), (104.0000, -8.9271, -3.2492), (104.0000, -8.5592, -4.1219), (104.0000, -8.1063, -4.9536), (104.0000, -7.5728, -5.7361), (104.0000, -6.9640, -6.4616), (104.0000, -6.2860, -7.1229), (104.0000, -5.5456, -7.7134), (104.0000, -4.7500, -8.2272), (104.0000, -3.9072, -8.6593), (104.0000, -3.0256, -9.0053), (104.0000, -2.1139, -9.2618), (104.0000, -1.1813, -9.4263), (104.0000, -0.2368, -9.4970), (104.0000, 0.7099, -9.4734), (104.0000, 1.6497, -9.3557), (104.0000, 2.5730, -9.1449), (104.0000, 3.4707, -8.8433), (104.0000, 4.3340, -8.4538), (104.0000, 5.1542, -7.9802), (104.0000, 5.9232, -7.4274), (104.0000, 6.6332, -6.8007), (104.0000, 7.2774, -6.1065), (104.0000, 7.8493, -5.3515), (104.0000, 8.3431, -4.5434), (104.0000, 8.7540, -3.6901), (104.0000, 9.0779, -2.8002), (104.0000, 9.3116, -1.8824), (104.0000, 9.4528, -0.9459), (104.0000, 10.0000, 0.0000), (104.0000, 9.9503, 0.9957), (104.0000, 9.8017, 1.9815), (104.0000, 9.5557, 2.9476), (104.0000, 9.2148, 3.8843), (104.0000, 8.7822, 4.7825), (104.0000, 8.2624, 5.6332), (104.0000, 7.6604, 6.4279), (104.0000, 6.9824, 7.1587), (104.0000, 6.2349, 7.8183), (104.0000, 5.4255, 8.4003), (104.0000, 4.5621, 8.8987), (104.0000, 3.6534, 9.3087), (104.0000, 2.7084, 9.6262), (104.0000, 1.7365, 9.8481), (104.0000, 0.7473, 9.9720), (104.0000, -0.2493, 9.9969), (104.0000, -1.2434, 9.9224), (104.0000, -2.2252, 9.7493), (104.0000, -3.1849, 9.4793), (104.0000, -4.1129, 9.1151), (104.0000, -5.0000, 8.6603), (104.0000, -5.8374, 8.1194), (104.0000, -6.6169, 7.4978), (104.0000, -7.3305, 6.8017), (104.0000, -7.9713, 6.0380), (104.0000, -8.5329, 5.2144), (104.0000, -9.0097, 4.3388), (104.0000, -9.3969, 3.4202), (104.0000, -9.6908, 2.4676), (104.0000, -9.8883, 1.4904), (104.0000, -9.9876, 0.4985), (104.0000, -9.9876, -0.4985), (104.0000, -9.8883, -1.4904), (104.0000, -9.6908, -2.4676), (104.0000, -9.3969, -3.4202), (104.0000, -9.0097, -4.3388), (104.0000, -8.5329, -5.2144), (104.0000, -7.9713, -6.0380), (104.0000, -7.3305, -6.8017), (104.0000, -6.6169, -7.4978), (104.0000, -5.8374, -8.1194), (104.0000, -5.0000, -8.6603), (104.0000, -4.1129, -9.1151), (104.0000, -3.1849, -9.4793), (104.0000, -2.2252, -9.7493), (104.0000, -1.2434, -9.9224), (104.0000, -0.2493, -9.9969), (104.0000, 0.7473, -9.9720), (104.0000, 1.7365, -9.8481), (104.0000, 2.7084, -9.6262), (104.0000, 3.6534, -9.3087), (104.0000, 4.5621, -8.8987), (104.0000, 5.4255, -8.4003), (104.0000, 6.2349, -7.8183), (104.0000, 6.9824, -7.1587), (104.0000, 7.6604, -6.4279), (104.0000, 8.2624, -5.6332), (104.0000, 8.7822, -4.7825), (104.0000, 9.2148, -3.8843), (104.0000, 9.5557, -2.9476), (104.0000, 9.8017, -1.9815), (104.0000, 9.9503, -0.9957), (104.0000, 10.0000, 0.0000), (108.5000, 10.0000, 0.0000), (108.5000, 10.0000, 0.0000), (108.5000, 9.9503, 0.9957), (108.5000, 9.8017, 1.9815), (108.5000, 9.5557, 2.9476), (108.5000, 9.2148, 3.8843), (108.5000, 8.7822, 4.7825), (108.5000, 8.2624, 5.6332), (108.5000, 7.6604, 6.4279), (108.5000, 6.9824, 7.1587), (108.5000, 6.2349, 7.8183), (108.5000, 5.4255, 8.4003), (108.5000, 4.5621, 8.8987), (108.5000, 3.6534, 9.3087), (108.5000, 2.7084, 9.6262), (108.5000, 1.7365, 9.8481), (108.5000, 0.7473, 9.9720), (108.5000, -0.2493, 9.9969), (108.5000, -1.2434, 9.9224), (108.5000, -2.2252, 9.7493), (108.5000, -3.1849, 9.4793), (108.5000, -4.1129, 9.1151), (108.5000, -5.0000, 8.6603), (108.5000, -5.8374, 8.1194), (108.5000, -6.6169, 7.4978), (108.5000, -7.3305, 6.8017), (108.5000, -7.9713, 6.0380), (108.5000, -8.5329, 5.2144), (108.5000, -9.0097, 4.3388), (108.5000, -9.3969, 3.4202), (108.5000, -9.6908, 2.4676), (108.5000, -9.8883, 1.4904), (108.5000, -9.9876, 0.4985), (108.5000, -9.9876, -0.4985), (108.5000, -9.8883, -1.4904), (108.5000, -9.6908, -2.4676), (108.5000, -9.3969, -3.4202), (108.5000, -9.0097, -4.3388), (108.5000, -8.5329, -5.2144), (108.5000, -7.9713, -6.0380), (108.5000, -7.3305, -6.8017), (108.5000, -6.6169, -7.4978), (108.5000, -5.8374, -8.1194), (108.5000, -5.0000, -8.6603), (108.5000, -4.1129, -9.1151), (108.5000, -3.1849, -9.4793), (108.5000, -2.2252, -9.7493), (108.5000, -1.2434, -9.9224), (108.5000, -0.2493, -9.9969), (108.5000, 0.7473, -9.9720), (108.5000, 1.7365, -9.8481), (108.5000, 2.7084, -9.6262), (108.5000, 3.6534, -9.3087), (108.5000, 4.5621, -8.8987), (108.5000, 5.4255, -8.4003), (108.5000, 6.2349, -7.8183), (108.5000, 6.9824, -7.1587), (108.5000, 7.6604, -6.4279), (108.5000, 8.2624, -5.6332), (108.5000, 8.7822, -4.7825), (108.5000, 9.2148, -3.8843), (108.5000, 9.5557, -2.9476), (108.5000, 9.8017, -1.9815), (108.5000, 9.9503, -0.9957), (108.5000, 10.0000, 0.0000), (108.5000, 9.9503, 0.9957), (108.5000, 9.8017, 1.9815), (108.5000, 9.5557, 2.9476), (108.5000, 9.2148, 3.8843), (108.5000, 8.7822, 4.7825), (108.5000, 8.2624, 5.6332), (108.5000, 7.6604, 6.4279), (108.5000, 6.9824, 7.1587), (108.5000, 6.2349, 7.8183), (108.5000, 5.4255, 8.4003), (108.5000, 4.5621, 8.8987), (108.5000, 3.6534, 9.3087), (108.5000, 2.7084, 9.6262), (108.5000, 1.7365, 9.8481), (108.5000, 0.7473, 9.9720), (108.5000, -0.2493, 9.9969), (108.5000, -1.2434, 9.9224), (108.5000, -2.2252, 9.7493), (108.5000, -3.1849, 9.4793), (108.5000, -4.1129, 9.1151), (108.5000, -5.0000, 8.6603), (108.5000, -5.8374, 8.1194), (108.5000, -6.6169, 7.4978), (108.5000, -7.3305, 6.8017), (108.5000, -7.9713, 6.0380), (108.5000, -8.5329, 5.2144), (108.5000, -9.0097, 4.3388), (108.5000, -9.3969, 3.4202), (108.5000, -9.6908, 2.4676), (108.5000, -9.8883, 1.4904), (108.5000, -9.9876, 0.4985), (108.5000, -9.9876, -0.4985), (108.5000, -9.8883, -1.4904), (108.5000, -9.6908, -2.4676), (108.5000, -9.3969, -3.4202), (108.5000, -9.0097, -4.3388), (108.5000, -8.5329, -5.2144), (108.5000, -7.9713, -6.0380), (108.5000, -7.3305, -6.8017), (108.5000, -6.6169, -7.4978), (108.5000, -5.8374, -8.1194), (108.5000, -5.0000, -8.6603), (108.5000, -4.1129, -9.1151), (108.5000, -3.1849, -9.4793), (108.5000, -2.2252, -9.7493), (108.5000, -1.2434, -9.9224), (108.5000, -0.2493, -9.9969), (108.5000, 0.7473, -9.9720), (108.5000, 1.7365, -9.8481), (108.5000, 2.7084, -9.6262), (108.5000, 3.6534, -9.3087), (108.5000, 4.5621, -8.8987), (108.5000, 5.4255, -8.4003), (108.5000, 6.2349, -7.8183), (108.5000, 6.9824, -7.1587), (108.5000, 7.6604, -6.4279), (108.5000, 8.2624, -5.6332), (108.5000, 8.7822, -4.7825), (108.5000, 9.2148, -3.8843), (108.5000, 9.5557, -2.9476), (108.5000, 9.8017, -1.9815), (108.5000, 9.9503, -0.9957), (108.5000, 10.0000, 0.0000), (109.2500, 9.2500, 0.0000), (110.0000, 8.5000, 0.0000), (110.0000, 8.5000, 0.0000), (110.0000, 8.4578, 0.8463), (110.0000, 8.3315, 1.6842), (110.0000, 8.1224, 2.5054), (110.0000, 7.8325, 3.3017), (110.0000, 7.4649, 4.0652), (110.0000, 7.0230, 4.7882), (110.0000, 6.5114, 5.4637), (110.0000, 5.9350, 6.0849), (110.0000, 5.2997, 6.6456), (110.0000, 4.6116, 7.1402), (110.0000, 3.8778, 7.5639), (110.0000, 3.1054, 7.9124), (110.0000, 2.3021, 8.1823), (110.0000, 1.4760, 8.3709), (110.0000, 0.6352, 8.4762), (110.0000, -0.2119, 8.4974), (110.0000, -1.0569, 8.4340), (110.0000, -1.8914, 8.2869), (110.0000, -2.7071, 8.0574), (110.0000, -3.4959, 7.7478), (110.0000, -4.2500, 7.3612), (110.0000, -4.9618, 6.9015), (110.0000, -5.6243, 6.3731), (110.0000, -6.2309, 5.7815), (110.0000, -6.7756, 5.1323), (110.0000, -7.2530, 4.4322), (110.0000, -7.6582, 3.6880), (110.0000, -7.9874, 2.9072), (110.0000, -8.2372, 2.0974), (110.0000, -8.4051, 1.2669), (110.0000, -8.4894, 0.4237), (110.0000, -8.4894, -0.4237), (110.0000, -8.4051, -1.2669), (110.0000, -8.2372, -2.0974), (110.0000, -7.9874, -2.9072), (110.0000, -7.6582, -3.6880), (110.0000, -7.2530, -4.4322), (110.0000, -6.7756, -5.1323), (110.0000, -6.2309, -5.7815), (110.0000, -5.6243, -6.3731), (110.0000, -4.9618, -6.9015), (110.0000, -4.2500, -7.3612), (110.0000, -3.4959, -7.7478), (110.0000, -2.7071, -8.0574), (110.0000, -1.8914, -8.2869), (110.0000, -1.0569, -8.4340), (110.0000, -0.2119, -8.4974), (110.0000, 0.6352, -8.4762), (110.0000, 1.4760, -8.3709), (110.0000, 2.3021, -8.1823), (110.0000, 3.1054, -7.9124), (110.0000, 3.8778, -7.5639), (110.0000, 4.6116, -7.1402), (110.0000, 5.2997, -6.6456), (110.0000, 5.9350, -6.0849), (110.0000, 6.5114, -5.4637), (110.0000, 7.0230, -4.7882), (110.0000, 7.4649, -4.0652), (110.0000, 7.8325, -3.3017), (110.0000, 8.1224, -2.5054), (110.0000, 8.3315, -1.6842), (110.0000, 8.4578, -0.8463), (109.2500, 9.2500, 0.0000), (109.2500, 9.0723, 1.8046), (109.2500, 8.5459, 3.5398), (109.2500, 7.6911, 5.1390), (109.2500, 6.5407, 6.5407), (109.2500, 5.1390, 7.6911), (109.2500, 3.5398, 8.5459), (109.2500, 1.8046, 9.0723), (109.2500, 0.0000, 9.2500), (109.2500, -1.8046, 9.0723), (109.2500, -3.5398, 8.5459), (109.2500, -5.1390, 7.6911), (109.2500, -6.5407, 6.5407), (109.2500, -7.6911, 5.1390), (109.2500, -8.5459, 3.5398), (109.2500, -9.0723, 1.8046), (109.2500, -9.2500, -0.0000), (109.2500, -9.0723, -1.8046), (109.2500, -8.5459, -3.5398), (109.2500, -7.6911, -5.1390), (109.2500, -6.5407, -6.5407), (109.2500, -5.1390, -7.6911), (109.2500, -3.5398, -8.5459), (109.2500, -1.8046, -9.0723), (109.2500, 0.0000, -9.2500), (109.2500, 1.8046, -9.0723), (109.2500, 3.5398, -8.5459), (109.2500, 5.1390, -7.6911), (109.2500, 6.5407, -6.5407), (109.2500, 7.6911, -5.1390), (109.2500, 8.5459, -3.5398), (109.2500, 9.0723, -1.8046), (110.0000, 8.5000, 0.0000), (110.0000, 8.4578, 0.8463), (110.0000, 8.3315, 1.6842), (110.0000, 8.1224, 2.5054), (110.0000, 7.8325, 3.3017), (110.0000, 7.4649, 4.0652), (110.0000, 7.0230, 4.7882), (110.0000, 6.5114, 5.4637), (110.0000, 5.9350, 6.0849), (110.0000, 5.2997, 6.6456), (110.0000, 4.6116, 7.1402), (110.0000, 3.8778, 7.5639), (110.0000, 3.1054, 7.9124), (110.0000, 2.3021, 8.1823), (110.0000, 1.4760, 8.3709), (110.0000, 0.6352, 8.4762), (110.0000, -0.2119, 8.4974), (110.0000, -1.0569, 8.4340), (110.0000, -1.8914, 8.2869), (110.0000, -2.7071, 8.0574), (110.0000, -3.4959, 7.7478), (110.0000, -4.2500, 7.3612), (110.0000, -4.9618, 6.9015), (110.0000, -5.6243, 6.3731), (110.0000, -6.2309, 5.7815), (110.0000, -6.7756, 5.1323), (110.0000, -7.2530, 4.4322), (110.0000, -7.6582, 3.6880), (110.0000, -7.9874, 2.9072), (110.0000, -8.2372, 2.0974), (110.0000, -8.4051, 1.2669), (110.0000, -8.4894, 0.4237), (110.0000, -8.4894, -0.4237), (110.0000, -8.4051, -1.2669), (110.0000, -8.2372, -2.0974), (110.0000, -7.9874, -2.9072), (110.0000, -7.6582, -3.6880), (110.0000, -7.2530, -4.4322), (110.0000, -6.7756, -5.1323), (110.0000, -6.2309, -5.7815), (110.0000, -5.6243, -6.3731), (110.0000, -4.9618, -6.9015), (110.0000, -4.2500, -7.3612), (110.0000, -3.4959, -7.7478), (110.0000, -2.7071, -8.0574), (110.0000, -1.8914, -8.2869), (110.0000, -1.0569, -8.4340), (110.0000, -0.2119, -8.4974), (110.0000, 0.6352, -8.4762), (110.0000, 1.4760, -8.3709), (110.0000, 2.3021, -8.1823), (110.0000, 3.1054, -7.9124), (110.0000, 3.8778, -7.5639), (110.0000, 4.6116, -7.1402), (110.0000, 5.2997, -6.6456), (110.0000, 5.9350, -6.0849), (110.0000, 6.5114, -5.4637), (110.0000, 7.0230, -4.7882), (110.0000, 7.4649, -4.0652), (110.0000, 7.8325, -3.3017), (110.0000, 8.1224, -2.5054), (110.0000, 8.3315, -1.6842), (110.0000, 8.4578, -0.8463), (110.0000, 2.1250, 0.0000), (110.0000, 2.1144, 0.2116), (110.0000, 2.0829, 0.4211), (110.0000, 2.0306, 0.6264), (110.0000, 1.9581, 0.8254), (110.0000, 1.8662, 1.0163), (110.0000, 1.7558, 1.1971), (110.0000, 1.6278, 1.3659), (110.0000, 1.4838, 1.5212), (110.0000, 1.3249, 1.6614), (110.0000, 1.1529, 1.7851), (110.0000, 0.9694, 1.8910), (110.0000, 0.7763, 1.9781), (110.0000, 0.5755, 2.0456), (110.0000, 0.3690, 2.0927), (110.0000, 0.1588, 2.1191), (110.0000, -0.0530, 2.1243), (110.0000, -0.2642, 2.1085), (110.0000, -0.4729, 2.0717), (110.0000, -0.6768, 2.0143), (110.0000, -0.8740, 1.9369), (110.0000, -1.0625, 1.8403), (110.0000, -1.2405, 1.7254), (110.0000, -1.4061, 1.5933), (110.0000, -1.5577, 1.4454), (110.0000, -1.6939, 1.2831), (110.0000, -1.8132, 1.1080), (110.0000, -1.9146, 0.9220), (110.0000, -1.9968, 0.7268), (110.0000, -2.0593, 0.5244), (110.0000, -2.1013, 0.3167), (110.0000, -2.1224, 0.1059), (110.0000, -2.1224, -0.1059), (110.0000, -2.1013, -0.3167), (110.0000, -2.0593, -0.5244), (110.0000, -1.9968, -0.7268), (110.0000, -1.9146, -0.9220), (110.0000, -1.8132, -1.1080), (110.0000, -1.6939, -1.2831), (110.0000, -1.5577, -1.4454), (110.0000, -1.4061, -1.5933), (110.0000, -1.2405, -1.7254), (110.0000, -1.0625, -1.8403), (110.0000, -0.8740, -1.9369), (110.0000, -0.6768, -2.0143), (110.0000, -0.4729, -2.0717), (110.0000, -0.2642, -2.1085), (110.0000, -0.0530, -2.1243), (110.0000, 0.1588, -2.1191), (110.0000, 0.3690, -2.0927), (110.0000, 0.5755, -2.0456), (110.0000, 0.7763, -1.9781), (110.0000, 0.9694, -1.8910), (110.0000, 1.1529, -1.7851), (110.0000, 1.3249, -1.6614), (110.0000, 1.4838, -1.5212), (110.0000, 1.6278, -1.3659), (110.0000, 1.7558, -1.1971), (110.0000, 1.8662, -1.0163), (110.0000, 1.9581, -0.8254), (110.0000, 2.0306, -0.6264), (110.0000, 2.0829, -0.4211), (110.0000, 2.1144, -0.2116), (110.0000, 2.1250, 0.0000), (110.0000, 2.1144, 0.2116), (110.0000, 2.0829, 0.4211), (110.0000, 2.0306, 0.6264), (110.0000, 1.9581, 0.8254), (110.0000, 1.8662, 1.0163), (110.0000, 1.7558, 1.1971), (110.0000, 1.6278, 1.3659), (110.0000, 1.4838, 1.5212), (110.0000, 1.3249, 1.6614), (110.0000, 1.1529, 1.7851), (110.0000, 0.9694, 1.8910), (110.0000, 0.7763, 1.9781), (110.0000, 0.5755, 2.0456), (110.0000, 0.3690, 2.0927), (110.0000, 0.1588, 2.1191), (110.0000, -0.0530, 2.1243), (110.0000, -0.2642, 2.1085), (110.0000, -0.4729, 2.0717), (110.0000, -0.6768, 2.0143), (110.0000, -0.8740, 1.9369), (110.0000, -1.0625, 1.8403), (110.0000, -1.2405, 1.7254), (110.0000, -1.4061, 1.5933), (110.0000, -1.5577, 1.4454), (110.0000, -1.6939, 1.2831), (110.0000, -1.8132, 1.1080), (110.0000, -1.9146, 0.9220), (110.0000, -1.9968, 0.7268), (110.0000, -2.0593, 0.5244), (110.0000, -2.1013, 0.3167), (110.0000, -2.1224, 0.1059), (110.0000, -2.1224, -0.1059), (110.0000, -2.1013, -0.3167), (110.0000, -2.0593, -0.5244), (110.0000, -1.9968, -0.7268), (110.0000, -1.9146, -0.9220), (110.0000, -1.8132, -1.1080), (110.0000, -1.6939, -1.2831), (110.0000, -1.5577, -1.4454), (110.0000, -1.4061, -1.5933), (110.0000, -1.2405, -1.7254), (110.0000, -1.0625, -1.8403), (110.0000, -0.8740, -1.9369), (110.0000, -0.6768, -2.0143), (110.0000, -0.4729, -2.0717), (110.0000, -0.2642, -2.1085), (110.0000, -0.0530, -2.1243), (110.0000, 0.1588, -2.1191), (110.0000, 0.3690, -2.0927), (110.0000, 0.5755, -2.0456), (110.0000, 0.7763, -1.9781), (110.0000, 0.9694, -1.8910), (110.0000, 1.1529, -1.7851), (110.0000, 1.3249, -1.6614), (110.0000, 1.4838, -1.5212), (110.0000, 1.6278, -1.3659), (110.0000, 1.7558, -1.1971), (110.0000, 1.8662, -1.0163), (110.0000, 1.9581, -0.8254), (110.0000, 2.0306, -0.6264), (110.0000, 2.0829, -0.4211), (110.0000, 2.1144, -0.2116), (110.0000, 2.1250, 0.0000), (109.5127, 1.8438, 0.0000), (109.0255, 1.5625, 0.0000), (108.5383, 1.2812, 0.0000), (108.0510, 1.0000, 0.0000), (108.0510, 1.0000, 0.0000), (108.0510, 0.9950, 0.0996), (108.0510, 0.9802, 0.1981), (108.0510, 0.9556, 0.2948), (108.0510, 0.9215, 0.3884), (108.0510, 0.8782, 0.4783), (108.0510, 0.8262, 0.5633), (108.0510, 0.7660, 0.6428), (108.0510, 0.6982, 0.7159), (108.0510, 0.6235, 0.7818), (108.0510, 0.5425, 0.8400), (108.0510, 0.4562, 0.8899), (108.0510, 0.3653, 0.9309), (108.0510, 0.2708, 0.9626), (108.0510, 0.1736, 0.9848), (108.0510, 0.0747, 0.9972), (108.0510, -0.0249, 0.9997), (108.0510, -0.1243, 0.9922), (108.0510, -0.2225, 0.9749), (108.0510, -0.3185, 0.9479), (108.0510, -0.4113, 0.9115), (108.0510, -0.5000, 0.8660), (108.0510, -0.5837, 0.8119), (108.0510, -0.6617, 0.7498), (108.0510, -0.7331, 0.6802), (108.0510, -0.7971, 0.6038), (108.0510, -0.8533, 0.5214), (108.0510, -0.9010, 0.4339), (108.0510, -0.9397, 0.3420), (108.0510, -0.9691, 0.2468), (108.0510, -0.9888, 0.1490), (108.0510, -0.9988, 0.0498), (108.0510, -0.9988, -0.0498), (108.0510, -0.9888, -0.1490), (108.0510, -0.9691, -0.2468), (108.0510, -0.9397, -0.3420), (108.0510, -0.9010, -0.4339), (108.0510, -0.8533, -0.5214), (108.0510, -0.7971, -0.6038), (108.0510, -0.7331, -0.6802), (108.0510, -0.6617, -0.7498), (108.0510, -0.5837, -0.8119), (108.0510, -0.5000, -0.8660), (108.0510, -0.4113, -0.9115), (108.0510, -0.3185, -0.9479), (108.0510, -0.2225, -0.9749), (108.0510, -0.1243, -0.9922), (108.0510, -0.0249, -0.9997), (108.0510, 0.0747, -0.9972), (108.0510, 0.1736, -0.9848), (108.0510, 0.2708, -0.9626), (108.0510, 0.3653, -0.9309), (108.0510, 0.4562, -0.8899), (108.0510, 0.5425, -0.8400), (108.0510, 0.6235, -0.7818), (108.0510, 0.6982, -0.7159), (108.0510, 0.7660, -0.6428), (108.0510, 0.8262, -0.5633), (108.0510, 0.8782, -0.4783), (108.0510, 0.9215, -0.3884), (108.0510, 0.9556, -0.2948), (108.0510, 0.9802, -0.1981), (108.0510, 0.9950, -0.0996), (109.5127, 1.8438, 0.0000), (109.0255, 1.5625, 0.0000), (108.5383, 1.2812, 0.0000), (109.5127, 1.8083, 0.3597), (109.5127, 1.7034, 0.7056), (109.0255, 1.5325, 0.3048), (109.5127, 1.5330, 1.0243), (109.0255, 1.4436, 0.5979), (109.5127, 1.3037, 1.3037), (108.5383, 1.2566, 0.2500), (109.0255, 1.2992, 0.8681), (109.5127, 1.0243, 1.5330), (108.5383, 1.1837, 0.4903), (109.0255, 1.1049, 1.1049), (109.5127, 0.7056, 1.7034), (108.5383, 1.0653, 0.7118), (109.0255, 0.8681, 1.2992), (109.5127, 0.3597, 1.8083), (108.5383, 0.9060, 0.9060), (109.0255, 0.5979, 1.4436), (109.5127, 0.0000, 1.8438), (108.5383, 0.7118, 1.0653), (109.0255, 0.3048, 1.5325), (109.5127, -0.3597, 1.8083), (108.5383, 0.4903, 1.1837), (109.0255, 0.0000, 1.5625), (109.5127, -0.7056, 1.7034), (108.5383, 0.2500, 1.2566), (109.0255, -0.3048, 1.5325), (109.5127, -1.0243, 1.5330), (108.5383, 0.0000, 1.2812), (109.0255, -0.5979, 1.4436), (109.5127, -1.3037, 1.3037), (108.5383, -0.2500, 1.2566), (109.0255, -0.8681, 1.2992), (109.5127, -1.5330, 1.0243), (108.5383, -0.4903, 1.1837), (109.0255, -1.1049, 1.1049), (109.5127, -1.7034, 0.7056), (108.5383, -0.7118, 1.0653), (109.0255, -1.2992, 0.8681), (109.5127, -1.8083, 0.3597), (108.5383, -0.9060, 0.9060), (109.0255, -1.4436, 0.5979), (109.5127, -1.8438, -0.0000), (108.5383, -1.0653, 0.7118), (109.0255, -1.5325, 0.3048), (109.5127, -1.8083, -0.3597), (108.5383, -1.1837, 0.4903), (109.0255, -1.5625, -0.0000), (109.5127, -1.7034, -0.7056), (108.5383, -1.2566, 0.2500), (109.0255, -1.5325, -0.3048), (109.5127, -1.5330, -1.0243), (108.5383, -1.2812, -0.0000), (109.0255, -1.4436, -0.5979), (109.5127, -1.3037, -1.3037), (108.5383, -1.2566, -0.2500), (109.0255, -1.2992, -0.8681), (109.5127, -1.0243, -1.5330), (108.5383, -1.1837, -0.4903), (109.0255, -1.1049, -1.1049), (109.5127, -0.7056, -1.7034), (108.5383, -1.0653, -0.7118), (109.0255, -0.8681, -1.2992), (109.5127, -0.3597, -1.8083), (108.5383, -0.9060, -0.9060), (109.0255, -0.5979, -1.4436), (109.5127, 0.0000, -1.8438), (108.5383, -0.7118, -1.0653), (109.0255, -0.3048, -1.5325), (109.5127, 0.3597, -1.8083), (108.5383, -0.4903, -1.1837), (109.0255, 0.0000, -1.5625), (109.5127, 0.7056, -1.7034), (108.5383, -0.2500, -1.2566), (109.0255, 0.3048, -1.5325), (109.5127, 1.0243, -1.5330), (108.5383, 0.0000, -1.2812), (109.0255, 0.5979, -1.4436), (109.5127, 1.3037, -1.3037), (108.5383, 0.2500, -1.2566), (109.0255, 0.8681, -1.2992), (109.5127, 1.5330, -1.0243), (108.5383, 0.4903, -1.1837), (109.0255, 1.1049, -1.1049), (109.5127, 1.7034, -0.7056), (108.5383, 0.7118, -1.0653), (109.0255, 1.2992, -0.8681), (109.5127, 1.8083, -0.3597), (108.5383, 0.9060, -0.9060), (109.0255, 1.4436, -0.5979), (108.5383, 1.0653, -0.7118), (109.0255, 1.5325, -0.3048), (108.5383, 1.1837, -0.4903), (108.5383, 1.2566, -0.2500), (108.0510, 1.0000, 0.0000), (108.0510, 0.9950, 0.0996), (108.0510, 0.9802, 0.1981), (108.0510, 0.9556, 0.2948), (108.0510, 0.9215, 0.3884), (108.0510, 0.8782, 0.4783), (108.0510, 0.8262, 0.5633), (108.0510, 0.7660, 0.6428), (108.0510, 0.6982, 0.7159), (108.0510, 0.6235, 0.7818), (108.0510, 0.5425, 0.8400), (108.0510, 0.4562, 0.8899), (108.0510, 0.3653, 0.9309), (108.0510, 0.2708, 0.9626), (108.0510, 0.1736, 0.9848), (108.0510, 0.0747, 0.9972), (108.0510, -0.0249, 0.9997), (108.0510, -0.1243, 0.9922), (108.0510, -0.2225, 0.9749), (108.0510, -0.3185, 0.9479), (108.0510, -0.4113, 0.9115), (108.0510, -0.5000, 0.8660), (108.0510, -0.5837, 0.8119), (108.0510, -0.6617, 0.7498), (108.0510, -0.7331, 0.6802), (108.0510, -0.7971, 0.6038), (108.0510, -0.8533, 0.5214), (108.0510, -0.9010, 0.4339), (108.0510, -0.9397, 0.3420), (108.0510, -0.9691, 0.2468), (108.0510, -0.9888, 0.1490), (108.0510, -0.9988, 0.0498), (108.0510, -0.9988, -0.0498), (108.0510, -0.9888, -0.1490), (108.0510, -0.9691, -0.2468), (108.0510, -0.9397, -0.3420), (108.0510, -0.9010, -0.4339), (108.0510, -0.8533, -0.5214), (108.0510, -0.7971, -0.6038), (108.0510, -0.7331, -0.6802), (108.0510, -0.6617, -0.7498), (108.0510, -0.5837, -0.8119), (108.0510, -0.5000, -0.8660), (108.0510, -0.4113, -0.9115), (108.0510, -0.3185, -0.9479), (108.0510, -0.2225, -0.9749), (108.0510, -0.1243, -0.9922), (108.0510, -0.0249, -0.9997), (108.0510, 0.0747, -0.9972), (108.0510, 0.1736, -0.9848), (108.0510, 0.2708, -0.9626), (108.0510, 0.3653, -0.9309), (108.0510, 0.4562, -0.8899), (108.0510, 0.5425, -0.8400), (108.0510, 0.6235, -0.7818), (108.0510, 0.6982, -0.7159), (108.0510, 0.7660, -0.6428), (108.0510, 0.8262, -0.5633), (108.0510, 0.8782, -0.4783), (108.0510, 0.9215, -0.3884), (108.0510, 0.9556, -0.2948), (108.0510, 0.9802, -0.1981), (108.0510, 0.9950, -0.0996), (108.0510, 1.0000, 0.0000), (104.0510, 1.0000, 0.0000), (104.0510, 1.0000, 0.0000), (104.0510, 0.9950, 0.0996), (104.0510, 0.9802, 0.1981), (104.0510, 0.9556, 0.2948), (104.0510, 0.9215, 0.3884), (104.0510, 0.8782, 0.4783), (104.0510, 0.8262, 0.5633), (104.0510, 0.7660, 0.6428), (104.0510, 0.6982, 0.7159), (104.0510, 0.6235, 0.7818), (104.0510, 0.5425, 0.8400), (104.0510, 0.4562, 0.8899), (104.0510, 0.3653, 0.9309), (104.0510, 0.2708, 0.9626), (104.0510, 0.1736, 0.9848), (104.0510, 0.0747, 0.9972), (104.0510, -0.0249, 0.9997), (104.0510, -0.1243, 0.9922), (104.0510, -0.2225, 0.9749), (104.0510, -0.3185, 0.9479), (104.0510, -0.4113, 0.9115), (104.0510, -0.5000, 0.8660), (104.0510, -0.5837, 0.8119), (104.0510, -0.6617, 0.7498), (104.0510, -0.7331, 0.6802), (104.0510, -0.7971, 0.6038), (104.0510, -0.8533, 0.5214), (104.0510, -0.9010, 0.4339), (104.0510, -0.9397, 0.3420), (104.0510, -0.9691, 0.2468), (104.0510, -0.9888, 0.1490), (104.0510, -0.9988, 0.0498), (104.0510, -0.9988, -0.0498), (104.0510, -0.9888, -0.1490), (104.0510, -0.9691, -0.2468), (104.0510, -0.9397, -0.3420), (104.0510, -0.9010, -0.4339), (104.0510, -0.8533, -0.5214), (104.0510, -0.7971, -0.6038), (104.0510, -0.7331, -0.6802), (104.0510, -0.6617, -0.7498), (104.0510, -0.5837, -0.8119), (104.0510, -0.5000, -0.8660), (104.0510, -0.4113, -0.9115), (104.0510, -0.3185, -0.9479), (104.0510, -0.2225, -0.9749), (104.0510, -0.1243, -0.9922), (104.0510, -0.0249, -0.9997), (104.0510, 0.0747, -0.9972), (104.0510, 0.1736, -0.9848), (104.0510, 0.2708, -0.9626), (104.0510, 0.3653, -0.9309), (104.0510, 0.4562, -0.8899), (104.0510, 0.5425, -0.8400), (104.0510, 0.6235, -0.7818), (104.0510, 0.6982, -0.7159), (104.0510, 0.7660, -0.6428), (104.0510, 0.8262, -0.5633), (104.0510, 0.8782, -0.4783), (104.0510, 0.9215, -0.3884), (104.0510, 0.9556, -0.2948), (104.0510, 0.9802, -0.1981), (104.0510, 0.9950, -0.0996), (104.0510, 1.0000, 0.0000), (104.0510, 0.9950, 0.0996), (104.0510, 0.9802, 0.1981), (104.0510, 0.9556, 0.2948), (104.0510, 0.9215, 0.3884), (104.0510, 0.8782, 0.4783), (104.0510, 0.8262, 0.5633), (104.0510, 0.7660, 0.6428), (104.0510, 0.6982, 0.7159), (104.0510, 0.6235, 0.7818), (104.0510, 0.5425, 0.8400), (104.0510, 0.4562, 0.8899), (104.0510, 0.3653, 0.9309), (104.0510, 0.2708, 0.9626), (104.0510, 0.1736, 0.9848), (104.0510, 0.0747, 0.9972), (104.0510, -0.0249, 0.9997), (104.0510, -0.1243, 0.9922), (104.0510, -0.2225, 0.9749), (104.0510, -0.3185, 0.9479), (104.0510, -0.4113, 0.9115), (104.0510, -0.5000, 0.8660), (104.0510, -0.5837, 0.8119), (104.0510, -0.6617, 0.7498), (104.0510, -0.7331, 0.6802), (104.0510, -0.7971, 0.6038), (104.0510, -0.8533, 0.5214), (104.0510, -0.9010, 0.4339), (104.0510, -0.9397, 0.3420), (104.0510, -0.9691, 0.2468), (104.0510, -0.9888, 0.1490), (104.0510, -0.9988, 0.0498), (104.0510, -0.9988, -0.0498), (104.0510, -0.9888, -0.1490), (104.0510, -0.9691, -0.2468), (104.0510, -0.9397, -0.3420), (104.0510, -0.9010, -0.4339), (104.0510, -0.8533, -0.5214), (104.0510, -0.7971, -0.6038), (104.0510, -0.7331, -0.6802), (104.0510, -0.6617, -0.7498), (104.0510, -0.5837, -0.8119), (104.0510, -0.5000, -0.8660), (104.0510, -0.4113, -0.9115), (104.0510, -0.3185, -0.9479), (104.0510, -0.2225, -0.9749), (104.0510, -0.1243, -0.9922), (104.0510, -0.0249, -0.9997), (104.0510, 0.0747, -0.9972), (104.0510, 0.1736, -0.9848), (104.0510, 0.2708, -0.9626), (104.0510, 0.3653, -0.9309), (104.0510, 0.4562, -0.8899), (104.0510, 0.5425, -0.8400), (104.0510, 0.6235, -0.7818), (104.0510, 0.6982, -0.7159), (104.0510, 0.7660, -0.6428), (104.0510, 0.8262, -0.5633), (104.0510, 0.8782, -0.4783), (104.0510, 0.9215, -0.3884), (104.0510, 0.9556, -0.2948), (104.0510, 0.9802, -0.1981), (104.0510, 0.9950, -0.0996), (104.0510, 1.0000, 0.0000), (103.9008, 0.7500, 0.0000), (103.7506, 0.5000, 0.0000), (103.6004, 0.2500, 0.0000), (103.4501, 0.0000, 0.0000), (103.4501, 0.0000, 0.0000), (103.9008, 0.7500, 0.0000), (103.7506, 0.5000, 0.0000), (103.6004, 0.2500, 0.0000), (103.9008, 0.7356, 0.1463), (103.9008, 0.6929, 0.2870), (103.9008, 0.6236, 0.4167), (103.7506, 0.4904, 0.0975), (103.9008, 0.5303, 0.5303), (103.7506, 0.4619, 0.1913), (103.9008, 0.4167, 0.6236), (103.7506, 0.4157, 0.2778), (103.9008, 0.2870, 0.6929), (103.6004, 0.2452, 0.0488), (103.7506, 0.3536, 0.3536), (103.9008, 0.1463, 0.7356), (103.6004, 0.2310, 0.0957), (103.7506, 0.2778, 0.4157), (103.9008, 0.0000, 0.7500), (103.6004, 0.2079, 0.1389), (103.7506, 0.1913, 0.4619), (103.9008, -0.1463, 0.7356), (103.6004, 0.1768, 0.1768), (103.7506, 0.0975, 0.4904), (103.9008, -0.2870, 0.6929), (103.6004, 0.1389, 0.2079), (103.7506, 0.0000, 0.5000), (103.9008, -0.4167, 0.6236), (103.6004, 0.0957, 0.2310), (103.7506, -0.0975, 0.4904), (103.9008, -0.5303, 0.5303), (103.6004, 0.0488, 0.2452), (103.7506, -0.1913, 0.4619), (103.9008, -0.6236, 0.4167), (103.6004, 0.0000, 0.2500), (103.7506, -0.2778, 0.4157), (103.9008, -0.6929, 0.2870), (103.6004, -0.0488, 0.2452), (103.7506, -0.3536, 0.3536), (103.9008, -0.7356, 0.1463), (103.6004, -0.0957, 0.2310), (103.7506, -0.4157, 0.2778), (103.9008, -0.7500, -0.0000), (103.6004, -0.1389, 0.2079), (103.7506, -0.4619, 0.1913), (103.9008, -0.7356, -0.1463), (103.6004, -0.1768, 0.1768), (103.7506, -0.4904, 0.0975), (103.9008, -0.6929, -0.2870), (103.6004, -0.2079, 0.1389), (103.7506, -0.5000, -0.0000), (103.9008, -0.6236, -0.4167), (103.6004, -0.2310, 0.0957), (103.7506, -0.4904, -0.0975), (103.9008, -0.5303, -0.5303), (103.6004, -0.2452, 0.0488), (103.7506, -0.4619, -0.1913), (103.9008, -0.4167, -0.6236), (103.6004, -0.2500, -0.0000), (103.7506, -0.4157, -0.2778), (103.9008, -0.2870, -0.6929), (103.6004, -0.2452, -0.0488), (103.7506, -0.3536, -0.3536), (103.9008, -0.1463, -0.7356), (103.6004, -0.2310, -0.0957), (103.7506, -0.2778, -0.4157), (103.9008, 0.0000, -0.7500), (103.6004, -0.2079, -0.1389), (103.7506, -0.1913, -0.4619), (103.9008, 0.1463, -0.7356), (103.6004, -0.1768, -0.1768), (103.7506, -0.0975, -0.4904), (103.9008, 0.2870, -0.6929), (103.6004, -0.1389, -0.2079), (103.7506, 0.0000, -0.5000), (103.9008, 0.4167, -0.6236), (103.6004, -0.0957, -0.2310), (103.7506, 0.0975, -0.4904), (103.9008, 0.5303, -0.5303), (103.6004, -0.0488, -0.2452), (103.7506, 0.1913, -0.4619), (103.9008, 0.6236, -0.4167), (103.6004, 0.0000, -0.2500), (103.7506, 0.2778, -0.4157), (103.9008, 0.6929, -0.2870), (103.6004, 0.0488, -0.2452), (103.7506, 0.3536, -0.3536), (103.9008, 0.7356, -0.1463), (103.6004, 0.0957, -0.2310), (103.7506, 0.4157, -0.2778), (103.6004, 0.1389, -0.2079), (103.7506, 0.4619, -0.1913), (103.6004, 0.1768, -0.1768), (103.7506, 0.4904, -0.0975), (103.6004, 0.2079, -0.1389), (103.6004, 0.2310, -0.0957), (103.6004, 0.2452, -0.0488), (6.5499, 0.0000, 0.0000), (6.5499, 0.0000, 0.0000), (6.3996, 0.2500, 0.0000), (6.2494, 0.5000, 0.0000), (6.0992, 0.7500, 0.0000), (5.9490, 1.0000, 0.0000), (5.9490, 1.0000, 0.0000), (5.9490, 0.9950, 0.0996), (5.9490, 0.9802, 0.1981), (5.9490, 0.9556, 0.2948), (5.9490, 0.9215, 0.3884), (5.9490, 0.8782, 0.4783), (5.9490, 0.8262, 0.5633), (5.9490, 0.7660, 0.6428), (5.9490, 0.6982, 0.7159), (5.9490, 0.6235, 0.7818), (5.9490, 0.5425, 0.8400), (5.9490, 0.4562, 0.8899), (5.9490, 0.3653, 0.9309), (5.9490, 0.2708, 0.9626), (5.9490, 0.1736, 0.9848), (5.9490, 0.0747, 0.9972), (5.9490, -0.0249, 0.9997), (5.9490, -0.1243, 0.9922), (5.9490, -0.2225, 0.9749), (5.9490, -0.3185, 0.9479), (5.9490, -0.4113, 0.9115), (5.9490, -0.5000, 0.8660), (5.9490, -0.5837, 0.8119), (5.9490, -0.6617, 0.7498), (5.9490, -0.7331, 0.6802), (5.9490, -0.7971, 0.6038), (5.9490, -0.8533, 0.5214), (5.9490, -0.9010, 0.4339), (5.9490, -0.9397, 0.3420), (5.9490, -0.9691, 0.2468), (5.9490, -0.9888, 0.1490), (5.9490, -0.9988, 0.0498), (5.9490, -0.9988, -0.0498), (5.9490, -0.9888, -0.1490), (5.9490, -0.9691, -0.2468), (5.9490, -0.9397, -0.3420), (5.9490, -0.9010, -0.4339), (5.9490, -0.8533, -0.5214), (5.9490, -0.7971, -0.6038), (5.9490, -0.7331, -0.6802), (5.9490, -0.6617, -0.7498), (5.9490, -0.5837, -0.8119), (5.9490, -0.5000, -0.8660), (5.9490, -0.4113, -0.9115), (5.9490, -0.3185, -0.9479), (5.9490, -0.2225, -0.9749), (5.9490, -0.1243, -0.9922), (5.9490, -0.0249, -0.9997), (5.9490, 0.0747, -0.9972), (5.9490, 0.1736, -0.9848), (5.9490, 0.2708, -0.9626), (5.9490, 0.3653, -0.9309), (5.9490, 0.4562, -0.8899), (5.9490, 0.5425, -0.8400), (5.9490, 0.6235, -0.7818), (5.9490, 0.6982, -0.7159), (5.9490, 0.7660, -0.6428), (5.9490, 0.8262, -0.5633), (5.9490, 0.8782, -0.4783), (5.9490, 0.9215, -0.3884), (5.9490, 0.9556, -0.2948), (5.9490, 0.9802, -0.1981), (5.9490, 0.9950, -0.0996), (6.3996, 0.2500, 0.0000), (6.2494, 0.5000, 0.0000), (6.0992, 0.7500, 0.0000), (6.3996, 0.2452, 0.0488), (6.3996, 0.2310, 0.0957), (6.3996, 0.2079, 0.1389), (6.2494, 0.4904, 0.0975), (6.3996, 0.1768, 0.1768), (6.2494, 0.4619, 0.1913), (6.3996, 0.1389, 0.2079), (6.2494, 0.4157, 0.2778), (6.3996, 0.0957, 0.2310), (6.0992, 0.7356, 0.1463), (6.2494, 0.3536, 0.3536), (6.3996, 0.0488, 0.2452), (6.0992, 0.6929, 0.2870), (6.2494, 0.2778, 0.4157), (6.3996, 0.0000, 0.2500), (6.0992, 0.6236, 0.4167), (6.2494, 0.1913, 0.4619), (6.3996, -0.0488, 0.2452), (6.0992, 0.5303, 0.5303), (6.2494, 0.0975, 0.4904), (6.3996, -0.0957, 0.2310), (6.0992, 0.4167, 0.6236), (6.2494, 0.0000, 0.5000), (6.3996, -0.1389, 0.2079), (6.0992, 0.2870, 0.6929), (6.2494, -0.0975, 0.4904), (6.3996, -0.1768, 0.1768), (6.0992, 0.1463, 0.7356), (6.2494, -0.1913, 0.4619), (6.3996, -0.2079, 0.1389), (6.0992, 0.0000, 0.7500), (6.2494, -0.2778, 0.4157), (6.3996, -0.2310, 0.0957), (6.0992, -0.1463, 0.7356), (6.2494, -0.3536, 0.3536), (6.3996, -0.2452, 0.0488), (6.0992, -0.2870, 0.6929), (6.2494, -0.4157, 0.2778), (6.3996, -0.2500, -0.0000), (6.0992, -0.4167, 0.6236), (6.2494, -0.4619, 0.1913), (6.3996, -0.2452, -0.0488), (6.0992, -0.5303, 0.5303), (6.2494, -0.4904, 0.0975), (6.3996, -0.2310, -0.0957), (6.0992, -0.6236, 0.4167), (6.2494, -0.5000, -0.0000), (6.3996, -0.2079, -0.1389), (6.0992, -0.6929, 0.2870), (6.2494, -0.4904, -0.0975), (6.3996, -0.1768, -0.1768), (6.0992, -0.7356, 0.1463), (6.2494, -0.4619, -0.1913), (6.3996, -0.1389, -0.2079), (6.0992, -0.7500, -0.0000), (6.2494, -0.4157, -0.2778), (6.3996, -0.0957, -0.2310), (6.0992, -0.7356, -0.1463), (6.2494, -0.3536, -0.3536), (6.3996, -0.0488, -0.2452), (6.0992, -0.6929, -0.2870), (6.2494, -0.2778, -0.4157), (6.3996, 0.0000, -0.2500), (6.0992, -0.6236, -0.4167), (6.2494, -0.1913, -0.4619), (6.3996, 0.0488, -0.2452), (6.0992, -0.5303, -0.5303), (6.2494, -0.0975, -0.4904), (6.3996, 0.0957, -0.2310), (6.0992, -0.4167, -0.6236), (6.2494, 0.0000, -0.5000), (6.3996, 0.1389, -0.2079), (6.0992, -0.2870, -0.6929), (6.2494, 0.0975, -0.4904), (6.3996, 0.1768, -0.1768), (6.0992, -0.1463, -0.7356), (6.2494, 0.1913, -0.4619), (6.3996, 0.2079, -0.1389), (6.0992, 0.0000, -0.7500), (6.2494, 0.2778, -0.4157), (6.3996, 0.2310, -0.0957), (6.0992, 0.1463, -0.7356), (6.2494, 0.3536, -0.3536), (6.3996, 0.2452, -0.0488), (6.0992, 0.2870, -0.6929), (6.2494, 0.4157, -0.2778), (6.0992, 0.4167, -0.6236), (6.2494, 0.4619, -0.1913), (6.0992, 0.5303, -0.5303), (6.2494, 0.4904, -0.0975), (6.0992, 0.6236, -0.4167), (6.0992, 0.6929, -0.2870), (6.0992, 0.7356, -0.1463), (5.9490, 1.0000, 0.0000), (5.9490, 0.9950, 0.0996), (5.9490, 0.9802, 0.1981), (5.9490, 0.9556, 0.2948), (5.9490, 0.9215, 0.3884), (5.9490, 0.8782, 0.4783), (5.9490, 0.8262, 0.5633), (5.9490, 0.7660, 0.6428), (5.9490, 0.6982, 0.7159), (5.9490, 0.6235, 0.7818), (5.9490, 0.5425, 0.8400), (5.9490, 0.4562, 0.8899), (5.9490, 0.3653, 0.9309), (5.9490, 0.2708, 0.9626), (5.9490, 0.1736, 0.9848), (5.9490, 0.0747, 0.9972), (5.9490, -0.0249, 0.9997), (5.9490, -0.1243, 0.9922), (5.9490, -0.2225, 0.9749), (5.9490, -0.3185, 0.9479), (5.9490, -0.4113, 0.9115), (5.9490, -0.5000, 0.8660), (5.9490, -0.5837, 0.8119), (5.9490, -0.6617, 0.7498), (5.9490, -0.7331, 0.6802), (5.9490, -0.7971, 0.6038), (5.9490, -0.8533, 0.5214), (5.9490, -0.9010, 0.4339), (5.9490, -0.9397, 0.3420), (5.9490, -0.9691, 0.2468), (5.9490, -0.9888, 0.1490), (5.9490, -0.9988, 0.0498), (5.9490, -0.9988, -0.0498), (5.9490, -0.9888, -0.1490), (5.9490, -0.9691, -0.2468), (5.9490, -0.9397, -0.3420), (5.9490, -0.9010, -0.4339), (5.9490, -0.8533, -0.5214), (5.9490, -0.7971, -0.6038), (5.9490, -0.7331, -0.6802), (5.9490, -0.6617, -0.7498), (5.9490, -0.5837, -0.8119), (5.9490, -0.5000, -0.8660), (5.9490, -0.4113, -0.9115), (5.9490, -0.3185, -0.9479), (5.9490, -0.2225, -0.9749), (5.9490, -0.1243, -0.9922), (5.9490, -0.0249, -0.9997), (5.9490, 0.0747, -0.9972), (5.9490, 0.1736, -0.9848), (5.9490, 0.2708, -0.9626), (5.9490, 0.3653, -0.9309), (5.9490, 0.4562, -0.8899), (5.9490, 0.5425, -0.8400), (5.9490, 0.6235, -0.7818), (5.9490, 0.6982, -0.7159), (5.9490, 0.7660, -0.6428), (5.9490, 0.8262, -0.5633), (5.9490, 0.8782, -0.4783), (5.9490, 0.9215, -0.3884), (5.9490, 0.9556, -0.2948), (5.9490, 0.9802, -0.1981), (5.9490, 0.9950, -0.0996), (5.9490, 1.0000, 0.0000), (1.9490, 1.0000, 0.0000), (1.9490, 1.0000, 0.0000), (1.9490, 0.9950, 0.0996), (1.9490, 0.9802, 0.1981), (1.9490, 0.9556, 0.2948), (1.9490, 0.9215, 0.3884), (1.9490, 0.8782, 0.4783), (1.9490, 0.8262, 0.5633), (1.9490, 0.7660, 0.6428), (1.9490, 0.6982, 0.7159), (1.9490, 0.6235, 0.7818), (1.9490, 0.5425, 0.8400), (1.9490, 0.4562, 0.8899), (1.9490, 0.3653, 0.9309), (1.9490, 0.2708, 0.9626), (1.9490, 0.1736, 0.9848), (1.9490, 0.0747, 0.9972), (1.9490, -0.0249, 0.9997), (1.9490, -0.1243, 0.9922), (1.9490, -0.2225, 0.9749), (1.9490, -0.3185, 0.9479), (1.9490, -0.4113, 0.9115), (1.9490, -0.5000, 0.8660), (1.9490, -0.5837, 0.8119), (1.9490, -0.6617, 0.7498), (1.9490, -0.7331, 0.6802), (1.9490, -0.7971, 0.6038), (1.9490, -0.8533, 0.5214), (1.9490, -0.9010, 0.4339), (1.9490, -0.9397, 0.3420), (1.9490, -0.9691, 0.2468), (1.9490, -0.9888, 0.1490), (1.9490, -0.9988, 0.0498), (1.9490, -0.9988, -0.0498), (1.9490, -0.9888, -0.1490), (1.9490, -0.9691, -0.2468), (1.9490, -0.9397, -0.3420), (1.9490, -0.9010, -0.4339), (1.9490, -0.8533, -0.5214), (1.9490, -0.7971, -0.6038), (1.9490, -0.7331, -0.6802), (1.9490, -0.6617, -0.7498), (1.9490, -0.5837, -0.8119), (1.9490, -0.5000, -0.8660), (1.9490, -0.4113, -0.9115), (1.9490, -0.3185, -0.9479), (1.9490, -0.2225, -0.9749), (1.9490, -0.1243, -0.9922), (1.9490, -0.0249, -0.9997), (1.9490, 0.0747, -0.9972), (1.9490, 0.1736, -0.9848), (1.9490, 0.2708, -0.9626), (1.9490, 0.3653, -0.9309), (1.9490, 0.4562, -0.8899), (1.9490, 0.5425, -0.8400), (1.9490, 0.6235, -0.7818), (1.9490, 0.6982, -0.7159), (1.9490, 0.7660, -0.6428), (1.9490, 0.8262, -0.5633), (1.9490, 0.8782, -0.4783), (1.9490, 0.9215, -0.3884), (1.9490, 0.9556, -0.2948), (1.9490, 0.9802, -0.1981), (1.9490, 0.9950, -0.0996), (1.9490, 1.0000, 0.0000), (1.9490, 0.9950, 0.0996), (1.9490, 0.9802, 0.1981), (1.9490, 0.9556, 0.2948), (1.9490, 0.9215, 0.3884), (1.9490, 0.8782, 0.4783), (1.9490, 0.8262, 0.5633), (1.9490, 0.7660, 0.6428), (1.9490, 0.6982, 0.7159), (1.9490, 0.6235, 0.7818), (1.9490, 0.5425, 0.8400), (1.9490, 0.4562, 0.8899), (1.9490, 0.3653, 0.9309), (1.9490, 0.2708, 0.9626), (1.9490, 0.1736, 0.9848), (1.9490, 0.0747, 0.9972), (1.9490, -0.0249, 0.9997), (1.9490, -0.1243, 0.9922), (1.9490, -0.2225, 0.9749), (1.9490, -0.3185, 0.9479), (1.9490, -0.4113, 0.9115), (1.9490, -0.5000, 0.8660), (1.9490, -0.5837, 0.8119), (1.9490, -0.6617, 0.7498), (1.9490, -0.7331, 0.6802), (1.9490, -0.7971, 0.6038), (1.9490, -0.8533, 0.5214), (1.9490, -0.9010, 0.4339), (1.9490, -0.9397, 0.3420), (1.9490, -0.9691, 0.2468), (1.9490, -0.9888, 0.1490), (1.9490, -0.9988, 0.0498), (1.9490, -0.9988, -0.0498), (1.9490, -0.9888, -0.1490), (1.9490, -0.9691, -0.2468), (1.9490, -0.9397, -0.3420), (1.9490, -0.9010, -0.4339), (1.9490, -0.8533, -0.5214), (1.9490, -0.7971, -0.6038), (1.9490, -0.7331, -0.6802), (1.9490, -0.6617, -0.7498), (1.9490, -0.5837, -0.8119), (1.9490, -0.5000, -0.8660), (1.9490, -0.4113, -0.9115), (1.9490, -0.3185, -0.9479), (1.9490, -0.2225, -0.9749), (1.9490, -0.1243, -0.9922), (1.9490, -0.0249, -0.9997), (1.9490, 0.0747, -0.9972), (1.9490, 0.1736, -0.9848), (1.9490, 0.2708, -0.9626), (1.9490, 0.3653, -0.9309), (1.9490, 0.4562, -0.8899), (1.9490, 0.5425, -0.8400), (1.9490, 0.6235, -0.7818), (1.9490, 0.6982, -0.7159), (1.9490, 0.7660, -0.6428), (1.9490, 0.8262, -0.5633), (1.9490, 0.8782, -0.4783), (1.9490, 0.9215, -0.3884), (1.9490, 0.9556, -0.2948), (1.9490, 0.9802, -0.1981), (1.9490, 0.9950, -0.0996), (1.9490, 1.0000, 0.0000), (1.4618, 1.2812, 0.0000), (0.9745, 1.5625, 0.0000), (0.4872, 1.8438, 0.0000), (0.0000, 2.1250, 0.0000), (0.0000, 2.1250, 0.0000), (0.0000, 2.1144, 0.2116), (0.0000, 2.0829, 0.4211), (0.0000, 2.0306, 0.6264), (0.0000, 1.9581, 0.8254), (0.0000, 1.8662, 1.0163), (0.0000, 1.7558, 1.1971), (0.0000, 1.6278, 1.3659), (0.0000, 1.4838, 1.5212), (0.0000, 1.3249, 1.6614), (0.0000, 1.1529, 1.7851), (0.0000, 0.9694, 1.8910), (0.0000, 0.7763, 1.9781), (0.0000, 0.5755, 2.0456), (0.0000, 0.3690, 2.0927), (0.0000, 0.1588, 2.1191), (0.0000, -0.0530, 2.1243), (0.0000, -0.2642, 2.1085), (0.0000, -0.4729, 2.0717), (0.0000, -0.6768, 2.0143), (0.0000, -0.8740, 1.9369), (0.0000, -1.0625, 1.8403), (0.0000, -1.2405, 1.7254), (0.0000, -1.4061, 1.5933), (0.0000, -1.5577, 1.4454), (0.0000, -1.6939, 1.2831), (0.0000, -1.8132, 1.1080), (0.0000, -1.9146, 0.9220), (0.0000, -1.9968, 0.7268), (0.0000, -2.0593, 0.5244), (0.0000, -2.1013, 0.3167), (0.0000, -2.1224, 0.1059), (0.0000, -2.1224, -0.1059), (0.0000, -2.1013, -0.3167), (0.0000, -2.0593, -0.5244), (0.0000, -1.9968, -0.7268), (0.0000, -1.9146, -0.9220), (0.0000, -1.8132, -1.1080), (0.0000, -1.6939, -1.2831), (0.0000, -1.5577, -1.4454), (0.0000, -1.4061, -1.5933), (0.0000, -1.2405, -1.7254), (0.0000, -1.0625, -1.8403), (0.0000, -0.8740, -1.9369), (0.0000, -0.6768, -2.0143), (0.0000, -0.4729, -2.0717), (0.0000, -0.2642, -2.1085), (0.0000, -0.0530, -2.1243), (0.0000, 0.1588, -2.1191), (0.0000, 0.3690, -2.0927), (0.0000, 0.5755, -2.0456), (0.0000, 0.7763, -1.9781), (0.0000, 0.9694, -1.8910), (0.0000, 1.1529, -1.7851), (0.0000, 1.3249, -1.6614), (0.0000, 1.4838, -1.5212), (0.0000, 1.6278, -1.3659), (0.0000, 1.7558, -1.1971), (0.0000, 1.8662, -1.0163), (0.0000, 1.9581, -0.8254), (0.0000, 2.0306, -0.6264), (0.0000, 2.0829, -0.4211), (0.0000, 2.1144, -0.2116), (1.4618, 1.2812, 0.0000), (0.9745, 1.5625, 0.0000), (0.4872, 1.8438, 0.0000), (1.4618, 1.2566, 0.2500), (1.4618, 1.1837, 0.4903), (0.9745, 1.5325, 0.3048), (1.4618, 1.0653, 0.7118), (0.9745, 1.4436, 0.5979), (1.4618, 0.9060, 0.9060), (0.4873, 1.8083, 0.3597), (0.9745, 1.2992, 0.8681), (1.4618, 0.7118, 1.0653), (0.4873, 1.7034, 0.7056), (0.9745, 1.1049, 1.1049), (1.4618, 0.4903, 1.1837), (0.4873, 1.5330, 1.0243), (0.9745, 0.8681, 1.2992), (1.4618, 0.2500, 1.2566), (0.4873, 1.3037, 1.3037), (0.9745, 0.5979, 1.4436), (1.4618, 0.0000, 1.2812), (0.4873, 1.0243, 1.5330), (0.9745, 0.3048, 1.5325), (1.4618, -0.2500, 1.2566), (0.4873, 0.7056, 1.7034), (0.9745, 0.0000, 1.5625), (1.4618, -0.4903, 1.1837), (0.4873, 0.3597, 1.8083), (0.9745, -0.3048, 1.5325), (1.4618, -0.7118, 1.0653), (0.4873, 0.0000, 1.8438), (0.9745, -0.5979, 1.4436), (1.4618, -0.9060, 0.9060), (0.4873, -0.3597, 1.8083), (0.9745, -0.8681, 1.2992), (1.4618, -1.0653, 0.7118), (0.4873, -0.7056, 1.7034), (0.9745, -1.1049, 1.1049), (1.4618, -1.1837, 0.4903), (0.4873, -1.0243, 1.5330), (0.9745, -1.2992, 0.8681), (1.4618, -1.2566, 0.2500), (0.4873, -1.3037, 1.3037), (0.9745, -1.4436, 0.5979), (1.4618, -1.2812, -0.0000), (0.4873, -1.5330, 1.0243), (0.9745, -1.5325, 0.3048), (1.4618, -1.2566, -0.2500), (0.4873, -1.7034, 0.7056), (0.9745, -1.5625, -0.0000), (1.4618, -1.1837, -0.4903), (0.4873, -1.8083, 0.3597), (0.9745, -1.5325, -0.3048), (1.4618, -1.0653, -0.7118), (0.4873, -1.8438, -0.0000), (0.9745, -1.4436, -0.5979), (1.4618, -0.9060, -0.9060), (0.4873, -1.8083, -0.3597), (0.9745, -1.2992, -0.8681), (1.4618, -0.7118, -1.0653), (0.4873, -1.7034, -0.7056), (0.9745, -1.1049, -1.1049), (1.4618, -0.4903, -1.1837), (0.4873, -1.5330, -1.0243), (0.9745, -0.8681, -1.2992), (1.4618, -0.2500, -1.2566), (0.4873, -1.3037, -1.3037), (0.9745, -0.5979, -1.4436), (1.4618, 0.0000, -1.2812), (0.4873, -1.0243, -1.5330), (0.9745, -0.3048, -1.5325), (1.4618, 0.2500, -1.2566), (0.4873, -0.7056, -1.7034), (0.9745, 0.0000, -1.5625), (1.4618, 0.4903, -1.1837), (0.4873, -0.3597, -1.8083), (0.9745, 0.3048, -1.5325), (1.4618, 0.7118, -1.0653), (0.4873, 0.0000, -1.8438), (0.9745, 0.5979, -1.4436), (1.4618, 0.9060, -0.9060), (0.4873, 0.3597, -1.8083), (0.9745, 0.8681, -1.2992), (1.4618, 1.0653, -0.7118), (0.4873, 0.7056, -1.7034), (0.9745, 1.1049, -1.1049), (1.4618, 1.1837, -0.4903), (0.4873, 1.0243, -1.5330), (0.9745, 1.2992, -0.8681), (1.4618, 1.2566, -0.2500), (0.4873, 1.3037, -1.3037), (0.9745, 1.4436, -0.5979), (0.4873, 1.5330, -1.0243), (0.9745, 1.5325, -0.3048), (0.4873, 1.7034, -0.7056), (0.4873, 1.8083, -0.3597), (0.0000, 8.5000, 0.0000), (0.0000, 8.4578, 0.8463), (0.0000, 8.3315, 1.6842), (0.0000, 8.1224, 2.5054), (0.0000, 7.8325, 3.3017), (0.0000, 7.4649, 4.0652), (0.0000, 7.0230, 4.7882), (0.0000, 6.5114, 5.4637), (0.0000, 5.9350, 6.0849), (0.0000, 5.2997, 6.6456), (0.0000, 4.6116, 7.1402), (0.0000, 3.8778, 7.5639), (0.0000, 3.1054, 7.9124), (0.0000, 2.3021, 8.1823), (0.0000, 1.4760, 8.3709), (0.0000, 0.6352, 8.4762), (0.0000, -0.2119, 8.4974), (0.0000, -1.0569, 8.4340), (0.0000, -1.8914, 8.2869), (0.0000, -2.7071, 8.0574), (0.0000, -3.4959, 7.7478), (0.0000, -4.2500, 7.3612), (0.0000, -4.9618, 6.9015), (0.0000, -5.6243, 6.3731), (0.0000, -6.2309, 5.7815), (0.0000, -6.7756, 5.1323), (0.0000, -7.2530, 4.4322), (0.0000, -7.6582, 3.6880), (0.0000, -7.9874, 2.9072), (0.0000, -8.2372, 2.0974), (0.0000, -8.4051, 1.2669), (0.0000, -8.4894, 0.4237), (0.0000, -8.4894, -0.4237), (0.0000, -8.4051, -1.2669), (0.0000, -8.2372, -2.0974), (0.0000, -7.9874, -2.9072), (0.0000, -7.6582, -3.6880), (0.0000, -7.2530, -4.4322), (0.0000, -6.7756, -5.1323), (0.0000, -6.2309, -5.7815), (0.0000, -5.6243, -6.3731), (0.0000, -4.9618, -6.9015), (0.0000, -4.2500, -7.3612), (0.0000, -3.4959, -7.7478), (0.0000, -2.7071, -8.0574), (0.0000, -1.8914, -8.2869), (0.0000, -1.0569, -8.4340), (0.0000, -0.2119, -8.4974), (0.0000, 0.6352, -8.4762), (0.0000, 1.4760, -8.3709), (0.0000, 2.3021, -8.1823), (0.0000, 3.1054, -7.9124), (0.0000, 3.8778, -7.5639), (0.0000, 4.6116, -7.1402), (0.0000, 5.2997, -6.6456), (0.0000, 5.9350, -6.0849), (0.0000, 6.5114, -5.4637), (0.0000, 7.0230, -4.7882), (0.0000, 7.4649, -4.0652), (0.0000, 7.8325, -3.3017), (0.0000, 8.1224, -2.5054), (0.0000, 8.3315, -1.6842), (0.0000, 8.4578, -0.8463), (0.0000, 2.1250, 0.0000), (0.0000, 2.1144, 0.2116), (0.0000, 2.0829, 0.4211), (0.0000, 2.0306, 0.6264), (0.0000, 1.9581, 0.8254), (0.0000, 1.8662, 1.0163), (0.0000, 1.7558, 1.1971), (0.0000, 1.6278, 1.3659), (0.0000, 1.4838, 1.5212), (0.0000, 1.3249, 1.6614), (0.0000, 1.1529, 1.7851), (0.0000, 0.9694, 1.8910), (0.0000, 0.7763, 1.9781), (0.0000, 0.5755, 2.0456), (0.0000, 0.3690, 2.0927), (0.0000, 0.1588, 2.1191), (0.0000, -0.0530, 2.1243), (0.0000, -0.2642, 2.1085), (0.0000, -0.4729, 2.0717), (0.0000, -0.6768, 2.0143), (0.0000, -0.8740, 1.9369), (0.0000, -1.0625, 1.8403), (0.0000, -1.2405, 1.7254), (0.0000, -1.4061, 1.5933), (0.0000, -1.5577, 1.4454), (0.0000, -1.6939, 1.2831), (0.0000, -1.8132, 1.1080), (0.0000, -1.9146, 0.9220), (0.0000, -1.9968, 0.7268), (0.0000, -2.0593, 0.5244), (0.0000, -2.1013, 0.3167), (0.0000, -2.1224, 0.1059), (0.0000, -2.1224, -0.1059), (0.0000, -2.1013, -0.3167), (0.0000, -2.0593, -0.5244), (0.0000, -1.9968, -0.7268), (0.0000, -1.9146, -0.9220), (0.0000, -1.8132, -1.1080), (0.0000, -1.6939, -1.2831), (0.0000, -1.5577, -1.4454), (0.0000, -1.4061, -1.5933), (0.0000, -1.2405, -1.7254), (0.0000, -1.0625, -1.8403), (0.0000, -0.8740, -1.9369), (0.0000, -0.6768, -2.0143), (0.0000, -0.4729, -2.0717), (0.0000, -0.2642, -2.1085), (0.0000, -0.0530, -2.1243), (0.0000, 0.1588, -2.1191), (0.0000, 0.3690, -2.0927), (0.0000, 0.5755, -2.0456), (0.0000, 0.7763, -1.9781), (0.0000, 0.9694, -1.8910), (0.0000, 1.1529, -1.7851), (0.0000, 1.3249, -1.6614), (0.0000, 1.4838, -1.5212), (0.0000, 1.6278, -1.3659), (0.0000, 1.7558, -1.1971), (0.0000, 1.8662, -1.0163), (0.0000, 1.9581, -0.8254), (0.0000, 2.0306, -0.6264), (0.0000, 2.0829, -0.4211), (0.0000, 2.1144, -0.2116)]
        uniform token subdivisionScheme = "none"
        color3f[] primvars:displayColor = [(0.72, 0.74, 0.77)]
    }
}
