#usda 1.0
(
    defaultPrim = "spindle"
    metersPerUnit = 0.001
    upAxis = "Y"
    doc = "VRINGON revolve part — CadQuery executor"
)

def Xform "spindle" (
    kind = "component"
)
{
    custom string vringon:dsl_version = "vringon-shaft/1.0"
    custom string vringon:dsl_json = "{\"dsl\":\"vringon-shaft/1.0\",\"id\":\"spindle\",\"name\":\"Small spindle\",\"name_ko\":\"스핀들\",\"part_class\":\"spindle\",\"units\":\"mm\",\"material\":\"SCM415\",\"drawing\":{\"number\":\"VR-RB-012\",\"scale\":\"1:1\",\"projection\":\"third\"},\"segments\":[{\"type\":\"thread\",\"length\":14,\"diameter\":12,\"spec\":\"M12x1\",\"pitch\":1},{\"type\":\"cyl\",\"length\":8,\"diameter\":14},{\"type\":\"cyl\",\"length\":20,\"diameter\":15,\"tolerance\":\"j5\",\"label\":\"베어링 자리\"},{\"type\":\"cyl\",\"length\":45,\"diameter\":18},{\"type\":\"cyl\",\"length\":20,\"diameter\":15,\"tolerance\":\"j5\",\"label\":\"베어링 자리\"},{\"type\":\"cyl\",\"length\":12,\"diameter\":14,\"tolerance\":\"h6\"}],\"transitions\":[{\"at\":0,\"type\":\"chamfer\",\"size\":1},{\"at\":6,\"type\":\"chamfer\",\"size\":0.5},{\"at\":1,\"type\":\"undercut\",\"width\":3,\"depth\":0.75,\"standard\":\"DIN 76-A\"},{\"at\":2,\"type\":\"fillet\",\"radius\":0.5},{\"at\":3,\"type\":\"fillet\",\"radius\":0.5},{\"at\":4,\"type\":\"fillet\",\"radius\":0.5},{\"at\":5,\"type\":\"fillet\",\"radius\":0.5}],\"grooves\":[{\"segment\":5,\"offset\":3,\"width\":1.1,\"depth\":0.35,\"kind\":\"snap_ring\",\"standard\":\"DIN 471 ⌀13.4×1.1\"}],\"bore\":null,\"features\":[{\"type\":\"keyway\",\"segment\":3,\"offset\":12,\"length\":20,\"width\":6,\"depth\":3.5,\"kind\":\"parallel\",\"standard\":\"DIN 6885 6×6\"},{\"type\":\"center_hole\",\"end\":\"right\",\"form\":\"A\",\"d\":2}],\"meta\":{\"source\":\"golden\",\"difficulty\":5}}"
    custom string vringon:name_ko = "스핀들"
    custom string vringon:material = "SCM415"
    custom double vringon:length_mm = 119.0
    custom double vringon:max_diameter_mm = 18
    custom double vringon:volume_mm3 = 22668.767
    custom double[] vringon:segment_lengths_mm = [14, 8, 20, 45, 20, 12]
    custom string[] vringon:segment_types = ["thread", "cyl", "cyl", "cyl", "cyl", "cyl"]
    custom string[] vringon:threads = ["M12x1"]
    custom string[] vringon:features = ["keyway", "center_hole"]

    def Mesh "body"
    {
        float3[] extent = [(0.0000, -8.9888, -8.9972), (119.0000, 9.0000, 8.9999)]
        int[] faceVertexCounts = [3, 3, 3, 3, 3, 3, 3, 3, 3, 3, 3, 3, 3, 3, 3, 3, 3, 3, 3, 3, 3, 3, 3, 3, 3, 3, 3, 3, 3, 3, 3, 3, 3, 3, 3, 3, 3, 3, 3, 3, 3, 3, 3, 3, 3, 3, 3, 3, 3, 3, 3, 3, 3, 3, 3, 3, 3, 3, 3, 3, 3, 3, 3, 3, 3, 3, 3, 3, 3, 3, 3, 3, 3, 3, 3, 3, 3, 3, 3, 3, 3, 3, 3, 3, 3, 3, 3, 3, 3, 3, 3, 3, 3, 3, 3, 3, 3, 3, 3, 3, 3, 3, 3, 3, 3, 3, 3, 3, 3, 3, 3, 3, 3, 3, 3, 3, 3, 3, 3, 3, 3, 3, 3, 3, 3, 3, 3, 3, 3, 3, 3, 3, 3, 3, 3, 3, 3, 3, 3, 3, 3, 3, 3, 3, 3, 3, 3, 3, 3, 3, 3, 3, 3, 3, 3, 3, 3, 3, 3, 3, 3, 3, 3, 3, 3, 3, 3, 3, 3, 3, 3, 3, 3, 3, 3, 3, 3, 3, 3, 3, 3, 3, 3, 3, 3, 3, 3, 3, 3, 3, 3, 3, 3, 3, 3, 3, 3, 3, 3, 3, 3, 3, 3, 3, 3, 3, 3, 3, 3, 3, 3, 3, 3, 3, 3, 3, 3, 3, 3, 3, 3, 3, 3, 3, 3, 3, 3, 3, 3, 3, 3, 3, 3, 3, 3, 3, 3, 3, 3, 3, 3, 3, 3, 3, 3, 3, 3, 3, 3, 3, 3, 3, 3, 3, 3, 3, 3, 3, 3, 3, 3, 3, 3, 3, 3, 3, 3, 3, 3, 3, 3, 3, 3, 3, 3, 3, 3, 3, 3, 3, 3, 3, 3, 3, 3, 3, 3, 3, 3, 3, 3, 3, 3, 3, 3, 3, 3, 3, 3, 3, 3, 3, 3, 3, 3, 3, 3, 3, 3, 3, 3, 3, 3, 3, 3, 3, 3, 3, 3, 3, 3, 3, 3, 3, 3, 3, 3, 3, 3, 3, 3, 3, 3, 3, 3, 3, 3, 3, 3, 3, 3, 3, 3, 3, 3, 3, 3, 3, 3, 3, 3, 3, 3, 3, 3, 3, 3, 3, 3, 3, 3, 3, 3, 3, 3, 3, 3, 3, 3, 3, 3, 3, 3, 3, 3, 3, 3, 3, 3, 3, 3, 3, 3, 3, 3, 3, 3, 3, 3, 3, 3, 3, 3, 3, 3, 3, 3, 3, 3, 3, 3, 3, 3, 3, 3, 3, 3, 3, 3, 3, 3, 3, 3, 3, 3, 3, 3, 3, 3, 3, 3, 3, 3, 3, 3, 3, 3, 3, 3, 3, 3, 3, 3, 3, 3, 3, 3, 3, 3, 3, 3, 3, 3, 3, 3, 3, 3, 3, 3, 3, 3, 3, 3, 3, 3, 3, 3, 3, 3, 3, 3, 3, 3, 3, 3, 3, 3, 3, 3, 3, 3, 3, 3, 3, 3, 3, 3, 3, 3, 3, 3, 3, 3, 3, 3, 3, 3, 3, 3, 3, 3, 3, 3, 3, 3, 3, 3, 3, 3, 3, 3, 3, 3, 3, 3, 3, 3, 3, 3, 3, 3, 3, 3, 3, 3, 3, 3, 3, 3, 3, 3, 3, 3, 3, 3, 3, 3, 3, 3, 3, 3, 3, 3, 3, 3, 3, 3, 3, 3, 3, 3, 3, 3, 3, 3, 3, 3, 3, 3, 3, 3, 3, 3, 3, 3, 3, 3, 3, 3, 3, 3, 3, 3, 3, 3, 3, 3, 3, 3, 3, 3, 3, 3, 3, 3, 3, 3, 3, 3, 3, 3, 3, 3, 3, 3, 3, 3, 3, 3, 3, 3, 3, 3, 3, 3, 3, 3, 3, 3, 3, 3, 3, 3, 3, 3, 3, 3, 3, 3, 3, 3, 3, 3, 3, 3, 3, 3, 3, 3, 3, 3, 3, 3, 3, 3, 3, 3, 3, 3, 3, 3, 3, 3, 3, 3, 3, 3, 3, 3, 3, 3, 3, 3, 3, 3, 3, 3, 3, 3, 3, 3, 3, 3, 3, 3, 3, 3, 3, 3, 3, 3, 3, 3, 3, 3, 3, 3, 3, 3, 3, 3, 3, 3, 3, 3, 3, 3, 3, 3, 3, 3, 3, 3, 3, 3, 3, 3, 3, 3, 3, 3, 3, 3, 3, 3, 3, 3, 3, 3, 3, 3, 3, 3, 3, 3, 3, 3, 3, 3, 3, 3, 3, 3, 3, 3, 3, 3, 3, 3, 3, 3, 3, 3, 3, 3, 3, 3, 3, 3, 3, 3, 3, 3, 3, 3, 3, 3, 3, 3, 3, 3, 3, 3, 3, 3, 3, 3, 3, 3, 3, 3, 3, 3, 3, 3, 3, 3, 3, 3, 3, 3, 3, 3, 3, 3, 3, 3, 3, 3, 3, 3, 3, 3, 3, 3, 3, 3, 3, 3, 3, 3, 3, 3, 3, 3, 3, 3, 3, 3, 3, 3, 3, 3, 3, 3, 3, 3, 3, 3, 3, 3, 3, 3, 3, 3, 3, 3, 3, 3, 3, 3, 3, 3, 3, 3, 3, 3, 3, 3, 3, 3, 3, 3, 3, 3, 3, 3, 3, 3, 3, 3, 3, 3, 3, 3, 3, 3, 3, 3, 3, 3, 3, 3, 3, 3, 3, 3, 3, 3, 3, 3, 3, 3, 3, 3, 3, 3, 3, 3, 3, 3, 3, 3, 3, 3, 3, 3, 3, 3, 3, 3, 3, 3, 3, 3, 3, 3, 3, 3, 3, 3, 3, 3, 3, 3, 3, 3, 3, 3, 3, 3, 3, 3, 3, 3, 3, 3, 3, 3, 3, 3, 3, 3, 3, 3, 3, 3, 3, 3, 3, 3, 3, 3, 3, 3, 3, 3, 3, 3, 3, 3, 3, 3, 3, 3, 3, 3, 3, 3, 3, 3, 3, 3, 3, 3, 3, 3, 3, 3, 3, 3, 3, 3, 3, 3, 3, 3, 3, 3, 3, 3, 3, 3, 3, 3, 3, 3, 3, 3, 3, 3, 3, 3, 3, 3, 3, 3, 3, 3, 3, 3, 3, 3, 3, 3, 3, 3, 3, 3, 3, 3, 3, 3, 3, 3, 3, 3, 3, 3, 3, 3, 3, 3, 3, 3, 3, 3, 3, 3, 3, 3, 3, 3, 3, 3, 3, 3, 3, 3, 3, 3, 3, 3, 3, 3, 3, 3, 3, 3, 3, 3, 3, 3, 3, 3, 3, 3, 3, 3, 3, 3, 3, 3, 3, 3, 3, 3, 3, 3, 3, 3, 3, 3, 3, 3, 3, 3, 3, 3, 3, 3, 3, 3, 3, 3, 3, 3, 3, 3, 3, 3, 3, 3, 3, 3, 3, 3, 3, 3, 3, 3, 3, 3, 3, 3, 3, 3, 3, 3, 3, 3, 3, 3, 3, 3, 3, 3, 3, 3, 3, 3, 3, 3, 3, 3, 3, 3, 3, 3, 3, 3, 3, 3, 3, 3, 3, 3, 3, 3, 3, 3, 3, 3, 3, 3, 3, 3, 3, 3, 3, 3, 3, 3, 3, 3, 3, 3, 3, 3, 3, 3, 3, 3, 3, 3, 3, 3, 3, 3, 3, 3, 3, 3, 3, 3, 3, 3, 3, 3, 3, 3, 3, 3, 3, 3, 3, 3, 3, 3, 3, 3, 3, 3, 3, 3, 3, 3, 3, 3, 3, 3, 3, 3, 3, 3, 3, 3, 3, 3, 3, 3, 3, 3, 3, 3, 3, 3, 3, 3, 3, 3, 3, 3, 3, 3, 3, 3, 3, 3, 3, 3, 3, 3, 3, 3, 3, 3, 3, 3, 3, 3, 3, 3, 3, 3, 3, 3, 3, 3, 3, 3, 3, 3, 3, 3, 3, 3, 3, 3, 3, 3, 3, 3, 3, 3, 3, 3, 3, 3, 3, 3, 3, 3, 3, 3, 3, 3, 3, 3, 3, 3, 3, 3, 3, 3, 3, 3, 3, 3, 3, 3, 3, 3, 3, 3, 3, 3, 3, 3, 3, 3, 3, 3, 3, 3, 3, 3, 3, 3, 3, 3, 3, 3, 3, 3, 3, 3, 3, 3, 3, 3, 3, 3, 3, 3, 3, 3, 3, 3, 3, 3, 3, 3, 3, 3, 3, 3, 3, 3, 3, 3, 3, 3, 3, 3, 3, 3, 3, 3, 3, 3, 3, 3, 3, 3, 3, 3, 3, 3, 3, 3, 3, 3, 3, 3, 3, 3, 3, 3, 3, 3, 3, 3, 3, 3, 3, 3, 3, 3, 3, 3, 3, 3, 3, 3, 3, 3, 3, 3, 3, 3, 3, 3, 3, 3, 3, 3, 3, 3, 3, 3, 3, 3, 3, 3, 3, 3, 3, 3, 3, 3, 3, 3, 3, 3, 3, 3, 3, 3, 3, 3, 3, 3, 3, 3, 3, 3, 3, 3, 3, 3, 3, 3, 3, 3, 3, 3, 3, 3, 3, 3, 3, 3, 3, 3, 3, 3, 3, 3, 3, 3, 3, 3, 3, 3, 3, 3, 3, 3, 3, 3, 3, 3, 3, 3, 3, 3, 3, 3, 3, 3, 3, 3, 3, 3, 3, 3, 3, 3, 3, 3, 3, 3, 3, 3, 3, 3, 3, 3, 3, 3, 3, 3, 3, 3, 3, 3, 3, 3, 3, 3, 3, 3, 3, 3, 3, 3, 3, 3, 3, 3, 3, 3, 3, 3, 3, 3, 3, 3, 3, 3, 3, 3, 3, 3, 3, 3, 3, 3, 3, 3, 3, 3, 3, 3, 3, 3, 3, 3, 3, 3, 3, 3, 3, 3, 3, 3, 3, 3, 3, 3, 3, 3, 3, 3, 3, 3, 3, 3, 3, 3, 3, 3, 3, 3, 3, 3, 3, 3, 3, 3, 3, 3, 3, 3, 3, 3, 3, 3, 3, 3, 3, 3, 3, 3, 3, 3, 3, 3, 3, 3, 3, 3, 3, 3, 3, 3, 3, 3, 3, 3, 3, 3, 3, 3, 3, 3, 3, 3, 3, 3, 3, 3, 3, 3, 3, 3, 3, 3, 3, 3, 3, 3, 3, 3, 3, 3, 3, 3, 3, 3, 3, 3, 3, 3, 3, 3, 3, 3, 3, 3, 3, 3, 3, 3, 3, 3, 3, 3, 3, 3, 3, 3, 3, 3, 3, 3, 3, 3, 3, 3, 3, 3, 3, 3, 3, 3, 3, 3, 3, 3, 3, 3, 3, 3, 3, 3, 3, 3, 3, 3, 3, 3, 3, 3, 3, 3, 3, 3, 3, 3, 3, 3, 3, 3, 3, 3, 3, 3, 3, 3, 3, 3, 3, 3, 3, 3, 3, 3, 3, 3, 3, 3, 3, 3, 3, 3, 3, 3, 3, 3, 3, 3, 3, 3, 3, 3, 3, 3, 3, 3, 3, 3, 3, 3, 3, 3, 3, 3, 3, 3, 3, 3, 3, 3, 3, 3, 3, 3, 3, 3, 3, 3, 3, 3, 3, 3, 3, 3, 3, 3, 3, 3, 3, 3, 3, 3, 3, 3, 3, 3, 3, 3, 3, 3, 3, 3, 3, 3, 3, 3, 3, 3, 3, 3, 3, 3, 3, 3, 3, 3, 3, 3, 3, 3, 3, 3, 3, 3, 3, 3, 3, 3, 3, 3, 3, 3, 3, 3, 3, 3, 3, 3, 3, 3, 3, 3, 3, 3, 3, 3, 3, 3, 3, 3, 3, 3, 3, 3, 3, 3, 3, 3, 3, 3, 3, 3, 3, 3, 3, 3, 3, 3, 3, 3, 3, 3, 3, 3, 3, 3, 3, 3, 3, 3, 3, 3, 3, 3, 3, 3, 3, 3, 3, 3, 3, 3, 3, 3, 3, 3, 3, 3, 3, 3, 3, 3, 3, 3, 3, 3, 3, 3, 3, 3, 3, 3, 3, 3, 3, 3, 3, 3, 3, 3, 3, 3, 3, 3, 3, 3, 3, 3, 3, 3, 3, 3, 3, 3, 3, 3, 3, 3, 3, 3, 3, 3, 3, 3, 3, 3, 3, 3, 3, 3, 3, 3, 3, 3, 3, 3, 3, 3, 3, 3, 3, 3, 3, 3, 3, 3, 3, 3, 3, 3, 3, 3, 3, 3, 3, 3, 3, 3, 3, 3, 3, 3, 3, 3, 3, 3, 3, 3, 3, 3, 3, 3, 3, 3, 3, 3, 3, 3, 3, 3, 3, 3, 3, 3, 3, 3, 3, 3, 3, 3, 3, 3, 3, 3, 3, 3, 3, 3, 3, 3, 3, 3, 3, 3, 3, 3, 3, 3, 3, 3, 3, 3, 3, 3, 3, 3, 3, 3, 3, 3, 3, 3, 3, 3, 3, 3, 3, 3, 3, 3, 3, 3, 3, 3, 3, 3, 3, 3, 3, 3, 3, 3, 3, 3, 3, 3, 3, 3, 3, 3, 3, 3, 3, 3, 3, 3, 3, 3, 3, 3, 3, 3, 3, 3, 3, 3, 3, 3, 3, 3, 3, 3, 3, 3, 3, 3, 3, 3, 3, 3, 3, 3, 3, 3, 3, 3, 3, 3, 3, 3, 3, 3, 3, 3, 3, 3, 3, 3, 3, 3, 3, 3, 3, 3, 3, 3, 3, 3, 3, 3, 3, 3, 3, 3, 3, 3, 3, 3, 3, 3, 3, 3, 3, 3, 3, 3, 3, 3, 3, 3, 3, 3, 3, 3, 3, 3, 3, 3, 3, 3, 3, 3, 3, 3, 3, 3, 3, 3, 3, 3, 3, 3, 3, 3, 3, 3, 3, 3, 3, 3, 3, 3, 3, 3, 3, 3, 3, 3, 3, 3, 3, 3, 3, 3, 3, 3, 3, 3, 3, 3, 3, 3, 3, 3, 3, 3, 3, 3, 3, 3, 3, 3, 3, 3, 3, 3, 3, 3, 3, 3, 3, 3, 3, 3, 3, 3, 3, 3, 3, 3, 3, 3, 3, 3, 3, 3, 3, 3, 3, 3, 3, 3, 3, 3, 3, 3, 3, 3, 3, 3, 3, 3, 3, 3, 3, 3, 3, 3, 3, 3, 3, 3, 3, 3, 3, 3, 3, 3, 3, 3, 3, 3, 3, 3, 3, 3, 3, 3, 3, 3, 3, 3, 3, 3, 3, 3, 3, 3, 3, 3, 3, 3, 3, 3, 3, 3, 3, 3, 3, 3, 3, 3, 3, 3, 3, 3, 3, 3, 3, 3, 3, 3, 3, 3, 3, 3, 3, 3, 3, 3, 3, 3, 3, 3, 3, 3, 3, 3, 3, 3, 3, 3, 3, 3, 3, 3, 3, 3, 3, 3, 3, 3, 3, 3, 3, 3, 3, 3, 3, 3, 3, 3, 3, 3, 3, 3, 3, 3, 3, 3, 3, 3, 3, 3, 3, 3, 3, 3, 3, 3, 3, 3, 3, 3, 3, 3, 3, 3, 3, 3, 3, 3, 3, 3, 3, 3, 3, 3, 3, 3, 3, 3, 3, 3, 3, 3, 3, 3, 3, 3, 3, 3, 3, 3, 3, 3, 3, 3, 3, 3, 3, 3, 3, 3, 3, 3, 3, 3, 3, 3, 3, 3, 3, 3, 3, 3, 3, 3, 3, 3, 3, 3, 3, 3, 3, 3, 3, 3, 3, 3, 3, 3, 3, 3, 3, 3, 3, 3, 3, 3, 3, 3, 3, 3, 3, 3, 3, 3, 3, 3, 3, 3, 3, 3, 3, 3, 3, 3, 3, 3, 3, 3, 3, 3, 3, 3, 3, 3, 3, 3, 3, 3, 3, 3, 3, 3, 3, 3, 3, 3, 3, 3, 3, 3, 3, 3, 3, 3, 3, 3, 3, 3, 3, 3, 3, 3, 3, 3, 3, 3, 3, 3, 3, 3, 3, 3, 3, 3, 3, 3, 3, 3, 3, 3, 3, 3, 3, 3, 3, 3, 3, 3, 3, 3, 3, 3, 3, 3, 3, 3, 3, 3, 3, 3, 3, 3, 3, 3, 3, 3, 3, 3, 3, 3, 3, 3, 3, 3, 3, 3, 3, 3, 3, 3, 3, 3, 3, 3, 3, 3, 3, 3, 3, 3, 3, 3, 3, 3, 3, 3, 3, 3, 3, 3, 3, 3, 3, 3, 3, 3, 3, 3, 3, 3, 3, 3, 3, 3, 3, 3, 3, 3, 3, 3, 3, 3, 3, 3, 3, 3, 3, 3, 3, 3, 3, 3, 3, 3, 3, 3, 3, 3, 3, 3, 3, 3, 3, 3, 3, 3, 3, 3, 3, 3, 3, 3, 3, 3, 3, 3, 3, 3, 3, 3, 3, 3, 3, 3, 3, 3, 3, 3, 3, 3, 3, 3, 3, 3, 3, 3, 3, 3, 3, 3, 3, 3, 3, 3, 3, 3, 3, 3, 3, 3, 3, 3, 3, 3, 3, 3, 3, 3, 3, 3, 3, 3, 3, 3, 3, 3, 3, 3, 3, 3, 3, 3, 3, 3, 3, 3, 3, 3, 3, 3, 3, 3, 3, 3, 3, 3, 3, 3, 3, 3, 3, 3, 3, 3, 3, 3, 3, 3, 3, 3, 3, 3, 3, 3, 3, 3, 3, 3, 3, 3, 3, 3, 3, 3, 3, 3, 3, 3, 3, 3, 3, 3, 3, 3, 3, 3, 3, 3, 3, 3, 3, 3, 3, 3, 3, 3, 3, 3, 3, 3, 3, 3, 3, 3, 3, 3, 3, 3, 3, 3, 3, 3, 3, 3, 3, 3, 3, 3, 3, 3, 3, 3, 3, 3, 3, 3, 3, 3, 3, 3, 3, 3, 3, 3, 3, 3, 3, 3, 3, 3, 3, 3, 3, 3, 3, 3, 3, 3, 3, 3, 3, 3, 3, 3, 3, 3, 3, 3, 3, 3, 3, 3, 3, 3, 3, 3, 3, 3, 3, 3, 3, 3, 3, 3, 3, 3, 3, 3, 3, 3, 3, 3, 3, 3, 3, 3, 3, 3, 3, 3, 3, 3, 3, 3, 3, 3, 3, 3, 3, 3, 3, 3, 3, 3, 3, 3, 3, 3, 3, 3, 3, 3, 3, 3, 3, 3, 3, 3, 3, 3, 3, 3, 3, 3, 3, 3, 3, 3, 3, 3, 3, 3, 3, 3, 3, 3, 3, 3, 3, 3, 3, 3, 3, 3, 3, 3, 3, 3, 3, 3, 3, 3, 3, 3, 3, 3, 3, 3, 3, 3, 3, 3, 3, 3, 3, 3, 3, 3, 3, 3, 3, 3, 3, 3, 3, 3, 3, 3, 3, 3, 3, 3, 3, 3, 3, 3, 3, 3, 3, 3, 3, 3, 3, 3, 3, 3, 3, 3, 3, 3, 3, 3, 3, 3, 3, 3, 3, 3, 3, 3, 3, 3, 3, 3, 3, 3, 3, 3, 3, 3, 3, 3, 3, 3, 3, 3, 3, 3, 3, 3, 3, 3, 3, 3, 3, 3, 3, 3, 3, 3, 3, 3, 3, 3, 3, 3, 3, 3, 3, 3, 3, 3, 3, 3, 3, 3, 3, 3, 3, 3, 3, 3, 3, 3, 3, 3, 3, 3, 3, 3, 3, 3, 3, 3, 3, 3, 3, 3, 3, 3, 3, 3, 3, 3, 3, 3, 3, 3, 3, 3, 3, 3, 3, 3, 3, 3, 3, 3, 3, 3, 3, 3, 3, 3, 3, 3, 3, 3, 3, 3, 3, 3, 3, 3, 3, 3, 3, 3, 3, 3, 3, 3, 3, 3, 3, 3, 3, 3, 3, 3, 3, 3, 3, 3, 3, 3, 3, 3, 3, 3, 3, 3, 3, 3, 3, 3, 3, 3, 3, 3, 3, 3, 3, 3, 3, 3, 3, 3, 3, 3, 3, 3, 3, 3, 3, 3, 3, 3, 3, 3, 3, 3, 3, 3, 3, 3, 3, 3, 3, 3, 3, 3, 3, 3, 3, 3, 3, 3, 3, 3, 3, 3, 3, 3, 3, 3, 3, 3, 3, 3, 3, 3, 3, 3, 3, 3, 3, 3, 3, 3, 3, 3, 3, 3, 3, 3, 3, 3, 3, 3, 3, 3, 3, 3, 3, 3, 3, 3, 3, 3, 3, 3, 3, 3, 3, 3, 3, 3, 3, 3, 3, 3, 3, 3, 3, 3, 3, 3, 3, 3, 3, 3, 3, 3, 3, 3, 3, 3, 3, 3, 3, 3, 3, 3, 3, 3, 3, 3, 3, 3, 3, 3, 3, 3, 3, 3, 3, 3, 3, 3, 3, 3, 3, 3, 3, 3, 3, 3, 3, 3, 3, 3, 3, 3, 3, 3, 3, 3, 3, 3, 3, 3, 3, 3, 3, 3, 3, 3, 3, 3, 3, 3, 3, 3, 3, 3, 3, 3, 3, 3, 3, 3, 3, 3, 3, 3, 3, 3, 3, 3, 3, 3, 3, 3, 3, 3, 3, 3, 3, 3, 3, 3, 3, 3, 3, 3, 3, 3, 3, 3, 3, 3, 3, 3, 3, 3, 3, 3, 3, 3, 3, 3, 3, 3, 3, 3, 3, 3, 3, 3, 3, 3, 3, 3, 3, 3, 3, 3, 3, 3, 3, 3, 3, 3, 3, 3, 3, 3, 3, 3, 3, 3, 3, 3, 3, 3, 3, 3, 3, 3, 3, 3, 3, 3, 3, 3, 3, 3, 3, 3, 3, 3, 3, 3, 3, 3, 3, 3, 3, 3, 3, 3, 3, 3, 3, 3, 3, 3, 3, 3, 3, 3, 3, 3, 3, 3, 3, 3, 3, 3, 3, 3, 3, 3, 3, 3, 3, 3, 3, 3, 3, 3, 3, 3, 3, 3, 3, 3, 3, 3, 3, 3, 3, 3, 3, 3, 3, 3, 3, 3, 3, 3, 3, 3, 3, 3, 3, 3, 3, 3, 3, 3, 3, 3, 3, 3, 3, 3, 3, 3, 3, 3, 3, 3, 3, 3, 3, 3, 3, 3, 3, 3, 3, 3, 3, 3, 3, 3, 3, 3, 3, 3, 3, 3, 3, 3, 3, 3, 3, 3, 3, 3, 3, 3, 3, 3, 3, 3, 3, 3, 3, 3, 3, 3, 3, 3, 3, 3, 3, 3, 3, 3, 3, 3, 3, 3, 3, 3, 3, 3, 3, 3, 3, 3, 3, 3, 3, 3, 3, 3, 3, 3, 3, 3, 3, 3, 3, 3, 3, 3, 3, 3, 3, 3, 3, 3, 3, 3, 3, 3, 3, 3, 3, 3, 3, 3, 3, 3, 3, 3, 3, 3, 3, 3, 3, 3, 3, 3, 3, 3, 3, 3, 3, 3, 3, 3, 3, 3, 3, 3, 3, 3, 3, 3, 3, 3, 3, 3, 3, 3, 3, 3, 3, 3, 3, 3, 3, 3, 3, 3, 3, 3, 3, 3, 3, 3, 3, 3, 3, 3, 3, 3, 3, 3, 3, 3, 3, 3, 3, 3, 3, 3, 3, 3, 3, 3, 3, 3, 3, 3, 3, 3, 3, 3, 3, 3, 3, 3, 3, 3, 3, 3, 3, 3, 3, 3, 3, 3, 3, 3, 3, 3, 3, 3, 3, 3, 3, 3, 3, 3, 3, 3, 3, 3, 3, 3, 3, 3, 3, 3, 3, 3, 3, 3, 3, 3, 3, 3, 3, 3, 3, 3, 3, 3, 3, 3, 3, 3, 3, 3, 3, 3, 3, 3, 3, 3, 3, 3, 3, 3, 3, 3, 3, 3, 3, 3, 3, 3, 3, 3, 3, 3, 3, 3, 3, 3, 3, 3, 3, 3, 3, 3, 3, 3, 3, 3, 3, 3, 3, 3, 3, 3, 3, 3, 3, 3, 3, 3, 3, 3, 3, 3, 3, 3, 3, 3, 3, 3, 3, 3, 3, 3, 3, 3, 3, 3, 3, 3, 3, 3, 3, 3, 3, 3, 3, 3, 3, 3, 3, 3, 3, 3, 3, 3, 3, 3, 3, 3, 3, 3, 3, 3, 3, 3, 3, 3, 3, 3, 3, 3, 3, 3, 3, 3, 3, 3, 3, 3, 3, 3, 3, 3, 3, 3, 3, 3, 3, 3, 3, 3, 3, 3, 3, 3, 3, 3, 3, 3, 3, 3, 3, 3, 3, 3, 3, 3, 3, 3, 3, 3, 3, 3, 3, 3, 3, 3, 3, 3, 3, 3, 3, 3, 3, 3, 3, 3, 3, 3, 3, 3, 3, 3, 3, 3, 3, 3, 3, 3, 3, 3, 3, 3, 3, 3, 3, 3, 3, 3, 3, 3, 3, 3, 3, 3, 3, 3, 3, 3, 3, 3, 3, 3, 3, 3, 3, 3, 3, 3, 3, 3, 3, 3, 3, 3, 3, 3, 3, 3, 3, 3, 3, 3, 3, 3, 3, 3, 3, 3, 3, 3, 3, 3, 3, 3, 3, 3, 3, 3, 3, 3, 3, 3, 3, 3, 3, 3, 3, 3, 3, 3, 3, 3, 3, 3, 3, 3, 3, 3, 3, 3, 3, 3, 3, 3, 3, 3, 3, 3, 3, 3, 3, 3, 3, 3, 3, 3, 3, 3, 3, 3, 3, 3, 3, 3, 3, 3, 3, 3, 3, 3, 3, 3, 3, 3, 3, 3, 3, 3, 3, 3, 3, 3, 3, 3, 3, 3, 3, 3, 3, 3, 3, 3, 3, 3, 3, 3, 3, 3, 3, 3, 3, 3, 3, 3, 3, 3, 3, 3, 3, 3, 3, 3, 3, 3, 3, 3, 3, 3, 3, 3, 3, 3, 3, 3, 3, 3, 3, 3, 3, 3, 3, 3, 3, 3, 3, 3, 3, 3, 3, 3, 3, 3, 3, 3, 3, 3, 3, 3, 3, 3, 3, 3, 3, 3, 3, 3, 3, 3, 3, 3, 3, 3, 3, 3, 3, 3, 3, 3, 3, 3, 3, 3, 3, 3, 3, 3, 3, 3, 3, 3, 3, 3, 3, 3, 3, 3, 3, 3, 3, 3, 3, 3, 3, 3, 3, 3, 3, 3, 3, 3, 3, 3, 3, 3, 3, 3, 3, 3, 3, 3, 3, 3, 3, 3, 3, 3, 3, 3, 3, 3, 3, 3, 3, 3, 3, 3, 3, 3, 3, 3, 3, 3, 3, 3, 3, 3, 3, 3, 3, 3, 3, 3, 3, 3, 3, 3, 3, 3, 3, 3, 3, 3, 3, 3, 3, 3, 3, 3, 3, 3, 3, 3, 3, 3, 3, 3, 3, 3, 3, 3, 3, 3, 3, 3, 3, 3, 3, 3, 3, 3, 3, 3, 3, 3, 3, 3, 3, 3, 3, 3, 3, 3, 3, 3, 3, 3, 3, 3, 3, 3, 3, 3, 3, 3, 3, 3, 3, 3, 3, 3, 3, 3, 3, 3, 3, 3, 3, 3, 3, 3, 3, 3, 3, 3, 3, 3, 3, 3, 3, 3, 3, 3, 3, 3, 3, 3, 3, 3, 3, 3, 3, 3, 3, 3, 3, 3, 3, 3, 3, 3, 3, 3, 3, 3, 3, 3, 3, 3, 3, 3, 3, 3, 3, 3, 3, 3, 3, 3, 3, 3, 3, 3, 3, 3, 3, 3, 3, 3, 3, 3, 3, 3, 3, 3, 3, 3, 3, 3, 3, 3, 3, 3, 3, 3, 3, 3, 3, 3, 3, 3, 3, 3, 3, 3, 3, 3, 3, 3, 3, 3, 3, 3, 3, 3, 3, 3, 3, 3, 3, 3, 3, 3, 3, 3, 3, 3, 3, 3, 3, 3, 3, 3, 3, 3, 3, 3, 3, 3, 3, 3, 3, 3, 3, 3, 3, 3, 3, 3, 3, 3, 3, 3, 3, 3, 3, 3, 3, 3, 3, 3, 3, 3, 3, 3, 3, 3, 3, 3, 3, 3, 3, 3, 3, 3, 3, 3, 3, 3, 3, 3, 3, 3, 3, 3, 3, 3, 3, 3, 3, 3, 3, 3, 3, 3, 3, 3, 3, 3, 3, 3, 3, 3, 3, 3, 3, 3, 3, 3, 3, 3, 3, 3, 3, 3, 3, 3, 3, 3, 3, 3, 3, 3, 3, 3, 3, 3, 3, 3, 3, 3, 3, 3, 3, 3, 3, 3, 3, 3, 3, 3, 3, 3, 3, 3, 3, 3, 3, 3, 3, 3, 3, 3, 3, 3, 3, 3, 3, 3, 3, 3, 3, 3, 3, 3, 3, 3, 3, 3, 3, 3, 3, 3, 3, 3, 3, 3, 3, 3, 3, 3, 3, 3, 3, 3, 3, 3, 3, 3, 3, 3, 3, 3, 3, 3, 3, 3, 3, 3, 3, 3, 3, 3, 3, 3, 3, 3, 3, 3, 3, 3, 3, 3, 3, 3, 3, 3, 3, 3, 3, 3, 3, 3, 3, 3, 3, 3, 3, 3, 3, 3, 3, 3, 3, 3, 3, 3, 3, 3, 3, 3, 3, 3, 3, 3, 3, 3, 3, 3, 3, 3, 3, 3, 3, 3, 3, 3, 3, 3, 3, 3, 3, 3, 3, 3, 3, 3, 3, 3, 3, 3, 3, 3, 3, 3, 3, 3, 3, 3, 3, 3, 3, 3, 3, 3, 3, 3, 3, 3, 3, 3, 3, 3, 3, 3, 3, 3, 3, 3, 3, 3, 3, 3, 3, 3, 3, 3, 3, 3, 3, 3, 3, 3, 3, 3, 3, 3, 3, 3, 3, 3, 3, 3, 3, 3, 3, 3, 3, 3, 3, 3, 3, 3, 3, 3, 3, 3, 3, 3, 3, 3, 3, 3, 3, 3, 3, 3, 3, 3, 3, 3, 3, 3, 3, 3, 3, 3, 3, 3, 3, 3, 3, 3, 3, 3, 3, 3, 3, 3, 3, 3, 3, 3, 3, 3, 3, 3, 3, 3, 3, 3, 3, 3, 3, 3, 3, 3, 3, 3, 3, 3, 3, 3, 3, 3, 3, 3, 3, 3, 3, 3, 3, 3, 3, 3, 3, 3, 3, 3, 3, 3, 3, 3, 3, 3, 3, 3, 3, 3, 3, 3, 3, 3, 3, 3, 3, 3, 3, 3, 3, 3, 3, 3, 3, 3, 3, 3, 3, 3, 3, 3, 3, 3, 3, 3, 3, 3, 3, 3, 3, 3, 3, 3, 3, 3, 3, 3, 3, 3, 3, 3, 3, 3, 3, 3, 3, 3, 3, 3, 3, 3, 3, 3, 3, 3, 3, 3, 3, 3, 3, 3, 3, 3, 3, 3, 3, 3, 3, 3, 3, 3, 3, 3, 3, 3, 3, 3, 3, 3, 3, 3, 3, 3, 3, 3, 3, 3, 3, 3, 3, 3, 3, 3, 3, 3, 3, 3, 3, 3, 3, 3, 3, 3, 3, 3, 3, 3, 3, 3, 3, 3, 3, 3, 3, 3, 3, 3, 3, 3, 3, 3, 3, 3, 3, 3, 3, 3, 3, 3, 3, 3, 3, 3, 3, 3, 3, 3, 3, 3, 3, 3, 3, 3, 3, 3, 3, 3, 3, 3, 3, 3, 3, 3, 3, 3, 3, 3, 3, 3, 3, 3, 3, 3, 3, 3, 3, 3, 3, 3, 3, 3, 3, 3, 3, 3, 3, 3, 3, 3, 3, 3, 3, 3, 3, 3, 3, 3, 3, 3, 3, 3, 3, 3, 3, 3, 3, 3, 3, 3, 3, 3, 3, 3, 3, 3, 3, 3, 3, 3, 3, 3, 3, 3, 3, 3, 3, 3, 3, 3, 3, 3, 3, 3, 3, 3, 3, 3, 3, 3, 3, 3, 3, 3, 3, 3, 3, 3, 3, 3, 3, 3, 3, 3, 3, 3, 3, 3, 3, 3, 3, 3, 3, 3, 3, 3, 3, 3, 3, 3, 3, 3, 3, 3, 3, 3, 3, 3, 3, 3, 3, 3, 3, 3, 3, 3, 3, 3, 3, 3, 3, 3, 3, 3, 3, 3, 3, 3, 3, 3, 3, 3, 3, 3, 3, 3, 3, 3, 3, 3, 3, 3, 3, 3, 3, 3, 3, 3, 3, 3, 3, 3, 3, 3, 3, 3, 3, 3, 3, 3, 3, 3, 3, 3, 3, 3, 3, 3, 3, 3, 3, 3, 3, 3, 3, 3, 3, 3, 3, 3, 3, 3, 3, 3, 3, 3, 3, 3, 3, 3, 3, 3, 3, 3, 3, 3, 3, 3, 3, 3, 3, 3, 3, 3, 3, 3, 3, 3, 3, 3, 3, 3, 3, 3, 3, 3, 3, 3, 3, 3, 3, 3, 3, 3, 3, 3, 3, 3, 3, 3, 3, 3, 3, 3, 3, 3, 3, 3, 3, 3, 3, 3, 3, 3, 3, 3, 3, 3, 3, 3, 3, 3, 3, 3, 3, 3, 3, 3, 3, 3, 3, 3, 3, 3, 3, 3, 3, 3, 3, 3, 3, 3, 3, 3, 3, 3, 3, 3, 3, 3, 3, 3, 3, 3, 3, 3, 3, 3, 3, 3, 3, 3, 3, 3, 3, 3, 3, 3, 3, 3, 3, 3, 3, 3, 3, 3, 3, 3, 3, 3, 3, 3, 3, 3, 3, 3, 3, 3, 3, 3, 3, 3, 3, 3, 3, 3, 3, 3, 3, 3, 3, 3, 3, 3, 3, 3, 3, 3, 3, 3, 3, 3, 3, 3, 3, 3, 3, 3, 3, 3, 3, 3, 3, 3, 3, 3, 3, 3, 3, 3, 3, 3, 3, 3, 3, 3, 3, 3, 3, 3, 3, 3, 3, 3, 3, 3, 3, 3, 3, 3, 3, 3, 3, 3, 3, 3, 3, 3, 3, 3, 3, 3, 3, 3, 3, 3, 3, 3, 3, 3, 3, 3, 3, 3, 3, 3, 3, 3, 3, 3, 3, 3, 3, 3, 3, 3, 3, 3, 3, 3, 3, 3, 3, 3, 3, 3, 3, 3, 3, 3, 3, 3, 3, 3, 3, 3, 3, 3, 3, 3, 3, 3, 3, 3, 3, 3, 3, 3, 3, 3, 3, 3, 3, 3, 3, 3, 3, 3, 3, 3, 3, 3, 3, 3, 3, 3, 3, 3, 3, 3, 3, 3, 3, 3, 3, 3, 3, 3, 3, 3, 3, 3, 3, 3, 3, 3, 3, 3, 3, 3, 3, 3, 3, 3, 3, 3, 3, 3, 3, 3, 3, 3, 3, 3, 3, 3, 3, 3, 3, 3, 3, 3, 3, 3, 3, 3, 3, 3, 3, 3, 3, 3, 3, 3, 3, 3, 3, 3, 3, 3, 3, 3, 3, 3, 3, 3, 3, 3, 3, 3, 3, 3, 3, 3, 3, 3, 3, 3, 3, 3, 3, 3, 3, 3, 3, 3, 3, 3, 3, 3, 3, 3, 3, 3, 3, 3, 3, 3, 3, 3, 3, 3, 3, 3, 3, 3, 3, 3, 3, 3, 3, 3, 3, 3, 3, 3, 3, 3, 3, 3, 3, 3, 3, 3, 3, 3, 3, 3, 3, 3, 3, 3, 3, 3, 3, 3, 3, 3, 3, 3, 3, 3, 3, 3, 3, 3, 3, 3, 3, 3, 3, 3, 3, 3, 3, 3, 3, 3, 3, 3, 3, 3, 3, 3, 3, 3, 3, 3, 3, 3, 3, 3, 3, 3, 3, 3, 3, 3, 3, 3, 3, 3, 3, 3, 3, 3, 3, 3, 3, 3, 3, 3, 3, 3, 3, 3, 3, 3, 3, 3, 3, 3, 3, 3, 3, 3, 3, 3, 3, 3, 3, 3, 3, 3, 3, 3, 3, 3, 3, 3, 3, 3, 3, 3, 3, 3, 3, 3, 3, 3, 3, 3, 3, 3, 3, 3, 3, 3, 3, 3, 3, 3, 3, 3, 3, 3, 3, 3, 3, 3, 3, 3, 3, 3, 3, 3, 3, 3, 3, 3, 3, 3, 3, 3, 3, 3, 3, 3, 3, 3, 3, 3, 3, 3, 3, 3, 3, 3, 3, 3, 3, 3, 3, 3, 3, 3, 3, 3, 3, 3, 3, 3, 3, 3, 3, 3, 3, 3, 3, 3, 3, 3, 3, 3, 3, 3, 3, 3, 3, 3, 3, 3, 3, 3, 3, 3, 3, 3, 3, 3, 3, 3, 3, 3, 3, 3, 3, 3, 3, 3, 3, 3, 3, 3, 3, 3, 3, 3, 3, 3, 3, 3, 3, 3, 3, 3, 3, 3, 3, 3, 3, 3, 3, 3, 3, 3, 3, 3, 3, 3, 3, 3, 3, 3, 3, 3, 3, 3, 3, 3, 3, 3, 3, 3, 3, 3, 3, 3, 3, 3, 3, 3, 3, 3, 3, 3, 3, 3, 3, 3, 3, 3, 3, 3, 3, 3, 3, 3, 3, 3, 3, 3, 3, 3, 3, 3, 3, 3, 3, 3, 3, 3, 3, 3, 3, 3, 3, 3, 3, 3, 3, 3, 3, 3, 3, 3, 3, 3, 3, 3, 3, 3, 3, 3, 3, 3, 3, 3, 3, 3, 3, 3, 3, 3, 3, 3, 3, 3, 3, 3, 3, 3, 3, 3, 3, 3, 3, 3, 3, 3, 3, 3, 3, 3, 3, 3, 3, 3, 3, 3, 3, 3, 3, 3, 3, 3, 3, 3, 3, 3, 3, 3, 3, 3, 3, 3, 3, 3, 3, 3, 3, 3, 3, 3, 3, 3, 3, 3, 3, 3, 3, 3, 3, 3, 3, 3, 3, 3, 3, 3, 3, 3, 3, 3, 3, 3, 3, 3, 3, 3, 3, 3, 3, 3, 3, 3, 3, 3, 3, 3, 3, 3, 3, 3, 3, 3, 3, 3, 3, 3, 3, 3, 3, 3, 3, 3, 3, 3, 3, 3, 3, 3, 3, 3, 3, 3, 3, 3, 3, 3, 3, 3, 3, 3, 3, 3, 3, 3, 3, 3, 3, 3, 3, 3, 3, 3, 3, 3, 3, 3, 3, 3, 3, 3, 3, 3, 3, 3, 3, 3, 3, 3, 3, 3, 3, 3, 3, 3, 3, 3, 3, 3, 3, 3, 3, 3, 3, 3, 3, 3, 3, 3, 3, 3, 3, 3, 3, 3, 3, 3, 3, 3, 3, 3, 3, 3, 3, 3, 3, 3, 3, 3, 3, 3, 3, 3, 3, 3, 3, 3, 3, 3, 3, 3, 3, 3, 3, 3, 3, 3, 3, 3, 3, 3, 3, 3, 3, 3, 3, 3, 3, 3, 3, 3, 3, 3, 3, 3, 3, 3, 3, 3, 3, 3, 3, 3, 3, 3, 3, 3, 3, 3, 3, 3, 3, 3, 3, 3, 3, 3, 3, 3, 3, 3, 3, 3, 3, 3, 3, 3, 3, 3, 3, 3, 3, 3, 3, 3, 3, 3, 3, 3, 3, 3, 3, 3, 3, 3, 3, 3, 3, 3, 3, 3, 3, 3, 3, 3, 3, 3, 3, 3, 3, 3, 3, 3, 3, 3, 3, 3, 3, 3, 3, 3, 3, 3, 3, 3, 3, 3, 3, 3, 3, 3, 3, 3, 3, 3, 3, 3, 3, 3, 3, 3, 3, 3, 3, 3, 3, 3, 3, 3, 3, 3, 3, 3, 3, 3, 3, 3, 3, 3, 3, 3, 3, 3, 3, 3, 3, 3, 3, 3, 3, 3, 3, 3, 3, 3, 3, 3, 3, 3, 3, 3, 3, 3, 3, 3, 3, 3, 3, 3, 3, 3, 3, 3, 3, 3, 3, 3, 3, 3, 3, 3, 3, 3, 3, 3, 3, 3, 3, 3, 3, 3, 3, 3, 3, 3, 3, 3, 3, 3, 3, 3, 3, 3, 3, 3, 3, 3, 3, 3, 3, 3, 3, 3, 3, 3, 3, 3, 3, 3, 3, 3, 3, 3, 3, 3, 3, 3, 3, 3, 3, 3, 3, 3, 3, 3, 3, 3, 3, 3, 3, 3, 3, 3, 3, 3, 3, 3, 3, 3, 3, 3, 3, 3, 3, 3, 3, 3, 3, 3, 3, 3, 3, 3, 3, 3, 3, 3, 3, 3, 3, 3, 3, 3, 3, 3, 3, 3, 3, 3, 3, 3, 3, 3, 3, 3, 3, 3, 3, 3, 3, 3, 3, 3, 3, 3, 3, 3, 3, 3, 3, 3, 3, 3, 3, 3, 3, 3, 3, 3, 3, 3, 3, 3, 3, 3, 3, 3, 3, 3, 3, 3, 3, 3, 3, 3, 3, 3, 3, 3, 3, 3, 3, 3, 3, 3, 3, 3, 3, 3, 3, 3, 3, 3, 3, 3, 3, 3, 3, 3, 3, 3, 3, 3, 3, 3, 3, 3, 3, 3, 3, 3, 3, 3, 3, 3, 3, 3, 3, 3, 3, 3, 3, 3, 3, 3, 3, 3, 3, 3, 3, 3, 3, 3, 3, 3, 3, 3, 3, 3, 3, 3, 3, 3, 3, 3, 3, 3, 3, 3, 3, 3, 3, 3, 3, 3, 3, 3, 3, 3, 3, 3, 3, 3, 3, 3, 3, 3, 3, 3, 3, 3, 3, 3, 3, 3, 3, 3, 3, 3, 3, 3, 3, 3, 3, 3, 3, 3, 3, 3, 3, 3, 3, 3, 3, 3, 3, 3, 3, 3, 3, 3, 3, 3, 3, 3, 3, 3, 3, 3, 3, 3, 3, 3, 3, 3, 3, 3, 3, 3, 3, 3, 3, 3, 3, 3, 3, 3, 3, 3, 3, 3, 3, 3, 3, 3, 3, 3, 3, 3, 3, 3, 3, 3, 3, 3, 3, 3, 3, 3, 3, 3, 3, 3, 3, 3, 3, 3, 3, 3, 3, 3, 3, 3, 3, 3, 3, 3, 3, 3, 3, 3, 3, 3, 3, 3, 3, 3, 3, 3, 3, 3, 3, 3, 3, 3, 3, 3, 3, 3, 3, 3, 3, 3, 3, 3, 3, 3, 3, 3, 3, 3, 3, 3, 3, 3, 3, 3, 3, 3, 3, 3, 3, 3, 3, 3, 3, 3, 3, 3, 3, 3, 3, 3, 3, 3, 3, 3, 3, 3, 3, 3, 3, 3, 3, 3, 3, 3, 3, 3, 3, 3, 3, 3, 3, 3, 3, 3, 3, 3, 3, 3, 3, 3, 3, 3, 3, 3, 3, 3, 3, 3, 3, 3, 3, 3, 3, 3, 3, 3, 3, 3, 3, 3, 3, 3, 3, 3, 3, 3, 3, 3, 3, 3, 3, 3, 3, 3, 3, 3, 3, 3, 3, 3, 3, 3, 3, 3, 3, 3, 3, 3, 3, 3, 3, 3, 3, 3, 3, 3, 3, 3, 3, 3, 3, 3, 3, 3, 3, 3, 3, 3, 3, 3, 3, 3, 3, 3, 3, 3, 3, 3, 3, 3, 3, 3, 3, 3, 3, 3, 3, 3, 3, 3, 3, 3, 3, 3, 3, 3, 3, 3, 3, 3, 3, 3, 3, 3, 3, 3, 3, 3, 3, 3, 3, 3, 3, 3, 3, 3, 3, 3, 3, 3, 3, 3, 3, 3, 3, 3, 3, 3, 3, 3, 3, 3, 3, 3, 3, 3, 3, 3, 3, 3, 3, 3, 3, 3, 3, 3, 3, 3, 3, 3, 3, 3, 3, 3, 3, 3, 3, 3, 3, 3, 3, 3, 3, 3, 3, 3, 3, 3, 3, 3, 3, 3, 3, 3, 3, 3, 3, 3, 3, 3, 3, 3, 3, 3, 3, 3, 3, 3, 3, 3, 3, 3, 3, 3, 3, 3, 3, 3, 3, 3, 3, 3, 3, 3, 3, 3, 3, 3, 3, 3, 3, 3, 3, 3, 3, 3, 3, 3, 3, 3, 3, 3, 3, 3, 3, 3, 3, 3, 3, 3, 3, 3, 3, 3, 3, 3, 3, 3, 3, 3, 3, 3, 3, 3, 3, 3, 3, 3, 3, 3, 3, 3, 3, 3, 3, 3, 3, 3, 3, 3, 3, 3, 3, 3, 3, 3, 3, 3, 3, 3, 3, 3, 3, 3, 3, 3, 3, 3, 3, 3, 3, 3, 3, 3, 3, 3, 3, 3, 3, 3, 3, 3, 3, 3, 3, 3, 3, 3, 3, 3, 3, 3, 3, 3, 3, 3, 3, 3, 3, 3, 3, 3, 3, 3, 3, 3, 3, 3, 3, 3, 3, 3, 3, 3, 3, 3, 3, 3, 3, 3, 3, 3, 3, 3, 3, 3, 3, 3, 3, 3, 3, 3, 3, 3, 3, 3, 3, 3, 3, 3, 3, 3, 3, 3, 3, 3, 3, 3, 3, 3, 3, 3, 3, 3, 3, 3, 3, 3, 3, 3, 3, 3, 3, 3, 3, 3, 3, 3, 3, 3, 3, 3, 3, 3, 3, 3, 3, 3, 3, 3, 3, 3, 3, 3, 3, 3, 3, 3, 3, 3, 3, 3, 3, 3, 3, 3, 3, 3, 3, 3, 3, 3, 3, 3, 3, 3, 3, 3, 3, 3, 3, 3, 3, 3, 3, 3, 3, 3, 3, 3, 3, 3, 3, 3, 3, 3, 3, 3, 3, 3, 3, 3, 3, 3, 3, 3, 3, 3, 3, 3, 3, 3, 3, 3, 3, 3, 3, 3, 3, 3, 3, 3, 3, 3, 3, 3, 3, 3, 3, 3, 3, 3, 3, 3, 3, 3, 3, 3, 3, 3, 3, 3, 3, 3, 3, 3, 3, 3, 3, 3, 3, 3, 3, 3, 3, 3, 3, 3, 3, 3, 3, 3, 3, 3, 3, 3, 3, 3, 3, 3, 3, 3, 3, 3, 3, 3, 3, 3, 3, 3, 3, 3, 3, 3, 3, 3, 3, 3, 3, 3, 3, 3, 3, 3, 3, 3, 3, 3, 3, 3, 3, 3, 3, 3, 3, 3, 3, 3, 3, 3, 3, 3, 3, 3, 3, 3, 3, 3, 3, 3, 3, 3, 3, 3, 3, 3, 3, 3, 3, 3, 3, 3, 3, 3, 3, 3, 3, 3, 3, 3, 3, 3, 3, 3, 3, 3, 3, 3, 3, 3, 3, 3, 3, 3, 3, 3, 3, 3, 3, 3, 3, 3, 3, 3, 3, 3, 3, 3, 3, 3, 3, 3, 3, 3, 3, 3, 3, 3, 3, 3, 3, 3, 3, 3, 3, 3, 3, 3, 3, 3, 3, 3, 3, 3, 3, 3, 3, 3, 3, 3, 3, 3, 3, 3, 3, 3, 3, 3, 3, 3, 3, 3, 3, 3, 3, 3, 3, 3, 3, 3, 3, 3, 3, 3, 3, 3, 3, 3, 3, 3, 3, 3, 3, 3, 3, 3, 3, 3, 3, 3, 3, 3, 3, 3, 3, 3, 3, 3, 3, 3, 3, 3, 3, 3, 3, 3, 3, 3, 3, 3, 3, 3, 3, 3, 3, 3, 3, 3, 3, 3, 3, 3, 3, 3, 3, 3, 3, 3, 3, 3, 3, 3, 3, 3, 3, 3, 3, 3, 3, 3, 3, 3, 3, 3, 3, 3, 3, 3, 3, 3, 3, 3, 3, 3, 3, 3, 3, 3, 3, 3, 3, 3, 3, 3, 3, 3, 3, 3, 3, 3, 3, 3, 3, 3, 3, 3, 3, 3, 3, 3, 3, 3, 3, 3, 3, 3, 3, 3, 3, 3, 3, 3, 3, 3, 3, 3, 3, 3, 3, 3, 3, 3, 3, 3, 3, 3, 3, 3, 3, 3, 3, 3, 3, 3, 3, 3, 3, 3, 3, 3, 3, 3, 3, 3, 3, 3, 3, 3, 3, 3, 3, 3, 3, 3, 3, 3, 3, 3, 3, 3, 3, 3, 3, 3, 3, 3, 3, 3, 3, 3, 3, 3, 3, 3, 3, 3, 3, 3, 3, 3, 3, 3, 3, 3, 3, 3, 3, 3, 3, 3, 3, 3, 3, 3, 3, 3, 3, 3, 3, 3, 3, 3, 3, 3, 3, 3, 3, 3, 3, 3, 3, 3, 3, 3, 3, 3, 3, 3, 3, 3, 3, 3, 3, 3, 3, 3, 3, 3, 3, 3, 3, 3, 3, 3, 3, 3, 3, 3, 3, 3, 3, 3, 3, 3, 3, 3, 3, 3, 3, 3, 3, 3, 3, 3, 3, 3, 3, 3, 3, 3, 3, 3, 3, 3, 3, 3, 3, 3, 3, 3, 3, 3, 3, 3, 3, 3, 3, 3, 3, 3, 3, 3, 3, 3, 3, 3, 3, 3, 3, 3, 3, 3, 3, 3, 3, 3, 3, 3, 3, 3, 3, 3, 3, 3, 3, 3, 3, 3, 3, 3, 3, 3, 3, 3, 3, 3, 3, 3, 3, 3, 3, 3, 3, 3, 3, 3, 3, 3, 3, 3, 3, 3, 3, 3, 3, 3, 3, 3, 3, 3, 3, 3, 3, 3, 3, 3, 3, 3, 3, 3, 3, 3, 3, 3, 3, 3, 3, 3, 3, 3, 3, 3, 3, 3, 3, 3, 3, 3, 3, 3, 3, 3, 3, 3, 3, 3, 3, 3, 3, 3, 3, 3, 3, 3, 3, 3, 3, 3, 3, 3, 3, 3, 3, 3, 3, 3, 3, 3, 3, 3, 3, 3, 3, 3, 3, 3, 3, 3, 3, 3, 3, 3, 3, 3, 3, 3, 3, 3, 3, 3, 3, 3, 3, 3, 3, 3, 3, 3, 3, 3, 3, 3, 3, 3, 3, 3, 3, 3, 3, 3, 3, 3, 3, 3, 3, 3, 3, 3, 3, 3, 3, 3, 3, 3, 3, 3, 3, 3, 3, 3, 3, 3, 3, 3, 3, 3, 3, 3, 3, 3, 3, 3, 3, 3, 3, 3, 3, 3, 3, 3, 3, 3, 3, 3, 3, 3, 3, 3, 3, 3, 3, 3, 3, 3, 3, 3, 3, 3, 3, 3, 3, 3, 3, 3, 3, 3, 3, 3, 3, 3, 3, 3, 3, 3, 3, 3, 3, 3, 3, 3, 3, 3, 3, 3, 3, 3, 3, 3, 3, 3, 3, 3, 3, 3, 3, 3, 3, 3, 3, 3, 3, 3, 3, 3, 3, 3, 3, 3, 3, 3, 3, 3, 3, 3, 3, 3, 3, 3, 3, 3, 3, 3, 3, 3, 3, 3, 3, 3, 3, 3, 3, 3, 3, 3, 3, 3, 3, 3, 3, 3, 3, 3, 3, 3, 3, 3, 3, 3, 3, 3, 3, 3, 3, 3, 3, 3, 3, 3, 3, 3, 3, 3, 3, 3, 3, 3, 3, 3, 3, 3, 3, 3, 3, 3, 3, 3, 3, 3, 3, 3, 3, 3, 3, 3, 3, 3, 3, 3, 3, 3, 3, 3, 3, 3, 3, 3, 3, 3, 3, 3, 3, 3, 3, 3, 3, 3, 3, 3, 3, 3, 3, 3, 3, 3, 3, 3, 3, 3, 3, 3, 3, 3, 3, 3, 3, 3, 3, 3, 3, 3, 3, 3, 3, 3, 3, 3, 3, 3, 3, 3, 3, 3, 3, 3, 3, 3, 3, 3, 3, 3, 3, 3, 3, 3, 3, 3, 3, 3, 3, 3, 3, 3, 3, 3, 3, 3, 3, 3, 3, 3, 3, 3, 3, 3, 3, 3, 3, 3, 3, 3, 3, 3, 3, 3, 3, 3, 3, 3, 3, 3, 3, 3, 3, 3, 3, 3, 3, 3, 3, 3, 3, 3, 3, 3, 3, 3, 3, 3, 3, 3, 3, 3, 3, 3, 3, 3, 3, 3, 3, 3, 3, 3, 3, 3, 3, 3, 3, 3, 3, 3, 3, 3, 3, 3, 3, 3, 3, 3, 3, 3, 3, 3, 3, 3, 3, 3, 3, 3, 3, 3, 3, 3, 3, 3, 3, 3, 3, 3, 3, 3, 3, 3, 3, 3, 3, 3, 3, 3, 3, 3, 3, 3, 3, 3, 3, 3, 3, 3, 3, 3, 3, 3, 3, 3, 3, 3, 3, 3, 3, 3, 3, 3, 3, 3, 3, 3, 3, 3, 3, 3, 3, 3, 3, 3, 3, 3, 3, 3, 3, 3, 3, 3, 3, 3, 3, 3, 3, 3, 3, 3, 3, 3, 3, 3, 3, 3, 3, 3, 3, 3, 3, 3, 3, 3, 3, 3, 3, 3, 3, 3, 3, 3, 3, 3, 3, 3, 3, 3, 3, 3, 3, 3, 3, 3, 3, 3, 3, 3, 3, 3, 3, 3, 3, 3, 3, 3, 3, 3, 3, 3, 3, 3, 3, 3, 3, 3, 3, 3, 3, 3, 3, 3, 3, 3, 3, 3, 3, 3, 3, 3, 3, 3, 3, 3, 3, 3, 3, 3, 3, 3, 3, 3, 3, 3, 3, 3, 3, 3, 3, 3, 3, 3, 3, 3, 3, 3, 3, 3, 3, 3, 3, 3, 3, 3, 3, 3, 3, 3, 3, 3, 3, 3, 3, 3, 3, 3, 3, 3, 3, 3, 3, 3, 3, 3, 3, 3, 3, 3, 3, 3, 3, 3, 3, 3, 3, 3, 3, 3, 3, 3, 3, 3, 3, 3, 3, 3, 3, 3, 3, 3, 3, 3, 3, 3, 3, 3, 3, 3, 3, 3, 3, 3, 3, 3, 3, 3, 3, 3, 3, 3, 3, 3, 3, 3, 3, 3, 3, 3, 3, 3, 3, 3, 3, 3, 3, 3, 3, 3, 3, 3, 3, 3, 3, 3, 3, 3, 3, 3, 3, 3, 3, 3, 3, 3, 3, 3, 3, 3, 3, 3, 3, 3, 3, 3, 3, 3, 3, 3, 3, 3, 3, 3, 3, 3, 3, 3, 3, 3, 3, 3, 3, 3, 3, 3, 3, 3, 3, 3, 3, 3, 3, 3, 3, 3, 3, 3, 3, 3, 3, 3, 3, 3, 3, 3, 3, 3, 3, 3, 3, 3, 3, 3, 3, 3, 3, 3, 3, 3, 3, 3, 3, 3, 3, 3, 3, 3, 3, 3, 3, 3, 3, 3, 3, 3, 3, 3, 3, 3, 3, 3, 3, 3, 3, 3, 3, 3, 3, 3, 3, 3, 3, 3, 3, 3, 3, 3, 3, 3, 3, 3, 3, 3, 3, 3, 3, 3, 3, 3, 3, 3, 3, 3, 3, 3, 3, 3, 3, 3, 3, 3, 3, 3, 3, 3, 3, 3, 3, 3, 3, 3, 3, 3, 3, 3, 3, 3, 3, 3, 3, 3, 3, 3, 3, 3, 3, 3, 3, 3, 3, 3, 3, 3, 3, 3, 3, 3, 3, 3, 3, 3]
        int[] faceVertexIndices = [129, 0, 1, 67, 66, 129, 64, 62, 63, 65, 128, 64, 130, 1, 2, 130, 2, 3, 130, 129, 1, 130, 67, 129, 130, 68, 67, 130, 69, 68, 131, 3, 4, 131, 4, 5, 131, 130, 3, 131, 69, 130, 131, 70, 69, 131, 71, 70, 132, 5, 6, 132, 6, 7, 132, 131, 5, 132, 72, 71, 132, 73, 72, 132, 71, 131, 133, 73, 132, 133, 7, 8, 133, 8, 9, 133, 74, 73, 133, 75, 74, 133, 132, 7, 134, 9, 10, 134, 10, 11, 134, 133, 9, 134, 75, 133, 134, 76, 75, 134, 77, 76, 135, 11, 12, 135, 12, 13, 135, 134, 11, 135, 77, 134, 135, 78, 77, 135, 79, 78, 136, 79, 135, 136, 13, 14, 136, 14, 15, 136, 80, 79, 136, 81, 80, 136, 135, 13, 137, 15, 16, 137, 16, 17, 137, 136, 15, 137, 81, 136, 137, 82, 81, 137, 83, 82, 138, 17, 18, 138, 18, 19, 138, 137, 17, 138, 83, 137, 138, 84, 83, 138, 85, 84, 139, 19, 20, 139, 20, 21, 139, 138, 19, 139, 85, 138, 139, 86, 85, 139, 87, 86, 140, 21, 22, 140, 22, 23, 140, 139, 21, 140, 87, 139, 140, 88, 87, 140, 89, 88, 141, 23, 24, 141, 24, 25, 141, 140, 23, 141, 89, 140, 141, 90, 89, 141, 91, 90, 142, 141, 25, 142, 91, 141, 142, 25, 26, 142, 26, 27, 142, 92, 91, 142, 93, 92, 143, 27, 28, 143, 28, 29, 143, 142, 27, 143, 93, 142, 143, 94, 93, 143, 95, 94, 144, 29, 30, 144, 30, 31, 144, 143, 29, 144, 95, 143, 144, 96, 95, 144, 97, 96, 145, 31, 32, 145, 144, 31, 145, 97, 144, 145, 98, 97, 146, 145, 32, 146, 98, 145, 146, 32, 33, 146, 33, 34, 146, 99, 98, 146, 100, 99, 147, 102, 101, 147, 34, 35, 147, 35, 36, 147, 146, 34, 147, 100, 146, 147, 101, 100, 148, 103, 102, 148, 104, 103, 148, 36, 37, 148, 37, 38, 148, 147, 36, 148, 102, 147, 149, 105, 104, 149, 106, 105, 149, 38, 39, 149, 39, 40, 149, 148, 38, 149, 104, 148, 150, 107, 106, 150, 108, 107, 150, 40, 41, 150, 41, 42, 150, 106, 149, 150, 149, 40, 151, 109, 108, 151, 110, 109, 151, 42, 43, 151, 150, 42, 151, 43, 44, 151, 108, 150, 152, 151, 44, 152, 111, 110, 152, 112, 111, 152, 44, 45, 152, 45, 46, 152, 110, 151, 153, 112, 152, 153, 113, 112, 153, 114, 113, 153, 152, 46, 153, 46, 47, 153, 47, 48, 154, 114, 153, 154, 115, 114, 154, 116, 115, 154, 153, 48, 154, 48, 49, 154, 49, 50, 155, 117, 116, 155, 118, 117, 155, 116, 154, 155, 50, 51, 155, 51, 52, 155, 154, 50, 156, 119, 118, 156, 120, 119, 156, 155, 52, 156, 118, 155, 156, 52, 53, 156, 53, 54, 157, 121, 120, 157, 122, 121, 157, 54, 55, 157, 55, 56, 157, 156, 54, 157, 120, 156, 158, 123, 122, 158, 124, 123, 158, 122, 157, 158, 56, 57, 158, 57, 58, 158, 157, 56, 159, 125, 124, 159, 126, 125, 159, 158, 58, 159, 58, 59, 159, 59, 60, 159, 124, 158, 160, 126, 159, 160, 159, 60, 160, 127, 126, 160, 128, 127, 160, 60, 61, 160, 61, 62, 160, 62, 64, 160, 64, 128, 219, 218, 217, 213, 215, 214, 222, 213, 212, 222, 216, 215, 222, 217, 216, 222, 220, 219, 222, 221, 220, 222, 219, 217, 222, 215, 213, 210, 212, 211, 207, 209, 208, 207, 210, 209, 207, 212, 210, 163, 162, 161, 163, 223, 222, 163, 161, 223, 164, 163, 222, 205, 207, 206, 166, 165, 164, 203, 212, 207, 203, 207, 205, 203, 205, 204, 203, 222, 212, 203, 164, 222, 167, 166, 164, 169, 168, 167, 169, 167, 164, 199, 201, 200, 199, 202, 201, 199, 203, 202, 171, 170, 169, 172, 171, 169, 197, 199, 198, 174, 173, 172, 175, 174, 172, 194, 203, 199, 194, 199, 197, 194, 196, 195, 194, 197, 196, 177, 176, 175, 177, 172, 169, 177, 175, 172, 192, 194, 193, 190, 192, 191, 180, 178, 177, 180, 179, 178, 189, 192, 190, 188, 194, 192, 188, 192, 189, 183, 181, 180, 183, 182, 181, 186, 164, 203, 186, 169, 164, 186, 188, 187, 186, 203, 194, 186, 194, 188, 184, 177, 169, 184, 180, 177, 184, 183, 180, 184, 169, 186, 185, 184, 186, 290, 224, 225, 290, 289, 224, 291, 225, 226, 291, 226, 227, 291, 290, 225, 292, 291, 227, 293, 227, 228, 293, 228, 229, 293, 292, 227, 294, 293, 229, 295, 229, 230, 295, 294, 229, 296, 230, 231, 296, 231, 232, 296, 295, 230, 297, 296, 232, 298, 232, 233, 298, 297, 232, 299, 233, 234, 299, 298, 233, 300, 234, 235, 300, 235, 236, 300, 299, 234, 301, 300, 236, 302, 236, 237, 302, 301, 236, 303, 237, 238, 303, 302, 237, 304, 238, 239, 304, 239, 240, 304, 303, 238, 305, 304, 240, 306, 305, 240, 306, 240, 241, 307, 241, 242, 307, 242, 243, 307, 306, 241, 308, 307, 243, 309, 308, 243, 309, 243, 244, 310, 309, 244, 310, 244, 245, 311, 310, 245, 311, 245, 246, 312, 311, 246, 312, 246, 247, 313, 247, 248, 313, 312, 247, 314, 248, 249, 314, 313, 248, 315, 249, 250, 315, 314, 249, 316, 250, 251, 316, 315, 250, 317, 251, 252, 317, 252, 253, 317, 316, 251, 318, 317, 253, 319, 253, 254, 319, 318, 253, 320, 254, 255, 320, 319, 254, 321, 255, 256, 321, 320, 255, 322, 256, 257, 322, 321, 256, 323, 257, 258, 323, 322, 257, 324, 258, 259, 324, 323, 258, 325, 259, 260, 325, 324, 259, 326, 260, 261, 326, 261, 262, 326, 325, 260, 327, 262, 263, 327, 326, 262, 328, 327, 263, 329, 263, 264, 329, 328, 263, 330, 264, 265, 330, 329, 264, 331, 265, 266, 331, 330, 265, 332, 331, 266, 332, 266, 267, 333, 332, 267, 333, 267, 268, 334, 333, 268, 334, 268, 269, 335, 334, 269, 335, 269, 270, 335, 270, 271, 336, 335, 271, 337, 336, 271, 337, 271, 272, 338, 337, 272, 338, 272, 273, 339, 338, 273, 339, 273, 274, 339, 274, 275, 340, 339, 275, 341, 340, 275, 341, 275, 276, 341, 276, 277, 342, 341, 277, 343, 342, 277, 343, 277, 278, 343, 278, 279, 344, 343, 279, 345, 279, 280, 345, 344, 279, 346, 280, 281, 346, 281, 282, 346, 345, 280, 347, 346, 282, 348, 282, 283, 348, 347, 282, 349, 283, 284, 349, 348, 283, 350, 284, 285, 350, 349, 284, 351, 285, 286, 351, 350, 285, 288, 286, 287, 288, 351, 286, 454, 390, 391, 455, 391, 392, 455, 454, 391, 453, 390, 454, 456, 392, 393, 456, 455, 392, 452, 389, 390, 452, 390, 453, 457, 456, 393, 457, 393, 394, 451, 388, 389, 451, 389, 452, 458, 394, 395, 458, 457, 394, 450, 387, 388, 450, 388, 451, 459, 395, 396, 459, 396, 397, 459, 458, 395, 449, 385, 386, 449, 386, 387, 449, 387, 450, 460, 397, 398, 460, 459, 397, 448, 384, 385, 448, 385, 449, 461, 460, 398, 447, 383, 384, 447, 384, 448, 462, 398, 399, 462, 461, 398, 446, 383, 447, 463, 399, 400, 463, 462, 399, 445, 382, 383, 445, 383, 446, 464, 400, 401, 464, 463, 400, 444, 381, 382, 444, 382, 445, 465, 464, 401, 465, 401, 402, 380, 381, 444, 443, 380, 444, 466, 402, 403, 466, 465, 402, 442, 380, 443, 442, 379, 380, 467, 466, 403, 467, 403, 404, 378, 379, 442, 441, 378, 442, 468, 467, 404, 468, 404, 405, 377, 378, 441, 440, 377, 441, 469, 468, 405, 469, 405, 406, 439, 376, 377, 439, 377, 440, 470, 469, 406, 470, 406, 407, 375, 376, 439, 375, 439, 438, 408, 470, 407, 408, 471, 470, 374, 375, 438, 374, 438, 437, 409, 472, 471, 409, 471, 408, 373, 374, 437, 373, 437, 436, 410, 473, 472, 410, 472, 409, 372, 373, 436, 372, 436, 435, 411, 474, 473, 411, 473, 410, 475, 474, 411, 371, 435, 434, 371, 372, 435, 433, 371, 434, 412, 475, 411, 370, 371, 433, 432, 370, 433, 413, 476, 475, 413, 475, 412, 369, 370, 432, 414, 477, 476, 414, 476, 413, 368, 369, 432, 368, 432, 431, 352, 477, 414, 352, 415, 477, 367, 368, 431, 367, 431, 430, 353, 415, 352, 353, 416, 415, 353, 417, 416, 366, 367, 430, 366, 429, 428, 366, 430, 429, 354, 417, 353, 365, 366, 428, 355, 417, 354, 355, 418, 417, 355, 419, 418, 364, 365, 428, 364, 428, 427, 356, 419, 355, 363, 364, 427, 363, 427, 426, 357, 419, 356, 357, 420, 419, 357, 421, 420, 362, 363, 426, 362, 425, 424, 362, 426, 425, 358, 421, 357, 361, 362, 424, 361, 424, 423, 359, 422, 421, 359, 423, 422, 359, 421, 358, 360, 361, 423, 360, 423, 359, 544, 478, 479, 544, 543, 478, 545, 479, 480, 545, 480, 481, 545, 544, 479, 546, 545, 481, 547, 481, 482, 547, 482, 483, 547, 546, 481, 548, 483, 484, 548, 547, 483, 549, 548, 484, 550, 484, 485, 550, 549, 484, 551, 485, 486, 551, 486, 487, 551, 550, 485, 552, 551, 487, 553, 487, 488, 553, 552, 487, 554, 488, 489, 554, 553, 488, 555, 489, 490, 555, 554, 489, 556, 490, 491, 556, 555, 490, 557, 491, 492, 557, 556, 491, 558, 492, 493, 558, 557, 492, 559, 493, 494, 559, 558, 493, 560, 494, 495, 560, 559, 494, 561, 495, 496, 561, 560, 495, 562, 561, 496, 562, 496, 497, 563, 562, 497, 563, 497, 498, 563, 498, 499, 564, 563, 499, 565, 564, 499, 565, 499, 500, 565, 500, 501, 566, 565, 501, 567, 566, 501, 567, 501, 502, 567, 502, 503, 568, 567, 503, 569, 503, 504, 569, 568, 503, 570, 504, 505, 570, 505, 506, 570, 569, 504, 571, 506, 507, 571, 570, 506, 572, 571, 507, 573, 507, 508, 573, 508, 509, 573, 572, 507, 574, 573, 509, 575, 509, 510, 575, 510, 511, 575, 574, 509, 576, 575, 511, 577, 511, 512, 577, 512, 513, 577, 576, 511, 578, 577, 513, 579, 513, 514, 579, 578, 513, 580, 514, 515, 580, 579, 514, 581, 515, 516, 581, 580, 515, 582, 516, 517, 582, 581, 516, 583, 517, 518, 583, 518, 519, 583, 582, 517, 584, 583, 519, 585, 519, 520, 585, 584, 519, 586, 585, 520, 586, 520, 521, 587, 586, 521, 587, 521, 522, 588, 587, 522, 588, 522, 523, 589, 588, 523, 589, 523, 524, 590, 589, 524, 590, 524, 525, 591, 590, 525, 591, 525, 526, 592, 591, 526, 592, 526, 527, 593, 592, 527, 593, 527, 528, 594, 593, 528, 594, 528, 529, 595, 594, 529, 595, 529, 530, 596, 595, 530, 596, 530, 531, 597, 596, 531, 597, 531, 532, 598, 597, 532, 598, 532, 533, 599, 533, 534, 599, 598, 533, 600, 534, 535, 600, 599, 534, 601, 535, 536, 601, 600, 535, 602, 536, 537, 602, 601, 536, 603, 537, 538, 603, 602, 537, 604, 538, 539, 604, 603, 538, 605, 539, 540, 605, 604, 539, 542, 540, 541, 542, 605, 540, 725, 661, 724, 725, 662, 661, 723, 724, 661, 723, 661, 660, 726, 663, 662, 726, 662, 725, 722, 660, 659, 722, 723, 660, 727, 664, 663, 727, 663, 726, 721, 659, 658, 721, 722, 659, 728, 665, 664, 728, 664, 727, 720, 721, 658, 720, 658, 657, 729, 666, 665, 729, 667, 666, 729, 665, 728, 719, 657, 656, 719, 720, 657, 730, 667, 729, 718, 719, 656, 718, 656, 655, 731, 668, 667, 731, 667, 730, 717, 655, 654, 717, 718, 655, 669, 606, 668, 669, 668, 731, 716, 654, 653, 716, 717, 654, 670, 607, 606, 670, 606, 669, 715, 653, 652, 715, 716, 653, 671, 608, 607, 671, 607, 670, 714, 652, 651, 714, 715, 652, 672, 609, 608, 672, 608, 671, 713, 714, 651, 713, 651, 650, 673, 609, 672, 673, 610, 609, 712, 713, 650, 712, 650, 649, 674, 610, 673, 674, 611, 610, 711, 649, 648, 711, 712, 649, 675, 612, 611, 675, 611, 674, 710, 711, 648, 710, 648, 647, 676, 613, 612, 676, 612, 675, 709, 710, 647, 709, 647, 646, 614, 613, 676, 614, 676, 677, 645, 708, 709, 645, 709, 646, 615, 614, 677, 615, 677, 678, 644, 707, 708, 644, 708, 645, 616, 615, 678, 616, 678, 679, 680, 616, 679, 643, 706, 707, 643, 707, 644, 617, 616, 680, 642, 706, 643, 642, 705, 706, 618, 680, 681, 618, 617, 680, 641, 705, 642, 641, 704, 705, 619, 681, 682, 619, 618, 681, 640, 704, 641, 640, 702, 703, 640, 703, 704, 620, 682, 683, 620, 683, 684, 620, 619, 682, 639, 702, 640, 621, 620, 684, 638, 702, 639, 638, 701, 702, 622, 621, 684, 622, 684, 685, 622, 685, 686, 637, 701, 638, 637, 700, 701, 623, 622, 686, 623, 686, 687, 636, 700, 637, 636, 699, 700, 624, 623, 687, 635, 699, 636, 635, 698, 699, 625, 624, 687, 625, 687, 688, 634, 698, 635, 634, 696, 697, 634, 697, 698, 626, 625, 688, 626, 688, 689, 626, 689, 690, 633, 696, 634, 627, 626, 690, 632, 696, 633, 632, 694, 695, 632, 695, 696, 628, 627, 690, 628, 690, 691, 628, 691, 692, 631, 694, 632, 631, 693, 694, 629, 628, 692, 630, 693, 631, 630, 629, 692, 630, 692, 693, 798, 732, 733, 798, 797, 732, 799, 733, 734, 799, 798, 733, 800, 734, 735, 800, 735, 736, 800, 799, 734, 801, 736, 737, 801, 800, 736, 802, 801, 737, 803, 737, 738, 803, 738, 739, 803, 802, 737, 804, 739, 740, 804, 803, 739, 805, 804, 740, 806, 740, 741, 806, 805, 740, 807, 741, 742, 807, 806, 741, 808, 742, 743, 808, 807, 742, 809, 743, 744, 809, 744, 745, 809, 808, 743, 810, 809, 745, 811, 745, 746, 811, 810, 745, 812, 746, 747, 812, 811, 746, 813, 747, 748, 813, 812, 747, 814, 748, 749, 814, 749, 750, 814, 813, 748, 815, 814, 750, 816, 815, 750, 816, 750, 751, 816, 751, 752, 817, 816, 752, 818, 817, 752, 818, 752, 753, 818, 753, 754, 819, 818, 754, 819, 754, 755, 820, 819, 755, 821, 820, 755, 821, 755, 756, 821, 756, 757, 822, 821, 757, 823, 757, 758, 823, 822, 757, 824, 758, 759, 824, 823, 758, 825, 759, 760, 825, 760, 761, 825, 824, 759, 826, 825, 761, 827, 761, 762, 827, 826, 761, 828, 762, 763, 828, 827, 762, 829, 763, 764, 829, 828, 763, 830, 764, 765, 830, 829, 764, 831, 765, 766, 831, 766, 767, 831, 830, 765, 832, 767, 768, 832, 831, 767, 833, 832, 768, 834, 768, 769, 834, 833, 768, 835, 769, 770, 835, 834, 769, 836, 770, 771, 836, 835, 770, 837, 771, 772, 837, 836, 771, 838, 772, 773, 838, 837, 772, 839, 773, 774, 839, 774, 775, 839, 838, 773, 840, 839, 775, 841, 840, 775, 841, 775, 776, 842, 841, 776, 842, 776, 777, 842, 777, 778, 843, 842, 778, 844, 843, 778, 844, 778, 779, 845, 844, 779, 845, 779, 780, 845, 780, 781, 846, 845, 781, 847, 846, 781, 847, 781, 782, 848, 847, 782, 848, 782, 783, 848, 783, 784, 849, 848, 784, 850, 849, 784, 850, 784, 785, 851, 850, 785, 851, 785, 786, 852, 851, 786, 852, 786, 787, 852, 787, 788, 853, 852, 788, 854, 788, 789, 854, 853, 788, 855, 789, 790, 855, 790, 791, 855, 854, 789, 856, 855, 791, 857, 791, 792, 857, 856, 791, 858, 792, 793, 858, 793, 794, 858, 857, 792, 859, 858, 794, 796, 794, 795, 796, 859, 794, 926, 860, 861, 926, 925, 860, 927, 861, 862, 927, 926, 861, 928, 862, 863, 928, 927, 862, 929, 863, 864, 929, 928, 863, 930, 864, 865, 930, 929, 864, 931, 865, 866, 931, 930, 865, 932, 866, 867, 932, 931, 866, 868, 932, 867, 933, 932, 868, 934, 868, 869, 934, 933, 868, 870, 934, 869, 935, 934, 870, 871, 935, 870, 936, 935, 871, 937, 871, 872, 937, 936, 871, 938, 872, 873, 938, 937, 872, 939, 873, 874, 939, 938, 873, 940, 874, 875, 940, 939, 874, 941, 875, 876, 941, 940, 875, 942, 876, 877, 942, 941, 876, 943, 877, 878, 943, 942, 877, 944, 943, 878, 944, 878, 879, 945, 944, 879, 945, 879, 880, 946, 945, 880, 946, 880, 881, 947, 946, 881, 947, 881, 882, 948, 947, 882, 948, 882, 883, 949, 883, 884, 949, 948, 883, 950, 884, 885, 950, 949, 884, 951, 885, 886, 951, 950, 885, 952, 886, 887, 952, 951, 886, 953, 887, 888, 953, 952, 887, 954, 888, 889, 954, 953, 888, 955, 889, 890, 955, 954, 889, 891, 955, 890, 956, 955, 891, 957, 891, 892, 957, 956, 891, 958, 892, 893, 958, 957, 892, 959, 893, 894, 959, 958, 893, 895, 959, 894, 960, 959, 895, 896, 960, 895, 961, 960, 896, 897, 961, 896, 962, 961, 897, 963, 897, 898, 963, 962, 897, 899, 963, 898, 964, 963, 899, 965, 899, 900, 965, 964, 899, 901, 965, 900, 966, 965, 901, 967, 901, 902, 967, 966, 901, 968, 967, 902, 968, 902, 903, 969, 903, 904, 969, 968, 903, 905, 969, 904, 970, 969, 905, 971, 970, 905, 971, 905, 906, 972, 971, 906, 972, 906, 907, 973, 972, 907, 973, 907, 908, 974, 973, 908, 974, 908, 909, 975, 974, 909, 975, 909, 910, 976, 975, 910, 976, 910, 911, 977, 976, 911, 977, 911, 912, 978, 977, 912, 978, 912, 913, 979, 978, 913, 979, 913, 914, 980, 979, 914, 980, 914, 915, 981, 980, 915, 981, 915, 916, 982, 981, 916, 982, 916, 917, 918, 982, 917, 983, 982, 918, 984, 918, 919, 984, 983, 918, 985, 919, 920, 985, 984, 919, 986, 920, 921, 986, 985, 920, 922, 986, 921, 987, 986, 922, 924, 922, 923, 924, 987, 922, 1054, 988, 989, 1054, 1053, 988, 1055, 989, 990, 1055, 1054, 989, 1056, 990, 991, 1056, 1055, 990, 1057, 991, 992, 1057, 1056, 991, 1058, 992, 993, 1058, 1057, 992, 1059, 993, 994, 1059, 1058, 993, 1060, 994, 995, 1060, 1059, 994, 1061, 995, 996, 1061, 1060, 995, 1062, 996, 997, 1062, 1061, 996, 1063, 997, 998, 1063, 1062, 997, 1064, 998, 999, 1064, 1063, 998, 1065, 999, 1000, 1065, 1064, 999, 1066, 1000, 1001, 1066, 1065, 1000, 1067, 1001, 1002, 1067, 1066, 1001, 1068, 1002, 1003, 1068, 1067, 1002, 1069, 1003, 1004, 1069, 1068, 1003, 1070, 1004, 1005, 1070, 1069, 1004, 1071, 1005, 1006, 1071, 1070, 1005, 1072, 1071, 1006, 1072, 1006, 1007, 1073, 1072, 1007, 1073, 1007, 1008, 1009, 1073, 1008, 1074, 1073, 1009, 1075, 1074, 1009, 1075, 1009, 1010, 1011, 1075, 1010, 1076, 1075, 1011, 1077, 1011, 1012, 1077, 1076, 1011, 1078, 1012, 1013, 1078, 1077, 1012, 1014, 1078, 1013, 1079, 1078, 1014, 1015, 1079, 1014, 1080, 1079, 1015, 1016, 1080, 1015, 1081, 1080, 1016, 1082, 1016, 1017, 1082, 1081, 1016, 1083, 1017, 1018, 1083, 1082, 1017, 1084, 1018, 1019, 1084, 1083, 1018, 1020, 1084, 1019, 1085, 1084, 1020, 1086, 1020, 1021, 1086, 1085, 1020, 1022, 1086, 1021, 1087, 1086, 1022, 1088, 1022, 1023, 1088, 1087, 1022, 1024, 1088, 1023, 1089, 1088, 1024, 1025, 1089, 1024, 1090, 1089, 1025, 1026, 1090, 1025, 1091, 1090, 1026, 1027, 1091, 1026, 1092, 1091, 1027, 1093, 1027, 1028, 1093, 1092, 1027, 1029, 1093, 1028, 1094, 1093, 1029, 1095, 1029, 1030, 1095, 1094, 1029, 1031, 1095, 1030, 1096, 1095, 1031, 1097, 1096, 1031, 1097, 1031, 1032, 1033, 1097, 1032, 1098, 1097, 1033, 1099, 1098, 1033, 1099, 1033, 1034, 1100, 1099, 1034, 1100, 1034, 1035, 1101, 1100, 1035, 1101, 1035, 1036, 1102, 1101, 1036, 1102, 1036, 1037, 1103, 1102, 1037, 1103, 1037, 1038, 1104, 1103, 1038, 1104, 1038, 1039, 1105, 1104, 1039, 1105, 1039, 1040, 1106, 1105, 1040, 1106, 1040, 1041, 1107, 1106, 1041, 1107, 1041, 1042, 1043, 1107, 1042, 1108, 1107, 1043, 1109, 1108, 1043, 1109, 1043, 1044, 1045, 1109, 1044, 1110, 1109, 1045, 1111, 1045, 1046, 1111, 1110, 1045, 1112, 1046, 1047, 1112, 1111, 1046, 1048, 1112, 1047, 1113, 1112, 1048, 1114, 1048, 1049, 1114, 1113, 1048, 1115, 1049, 1050, 1115, 1114, 1049, 1052, 1050, 1051, 1052, 1115, 1050, 1182, 1116, 1117, 1182, 1181, 1116, 1183, 1117, 1118, 1183, 1182, 1117, 1184, 1118, 1119, 1184, 1183, 1118, 1185, 1119, 1120, 1185, 1184, 1119, 1186, 1120, 1121, 1186, 1185, 1120, 1187, 1121, 1122, 1187, 1186, 1121, 1188, 1122, 1123, 1188, 1187, 1122, 1189, 1123, 1124, 1189, 1188, 1123, 1190, 1124, 1125, 1190, 1189, 1124, 1126, 1190, 1125, 1191, 1190, 1126, 1192, 1126, 1127, 1192, 1191, 1126, 1193, 1127, 1128, 1193, 1192, 1127, 1194, 1128, 1129, 1194, 1193, 1128, 1195, 1129, 1130, 1195, 1194, 1129, 1196, 1130, 1131, 1196, 1195, 1130, 1197, 1131, 1132, 1197, 1196, 1131, 1198, 1132, 1133, 1198, 1197, 1132, 1199, 1133, 1134, 1199, 1198, 1133, 1200, 1199, 1134, 1200, 1134, 1135, 1136, 1200, 1135, 1201, 1200, 1136, 1202, 1201, 1136, 1202, 1136, 1137, 1203, 1202, 1137, 1203, 1137, 1138, 1204, 1203, 1138, 1204, 1138, 1139, 1205, 1139, 1140, 1205, 1204, 1139, 1206, 1140, 1141, 1206, 1205, 1140, 1207, 1141, 1142, 1207, 1206, 1141, 1143, 1207, 1142, 1208, 1207, 1143, 1209, 1143, 1144, 1209, 1208, 1143, 1145, 1209, 1144, 1210, 1209, 1145, 1211, 1145, 1146, 1211, 1210, 1145, 1147, 1211, 1146, 1212, 1211, 1147, 1213, 1147, 1148, 1213, 1212, 1147, 1214, 1148, 1149, 1214, 1213, 1148, 1150, 1214, 1149, 1215, 1214, 1150, 1216, 1150, 1151, 1216, 1215, 1150, 1152, 1216, 1151, 1217, 1216, 1152, 1218, 1152, 1153, 1218, 1217, 1152, 1219, 1153, 1154, 1219, 1218, 1153, 1155, 1219, 1154, 1220, 1219, 1155, 1156, 1220, 1155, 1221, 1220, 1156, 1157, 1221, 1156, 1222, 1221, 1157, 1223, 1157, 1158, 1223, 1222, 1157, 1159, 1223, 1158, 1224, 1223, 1159, 1225, 1224, 1159, 1225, 1159, 1160, 1161, 1225, 1160, 1226, 1225, 1161, 1227, 1226, 1161, 1227, 1161, 1162, 1228, 1227, 1162, 1228, 1162, 1163, 1164, 1228, 1163, 1229, 1228, 1164, 1230, 1229, 1164, 1230, 1164, 1165, 1166, 1230, 1165, 1231, 1230, 1166, 1232, 1231, 1166, 1232, 1166, 1167, 1168, 1232, 1167, 1233, 1232, 1168, 1234, 1233, 1168, 1234, 1168, 1169, 1235, 1234, 1169, 1235, 1169, 1170, 1171, 1235, 1170, 1236, 1235, 1171, 1172, 1236, 1171, 1237, 1236, 1172, 1238, 1172, 1173, 1238, 1237, 1172, 1239, 1173, 1174, 1239, 1238, 1173, 1240, 1174, 1175, 1240, 1239, 1174, 1176, 1240, 1175, 1241, 1240, 1176, 1177, 1241, 1176, 1242, 1241, 1177, 1243, 1177, 1178, 1243, 1242, 1177, 1179, 1243, 1178, 1180, 1243, 1179, 1310, 1244, 1245, 1310, 1309, 1244, 1311, 1245, 1246, 1311, 1310, 1245, 1312, 1246, 1247, 1312, 1311, 1246, 1313, 1247, 1248, 1313, 1312, 1247, 1314, 1248, 1249, 1314, 1313, 1248, 1315, 1249, 1250, 1315, 1314, 1249, 1316, 1250, 1251, 1316, 1315, 1250, 1317, 1251, 1252, 1317, 1316, 1251, 1318, 1252, 1253, 1318, 1317, 1252, 1319, 1253, 1254, 1319, 1318, 1253, 1255, 1319, 1254, 1320, 1319, 1255, 1256, 1320, 1255, 1321, 1320, 1256, 1322, 1256, 1257, 1322, 1321, 1256, 1323, 1257, 1258, 1323, 1322, 1257, 1324, 1258, 1259, 1324, 1323, 1258, 1260, 1324, 1259, 1325, 1324, 1260, 1326, 1260, 1261, 1326, 1325, 1260, 1327, 1261, 1262, 1327, 1326, 1261, 1328, 1327, 1262, 1328, 1262, 1263, 1264, 1328, 1263, 1329, 1328, 1264, 1330, 1329, 1264, 1330, 1264, 1265, 1331, 1330, 1265, 1331, 1265, 1266, 1332, 1331, 1266, 1332, 1266, 1267, 1333, 1267, 1268, 1333, 1332, 1267, 1334, 1268, 1269, 1334, 1333, 1268, 1335, 1269, 1270, 1335, 1334, 1269, 1336, 1270, 1271, 1336, 1335, 1270, 1337, 1271, 1272, 1337, 1336, 1271, 1338, 1272, 1273, 1338, 1337, 1272, 1339, 1273, 1274, 1339, 1338, 1273, 1340, 1274, 1275, 1340, 1339, 1274, 1341, 1275, 1276, 1341, 1340, 1275, 1342, 1276, 1277, 1342, 1341, 1276, 1278, 1342, 1277, 1343, 1342, 1278, 1279, 1343, 1278, 1344, 1343, 1279, 1345, 1279, 1280, 1345, 1344, 1279, 1281, 1345, 1280, 1346, 1345, 1281, 1282, 1346, 1281, 1347, 1346, 1282, 1348, 1282, 1283, 1348, 1347, 1282, 1349, 1283, 1284, 1349, 1348, 1283, 1285, 1349, 1284, 1350, 1349, 1285, 1351, 1285, 1286, 1351, 1350, 1285, 1287, 1351, 1286, 1352, 1351, 1287, 1288, 1352, 1287, 1353, 1352, 1288, 1354, 1353, 1288, 1354, 1288, 1289, 1290, 1354, 1289, 1355, 1354, 1290, 1356, 1355, 1290, 1356, 1290, 1291, 1357, 1356, 1291, 1357, 1291, 1292, 1293, 1357, 1292, 1358, 1357, 1293, 1359, 1358, 1293, 1359, 1293, 1294, 1360, 1359, 1294, 1360, 1294, 1295, 1361, 1360, 1295, 1361, 1295, 1296, 1362, 1361, 1296, 1362, 1296, 1297, 1298, 1362, 1297, 1363, 1362, 1298, 1364, 1363, 1298, 1364, 1298, 1299, 1365, 1364, 1299, 1365, 1299, 1300, 1366, 1365, 1300, 1366, 1300, 1301, 1367, 1301, 1302, 1367, 1366, 1301, 1368, 1302, 1303, 1368, 1367, 1302, 1369, 1303, 1304, 1369, 1368, 1303, 1370, 1304, 1305, 1370, 1369, 1304, 1371, 1305, 1306, 1371, 1370, 1305, 1308, 1306, 1307, 1308, 1371, 1306, 1438, 1372, 1373, 1438, 1437, 1372, 1439, 1373, 1374, 1439, 1438, 1373, 1440, 1374, 1375, 1440, 1439, 1374, 1441, 1375, 1376, 1441, 1440, 1375, 1442, 1376, 1377, 1442, 1441, 1376, 1443, 1377, 1378, 1443, 1442, 1377, 1444, 1378, 1379, 1444, 1443, 1378, 1445, 1379, 1380, 1445, 1444, 1379, 1446, 1380, 1381, 1446, 1445, 1380, 1447, 1381, 1382, 1447, 1446, 1381, 1448, 1382, 1383, 1448, 1447, 1382, 1449, 1383, 1384, 1449, 1448, 1383, 1450, 1384, 1385, 1450, 1449, 1384, 1451, 1385, 1386, 1451, 1450, 1385, 1452, 1386, 1387, 1452, 1451, 1386, 1453, 1387, 1388, 1453, 1452, 1387, 1454, 1388, 1389, 1454, 1453, 1388, 1455, 1389, 1390, 1455, 1454, 1389, 1456, 1455, 1390, 1456, 1390, 1391, 1457, 1456, 1391, 1457, 1391, 1392, 1458, 1457, 1392, 1458, 1392, 1393, 1459, 1458, 1393, 1459, 1393, 1394, 1460, 1459, 1394, 1460, 1394, 1395, 1461, 1395, 1396, 1461, 1460, 1395, 1462, 1396, 1397, 1462, 1461, 1396, 1463, 1397, 1398, 1463, 1462, 1397, 1464, 1398, 1399, 1464, 1463, 1398, 1465, 1399, 1400, 1465, 1464, 1399, 1466, 1400, 1401, 1466, 1465, 1400, 1467, 1401, 1402, 1467, 1466, 1401, 1403, 1467, 1402, 1468, 1467, 1403, 1469, 1403, 1404, 1469, 1468, 1403, 1470, 1404, 1405, 1470, 1469, 1404, 1406, 1470, 1405, 1471, 1470, 1406, 1407, 1471, 1406, 1472, 1471, 1407, 1473, 1407, 1408, 1473, 1472, 1407, 1474, 1408, 1409, 1474, 1473, 1408, 1475, 1409, 1410, 1475, 1474, 1409, 1411, 1475, 1410, 1476, 1475, 1411, 1412, 1476, 1411, 1477, 1476, 1412, 1478, 1412, 1413, 1478, 1477, 1412, 1414, 1478, 1413, 1479, 1478, 1414, 1480, 1479, 1414, 1480, 1414, 1415, 1416, 1480, 1415, 1481, 1480, 1416, 1482, 1481, 1416, 1482, 1416, 1417, 1418, 1482, 1417, 1483, 1482, 1418, 1484, 1483, 1418, 1484, 1418, 1419, 1485, 1484, 1419, 1485, 1419, 1420, 1486, 1485, 1420, 1486, 1420, 1421, 1487, 1486, 1421, 1487, 1421, 1422, 1488, 1487, 1422, 1488, 1422, 1423, 1424, 1488, 1423, 1489, 1488, 1424, 1490, 1489, 1424, 1490, 1424, 1425, 1491, 1490, 1425, 1491, 1425, 1426, 1492, 1491, 1426, 1492, 1426, 1427, 1493, 1492, 1427, 1493, 1427, 1428, 1494, 1493, 1428, 1494, 1428, 1429, 1495, 1429, 1430, 1495, 1494, 1429, 1496, 1430, 1431, 1496, 1495, 1430, 1497, 1431, 1432, 1497, 1496, 1431, 1498, 1432, 1433, 1498, 1497, 1432, 1499, 1433, 1434, 1499, 1498, 1433, 1436, 1434, 1435, 1436, 1499, 1434, 1566, 1500, 1501, 1566, 1565, 1500, 1567, 1501, 1502, 1567, 1566, 1501, 1568, 1502, 1503, 1568, 1567, 1502, 1569, 1503, 1504, 1569, 1568, 1503, 1570, 1504, 1505, 1570, 1569, 1504, 1571, 1505, 1506, 1571, 1570, 1505, 1572, 1506, 1507, 1572, 1571, 1506, 1573, 1507, 1508, 1573, 1572, 1507, 1509, 1573, 1508, 1574, 1573, 1509, 1575, 1509, 1510, 1575, 1574, 1509, 1576, 1510, 1511, 1576, 1575, 1510, 1512, 1576, 1511, 1577, 1576, 1512, 1578, 1512, 1513, 1578, 1577, 1512, 1579, 1513, 1514, 1579, 1578, 1513, 1580, 1514, 1515, 1580, 1579, 1514, 1581, 1515, 1516, 1581, 1580, 1515, 1582, 1516, 1517, 1582, 1581, 1516, 1583, 1517, 1518, 1583, 1582, 1517, 1584, 1583, 1518, 1584, 1518, 1519, 1585, 1584, 1519, 1585, 1519, 1520, 1586, 1585, 1520, 1586, 1520, 1521, 1587, 1586, 1521, 1587, 1521, 1522, 1588, 1587, 1522, 1588, 1522, 1523, 1589, 1523, 1524, 1589, 1588, 1523, 1590, 1524, 1525, 1590, 1589, 1524, 1591, 1525, 1526, 1591, 1590, 1525, 1592, 1526, 1527, 1592, 1591, 1526, 1593, 1527, 1528, 1593, 1592, 1527, 1594, 1528, 1529, 1594, 1593, 1528, 1595, 1529, 1530, 1595, 1594, 1529, 1596, 1530, 1531, 1596, 1595, 1530, 1597, 1531, 1532, 1597, 1596, 1531, 1598, 1532, 1533, 1598, 1597, 1532, 1534, 1598, 1533, 1599, 1598, 1534, 1600, 1534, 1535, 1600, 1599, 1534, 1601, 1535, 1536, 1601, 1600, 1535, 1602, 1536, 1537, 1602, 1601, 1536, 1603, 1537, 1538, 1603, 1602, 1537, 1604, 1538, 1539, 1604, 1603, 1538, 1540, 1604, 1539, 1605, 1604, 1540, 1541, 1605, 1540, 1606, 1605, 1541, 1542, 1606, 1541, 1607, 1606, 1542, 1608, 1607, 1542, 1608, 1542, 1543, 1609, 1608, 1543, 1609, 1543, 1544, 1545, 1609, 1544, 1610, 1609, 1545, 1611, 1610, 1545, 1611, 1545, 1546, 1547, 1611, 1546, 1612, 1611, 1547, 1613, 1612, 1547, 1613, 1547, 1548, 1614, 1613, 1548, 1614, 1548, 1549, 1615, 1614, 1549, 1615, 1549, 1550, 1616, 1615, 1550, 1616, 1550, 1551, 1617, 1616, 1551, 1617, 1551, 1552, 1618, 1617, 1552, 1618, 1552, 1553, 1619, 1618, 1553, 1619, 1553, 1554, 1620, 1619, 1554, 1620, 1554, 1555, 1556, 1620, 1555, 1621, 1620, 1556, 1622, 1556, 1557, 1622, 1621, 1556, 1623, 1557, 1558, 1623, 1622, 1557, 1624, 1558, 1559, 1624, 1623, 1558, 1560, 1624, 1559, 1625, 1624, 1560, 1626, 1560, 1561, 1626, 1625, 1560, 1562, 1626, 1561, 1627, 1626, 1562, 1564, 1562, 1563, 1564, 1627, 1562, 1694, 1628, 1629, 1694, 1693, 1628, 1695, 1629, 1630, 1695, 1694, 1629, 1696, 1630, 1631, 1696, 1695, 1630, 1697, 1631, 1632, 1697, 1696, 1631, 1698, 1632, 1633, 1698, 1697, 1632, 1699, 1633, 1634, 1699, 1698, 1633, 1700, 1634, 1635, 1700, 1699, 1634, 1701, 1635, 1636, 1701, 1700, 1635, 1702, 1636, 1637, 1702, 1701, 1636, 1703, 1637, 1638, 1703, 1702, 1637, 1639, 1703, 1638, 1704, 1703, 1639, 1640, 1704, 1639, 1705, 1704, 1640, 1706, 1640, 1641, 1706, 1705, 1640, 1707, 1641, 1642, 1707, 1706, 1641, 1708, 1642, 1643, 1708, 1707, 1642, 1709, 1643, 1644, 1709, 1708, 1643, 1710, 1644, 1645, 1710, 1709, 1644, 1711, 1645, 1646, 1711, 1710, 1645, 1712, 1711, 1646, 1712, 1646, 1647, 1713, 1712, 1647, 1713, 1647, 1648, 1714, 1713, 1648, 1714, 1648, 1649, 1650, 1714, 1649, 1715, 1714, 1650, 1716, 1715, 1650, 1716, 1650, 1651, 1717, 1651, 1652, 1717, 1716, 1651, 1718, 1652, 1653, 1718, 1717, 1652, 1654, 1718, 1653, 1719, 1718, 1654, 1720, 1654, 1655, 1720, 1719, 1654, 1721, 1655, 1656, 1721, 1720, 1655, 1722, 1656, 1657, 1722, 1721, 1656, 1723, 1657, 1658, 1723, 1722, 1657, 1659, 1723, 1658, 1724, 1723, 1659, 1725, 1659, 1660, 1725, 1724, 1659, 1726, 1660, 1661, 1726, 1725, 1660, 1662, 1726, 1661, 1727, 1726, 1662, 1663, 1727, 1662, 1728, 1727, 1663, 1664, 1728, 1663, 1729, 1728, 1664, 1730, 1664, 1665, 1730, 1729, 1664, 1666, 1730, 1665, 1731, 1730, 1666, 1732, 1666, 1667, 1732, 1731, 1666, 1733, 1667, 1668, 1733, 1732, 1667, 1669, 1733, 1668, 1734, 1733, 1669, 1735, 1669, 1670, 1735, 1734, 1669, 1736, 1735, 1670, 1736, 1670, 1671, 1672, 1736, 1671, 1737, 1736, 1672, 1738, 1737, 1672, 1738, 1672, 1673, 1739, 1738, 1673, 1739, 1673, 1674, 1740, 1739, 1674, 1740, 1674, 1675, 1741, 1740, 1675, 1741, 1675, 1676, 1742, 1741, 1676, 1742, 1676, 1677, 1743, 1742, 1677, 1743, 1677, 1678, 1744, 1743, 1678, 1744, 1678, 1679, 1745, 1744, 1679, 1745, 1679, 1680, 1746, 1745, 1680, 1746, 1680, 1681, 1682, 1746, 1681, 1747, 1746, 1682, 1748, 1747, 1682, 1748, 1682, 1683, 1749, 1748, 1683, 1749, 1683, 1684, 1750, 1749, 1684, 1750, 1684, 1685, 1686, 1750, 1685, 1751, 1750, 1686, 1752, 1686, 1687, 1752, 1751, 1686, 1688, 1752, 1687, 1753, 1752, 1688, 1754, 1688, 1689, 1754, 1753, 1688, 1755, 1689, 1690, 1755, 1754, 1689, 1692, 1690, 1691, 1692, 1755, 1690, 1822, 1756, 1757, 1822, 1821, 1756, 1823, 1757, 1758, 1823, 1822, 1757, 1824, 1758, 1759, 1824, 1823, 1758, 1825, 1759, 1760, 1825, 1824, 1759, 1826, 1760, 1761, 1826, 1825, 1760, 1827, 1761, 1762, 1827, 1826, 1761, 1828, 1762, 1763, 1828, 1827, 1762, 1829, 1763, 1764, 1829, 1828, 1763, 1765, 1829, 1764, 1830, 1829, 1765, 1831, 1765, 1766, 1831, 1830, 1765, 1832, 1766, 1767, 1832, 1831, 1766, 1833, 1767, 1768, 1833, 1832, 1767, 1834, 1768, 1769, 1834, 1833, 1768, 1835, 1769, 1770, 1835, 1834, 1769, 1836, 1770, 1771, 1836, 1835, 1770, 1837, 1771, 1772, 1837, 1836, 1771, 1773, 1837, 1772, 1838, 1837, 1773, 1839, 1773, 1774, 1839, 1838, 1773, 1840, 1839, 1774, 1840, 1774, 1775, 1776, 1840, 1775, 1841, 1840, 1776, 1842, 1841, 1776, 1842, 1776, 1777, 1778, 1842, 1777, 1843, 1842, 1778, 1844, 1843, 1778, 1844, 1778, 1779, 1845, 1779, 1780, 1845, 1844, 1779, 1781, 1845, 1780, 1846, 1845, 1781, 1847, 1781, 1782, 1847, 1846, 1781, 1848, 1782, 1783, 1848, 1847, 1782, 1849, 1783, 1784, 1849, 1848, 1783, 1850, 1784, 1785, 1850, 1849, 1784, 1786, 1850, 1785, 1851, 1850, 1786, 1852, 1786, 1787, 1852, 1851, 1786, 1788, 1852, 1787, 1853, 1852, 1788, 1789, 1853, 1788, 1854, 1853, 1789, 1790, 1854, 1789, 1855, 1854, 1790, 1856, 1790, 1791, 1856, 1855, 1790, 1857, 1791, 1792, 1857, 1856, 1791, 1793, 1857, 1792, 1858, 1857, 1793, 1794, 1858, 1793, 1859, 1858, 1794, 1860, 1794, 1795, 1860, 1859, 1794, 1861, 1795, 1796, 1861, 1860, 1795, 1862, 1796, 1797, 1862, 1861, 1796, 1798, 1862, 1797, 1863, 1862, 1798, 1864, 1863, 1798, 1864, 1798, 1799, 1800, 1864, 1799, 1865, 1864, 1800, 1801, 1865, 1800, 1866, 1865, 1801, 1867, 1866, 1801, 1867, 1801, 1802, 1803, 1867, 1802, 1868, 1867, 1803, 1869, 1868, 1803, 1869, 1803, 1804, 1870, 1869, 1804, 1870, 1804, 1805, 1871, 1870, 1805, 1871, 1805, 1806, 1872, 1871, 1806, 1872, 1806, 1807, 1873, 1872, 1807, 1873, 1807, 1808, 1874, 1873, 1808, 1874, 1808, 1809, 1810, 1874, 1809, 1875, 1874, 1810, 1876, 1875, 1810, 1876, 1810, 1811, 1877, 1876, 1811, 1877, 1811, 1812, 1878, 1877, 1812, 1878, 1812, 1813, 1879, 1813, 1814, 1879, 1878, 1813, 1815, 1879, 1814, 1880, 1879, 1815, 1816, 1880, 1815, 1881, 1880, 1816, 1817, 1881, 1816, 1882, 1881, 1817, 1883, 1817, 1818, 1883, 1882, 1817, 1820, 1818, 1819, 1820, 1883, 1818, 1950, 1884, 1885, 1950, 1949, 1884, 1951, 1885, 1886, 1951, 1950, 1885, 1952, 1886, 1887, 1952, 1951, 1886, 1953, 1887, 1888, 1953, 1952, 1887, 1889, 1953, 1888, 1954, 1953, 1889, 1955, 1889, 1890, 1955, 1954, 1889, 1956, 1890, 1891, 1956, 1955, 1890, 1957, 1891, 1892, 1957, 1956, 1891, 1893, 1957, 1892, 1958, 1957, 1893, 1959, 1893, 1894, 1959, 1958, 1893, 1960, 1894, 1895, 1960, 1959, 1894, 1961, 1895, 1896, 1961, 1960, 1895, 1962, 1896, 1897, 1962, 1961, 1896, 1963, 1897, 1898, 1963, 1962, 1897, 1964, 1898, 1899, 1964, 1963, 1898, 1965, 1899, 1900, 1965, 1964, 1899, 1966, 1900, 1901, 1966, 1965, 1900, 1967, 1901, 1902, 1967, 1966, 1901, 1968, 1967, 1902, 1968, 1902, 1903, 1969, 1968, 1903, 1969, 1903, 1904, 1970, 1969, 1904, 1970, 1904, 1905, 1971, 1970, 1905, 1971, 1905, 1906, 1972, 1971, 1906, 1972, 1906, 1907, 1973, 1907, 1908, 1973, 1972, 1907, 1974, 1908, 1909, 1974, 1973, 1908, 1975, 1909, 1910, 1975, 1974, 1909, 1976, 1910, 1911, 1976, 1975, 1910, 1977, 1911, 1912, 1977, 1976, 1911, 1978, 1912, 1913, 1978, 1977, 1912, 1979, 1913, 1914, 1979, 1978, 1913, 1980, 1914, 1915, 1980, 1979, 1914, 1981, 1915, 1916, 1981, 1980, 1915, 1917, 1981, 1916, 1982, 1981, 1917, 1983, 1917, 1918, 1983, 1982, 1917, 1919, 1983, 1918, 1984, 1983, 1919, 1920, 1984, 1919, 1985, 1984, 1920, 1986, 1920, 1921, 1986, 1985, 1920, 1922, 1986, 1921, 1987, 1986, 1922, 1988, 1922, 1923, 1988, 1987, 1922, 1989, 1923, 1924, 1989, 1988, 1923, 1990, 1924, 1925, 1990, 1989, 1924, 1991, 1925, 1926, 1991, 1990, 1925, 1927, 1991, 1926, 1992, 1991, 1927, 1993, 1992, 1927, 1993, 1927, 1928, 1994, 1993, 1928, 1994, 1928, 1929, 1995, 1994, 1929, 1995, 1929, 1930, 1996, 1995, 1930, 1996, 1930, 1931, 1997, 1996, 1931, 1997, 1931, 1932, 1998, 1997, 1932, 1998, 1932, 1933, 1999, 1998, 1933, 1999, 1933, 1934, 2000, 1999, 1934, 2000, 1934, 1935, 2001, 2000, 1935, 2001, 1935, 1936, 2002, 2001, 1936, 2002, 1936, 1937, 2003, 2002, 1937, 2003, 1937, 1938, 2004, 2003, 1938, 2004, 1938, 1939, 2005, 2004, 1939, 2005, 1939, 1940, 2006, 2005, 1940, 2006, 1940, 1941, 2007, 1941, 1942, 2007, 2006, 1941, 2008, 1942, 1943, 2008, 2007, 1942, 2009, 1943, 1944, 2009, 2008, 1943, 2010, 1944, 1945, 2010, 2009, 1944, 2011, 1945, 1946, 2011, 2010, 1945, 1948, 1946, 1947, 1948, 2011, 1946, 2078, 2012, 2013, 2078, 2077, 2012, 2079, 2013, 2014, 2079, 2078, 2013, 2080, 2014, 2015, 2080, 2079, 2014, 2016, 2080, 2015, 2081, 2080, 2016, 2082, 2016, 2017, 2082, 2081, 2016, 2083, 2017, 2018, 2083, 2082, 2017, 2084, 2018, 2019, 2084, 2083, 2018, 2085, 2019, 2020, 2085, 2084, 2019, 2086, 2020, 2021, 2086, 2085, 2020, 2087, 2021, 2022, 2087, 2086, 2021, 2023, 2087, 2022, 2088, 2087, 2023, 2089, 2023, 2024, 2089, 2088, 2023, 2090, 2024, 2025, 2090, 2089, 2024, 2091, 2025, 2026, 2091, 2090, 2025, 2092, 2026, 2027, 2092, 2091, 2026, 2093, 2027, 2028, 2093, 2092, 2027, 2029, 2093, 2028, 2094, 2093, 2029, 2030, 2094, 2029, 2095, 2094, 2030, 2096, 2095, 2030, 2096, 2030, 2031, 2097, 2096, 2031, 2097, 2031, 2032, 2033, 2097, 2032, 2098, 2097, 2033, 2099, 2098, 2033, 2099, 2033, 2034, 2035, 2099, 2034, 2100, 2099, 2035, 2036, 2100, 2035, 2101, 2100, 2036, 2102, 2036, 2037, 2102, 2101, 2036, 2038, 2102, 2037, 2103, 2102, 2038, 2104, 2038, 2039, 2104, 2103, 2038, 2040, 2104, 2039, 2105, 2104, 2040, 2106, 2040, 2041, 2106, 2105, 2040, 2107, 2041, 2042, 2107, 2106, 2041, 2108, 2042, 2043, 2108, 2107, 2042, 2044, 2108, 2043, 2109, 2108, 2044, 2110, 2044, 2045, 2110, 2109, 2044, 2111, 2045, 2046, 2111, 2110, 2045, 2047, 2111, 2046, 2112, 2111, 2047, 2048, 2112, 2047, 2113, 2112, 2048, 2114, 2048, 2049, 2114, 2113, 2048, 2115, 2049, 2050, 2115, 2114, 2049, 2116, 2050, 2051, 2116, 2115, 2050, 2117, 2051, 2052, 2117, 2116, 2051, 2118, 2052, 2053, 2118, 2117, 2052, 2054, 2118, 2053, 2119, 2118, 2054, 2120, 2119, 2054, 2120, 2054, 2055, 2056, 2120, 2055, 2121, 2120, 2056, 2122, 2121, 2056, 2122, 2056, 2057, 2123, 2122, 2057, 2123, 2057, 2058, 2124, 2123, 2058, 2124, 2058, 2059, 2125, 2124, 2059, 2125, 2059, 2060, 2126, 2125, 2060, 2126, 2060, 2061, 2127, 2126, 2061, 2127, 2061, 2062, 2128, 2127, 2062, 2128, 2062, 2063, 2129, 2128, 2063, 2129, 2063, 2064, 2130, 2129, 2064, 2130, 2064, 2065, 2131, 2130, 2065, 2131, 2065, 2066, 2132, 2131, 2066, 2132, 2066, 2067, 2133, 2132, 2067, 2133, 2067, 2068, 2134, 2133, 2068, 2134, 2068, 2069, 2135, 2069, 2070, 2135, 2134, 2069, 2136, 2070, 2071, 2136, 2135, 2070, 2137, 2071, 2072, 2137, 2136, 2071, 2138, 2072, 2073, 2138, 2137, 2072, 2139, 2073, 2074, 2139, 2138, 2073, 2076, 2074, 2075, 2076, 2139, 2074, 2206, 2140, 2141, 2206, 2141, 2142, 2206, 2205, 2140, 2207, 2142, 2143, 2207, 2206, 2142, 2208, 2207, 2143, 2209, 2143, 2144, 2209, 2208, 2143, 2210, 2144, 2145, 2210, 2145, 2146, 2210, 2209, 2144, 2211, 2210, 2146, 2212, 2146, 2147, 2212, 2147, 2148, 2212, 2211, 2146, 2213, 2212, 2148, 2214, 2148, 2149, 2214, 2213, 2148, 2215, 2149, 2150, 2215, 2214, 2149, 2216, 2150, 2151, 2216, 2215, 2150, 2217, 2151, 2152, 2217, 2216, 2151, 2218, 2152, 2153, 2218, 2217, 2152, 2219, 2153, 2154, 2219, 2154, 2155, 2219, 2218, 2153, 2220, 2219, 2155, 2221, 2155, 2156, 2221, 2220, 2155, 2222, 2156, 2157, 2222, 2157, 2158, 2222, 2221, 2156, 2223, 2222, 2158, 2224, 2223, 2158, 2224, 2158, 2159, 2225, 2224, 2159, 2225, 2159, 2160, 2225, 2160, 2161, 2226, 2225, 2161, 2227, 2226, 2161, 2227, 2161, 2162, 2228, 2162, 2163, 2228, 2227, 2162, 2229, 2163, 2164, 2229, 2164, 2165, 2229, 2228, 2163, 2230, 2165, 2166, 2230, 2229, 2165, 2231, 2230, 2166, 2232, 2166, 2167, 2232, 2231, 2166, 2233, 2167, 2168, 2233, 2232, 2167, 2234, 2168, 2169, 2234, 2233, 2168, 2235, 2169, 2170, 2235, 2170, 2171, 2235, 2234, 2169, 2236, 2235, 2171, 2237, 2171, 2172, 2237, 2172, 2173, 2237, 2236, 2171, 2238, 2237, 2173, 2239, 2173, 2174, 2239, 2238, 2173, 2240, 2174, 2175, 2240, 2239, 2174, 2241, 2175, 2176, 2241, 2240, 2175, 2242, 2176, 2177, 2242, 2241, 2176, 2243, 2177, 2178, 2243, 2178, 2179, 2243, 2242, 2177, 2244, 2243, 2179, 2245, 2179, 2180, 2245, 2180, 2181, 2245, 2244, 2179, 2246, 2245, 2181, 2247, 2181, 2182, 2247, 2246, 2181, 2248, 2247, 2182, 2248, 2182, 2183, 2249, 2248, 2183, 2249, 2183, 2184, 2250, 2249, 2184, 2250, 2184, 2185, 2251, 2250, 2185, 2251, 2185, 2186, 2252, 2251, 2186, 2252, 2186, 2187, 2252, 2187, 2188, 2253, 2252, 2188, 2253, 2188, 2189, 2254, 2253, 2189, 2255, 2254, 2189, 2255, 2189, 2190, 2256, 2255, 2190, 2256, 2190, 2191, 2257, 2256, 2191, 2257, 2191, 2192, 2258, 2257, 2192, 2258, 2192, 2193, 2259, 2258, 2193, 2259, 2193, 2194, 2259, 2194, 2195, 2260, 2259, 2195, 2261, 2195, 2196, 2261, 2260, 2195, 2262, 2196, 2197, 2262, 2261, 2196, 2263, 2197, 2198, 2263, 2198, 2199, 2263, 2262, 2197, 2264, 2263, 2199, 2265, 2199, 2200, 2265, 2264, 2199, 2266, 2200, 2201, 2266, 2201, 2202, 2266, 2265, 2200, 2267, 2266, 2202, 2204, 2202, 2203, 2204, 2267, 2202, 2334, 2268, 2269, 2334, 2333, 2268, 2335, 2269, 2270, 2335, 2334, 2269, 2336, 2270, 2271, 2336, 2335, 2270, 2337, 2271, 2272, 2337, 2336, 2271, 2338, 2272, 2273, 2338, 2337, 2272, 2274, 2338, 2273, 2339, 2338, 2274, 2340, 2274, 2275, 2340, 2339, 2274, 2341, 2275, 2276, 2341, 2340, 2275, 2277, 2341, 2276, 2342, 2341, 2277, 2278, 2342, 2277, 2343, 2342, 2278, 2344, 2278, 2279, 2344, 2343, 2278, 2280, 2344, 2279, 2345, 2344, 2280, 2346, 2280, 2281, 2346, 2345, 2280, 2347, 2281, 2282, 2347, 2346, 2281, 2348, 2282, 2283, 2348, 2347, 2282, 2349, 2283, 2284, 2349, 2348, 2283, 2350, 2284, 2285, 2350, 2349, 2284, 2351, 2285, 2286, 2351, 2350, 2285, 2352, 2351, 2286, 2352, 2286, 2287, 2353, 2352, 2287, 2353, 2287, 2288, 2354, 2353, 2288, 2354, 2288, 2289, 2355, 2354, 2289, 2355, 2289, 2290, 2356, 2355, 2290, 2356, 2290, 2291, 2357, 2291, 2292, 2357, 2356, 2291, 2358, 2292, 2293, 2358, 2357, 2292, 2359, 2293, 2294, 2359, 2358, 2293, 2360, 2294, 2295, 2360, 2359, 2294, 2361, 2295, 2296, 2361, 2360, 2295, 2362, 2296, 2297, 2362, 2361, 2296, 2363, 2297, 2298, 2363, 2362, 2297, 2364, 2298, 2299, 2364, 2363, 2298, 2365, 2299, 2300, 2365, 2364, 2299, 2301, 2365, 2300, 2366, 2365, 2301, 2302, 2366, 2301, 2367, 2366, 2302, 2368, 2302, 2303, 2368, 2367, 2302, 2304, 2368, 2303, 2369, 2368, 2304, 2305, 2369, 2304, 2370, 2369, 2305, 2371, 2305, 2306, 2371, 2370, 2305, 2372, 2306, 2307, 2372, 2371, 2306, 2373, 2307, 2308, 2373, 2372, 2307, 2374, 2308, 2309, 2374, 2373, 2308, 2375, 2309, 2310, 2375, 2374, 2309, 2376, 2375, 2310, 2376, 2310, 2311, 2377, 2311, 2312, 2377, 2376, 2311, 2378, 2377, 2312, 2378, 2312, 2313, 2379, 2378, 2313, 2379, 2313, 2314, 2380, 2379, 2314, 2380, 2314, 2315, 2381, 2380, 2315, 2381, 2315, 2316, 2382, 2381, 2316, 2382, 2316, 2317, 2383, 2382, 2317, 2383, 2317, 2318, 2384, 2383, 2318, 2384, 2318, 2319, 2385, 2384, 2319, 2385, 2319, 2320, 2386, 2385, 2320, 2386, 2320, 2321, 2387, 2386, 2321, 2387, 2321, 2322, 2388, 2387, 2322, 2388, 2322, 2323, 2389, 2388, 2323, 2389, 2323, 2324, 2390, 2389, 2324, 2390, 2324, 2325, 2391, 2325, 2326, 2391, 2390, 2325, 2392, 2326, 2327, 2392, 2391, 2326, 2393, 2327, 2328, 2393, 2392, 2327, 2394, 2328, 2329, 2394, 2393, 2328, 2395, 2329, 2330, 2395, 2394, 2329, 2332, 2330, 2331, 2332, 2395, 2330, 2462, 2396, 2397, 2462, 2461, 2396, 2463, 2397, 2398, 2463, 2462, 2397, 2464, 2398, 2399, 2464, 2463, 2398, 2465, 2399, 2400, 2465, 2464, 2399, 2466, 2400, 2401, 2466, 2465, 2400, 2467, 2401, 2402, 2467, 2466, 2401, 2468, 2402, 2403, 2468, 2467, 2402, 2469, 2403, 2404, 2469, 2468, 2403, 2470, 2404, 2405, 2470, 2469, 2404, 2471, 2405, 2406, 2471, 2470, 2405, 2472, 2406, 2407, 2472, 2471, 2406, 2473, 2407, 2408, 2473, 2472, 2407, 2474, 2408, 2409, 2474, 2473, 2408, 2410, 2474, 2409, 2475, 2474, 2410, 2476, 2410, 2411, 2476, 2475, 2410, 2477, 2411, 2412, 2477, 2476, 2411, 2478, 2412, 2413, 2478, 2477, 2412, 2414, 2478, 2413, 2479, 2478, 2414, 2480, 2479, 2414, 2480, 2414, 2415, 2481, 2480, 2415, 2481, 2415, 2416, 2417, 2481, 2416, 2482, 2481, 2417, 2483, 2482, 2417, 2483, 2417, 2418, 2419, 2483, 2418, 2484, 2483, 2419, 2485, 2419, 2420, 2485, 2484, 2419, 2486, 2420, 2421, 2486, 2485, 2420, 2487, 2421, 2422, 2487, 2486, 2421, 2423, 2487, 2422, 2488, 2487, 2423, 2489, 2423, 2424, 2489, 2488, 2423, 2425, 2489, 2424, 2490, 2489, 2425, 2491, 2425, 2426, 2491, 2490, 2425, 2427, 2491, 2426, 2492, 2491, 2427, 2493, 2427, 2428, 2493, 2492, 2427, 2429, 2493, 2428, 2494, 2493, 2429, 2495, 2429, 2430, 2495, 2494, 2429, 2496, 2430, 2431, 2496, 2495, 2430, 2432, 2496, 2431, 2497, 2496, 2432, 2433, 2497, 2432, 2498, 2497, 2433, 2499, 2433, 2434, 2499, 2498, 2433, 2500, 2434, 2435, 2500, 2499, 2434, 2501, 2435, 2436, 2501, 2500, 2435, 2502, 2436, 2437, 2502, 2501, 2436, 2438, 2502, 2437, 2503, 2502, 2438, 2504, 2503, 2438, 2504, 2438, 2439, 2505, 2504, 2439, 2505, 2439, 2440, 2506, 2505, 2440, 2506, 2440, 2441, 2507, 2506, 2441, 2507, 2441, 2442, 2508, 2507, 2442, 2508, 2442, 2443, 2509, 2508, 2443, 2509, 2443, 2444, 2510, 2509, 2444, 2510, 2444, 2445, 2511, 2510, 2445, 2511, 2445, 2446, 2512, 2511, 2446, 2512, 2446, 2447, 2513, 2512, 2447, 2513, 2447, 2448, 2514, 2513, 2448, 2514, 2448, 2449, 2515, 2514, 2449, 2515, 2449, 2450, 2516, 2515, 2450, 2516, 2450, 2451, 2517, 2516, 2451, 2517, 2451, 2452, 2518, 2517, 2452, 2518, 2452, 2453, 2519, 2453, 2454, 2519, 2518, 2453, 2520, 2454, 2455, 2520, 2519, 2454, 2521, 2455, 2456, 2521, 2520, 2455, 2522, 2456, 2457, 2522, 2521, 2456, 2523, 2457, 2458, 2523, 2522, 2457, 2460, 2458, 2459, 2460, 2523, 2458, 2590, 2524, 2525, 2590, 2589, 2524, 2591, 2525, 2526, 2591, 2590, 2525, 2592, 2526, 2527, 2592, 2591, 2526, 2593, 2527, 2528, 2593, 2592, 2527, 2594, 2528, 2529, 2594, 2593, 2528, 2595, 2529, 2530, 2595, 2594, 2529, 2596, 2530, 2531, 2596, 2595, 2530, 2597, 2531, 2532, 2597, 2596, 2531, 2533, 2597, 2532, 2598, 2597, 2533, 2534, 2598, 2533, 2599, 2598, 2534, 2600, 2534, 2535, 2600, 2599, 2534, 2536, 2600, 2535, 2601, 2600, 2536, 2602, 2536, 2537, 2602, 2601, 2536, 2603, 2537, 2538, 2603, 2602, 2537, 2604, 2538, 2539, 2604, 2603, 2538, 2605, 2539, 2540, 2605, 2604, 2539, 2606, 2540, 2541, 2606, 2605, 2540, 2607, 2541, 2542, 2607, 2606, 2541, 2543, 2607, 2542, 2608, 2607, 2543, 2609, 2608, 2543, 2609, 2543, 2544, 2610, 2609, 2544, 2610, 2544, 2545, 2611, 2610, 2545, 2611, 2545, 2546, 2547, 2611, 2546, 2612, 2611, 2547, 2548, 2612, 2547, 2613, 2612, 2548, 2549, 2613, 2548, 2614, 2613, 2549, 2615, 2549, 2550, 2615, 2614, 2549, 2616, 2550, 2551, 2616, 2615, 2550, 2552, 2616, 2551, 2617, 2616, 2552, 2618, 2552, 2553, 2618, 2617, 2552, 2554, 2618, 2553, 2619, 2618, 2554, 2555, 2619, 2554, 2620, 2619, 2555, 2556, 2620, 2555, 2621, 2620, 2556, 2622, 2556, 2557, 2622, 2621, 2556, 2558, 2622, 2557, 2623, 2622, 2558, 2624, 2558, 2559, 2624, 2623, 2558, 2625, 2559, 2560, 2625, 2624, 2559, 2561, 2625, 2560, 2626, 2625, 2561, 2627, 2561, 2562, 2627, 2626, 2561, 2563, 2627, 2562, 2628, 2627, 2563, 2629, 2563, 2564, 2629, 2628, 2563, 2565, 2629, 2564, 2630, 2629, 2565, 2631, 2565, 2566, 2631, 2630, 2565, 2567, 2631, 2566, 2632, 2631, 2567, 2633, 2632, 2567, 2633, 2567, 2568, 2569, 2633, 2568, 2634, 2633, 2569, 2635, 2634, 2569, 2635, 2569, 2570, 2636, 2635, 2570, 2636, 2570, 2571, 2637, 2636, 2571, 2637, 2571, 2572, 2638, 2637, 2572, 2638, 2572, 2573, 2639, 2638, 2573, 2639, 2573, 2574, 2640, 2639, 2574, 2640, 2574, 2575, 2641, 2640, 2575, 2641, 2575, 2576, 2642, 2641, 2576, 2642, 2576, 2577, 2643, 2642, 2577, 2643, 2577, 2578, 2644, 2643, 2578, 2644, 2578, 2579, 2645, 2644, 2579, 2645, 2579, 2580, 2646, 2645, 2580, 2646, 2580, 2581, 2647, 2581, 2582, 2647, 2646, 2581, 2648, 2582, 2583, 2648, 2647, 2582, 2649, 2583, 2584, 2649, 2648, 2583, 2650, 2584, 2585, 2650, 2649, 2584, 2586, 2650, 2585, 2651, 2650, 2586, 2588, 2586, 2587, 2588, 2651, 2586, 2718, 2652, 2653, 2718, 2717, 2652, 2719, 2653, 2654, 2719, 2718, 2653, 2720, 2654, 2655, 2720, 2719, 2654, 2721, 2655, 2656, 2721, 2720, 2655, 2722, 2656, 2657, 2722, 2721, 2656, 2723, 2657, 2658, 2723, 2722, 2657, 2724, 2658, 2659, 2724, 2723, 2658, 2725, 2659, 2660, 2725, 2724, 2659, 2726, 2660, 2661, 2726, 2725, 2660, 2727, 2661, 2662, 2727, 2726, 2661, 2728, 2662, 2663, 2728, 2727, 2662, 2729, 2663, 2664, 2729, 2728, 2663, 2730, 2664, 2665, 2730, 2729, 2664, 2731, 2665, 2666, 2731, 2730, 2665, 2732, 2666, 2667, 2732, 2731, 2666, 2733, 2667, 2668, 2733, 2732, 2667, 2734, 2668, 2669, 2734, 2733, 2668, 2735, 2669, 2670, 2735, 2734, 2669, 2736, 2735, 2670, 2736, 2670, 2671, 2737, 2736, 2671, 2737, 2671, 2672, 2738, 2737, 2672, 2738, 2672, 2673, 2739, 2738, 2673, 2739, 2673, 2674, 2675, 2739, 2674, 2740, 2739, 2675, 2741, 2675, 2676, 2741, 2740, 2675, 2742, 2676, 2677, 2742, 2741, 2676, 2743, 2677, 2678, 2743, 2742, 2677, 2744, 2678, 2679, 2744, 2743, 2678, 2745, 2679, 2680, 2745, 2744, 2679, 2746, 2680, 2681, 2746, 2745, 2680, 2747, 2681, 2682, 2747, 2746, 2681, 2748, 2682, 2683, 2748, 2747, 2682, 2684, 2748, 2683, 2749, 2748, 2684, 2685, 2749, 2684, 2750, 2749, 2685, 2751, 2685, 2686, 2751, 2750, 2685, 2752, 2686, 2687, 2752, 2751, 2686, 2753, 2687, 2688, 2753, 2752, 2687, 2689, 2753, 2688, 2754, 2753, 2689, 2755, 2689, 2690, 2755, 2754, 2689, 2756, 2690, 2691, 2756, 2755, 2690, 2692, 2756, 2691, 2757, 2756, 2692, 2693, 2757, 2692, 2758, 2757, 2693, 2759, 2693, 2694, 2759, 2758, 2693, 2760, 2759, 2694, 2760, 2694, 2695, 2761, 2695, 2696, 2761, 2760, 2695, 2762, 2761, 2696, 2762, 2696, 2697, 2763, 2762, 2697, 2763, 2697, 2698, 2764, 2763, 2698, 2764, 2698, 2699, 2765, 2764, 2699, 2765, 2699, 2700, 2766, 2765, 2700, 2766, 2700, 2701, 2767, 2766, 2701, 2767, 2701, 2702, 2768, 2767, 2702, 2768, 2702, 2703, 2769, 2768, 2703, 2769, 2703, 2704, 2705, 2769, 2704, 2770, 2769, 2705, 2771, 2770, 2705, 2771, 2705, 2706, 2772, 2771, 2706, 2772, 2706, 2707, 2773, 2772, 2707, 2773, 2707, 2708, 2774, 2773, 2708, 2774, 2708, 2709, 2710, 2774, 2709, 2775, 2774, 2710, 2776, 2710, 2711, 2776, 2775, 2710, 2712, 2776, 2711, 2777, 2776, 2712, 2778, 2712, 2713, 2778, 2777, 2712, 2779, 2713, 2714, 2779, 2778, 2713, 2715, 2779, 2714, 2716, 2779, 2715, 2846, 2780, 2781, 2846, 2845, 2780, 2847, 2781, 2782, 2847, 2846, 2781, 2848, 2782, 2783, 2848, 2847, 2782, 2849, 2783, 2784, 2849, 2848, 2783, 2850, 2784, 2785, 2850, 2849, 2784, 2786, 2850, 2785, 2851, 2850, 2786, 2852, 2786, 2787, 2852, 2851, 2786, 2788, 2852, 2787, 2853, 2852, 2788, 2854, 2788, 2789, 2854, 2853, 2788, 2790, 2854, 2789, 2855, 2854, 2790, 2856, 2790, 2791, 2856, 2855, 2790, 2857, 2791, 2792, 2857, 2856, 2791, 2858, 2792, 2793, 2858, 2857, 2792, 2859, 2793, 2794, 2859, 2858, 2793, 2860, 2794, 2795, 2860, 2859, 2794, 2861, 2795, 2796, 2861, 2860, 2795, 2862, 2796, 2797, 2862, 2861, 2796, 2863, 2797, 2798, 2863, 2862, 2797, 2864, 2863, 2798, 2864, 2798, 2799, 2800, 2864, 2799, 2865, 2864, 2800, 2866, 2865, 2800, 2866, 2800, 2801, 2867, 2866, 2801, 2867, 2801, 2802, 2803, 2867, 2802, 2868, 2867, 2803, 2869, 2803, 2804, 2869, 2868, 2803, 2805, 2869, 2804, 2870, 2869, 2805, 2806, 2870, 2805, 2871, 2870, 2806, 2807, 2871, 2806, 2872, 2871, 2807, 2873, 2807, 2808, 2873, 2872, 2807, 2874, 2808, 2809, 2874, 2873, 2808, 2810, 2874, 2809, 2875, 2874, 2810, 2876, 2810, 2811, 2876, 2875, 2810, 2812, 2876, 2811, 2877, 2876, 2812, 2813, 2877, 2812, 2878, 2877, 2813, 2879, 2813, 2814, 2879, 2878, 2813, 2815, 2879, 2814, 2880, 2879, 2815, 2816, 2880, 2815, 2881, 2880, 2816, 2882, 2816, 2817, 2882, 2881, 2816, 2883, 2817, 2818, 2883, 2882, 2817, 2884, 2818, 2819, 2884, 2883, 2818, 2885, 2819, 2820, 2885, 2884, 2819, 2821, 2885, 2820, 2886, 2885, 2821, 2887, 2821, 2822, 2887, 2886, 2821, 2888, 2887, 2822, 2888, 2822, 2823, 2889, 2823, 2824, 2889, 2888, 2823, 2890, 2889, 2824, 2890, 2824, 2825, 2891, 2890, 2825, 2891, 2825, 2826, 2892, 2891, 2826, 2892, 2826, 2827, 2893, 2892, 2827, 2893, 2827, 2828, 2894, 2893, 2828, 2894, 2828, 2829, 2830, 2894, 2829, 2895, 2894, 2830, 2896, 2895, 2830, 2896, 2830, 2831, 2897, 2896, 2831, 2897, 2831, 2832, 2898, 2897, 2832, 2898, 2832, 2833, 2834, 2898, 2833, 2899, 2898, 2834, 2835, 2899, 2834, 2900, 2899, 2835, 2901, 2900, 2835, 2901, 2835, 2836, 2902, 2901, 2836, 2902, 2836, 2837, 2903, 2837, 2838, 2903, 2902, 2837, 2904, 2838, 2839, 2904, 2903, 2838, 2840, 2904, 2839, 2905, 2904, 2840, 2906, 2840, 2841, 2906, 2905, 2840, 2842, 2906, 2841, 2907, 2906, 2842, 2844, 2842, 2843, 2844, 2907, 2842, 2974, 2908, 2909, 2974, 2973, 2908, 2975, 2909, 2910, 2975, 2974, 2909, 2976, 2910, 2911, 2976, 2975, 2910, 2977, 2911, 2912, 2977, 2976, 2911, 2978, 2912, 2913, 2978, 2977, 2912, 2979, 2913, 2914, 2979, 2978, 2913, 2915, 2979, 2914, 2980, 2979, 2915, 2981, 2915, 2916, 2981, 2980, 2915, 2917, 2981, 2916, 2982, 2981, 2917, 2983, 2917, 2918, 2983, 2982, 2917, 2984, 2918, 2919, 2984, 2983, 2918, 2985, 2919, 2920, 2985, 2984, 2919, 2986, 2920, 2921, 2986, 2985, 2920, 2987, 2921, 2922, 2987, 2986, 2921, 2988, 2922, 2923, 2988, 2987, 2922, 2989, 2923, 2924, 2989, 2988, 2923, 2990, 2924, 2925, 2990, 2989, 2924, 2991, 2925, 2926, 2991, 2990, 2925, 2992, 2991, 2926, 2992, 2926, 2927, 2993, 2992, 2927, 2993, 2927, 2928, 2994, 2993, 2928, 2994, 2928, 2929, 2995, 2994, 2929, 2995, 2929, 2930, 2996, 2995, 2930, 2996, 2930, 2931, 2997, 2931, 2932, 2997, 2996, 2931, 2998, 2932, 2933, 2998, 2997, 2932, 2999, 2933, 2934, 2999, 2998, 2933, 3000, 2934, 2935, 3000, 2999, 2934, 2936, 3000, 2935, 3001, 3000, 2936, 2937, 3001, 2936, 3002, 3001, 2937, 3003, 2937, 2938, 3003, 3002, 2937, 3004, 2938, 2939, 3004, 3003, 2938, 2940, 3004, 2939, 3005, 3004, 2940, 2941, 3005, 2940, 3006, 3005, 2941, 3007, 2941, 2942, 3007, 3006, 2941, 2943, 3007, 2942, 3008, 3007, 2943, 2944, 3008, 2943, 3009, 3008, 2944, 3010, 2944, 2945, 3010, 3009, 2944, 3011, 2945, 2946, 3011, 3010, 2945, 2947, 3011, 2946, 3012, 3011, 2947, 3013, 2947, 2948, 3013, 3012, 2947, 3014, 2948, 2949, 3014, 3013, 2948, 2950, 3014, 2949, 3015, 3014, 2950, 3016, 3015, 2950, 3016, 2950, 2951, 3017, 3016, 2951, 3017, 2951, 2952, 3018, 3017, 2952, 3018, 2952, 2953, 3019, 3018, 2953, 3019, 2953, 2954, 3020, 3019, 2954, 3020, 2954, 2955, 3021, 3020, 2955, 3021, 2955, 2956, 3022, 3021, 2956, 3022, 2956, 2957, 3023, 3022, 2957, 3023, 2957, 2958, 3024, 3023, 2958, 3024, 2958, 2959, 3025, 3024, 2959, 3025, 2959, 2960, 3026, 3025, 2960, 3026, 2960, 2961, 3027, 3026, 2961, 3027, 2961, 2962, 3028, 3027, 2962, 3028, 2962, 2963, 3029, 3028, 2963, 3029, 2963, 2964, 3030, 3029, 2964, 3030, 2964, 2965, 3031, 2965, 2966, 3031, 3030, 2965, 3032, 2966, 2967, 3032, 3031, 2966, 3033, 2967, 2968, 3033, 3032, 2967, 3034, 2968, 2969, 3034, 3033, 2968, 3035, 2969, 2970, 3035, 3034, 2969, 2972, 2970, 2971, 2972, 3035, 2970, 3102, 3036, 3037, 3102, 3101, 3036, 3103, 3037, 3038, 3103, 3102, 3037, 3104, 3038, 3039, 3104, 3103, 3038, 3105, 3039, 3040, 3105, 3104, 3039, 3106, 3040, 3041, 3106, 3105, 3040, 3107, 3041, 3042, 3107, 3106, 3041, 3108, 3042, 3043, 3108, 3107, 3042, 3109, 3043, 3044, 3109, 3108, 3043, 3110, 3044, 3045, 3110, 3109, 3044, 3111, 3045, 3046, 3111, 3110, 3045, 3112, 3046, 3047, 3112, 3111, 3046, 3113, 3047, 3048, 3113, 3112, 3047, 3114, 3048, 3049, 3114, 3113, 3048, 3115, 3049, 3050, 3115, 3114, 3049, 3116, 3050, 3051, 3116, 3115, 3050, 3117, 3051, 3052, 3117, 3116, 3051, 3118, 3052, 3053, 3118, 3117, 3052, 3119, 3053, 3054, 3119, 3118, 3053, 3120, 3119, 3054, 3120, 3054, 3055, 3121, 3120, 3055, 3121, 3055, 3056, 3122, 3121, 3056, 3122, 3056, 3057, 3123, 3122, 3057, 3123, 3057, 3058, 3124, 3123, 3058, 3124, 3058, 3059, 3125, 3059, 3060, 3125, 3124, 3059, 3126, 3060, 3061, 3126, 3125, 3060, 3127, 3061, 3062, 3127, 3126, 3061, 3063, 3127, 3062, 3128, 3127, 3063, 3129, 3063, 3064, 3129, 3128, 3063, 3130, 3064, 3065, 3130, 3129, 3064, 3066, 3130, 3065, 3131, 3130, 3066, 3067, 3131, 3066, 3132, 3131, 3067, 3068, 3132, 3067, 3133, 3132, 3068, 3134, 3068, 3069, 3134, 3133, 3068, 3070, 3134, 3069, 3135, 3134, 3070, 3136, 3070, 3071, 3136, 3135, 3070, 3137, 3071, 3072, 3137, 3136, 3071, 3073, 3137, 3072, 3138, 3137, 3073, 3139, 3073, 3074, 3139, 3138, 3073, 3075, 3139, 3074, 3140, 3139, 3075, 3141, 3075, 3076, 3141, 3140, 3075, 3142, 3076, 3077, 3142, 3141, 3076, 3143, 3077, 3078, 3143, 3142, 3077, 3144, 3143, 3078, 3144, 3078, 3079, 3145, 3079, 3080, 3145, 3144, 3079, 3146, 3145, 3080, 3146, 3080, 3081, 3147, 3146, 3081, 3147, 3081, 3082, 3148, 3147, 3082, 3148, 3082, 3083, 3149, 3148, 3083, 3149, 3083, 3084, 3150, 3149, 3084, 3150, 3084, 3085, 3151, 3150, 3085, 3151, 3085, 3086, 3152, 3151, 3086, 3152, 3086, 3087, 3153, 3152, 3087, 3153, 3087, 3088, 3154, 3153, 3088, 3154, 3088, 3089, 3155, 3154, 3089, 3155, 3089, 3090, 3156, 3155, 3090, 3156, 3090, 3091, 3157, 3156, 3091, 3157, 3091, 3092, 3158, 3157, 3092, 3158, 3092, 3093, 3159, 3093, 3094, 3159, 3158, 3093, 3160, 3094, 3095, 3160, 3159, 3094, 3161, 3095, 3096, 3161, 3160, 3095, 3162, 3096, 3097, 3162, 3161, 3096, 3163, 3097, 3098, 3163, 3162, 3097, 3100, 3098, 3099, 3100, 3163, 3098, 3230, 3164, 3165, 3230, 3229, 3164, 3231, 3165, 3166, 3231, 3230, 3165, 3232, 3166, 3167, 3232, 3231, 3166, 3233, 3167, 3168, 3233, 3232, 3167, 3234, 3168, 3169, 3234, 3233, 3168, 3235, 3169, 3170, 3235, 3234, 3169, 3236, 3170, 3171, 3236, 3235, 3170, 3237, 3171, 3172, 3237, 3236, 3171, 3173, 3237, 3172, 3238, 3237, 3173, 3239, 3173, 3174, 3239, 3238, 3173, 3240, 3174, 3175, 3240, 3239, 3174, 3241, 3175, 3176, 3241, 3240, 3175, 3242, 3176, 3177, 3242, 3241, 3176, 3243, 3177, 3178, 3243, 3242, 3177, 3244, 3178, 3179, 3244, 3243, 3178, 3245, 3179, 3180, 3245, 3244, 3179, 3246, 3180, 3181, 3246, 3245, 3180, 3247, 3181, 3182, 3247, 3246, 3181, 3248, 3247, 3182, 3248, 3182, 3183, 3249, 3248, 3183, 3249, 3183, 3184, 3250, 3249, 3184, 3250, 3184, 3185, 3251, 3250, 3185, 3251, 3185, 3186, 3252, 3251, 3186, 3252, 3186, 3187, 3253, 3187, 3188, 3253, 3252, 3187, 3254, 3188, 3189, 3254, 3253, 3188, 3255, 3189, 3190, 3255, 3254, 3189, 3256, 3190, 3191, 3256, 3255, 3190, 3257, 3191, 3192, 3257, 3256, 3191, 3258, 3192, 3193, 3258, 3257, 3192, 3259, 3193, 3194, 3259, 3258, 3193, 3260, 3194, 3195, 3260, 3259, 3194, 3196, 3260, 3195, 3261, 3260, 3196, 3197, 3261, 3196, 3262, 3261, 3197, 3263, 3197, 3198, 3263, 3262, 3197, 3199, 3263, 3198, 3264, 3263, 3199, 3265, 3199, 3200, 3265, 3264, 3199, 3266, 3200, 3201, 3266, 3265, 3200, 3267, 3201, 3202, 3267, 3266, 3201, 3203, 3267, 3202, 3268, 3267, 3203, 3269, 3203, 3204, 3269, 3268, 3203, 3205, 3269, 3204, 3270, 3269, 3205, 3206, 3270, 3205, 3271, 3270, 3206, 3272, 3271, 3206, 3272, 3206, 3207, 3273, 3272, 3207, 3273, 3207, 3208, 3274, 3273, 3208, 3274, 3208, 3209, 3275, 3274, 3209, 3275, 3209, 3210, 3276, 3275, 3210, 3276, 3210, 3211, 3277, 3276, 3211, 3277, 3211, 3212, 3278, 3277, 3212, 3278, 3212, 3213, 3279, 3278, 3213, 3279, 3213, 3214, 3280, 3279, 3214, 3280, 3214, 3215, 3281, 3280, 3215, 3281, 3215, 3216, 3282, 3281, 3216, 3282, 3216, 3217, 3283, 3282, 3217, 3283, 3217, 3218, 3284, 3283, 3218, 3284, 3218, 3219, 3285, 3284, 3219, 3285, 3219, 3220, 3221, 3285, 3220, 3286, 3285, 3221, 3287, 3221, 3222, 3287, 3286, 3221, 3288, 3222, 3223, 3288, 3287, 3222, 3289, 3223, 3224, 3289, 3288, 3223, 3290, 3224, 3225, 3290, 3289, 3224, 3291, 3225, 3226, 3291, 3290, 3225, 3228, 3226, 3227, 3228, 3291, 3226, 3358, 3292, 3293, 3358, 3357, 3292, 3359, 3293, 3294, 3359, 3358, 3293, 3360, 3294, 3295, 3360, 3359, 3294, 3296, 3360, 3295, 3361, 3360, 3296, 3362, 3296, 3297, 3362, 3361, 3296, 3363, 3297, 3298, 3363, 3362, 3297, 3364, 3298, 3299, 3364, 3363, 3298, 3365, 3299, 3300, 3365, 3364, 3299, 3366, 3300, 3301, 3366, 3365, 3300, 3367, 3301, 3302, 3367, 3366, 3301, 3368, 3302, 3303, 3368, 3367, 3302, 3369, 3303, 3304, 3369, 3368, 3303, 3370, 3304, 3305, 3370, 3369, 3304, 3371, 3305, 3306, 3371, 3370, 3305, 3372, 3306, 3307, 3372, 3371, 3306, 3373, 3307, 3308, 3373, 3372, 3307, 3374, 3308, 3309, 3374, 3373, 3308, 3375, 3309, 3310, 3375, 3374, 3309, 3376, 3375, 3310, 3376, 3310, 3311, 3377, 3376, 3311, 3377, 3311, 3312, 3378, 3377, 3312, 3378, 3312, 3313, 3379, 3378, 3313, 3379, 3313, 3314, 3380, 3379, 3314, 3380, 3314, 3315, 3316, 3380, 3315, 3381, 3380, 3316, 3382, 3316, 3317, 3382, 3381, 3316, 3383, 3317, 3318, 3383, 3382, 3317, 3384, 3318, 3319, 3384, 3383, 3318, 3385, 3319, 3320, 3385, 3384, 3319, 3386, 3320, 3321, 3386, 3385, 3320, 3322, 3386, 3321, 3387, 3386, 3322, 3388, 3322, 3323, 3388, 3387, 3322, 3389, 3323, 3324, 3389, 3388, 3323, 3390, 3324, 3325, 3390, 3389, 3324, 3326, 3390, 3325, 3391, 3390, 3326, 3392, 3326, 3327, 3392, 3391, 3326, 3393, 3327, 3328, 3393, 3392, 3327, 3329, 3393, 3328, 3394, 3393, 3329, 3395, 3329, 3330, 3395, 3394, 3329, 3331, 3395, 3330, 3396, 3395, 3331, 3397, 3331, 3332, 3397, 3396, 3331, 3333, 3397, 3332, 3398, 3397, 3333, 3399, 3333, 3334, 3399, 3398, 3333, 3400, 3399, 3334, 3400, 3334, 3335, 3336, 3400, 3335, 3401, 3400, 3336, 3402, 3401, 3336, 3402, 3336, 3337, 3403, 3402, 3337, 3403, 3337, 3338, 3404, 3403, 3338, 3404, 3338, 3339, 3405, 3404, 3339, 3405, 3339, 3340, 3406, 3405, 3340, 3406, 3340, 3341, 3407, 3406, 3341, 3407, 3341, 3342, 3408, 3407, 3342, 3408, 3342, 3343, 3409, 3408, 3343, 3409, 3343, 3344, 3410, 3409, 3344, 3410, 3344, 3345, 3411, 3410, 3345, 3411, 3345, 3346, 3412, 3411, 3346, 3412, 3346, 3347, 3348, 3412, 3347, 3413, 3412, 3348, 3414, 3348, 3349, 3414, 3413, 3348, 3415, 3349, 3350, 3415, 3414, 3349, 3416, 3350, 3351, 3416, 3415, 3350, 3417, 3351, 3352, 3417, 3416, 3351, 3418, 3352, 3353, 3418, 3417, 3352, 3419, 3353, 3354, 3419, 3418, 3353, 3356, 3354, 3355, 3356, 3419, 3354, 3486, 3420, 3421, 3486, 3485, 3420, 3487, 3421, 3422, 3487, 3486, 3421, 3488, 3422, 3423, 3488, 3487, 3422, 3489, 3423, 3424, 3489, 3488, 3423, 3490, 3424, 3425, 3490, 3489, 3424, 3491, 3425, 3426, 3491, 3490, 3425, 3492, 3426, 3427, 3492, 3491, 3426, 3493, 3427, 3428, 3493, 3492, 3427, 3494, 3428, 3429, 3494, 3493, 3428, 3430, 3494, 3429, 3495, 3494, 3430, 3496, 3430, 3431, 3496, 3495, 3430, 3497, 3431, 3432, 3497, 3496, 3431, 3498, 3432, 3433, 3498, 3497, 3432, 3499, 3433, 3434, 3499, 3498, 3433, 3500, 3434, 3435, 3500, 3499, 3434, 3501, 3435, 3436, 3501, 3500, 3435, 3502, 3436, 3437, 3502, 3501, 3436, 3503, 3437, 3438, 3503, 3502, 3437, 3504, 3503, 3438, 3504, 3438, 3439, 3505, 3504, 3439, 3505, 3439, 3440, 3506, 3505, 3440, 3506, 3440, 3441, 3507, 3506, 3441, 3507, 3441, 3442, 3508, 3507, 3442, 3508, 3442, 3443, 3509, 3443, 3444, 3509, 3508, 3443, 3510, 3444, 3445, 3510, 3509, 3444, 3511, 3445, 3446, 3511, 3510, 3445, 3512, 3446, 3447, 3512, 3511, 3446, 3513, 3447, 3448, 3513, 3512, 3447, 3514, 3448, 3449, 3514, 3513, 3448, 3450, 3514, 3449, 3515, 3514, 3450, 3516, 3450, 3451, 3516, 3515, 3450, 3517, 3451, 3452, 3517, 3516, 3451, 3453, 3517, 3452, 3518, 3517, 3453, 3519, 3453, 3454, 3519, 3518, 3453, 3520, 3454, 3455, 3520, 3519, 3454, 3521, 3455, 3456, 3521, 3520, 3455, 3522, 3456, 3457, 3522, 3521, 3456, 3523, 3457, 3458, 3523, 3522, 3457, 3459, 3523, 3458, 3524, 3523, 3459, 3525, 3459, 3460, 3525, 3524, 3459, 3526, 3460, 3461, 3526, 3525, 3460, 3527, 3461, 3462, 3527, 3526, 3461, 3528, 3527, 3462, 3528, 3462, 3463, 3529, 3463, 3464, 3529, 3528, 3463, 3530, 3529, 3464, 3530, 3464, 3465, 3531, 3530, 3465, 3531, 3465, 3466, 3467, 3531, 3466, 3532, 3531, 3467, 3533, 3532, 3467, 3533, 3467, 3468, 3534, 3533, 3468, 3534, 3468, 3469, 3535, 3534, 3469, 3535, 3469, 3470, 3536, 3535, 3470, 3536, 3470, 3471, 3537, 3536, 3471, 3537, 3471, 3472, 3538, 3537, 3472, 3538, 3472, 3473, 3539, 3538, 3473, 3539, 3473, 3474, 3540, 3539, 3474, 3540, 3474, 3475, 3541, 3540, 3475, 3541, 3475, 3476, 3542, 3541, 3476, 3542, 3476, 3477, 3478, 3542, 3477, 3543, 3542, 3478, 3544, 3478, 3479, 3544, 3543, 3478, 3545, 3479, 3480, 3545, 3544, 3479, 3481, 3545, 3480, 3546, 3545, 3481, 3547, 3481, 3482, 3547, 3546, 3481, 3484, 3482, 3483, 3484, 3547, 3482, 3667, 3603, 3666, 3667, 3604, 3603, 3667, 3605, 3604, 3665, 3666, 3603, 3665, 3603, 3602, 3668, 3605, 3667, 3664, 3602, 3601, 3664, 3665, 3602, 3669, 3605, 3668, 3669, 3606, 3605, 3663, 3600, 3599, 3663, 3601, 3600, 3663, 3664, 3601, 3670, 3607, 3606, 3670, 3606, 3669, 3662, 3599, 3598, 3662, 3663, 3599, 3671, 3607, 3670, 3671, 3608, 3607, 3661, 3598, 3597, 3661, 3662, 3598, 3672, 3609, 3608, 3672, 3608, 3671, 3660, 3661, 3597, 3660, 3597, 3596, 3673, 3610, 3609, 3673, 3548, 3610, 3673, 3609, 3672, 3659, 3660, 3596, 3611, 3548, 3673, 3658, 3596, 3595, 3658, 3659, 3596, 3612, 3549, 3548, 3612, 3548, 3611, 3657, 3595, 3594, 3657, 3658, 3595, 3593, 3657, 3594, 3613, 3550, 3549, 3613, 3549, 3612, 3656, 3657, 3593, 3614, 3551, 3550, 3614, 3550, 3613, 3655, 3656, 3593, 3655, 3593, 3592, 3552, 3551, 3614, 3591, 3655, 3592, 3615, 3552, 3614, 3654, 3655, 3591, 3553, 3552, 3615, 3616, 3553, 3615, 3653, 3654, 3591, 3653, 3591, 3590, 3617, 3553, 3616, 3617, 3554, 3553, 3589, 3653, 3590, 3652, 3653, 3589, 3618, 3555, 3554, 3618, 3554, 3617, 3651, 3652, 3589, 3651, 3589, 3588, 3556, 3555, 3618, 3556, 3618, 3619, 3650, 3651, 3588, 3587, 3650, 3588, 3557, 3556, 3619, 3557, 3619, 3620, 3586, 3649, 3650, 3586, 3650, 3587, 3621, 3557, 3620, 3558, 3557, 3621, 3585, 3648, 3649, 3585, 3649, 3586, 3559, 3621, 3622, 3559, 3558, 3621, 3584, 3648, 3585, 3584, 3647, 3648, 3623, 3559, 3622, 3560, 3559, 3623, 3583, 3647, 3584, 3583, 3646, 3647, 3561, 3623, 3624, 3561, 3560, 3623, 3582, 3646, 3583, 3582, 3645, 3646, 3644, 3645, 3582, 3562, 3624, 3625, 3562, 3561, 3624, 3626, 3562, 3625, 3581, 3644, 3582, 3643, 3644, 3581, 3563, 3562, 3626, 3580, 3643, 3581, 3564, 3563, 3626, 3564, 3626, 3627, 3579, 3643, 3580, 3579, 3642, 3643, 3565, 3564, 3627, 3565, 3627, 3628, 3578, 3642, 3579, 3578, 3640, 3641, 3578, 3641, 3642, 3566, 3565, 3628, 3566, 3628, 3629, 3566, 3629, 3630, 3577, 3640, 3578, 3577, 3639, 3640, 3567, 3566, 3630, 3576, 3639, 3577, 3568, 3567, 3630, 3568, 3630, 3631, 3568, 3631, 3632, 3575, 3639, 3576, 3575, 3638, 3639, 3569, 3568, 3632, 3574, 3638, 3575, 3574, 3637, 3638, 3570, 3569, 3632, 3570, 3632, 3633, 3573, 3637, 3574, 3573, 3635, 3636, 3573, 3636, 3637, 3571, 3570, 3633, 3571, 3633, 3634, 3571, 3634, 3635, 3572, 3635, 3573, 3572, 3571, 3635, 3740, 3675, 3674, 3740, 3674, 3676, 3741, 3676, 3677, 3741, 3740, 3676, 3742, 3677, 3678, 3742, 3678, 3679, 3742, 3741, 3677, 3743, 3742, 3679, 3744, 3679, 3680, 3744, 3743, 3679, 3745, 3680, 3681, 3745, 3681, 3682, 3745, 3744, 3680, 3746, 3682, 3683, 3746, 3745, 3682, 3747, 3746, 3683, 3748, 3683, 3684, 3748, 3747, 3683, 3749, 3684, 3685, 3749, 3748, 3684, 3750, 3685, 3686, 3750, 3749, 3685, 3841, 3686, 3687, 3841, 3687, 3840, 3839, 3840, 3687, 3838, 3839, 3687, 3837, 3838, 3687, 3836, 3687, 3688, 3836, 3837, 3687, 3835, 3836, 3688, 3834, 3835, 3688, 3833, 3834, 3688, 3832, 3833, 3688, 3842, 3750, 3686, 3842, 3686, 3841, 3831, 3832, 3688, 3830, 3831, 3688, 3751, 3842, 3843, 3751, 3843, 3844, 3751, 3844, 3845, 3751, 3845, 3846, 3751, 3750, 3842, 3829, 3688, 3689, 3829, 3830, 3688, 3828, 3829, 3689, 3827, 3828, 3689, 3826, 3827, 3689, 3825, 3826, 3689, 3752, 3846, 3847, 3752, 3847, 3848, 3752, 3848, 3849, 3752, 3849, 3850, 3752, 3850, 3851, 3752, 3751, 3846, 3824, 3689, 3690, 3824, 3825, 3689, 3823, 3824, 3690, 3822, 3823, 3690, 3753, 3851, 3852, 3753, 3852, 3853, 3753, 3853, 3854, 3753, 3854, 3855, 3753, 3855, 3856, 3753, 3752, 3851, 3821, 3690, 3691, 3821, 3822, 3690, 3820, 3821, 3691, 3819, 3820, 3691, 3818, 3819, 3691, 3692, 3818, 3691, 3754, 3753, 3856, 3754, 3856, 3857, 3754, 3857, 3858, 3754, 3858, 3859, 3817, 3818, 3692, 3816, 3817, 3692, 3815, 3816, 3692, 3814, 3692, 3693, 3814, 3815, 3692, 3755, 3754, 3859, 3755, 3859, 3860, 3755, 3860, 3861, 3755, 3861, 3862, 3863, 3755, 3862, 3813, 3814, 3693, 3812, 3813, 3693, 3811, 3812, 3693, 3810, 3811, 3693, 3756, 3755, 3863, 3756, 3863, 3864, 3756, 3864, 3865, 3756, 3865, 3866, 3756, 3866, 3867, 3809, 3693, 3694, 3809, 3810, 3693, 3808, 3809, 3694, 3807, 3808, 3694, 3806, 3807, 3694, 3805, 3806, 3694, 3804, 3805, 3694, 3803, 3804, 3694, 3695, 3802, 3803, 3695, 3803, 3694, 3757, 3867, 3868, 3757, 3868, 3869, 3757, 3869, 3870, 3757, 3870, 3871, 3757, 3756, 3867, 3757, 3871, 3872, 3757, 3872, 3873, 3885, 3802, 3695, 3758, 3875, 3876, 3758, 3876, 3877, 3758, 3877, 3878, 3758, 3878, 3879, 3758, 3879, 3880, 3758, 3880, 3881, 3758, 3881, 3882, 3758, 3882, 3883, 3758, 3883, 3884, 3758, 3757, 3873, 3758, 3873, 3874, 3758, 3874, 3875, 3759, 3884, 3885, 3759, 3758, 3884, 3759, 3885, 3695, 3760, 3695, 3696, 3760, 3696, 3697, 3760, 3759, 3695, 3761, 3697, 3698, 3761, 3760, 3697, 3762, 3698, 3699, 3762, 3761, 3698, 3763, 3762, 3699, 3764, 3699, 3700, 3764, 3763, 3699, 3765, 3700, 3701, 3765, 3701, 3702, 3765, 3764, 3700, 3766, 3765, 3702, 3767, 3702, 3703, 3767, 3766, 3702, 3768, 3703, 3704, 3768, 3767, 3703, 3769, 3768, 3704, 3769, 3704, 3705, 3770, 3769, 3705, 3770, 3705, 3706, 3770, 3706, 3707, 3771, 3770, 3707, 3772, 3771, 3707, 3772, 3707, 3708, 3773, 3772, 3708, 3773, 3708, 3709, 3774, 3773, 3709, 3774, 3709, 3710, 3775, 3774, 3710, 3775, 3710, 3711, 3776, 3775, 3711, 3776, 3711, 3712, 3777, 3776, 3712, 3777, 3712, 3713, 3778, 3777, 3713, 3778, 3713, 3714, 3778, 3714, 3715, 3779, 3778, 3715, 3780, 3715, 3716, 3780, 3779, 3715, 3781, 3716, 3717, 3781, 3780, 3716, 3782, 3717, 3718, 3782, 3781, 3717, 3783, 3718, 3719, 3783, 3782, 3718, 3784, 3719, 3720, 3784, 3720, 3721, 3784, 3783, 3719, 3785, 3721, 3722, 3785, 3784, 3721, 3786, 3785, 3722, 3787, 3722, 3723, 3787, 3786, 3722, 3788, 3723, 3724, 3788, 3787, 3723, 3789, 3724, 3725, 3789, 3788, 3724, 3790, 3725, 3726, 3790, 3789, 3725, 3791, 3726, 3727, 3791, 3790, 3726, 3792, 3727, 3728, 3792, 3791, 3727, 3793, 3728, 3729, 3793, 3792, 3728, 3794, 3729, 3730, 3794, 3793, 3729, 3795, 3794, 3730, 3795, 3730, 3731, 3796, 3795, 3731, 3796, 3731, 3732, 3797, 3796, 3732, 3797, 3732, 3733, 3798, 3797, 3733, 3798, 3733, 3734, 3799, 3798, 3734, 3799, 3734, 3735, 3800, 3799, 3735, 3800, 3735, 3736, 3801, 3800, 3736, 3801, 3736, 3737, 3739, 3801, 3737, 3739, 3737, 3738, 3989, 3988, 3925, 3989, 3925, 3926, 3987, 3925, 3988, 3987, 3924, 3925, 3990, 3926, 3927, 3990, 3989, 3926, 3986, 3922, 3923, 3986, 3923, 3924, 3986, 3924, 3987, 3991, 3990, 3927, 3991, 3927, 3928, 3985, 3921, 3922, 3985, 3922, 3986, 3992, 3991, 3928, 3992, 3928, 3929, 3984, 3921, 3985, 3993, 3929, 3930, 3993, 3992, 3929, 3983, 3920, 3921, 3983, 3921, 3984, 3994, 3930, 3931, 3994, 3993, 3930, 3982, 3919, 3920, 3982, 3920, 3983, 3995, 3931, 3932, 3995, 3932, 3933, 3995, 3994, 3931, 3981, 3917, 3918, 3981, 3918, 3919, 3981, 3919, 3982, 3996, 3933, 3934, 3996, 3995, 3933, 3980, 3917, 3981, 3997, 3996, 3934, 3979, 3916, 3917, 3979, 3917, 3980, 3915, 3916, 3979, 3998, 3934, 3935, 3998, 3997, 3934, 3978, 3915, 3979, 3999, 3998, 3935, 3999, 3935, 3936, 3937, 3999, 3936, 3977, 3915, 3978, 3977, 3914, 3915, 4000, 3999, 3937, 3938, 4000, 3937, 3976, 3914, 3977, 3976, 3913, 3914, 4001, 4000, 3938, 3975, 3912, 3913, 3975, 3913, 3976, 4002, 4001, 3938, 4002, 3938, 3939, 3974, 3912, 3975, 3974, 3911, 3912, 3940, 4002, 3939, 4003, 4002, 3940, 3973, 3910, 3911, 3973, 3911, 3974, 4004, 4003, 3940, 4004, 3940, 3941, 3909, 3910, 3973, 3909, 3973, 3972, 3942, 4005, 4004, 3942, 4004, 3941, 3971, 3909, 3972, 3908, 3909, 3971, 4006, 4005, 3942, 3943, 4006, 3942, 4007, 4006, 3943, 3907, 3908, 3971, 3907, 3971, 3970, 3944, 4007, 3943, 3906, 3907, 3970, 3906, 3970, 3969, 3945, 4008, 4007, 3945, 4007, 3944, 3968, 3906, 3969, 3905, 3906, 3968, 3946, 4009, 4008, 3946, 4008, 3945, 3967, 3905, 3968, 4010, 4009, 3946, 3904, 3905, 3967, 3947, 4010, 3946, 4011, 4010, 3947, 3903, 3904, 3967, 3903, 3966, 3965, 3903, 3967, 3966, 3948, 4011, 3947, 3902, 3903, 3965, 3902, 3965, 3964, 3886, 4011, 3948, 3886, 3949, 4011, 3886, 3950, 3949, 3901, 3902, 3964, 3901, 3964, 3963, 3887, 3950, 3886, 3900, 3901, 3963, 3888, 3950, 3887, 3888, 3951, 3950, 3899, 3900, 3963, 3899, 3963, 3962, 3889, 3951, 3888, 3889, 3952, 3951, 3889, 3953, 3952, 3898, 3899, 3962, 3898, 3962, 3961, 3890, 3953, 3889, 3897, 3898, 3961, 3897, 3961, 3960, 3891, 3953, 3890, 3891, 3954, 3953, 3896, 3897, 3960, 3896, 3960, 3959, 3892, 3954, 3891, 3892, 3955, 3954, 3895, 3896, 3959, 3895, 3959, 3958, 3893, 3956, 3955, 3893, 3955, 3892, 3894, 3957, 3956, 3894, 3958, 3957, 3894, 3956, 3893, 3894, 3895, 3958, 4012, 4046, 4045, 4013, 4047, 4046, 4013, 4046, 4012, 4014, 4048, 4047, 4014, 4047, 4013, 4015, 4049, 4048, 4015, 4048, 4014, 4016, 4050, 4049, 4016, 4049, 4015, 4017, 4051, 4050, 4017, 4050, 4016, 4018, 4051, 4017, 4018, 4052, 4051, 4019, 4052, 4018, 4019, 4053, 4052, 4020, 4053, 4019, 4020, 4054, 4053, 4021, 4054, 4020, 4021, 4055, 4054, 4021, 4056, 4055, 4022, 4056, 4021, 4022, 4057, 4056, 4023, 4057, 4022, 4023, 4058, 4057, 4024, 4058, 4023, 4024, 4059, 4058, 4025, 4059, 4024, 4025, 4060, 4059, 4026, 4060, 4025, 4026, 4061, 4060, 4027, 4061, 4026, 4027, 4062, 4061, 4027, 4063, 4062, 4028, 4063, 4027, 4028, 4064, 4063, 4029, 4064, 4028, 4029, 4065, 4064, 4030, 4066, 4065, 4030, 4065, 4029, 4031, 4067, 4066, 4031, 4066, 4030, 4032, 4067, 4031, 4032, 4068, 4067, 4033, 4069, 4068, 4033, 4068, 4032, 4034, 4070, 4069, 4034, 4071, 4070, 4034, 4069, 4033, 4035, 4072, 4071, 4035, 4071, 4034, 4036, 4073, 4072, 4036, 4072, 4035, 4037, 4074, 4073, 4037, 4075, 4074, 4037, 4073, 4036, 4038, 4075, 4037, 4038, 4076, 4075, 4039, 4077, 4076, 4039, 4078, 4077, 4039, 4076, 4038, 4040, 4079, 4078, 4040, 4078, 4039, 4041, 4080, 4079, 4041, 4079, 4040, 4042, 4080, 4041, 4042, 4081, 4080, 4042, 4082, 4081, 4043, 4082, 4042, 4043, 4083, 4082, 4044, 4083, 4043, 4044, 4084, 4083, 4086, 4087, 4085, 4086, 4088, 4087, 4089, 4123, 4122, 4090, 4124, 4123, 4090, 4123, 4089, 4091, 4125, 4124, 4091, 4124, 4090, 4092, 4126, 4125, 4092, 4125, 4091, 4093, 4127, 4126, 4093, 4126, 4092, 4094, 4127, 4093, 4094, 4128, 4127, 4095, 4128, 4094, 4095, 4129, 4128, 4096, 4129, 4095, 4096, 4130, 4129, 4097, 4130, 4096, 4097, 4131, 4130, 4098, 4131, 4097, 4098, 4132, 4131, 4098, 4133, 4132, 4099, 4133, 4098, 4099, 4134, 4133, 4100, 4134, 4099, 4100, 4135, 4134, 4101, 4135, 4100, 4101, 4136, 4135, 4102, 4136, 4101, 4102, 4137, 4136, 4103, 4137, 4102, 4103, 4138, 4137, 4104, 4138, 4103, 4104, 4139, 4138, 4104, 4140, 4139, 4105, 4141, 4140, 4105, 4140, 4104, 4106, 4142, 4141, 4106, 4141, 4105, 4107, 4142, 4106, 4107, 4143, 4142, 4108, 4144, 4143, 4108, 4143, 4107, 4109, 4145, 4144, 4109, 4144, 4108, 4110, 4146, 4145, 4110, 4147, 4146, 4110, 4145, 4109, 4111, 4148, 4147, 4111, 4149, 4148, 4111, 4147, 4110, 4112, 4150, 4149, 4112, 4149, 4111, 4113, 4151, 4150, 4113, 4152, 4151, 4113, 4150, 4112, 4114, 4153, 4152, 4114, 4152, 4113, 4115, 4154, 4153, 4115, 4155, 4154, 4115, 4153, 4114, 4116, 4156, 4155, 4116, 4157, 4156, 4116, 4155, 4115, 4117, 4157, 4116, 4117, 4158, 4157, 4118, 4158, 4117, 4118, 4159, 4158, 4118, 4160, 4159, 4119, 4160, 4118, 4119, 4161, 4160, 4119, 4162, 4161, 4120, 4162, 4119, 4120, 4163, 4162, 4120, 4164, 4163, 4121, 4164, 4120, 4121, 4165, 4164, 4167, 4168, 4166, 4167, 4169, 4168, 4236, 4170, 4171, 4236, 4235, 4170, 4237, 4171, 4172, 4237, 4236, 4171, 4238, 4172, 4173, 4238, 4237, 4172, 4239, 4173, 4174, 4239, 4238, 4173, 4240, 4174, 4175, 4240, 4239, 4174, 4241, 4175, 4176, 4241, 4240, 4175, 4242, 4176, 4177, 4242, 4241, 4176, 4243, 4177, 4178, 4243, 4242, 4177, 4244, 4178, 4179, 4244, 4243, 4178, 4180, 4244, 4179, 4245, 4244, 4180, 4246, 4180, 4181, 4246, 4245, 4180, 4247, 4181, 4182, 4247, 4246, 4181, 4248, 4182, 4183, 4248, 4247, 4182, 4249, 4183, 4184, 4249, 4248, 4183, 4250, 4184, 4185, 4250, 4249, 4184, 4251, 4185, 4186, 4251, 4250, 4185, 4252, 4186, 4187, 4252, 4251, 4186, 4253, 4187, 4188, 4253, 4252, 4187, 4254, 4253, 4188, 4254, 4188, 4189, 4255, 4254, 4189, 4255, 4189, 4190, 4256, 4255, 4190, 4256, 4190, 4191, 4257, 4256, 4191, 4257, 4191, 4192, 4258, 4257, 4192, 4258, 4192, 4193, 4259, 4193, 4194, 4259, 4258, 4193, 4260, 4194, 4195, 4260, 4259, 4194, 4261, 4195, 4196, 4261, 4260, 4195, 4262, 4196, 4197, 4262, 4261, 4196, 4263, 4197, 4198, 4263, 4262, 4197, 4264, 4198, 4199, 4264, 4263, 4198, 4200, 4264, 4199, 4265, 4264, 4200, 4201, 4265, 4200, 4266, 4265, 4201, 4267, 4201, 4202, 4267, 4266, 4201, 4203, 4267, 4202, 4268, 4267, 4203, 4269, 4203, 4204, 4269, 4268, 4203, 4270, 4204, 4205, 4270, 4269, 4204, 4271, 4205, 4206, 4271, 4270, 4205, 4272, 4206, 4207, 4272, 4271, 4206, 4273, 4207, 4208, 4273, 4272, 4207, 4209, 4273, 4208, 4274, 4273, 4209, 4275, 4209, 4210, 4275, 4274, 4209, 4276, 4210, 4211, 4276, 4275, 4210, 4277, 4211, 4212, 4277, 4276, 4211, 4278, 4277, 4212, 4278, 4212, 4213, 4279, 4213, 4214, 4279, 4278, 4213, 4280, 4279, 4214, 4280, 4214, 4215, 4281, 4280, 4215, 4281, 4215, 4216, 4282, 4281, 4216, 4282, 4216, 4217, 4283, 4282, 4217, 4283, 4217, 4218, 4284, 4283, 4218, 4284, 4218, 4219, 4285, 4284, 4219, 4285, 4219, 4220, 4286, 4285, 4220, 4286, 4220, 4221, 4287, 4286, 4221, 4287, 4221, 4222, 4288, 4287, 4222, 4288, 4222, 4223, 4289, 4288, 4223, 4289, 4223, 4224, 4290, 4289, 4224, 4290, 4224, 4225, 4291, 4290, 4225, 4291, 4225, 4226, 4292, 4291, 4226, 4292, 4226, 4227, 4228, 4292, 4227, 4293, 4292, 4228, 4294, 4228, 4229, 4294, 4293, 4228, 4230, 4294, 4229, 4295, 4294, 4230, 4296, 4230, 4231, 4296, 4295, 4230, 4297, 4231, 4232, 4297, 4296, 4231, 4234, 4232, 4233, 4234, 4297, 4232, 4324, 4323, 4322, 4320, 4322, 4321, 4326, 4325, 4324, 4319, 4324, 4322, 4319, 4322, 4320, 4328, 4327, 4326, 4317, 4319, 4318, 4330, 4329, 4328, 4331, 4326, 4324, 4331, 4324, 4319, 4331, 4328, 4326, 4331, 4330, 4328, 4314, 4316, 4315, 4314, 4317, 4316, 4314, 4319, 4317, 4312, 4314, 4313, 4311, 4314, 4312, 4307, 4309, 4308, 4307, 4310, 4309, 4307, 4311, 4310, 4306, 4314, 4311, 4306, 4311, 4307, 4306, 4319, 4314, 4303, 4305, 4304, 4303, 4306, 4305, 4301, 4303, 4302, 4299, 4331, 4319, 4299, 4301, 4300, 4299, 4303, 4301, 4299, 4306, 4303, 4299, 4319, 4306, 4334, 4333, 4332, 4335, 4334, 4332, 4337, 4336, 4335, 4337, 4335, 4332, 4338, 4337, 4332, 4339, 4338, 4332, 4340, 4339, 4332, 4342, 4341, 4340, 4342, 4340, 4332, 4344, 4343, 4342, 4348, 4345, 4344, 4348, 4346, 4345, 4348, 4347, 4346, 4298, 4331, 4299, 4298, 4332, 4331, 4349, 4348, 4344, 4362, 4298, 4363, 4351, 4350, 4349, 4360, 4362, 4361, 4359, 4332, 4298, 4359, 4342, 4332, 4359, 4298, 4362, 4359, 4362, 4360, 4353, 4352, 4351, 4354, 4351, 4349, 4354, 4349, 4344, 4354, 4353, 4351, 4357, 4359, 4358, 4356, 4355, 4354, 4356, 4344, 4342, 4356, 4342, 4359, 4356, 4354, 4344, 4356, 4359, 4357, 4430, 4364, 4365, 4430, 4429, 4364, 4431, 4365, 4366, 4431, 4430, 4365, 4432, 4366, 4367, 4432, 4431, 4366, 4433, 4367, 4368, 4433, 4432, 4367, 4434, 4368, 4369, 4434, 4433, 4368, 4435, 4369, 4370, 4435, 4434, 4369, 4436, 4370, 4371, 4436, 4435, 4370, 4437, 4371, 4372, 4437, 4436, 4371, 4438, 4372, 4373, 4438, 4437, 4372, 4439, 4373, 4374, 4439, 4438, 4373, 4440, 4374, 4375, 4440, 4439, 4374, 4441, 4375, 4376, 4441, 4440, 4375, 4442, 4376, 4377, 4442, 4441, 4376, 4443, 4377, 4378, 4443, 4442, 4377, 4444, 4378, 4379, 4444, 4443, 4378, 4445, 4379, 4380, 4445, 4444, 4379, 4446, 4380, 4381, 4446, 4445, 4380, 4447, 4381, 4382, 4447, 4446, 4381, 4448, 4447, 4382, 4448, 4382, 4383, 4449, 4448, 4383, 4449, 4383, 4384, 4450, 4449, 4384, 4450, 4384, 4385, 4451, 4450, 4385, 4451, 4385, 4386, 4452, 4451, 4386, 4452, 4386, 4387, 4388, 4452, 4387, 4453, 4452, 4388, 4454, 4388, 4389, 4454, 4453, 4388, 4455, 4389, 4390, 4455, 4454, 4389, 4456, 4390, 4391, 4456, 4455, 4390, 4457, 4391, 4392, 4457, 4456, 4391, 4458, 4392, 4393, 4458, 4457, 4392, 4394, 4458, 4393, 4459, 4458, 4394, 4460, 4394, 4395, 4460, 4459, 4394, 4396, 4460, 4395, 4461, 4460, 4396, 4462, 4396, 4397, 4462, 4461, 4396, 4398, 4462, 4397, 4463, 4462, 4398, 4399, 4463, 4398, 4464, 4463, 4399, 4465, 4399, 4400, 4465, 4464, 4399, 4401, 4465, 4400, 4466, 4465, 4401, 4402, 4466, 4401, 4467, 4466, 4402, 4403, 4467, 4402, 4468, 4467, 4403, 4469, 4403, 4404, 4469, 4468, 4403, 4470, 4404, 4405, 4470, 4469, 4404, 4406, 4470, 4405, 4471, 4470, 4406, 4472, 4471, 4406, 4472, 4406, 4407, 4408, 4472, 4407, 4473, 4472, 4408, 4474, 4473, 4408, 4474, 4408, 4409, 4475, 4474, 4409, 4475, 4409, 4410, 4476, 4475, 4410, 4476, 4410, 4411, 4477, 4476, 4411, 4477, 4411, 4412, 4478, 4477, 4412, 4478, 4412, 4413, 4479, 4478, 4413, 4479, 4413, 4414, 4480, 4479, 4414, 4480, 4414, 4415, 4481, 4480, 4415, 4481, 4415, 4416, 4482, 4481, 4416, 4482, 4416, 4417, 4483, 4482, 4417, 4483, 4417, 4418, 4484, 4483, 4418, 4484, 4418, 4419, 4420, 4484, 4419, 4485, 4484, 4420, 4486, 4420, 4421, 4486, 4485, 4420, 4487, 4421, 4422, 4487, 4486, 4421, 4488, 4422, 4423, 4488, 4487, 4422, 4489, 4423, 4424, 4489, 4488, 4423, 4425, 4489, 4424, 4490, 4489, 4425, 4491, 4425, 4426, 4491, 4490, 4425, 4428, 4426, 4427, 4428, 4491, 4426, 4558, 4492, 4493, 4558, 4557, 4492, 4559, 4493, 4494, 4559, 4558, 4493, 4560, 4494, 4495, 4560, 4559, 4494, 4561, 4495, 4496, 4561, 4560, 4495, 4562, 4496, 4497, 4562, 4561, 4496, 4498, 4562, 4497, 4563, 4562, 4498, 4564, 4498, 4499, 4564, 4563, 4498, 4565, 4499, 4500, 4565, 4564, 4499, 4566, 4500, 4501, 4566, 4565, 4500, 4502, 4566, 4501, 4567, 4566, 4502, 4568, 4502, 4503, 4568, 4567, 4502, 4569, 4503, 4504, 4569, 4568, 4503, 4570, 4504, 4505, 4570, 4569, 4504, 4506, 4570, 4505, 4571, 4570, 4506, 4572, 4506, 4507, 4572, 4571, 4506, 4573, 4507, 4508, 4573, 4572, 4507, 4509, 4573, 4508, 4574, 4573, 4509, 4575, 4509, 4510, 4575, 4574, 4509, 4576, 4575, 4510, 4576, 4510, 4511, 4577, 4576, 4511, 4577, 4511, 4512, 4513, 4577, 4512, 4578, 4577, 4513, 4579, 4578, 4513, 4579, 4513, 4514, 4515, 4579, 4514, 4580, 4579, 4515, 4581, 4515, 4516, 4581, 4580, 4515, 4582, 4516, 4517, 4582, 4581, 4516, 4518, 4582, 4517, 4583, 4582, 4518, 4519, 4583, 4518, 4584, 4583, 4519, 4520, 4584, 4519, 4585, 4584, 4520, 4586, 4520, 4521, 4586, 4585, 4520, 4522, 4586, 4521, 4587, 4586, 4522, 4588, 4522, 4523, 4588, 4587, 4522, 4589, 4523, 4524, 4589, 4588, 4523, 4525, 4589, 4524, 4590, 4589, 4525, 4591, 4525, 4526, 4591, 4590, 4525, 4527, 4591, 4526, 4592, 4591, 4527, 4593, 4527, 4528, 4593, 4592, 4527, 4529, 4593, 4528, 4594, 4593, 4529, 4530, 4594, 4529, 4595, 4594, 4530, 4596, 4530, 4531, 4596, 4595, 4530, 4597, 4531, 4532, 4597, 4596, 4531, 4598, 4532, 4533, 4598, 4597, 4532, 4534, 4598, 4533, 4599, 4598, 4534, 4600, 4599, 4534, 4600, 4534, 4535, 4601, 4600, 4535, 4601, 4535, 4536, 4602, 4601, 4536, 4602, 4536, 4537, 4603, 4602, 4537, 4603, 4537, 4538, 4604, 4603, 4538, 4604, 4538, 4539, 4605, 4604, 4539, 4605, 4539, 4540, 4606, 4605, 4540, 4606, 4540, 4541, 4607, 4606, 4541, 4607, 4541, 4542, 4608, 4607, 4542, 4608, 4542, 4543, 4609, 4608, 4543, 4609, 4543, 4544, 4610, 4609, 4544, 4610, 4544, 4545, 4611, 4610, 4545, 4611, 4545, 4546, 4612, 4611, 4546, 4612, 4546, 4547, 4613, 4612, 4547, 4613, 4547, 4548, 4614, 4613, 4548, 4614, 4548, 4549, 4615, 4549, 4550, 4615, 4614, 4549, 4616, 4550, 4551, 4616, 4615, 4550, 4617, 4551, 4552, 4617, 4616, 4551, 4618, 4552, 4553, 4618, 4617, 4552, 4619, 4553, 4554, 4619, 4618, 4553, 4556, 4554, 4555, 4556, 4619, 4554, 4686, 4620, 4621, 4686, 4685, 4620, 4687, 4621, 4622, 4687, 4686, 4621, 4688, 4622, 4623, 4688, 4687, 4622, 4689, 4623, 4624, 4689, 4688, 4623, 4690, 4624, 4625, 4690, 4689, 4624, 4691, 4625, 4626, 4691, 4690, 4625, 4692, 4626, 4627, 4692, 4691, 4626, 4628, 4692, 4627, 4693, 4692, 4628, 4694, 4628, 4629, 4694, 4693, 4628, 4695, 4629, 4630, 4695, 4694, 4629, 4631, 4695, 4630, 4696, 4695, 4631, 4697, 4631, 4632, 4697, 4696, 4631, 4698, 4632, 4633, 4698, 4697, 4632, 4699, 4633, 4634, 4699, 4698, 4633, 4700, 4634, 4635, 4700, 4699, 4634, 4701, 4635, 4636, 4701, 4700, 4635, 4702, 4636, 4637, 4702, 4701, 4636, 4703, 4637, 4638, 4703, 4702, 4637, 4704, 4703, 4638, 4704, 4638, 4639, 4705, 4704, 4639, 4705, 4639, 4640, 4706, 4705, 4640, 4706, 4640, 4641, 4707, 4706, 4641, 4707, 4641, 4642, 4708, 4707, 4642, 4708, 4642, 4643, 4709, 4643, 4644, 4709, 4708, 4643, 4710, 4644, 4645, 4710, 4709, 4644, 4711, 4645, 4646, 4711, 4710, 4645, 4647, 4711, 4646, 4712, 4711, 4647, 4713, 4647, 4648, 4713, 4712, 4647, 4649, 4713, 4648, 4714, 4713, 4649, 4650, 4714, 4649, 4715, 4714, 4650, 4716, 4650, 4651, 4716, 4715, 4650, 4652, 4716, 4651, 4717, 4716, 4652, 4718, 4652, 4653, 4718, 4717, 4652, 4654, 4718, 4653, 4719, 4718, 4654, 4720, 4654, 4655, 4720, 4719, 4654, 4721, 4655, 4656, 4721, 4720, 4655, 4722, 4656, 4657, 4722, 4721, 4656, 4658, 4722, 4657, 4723, 4722, 4658, 4659, 4723, 4658, 4724, 4723, 4659, 4725, 4659, 4660, 4725, 4724, 4659, 4726, 4660, 4661, 4726, 4725, 4660, 4727, 4661, 4662, 4727, 4726, 4661, 4728, 4727, 4662, 4728, 4662, 4663, 4729, 4663, 4664, 4729, 4728, 4663, 4730, 4729, 4664, 4730, 4664, 4665, 4731, 4730, 4665, 4731, 4665, 4666, 4732, 4731, 4666, 4732, 4666, 4667, 4733, 4732, 4667, 4733, 4667, 4668, 4734, 4733, 4668, 4734, 4668, 4669, 4735, 4734, 4669, 4735, 4669, 4670, 4736, 4735, 4670, 4736, 4670, 4671, 4737, 4736, 4671, 4737, 4671, 4672, 4738, 4737, 4672, 4738, 4672, 4673, 4739, 4738, 4673, 4739, 4673, 4674, 4740, 4739, 4674, 4740, 4674, 4675, 4741, 4740, 4675, 4741, 4675, 4676, 4742, 4741, 4676, 4742, 4676, 4677, 4743, 4677, 4678, 4743, 4742, 4677, 4744, 4678, 4679, 4744, 4743, 4678, 4745, 4679, 4680, 4745, 4744, 4679, 4746, 4680, 4681, 4746, 4745, 4680, 4747, 4681, 4682, 4747, 4746, 4681, 4684, 4682, 4683, 4684, 4747, 4682, 4814, 4748, 4749, 4814, 4813, 4748, 4815, 4749, 4750, 4815, 4814, 4749, 4816, 4750, 4751, 4816, 4815, 4750, 4817, 4751, 4752, 4817, 4816, 4751, 4818, 4752, 4753, 4818, 4817, 4752, 4819, 4753, 4754, 4819, 4818, 4753, 4820, 4754, 4755, 4820, 4819, 4754, 4821, 4755, 4756, 4821, 4820, 4755, 4822, 4756, 4757, 4822, 4821, 4756, 4823, 4757, 4758, 4823, 4822, 4757, 4824, 4758, 4759, 4824, 4823, 4758, 4825, 4759, 4760, 4825, 4824, 4759, 4826, 4760, 4761, 4826, 4825, 4760, 4827, 4761, 4762, 4827, 4826, 4761, 4828, 4762, 4763, 4828, 4827, 4762, 4829, 4763, 4764, 4829, 4828, 4763, 4830, 4764, 4765, 4830, 4829, 4764, 4831, 4765, 4766, 4831, 4830, 4765, 4832, 4831, 4766, 4832, 4766, 4767, 4833, 4832, 4767, 4833, 4767, 4768, 4834, 4833, 4768, 4834, 4768, 4769, 4835, 4834, 4769, 4835, 4769, 4770, 4771, 4835, 4770, 4836, 4835, 4771, 4837, 4771, 4772, 4837, 4836, 4771, 4838, 4772, 4773, 4838, 4837, 4772, 4774, 4838, 4773, 4839, 4838, 4774, 4775, 4839, 4774, 4840, 4839, 4775, 4841, 4775, 4776, 4841, 4840, 4775, 4842, 4776, 4777, 4842, 4841, 4776, 4843, 4777, 4778, 4843, 4842, 4777, 4844, 4778, 4779, 4844, 4843, 4778, 4780, 4844, 4779, 4845, 4844, 4780, 4846, 4780, 4781, 4846, 4845, 4780, 4782, 4846, 4781, 4847, 4846, 4782, 4848, 4782, 4783, 4848, 4847, 4782, 4849, 4783, 4784, 4849, 4848, 4783, 4850, 4784, 4785, 4850, 4849, 4784, 4786, 4850, 4785, 4851, 4850, 4786, 4852, 4786, 4787, 4852, 4851, 4786, 4788, 4852, 4787, 4853, 4852, 4788, 4854, 4788, 4789, 4854, 4853, 4788, 4855, 4789, 4790, 4855, 4854, 4789, 4856, 4855, 4790, 4856, 4790, 4791, 4857, 4791, 4792, 4857, 4856, 4791, 4858, 4857, 4792, 4858, 4792, 4793, 4859, 4858, 4793, 4859, 4793, 4794, 4860, 4859, 4794, 4860, 4794, 4795, 4861, 4860, 4795, 4861, 4795, 4796, 4862, 4861, 4796, 4862, 4796, 4797, 4863, 4862, 4797, 4863, 4797, 4798, 4864, 4863, 4798, 4864, 4798, 4799, 4865, 4864, 4799, 4865, 4799, 4800, 4866, 4865, 4800, 4866, 4800, 4801, 4867, 4866, 4801, 4867, 4801, 4802, 4868, 4867, 4802, 4868, 4802, 4803, 4869, 4868, 4803, 4869, 4803, 4804, 4870, 4869, 4804, 4870, 4804, 4805, 4871, 4805, 4806, 4871, 4870, 4805, 4872, 4806, 4807, 4872, 4871, 4806, 4873, 4807, 4808, 4873, 4872, 4807, 4874, 4808, 4809, 4874, 4873, 4808, 4875, 4809, 4810, 4875, 4874, 4809, 4812, 4810, 4811, 4812, 4875, 4810, 4942, 4876, 4877, 4942, 4941, 4876, 4943, 4877, 4878, 4943, 4942, 4877, 4944, 4878, 4879, 4944, 4943, 4878, 4945, 4879, 4880, 4945, 4944, 4879, 4946, 4880, 4881, 4946, 4945, 4880, 4882, 4946, 4881, 4947, 4946, 4882, 4948, 4882, 4883, 4948, 4947, 4882, 4884, 4948, 4883, 4949, 4948, 4884, 4885, 4949, 4884, 4950, 4949, 4885, 4951, 4885, 4886, 4951, 4950, 4885, 4887, 4951, 4886, 4952, 4951, 4887, 4953, 4887, 4888, 4953, 4952, 4887, 4954, 4888, 4889, 4954, 4953, 4888, 4955, 4889, 4890, 4955, 4954, 4889, 4956, 4890, 4891, 4956, 4955, 4890, 4957, 4891, 4892, 4957, 4956, 4891, 4958, 4892, 4893, 4958, 4957, 4892, 4959, 4893, 4894, 4959, 4958, 4893, 4960, 4959, 4894, 4960, 4894, 4895, 4896, 4960, 4895, 4961, 4960, 4896, 4962, 4961, 4896, 4962, 4896, 4897, 4963, 4962, 4897, 4963, 4897, 4898, 4899, 4963, 4898, 4964, 4963, 4899, 4965, 4899, 4900, 4965, 4964, 4899, 4966, 4900, 4901, 4966, 4965, 4900, 4902, 4966, 4901, 4967, 4966, 4902, 4968, 4902, 4903, 4968, 4967, 4902, 4969, 4903, 4904, 4969, 4968, 4903, 4970, 4904, 4905, 4970, 4969, 4904, 4971, 4905, 4906, 4971, 4970, 4905, 4907, 4971, 4906, 4972, 4971, 4907, 4973, 4907, 4908, 4973, 4972, 4907, 4909, 4973, 4908, 4974, 4973, 4909, 4975, 4909, 4910, 4975, 4974, 4909, 4911, 4975, 4910, 4976, 4975, 4911, 4977, 4911, 4912, 4977, 4976, 4911, 4978, 4912, 4913, 4978, 4977, 4912, 4979, 4913, 4914, 4979, 4978, 4913, 4980, 4914, 4915, 4980, 4979, 4914, 4916, 4980, 4915, 4981, 4980, 4916, 4982, 4916, 4917, 4982, 4981, 4916, 4918, 4982, 4917, 4983, 4982, 4918, 4984, 4983, 4918, 4984, 4918, 4919, 4985, 4984, 4919, 4985, 4919, 4920, 4986, 4985, 4920, 4986, 4920, 4921, 4987, 4986, 4921, 4987, 4921, 4922, 4988, 4987, 4922, 4988, 4922, 4923, 4989, 4988, 4923, 4989, 4923, 4924, 4990, 4989, 4924, 4990, 4924, 4925, 4991, 4990, 4925, 4991, 4925, 4926, 4927, 4991, 4926, 4992, 4991, 4927, 4993, 4992, 4927, 4993, 4927, 4928, 4929, 4993, 4928, 4994, 4993, 4929, 4930, 4994, 4929, 4995, 4994, 4930, 4931, 4995, 4930, 4996, 4995, 4931, 4997, 4996, 4931, 4997, 4931, 4932, 4933, 4997, 4932, 4998, 4997, 4933, 4934, 4998, 4933, 4999, 4998, 4934, 5000, 4934, 4935, 5000, 4999, 4934, 4936, 5000, 4935, 5001, 5000, 4936, 5002, 4936, 4937, 5002, 5001, 4936, 4938, 5002, 4937, 5003, 5002, 4938, 4940, 4938, 4939, 4940, 5003, 4938, 5070, 5004, 5005, 5070, 5069, 5004, 5071, 5005, 5006, 5071, 5070, 5005, 5072, 5006, 5007, 5072, 5071, 5006, 5073, 5007, 5008, 5073, 5072, 5007, 5074, 5008, 5009, 5074, 5073, 5008, 5010, 5074, 5009, 5075, 5074, 5010, 5011, 5075, 5010, 5076, 5075, 5011, 5077, 5011, 5012, 5077, 5076, 5011, 5013, 5077, 5012, 5078, 5077, 5013, 5079, 5013, 5014, 5079, 5078, 5013, 5080, 5014, 5015, 5080, 5079, 5014, 5081, 5015, 5016, 5081, 5080, 5015, 5082, 5016, 5017, 5082, 5081, 5016, 5083, 5017, 5018, 5083, 5082, 5017, 5084, 5018, 5019, 5084, 5083, 5018, 5085, 5019, 5020, 5085, 5084, 5019, 5086, 5020, 5021, 5086, 5085, 5020, 5087, 5021, 5022, 5087, 5086, 5021, 5088, 5087, 5022, 5088, 5022, 5023, 5024, 5088, 5023, 5089, 5088, 5024, 5090, 5089, 5024, 5090, 5024, 5025, 5091, 5090, 5025, 5091, 5025, 5026, 5027, 5091, 5026, 5092, 5091, 5027, 5093, 5027, 5028, 5093, 5092, 5027, 5094, 5028, 5029, 5094, 5093, 5028, 5095, 5029, 5030, 5095, 5094, 5029, 5096, 5030, 5031, 5096, 5095, 5030, 5097, 5031, 5032, 5097, 5096, 5031, 5098, 5032, 5033, 5098, 5097, 5032, 5099, 5033, 5034, 5099, 5098, 5033, 5100, 5034, 5035, 5100, 5099, 5034, 5036, 5100, 5035, 5101, 5100, 5036, 5037, 5101, 5036, 5102, 5101, 5037, 5038, 5102, 5037, 5103, 5102, 5038, 5104, 5038, 5039, 5104, 5103, 5038, 5105, 5039, 5040, 5105, 5104, 5039, 5041, 5105, 5040, 5106, 5105, 5041, 5107, 5041, 5042, 5107, 5106, 5041, 5108, 5042, 5043, 5108, 5107, 5042, 5044, 5108, 5043, 5109, 5108, 5044, 5110, 5044, 5045, 5110, 5109, 5044, 5046, 5110, 5045, 5111, 5110, 5046, 5112, 5111, 5046, 5112, 5046, 5047, 5113, 5112, 5047, 5113, 5047, 5048, 5114, 5113, 5048, 5114, 5048, 5049, 5115, 5114, 5049, 5115, 5049, 5050, 5116, 5115, 5050, 5116, 5050, 5051, 5117, 5116, 5051, 5117, 5051, 5052, 5118, 5117, 5052, 5118, 5052, 5053, 5119, 5118, 5053, 5119, 5053, 5054, 5120, 5119, 5054, 5120, 5054, 5055, 5121, 5120, 5055, 5121, 5055, 5056, 5122, 5121, 5056, 5122, 5056, 5057, 5123, 5122, 5057, 5123, 5057, 5058, 5124, 5123, 5058, 5124, 5058, 5059, 5125, 5124, 5059, 5125, 5059, 5060, 5126, 5125, 5060, 5126, 5060, 5061, 5062, 5126, 5061, 5127, 5126, 5062, 5128, 5062, 5063, 5128, 5127, 5062, 5129, 5063, 5064, 5129, 5128, 5063, 5130, 5064, 5065, 5130, 5129, 5064, 5131, 5065, 5066, 5131, 5130, 5065, 5068, 5066, 5067, 5068, 5131, 5066, 5198, 5132, 5133, 5198, 5197, 5132, 5199, 5133, 5134, 5199, 5198, 5133, 5200, 5134, 5135, 5200, 5199, 5134, 5136, 5200, 5135, 5201, 5200, 5136, 5202, 5136, 5137, 5202, 5201, 5136, 5203, 5137, 5138, 5203, 5202, 5137, 5204, 5138, 5139, 5204, 5203, 5138, 5140, 5204, 5139, 5205, 5204, 5140, 5206, 5140, 5141, 5206, 5205, 5140, 5207, 5141, 5142, 5207, 5206, 5141, 5208, 5142, 5143, 5208, 5207, 5142, 5144, 5208, 5143, 5209, 5208, 5144, 5210, 5144, 5145, 5210, 5209, 5144, 5211, 5145, 5146, 5211, 5210, 5145, 5212, 5146, 5147, 5212, 5211, 5146, 5213, 5147, 5148, 5213, 5212, 5147, 5149, 5213, 5148, 5214, 5213, 5149, 5215, 5149, 5150, 5215, 5214, 5149, 5151, 5215, 5150, 5216, 5215, 5151, 5217, 5216, 5151, 5217, 5151, 5152, 5153, 5217, 5152, 5218, 5217, 5153, 5219, 5218, 5153, 5219, 5153, 5154, 5155, 5219, 5154, 5220, 5219, 5155, 5221, 5155, 5156, 5221, 5220, 5155, 5157, 5221, 5156, 5222, 5221, 5157, 5223, 5157, 5158, 5223, 5222, 5157, 5224, 5158, 5159, 5224, 5223, 5158, 5160, 5224, 5159, 5225, 5224, 5160, 5226, 5160, 5161, 5226, 5225, 5160, 5227, 5161, 5162, 5227, 5226, 5161, 5228, 5162, 5163, 5228, 5227, 5162, 5164, 5228, 5163, 5229, 5228, 5164, 5165, 5229, 5164, 5230, 5229, 5165, 5166, 5230, 5165, 5231, 5230, 5166, 5232, 5166, 5167, 5232, 5231, 5166, 5168, 5232, 5167, 5233, 5232, 5168, 5234, 5168, 5169, 5234, 5233, 5168, 5235, 5169, 5170, 5235, 5234, 5169, 5171, 5235, 5170, 5236, 5235, 5171, 5237, 5171, 5172, 5237, 5236, 5171, 5173, 5237, 5172, 5238, 5237, 5173, 5239, 5173, 5174, 5239, 5238, 5173, 5175, 5239, 5174, 5240, 5239, 5175, 5241, 5240, 5175, 5241, 5175, 5176, 5177, 5241, 5176, 5242, 5241, 5177, 5243, 5242, 5177, 5243, 5177, 5178, 5244, 5243, 5178, 5244, 5178, 5179, 5245, 5244, 5179, 5245, 5179, 5180, 5246, 5245, 5180, 5246, 5180, 5181, 5247, 5246, 5181, 5247, 5181, 5182, 5248, 5247, 5182, 5248, 5182, 5183, 5249, 5248, 5183, 5249, 5183, 5184, 5250, 5249, 5184, 5250, 5184, 5185, 5251, 5250, 5185, 5251, 5185, 5186, 5252, 5251, 5186, 5252, 5186, 5187, 5253, 5252, 5187, 5253, 5187, 5188, 5254, 5253, 5188, 5254, 5188, 5189, 5255, 5189, 5190, 5255, 5254, 5189, 5256, 5190, 5191, 5256, 5255, 5190, 5257, 5191, 5192, 5257, 5256, 5191, 5258, 5192, 5193, 5258, 5257, 5192, 5259, 5193, 5194, 5259, 5258, 5193, 5196, 5194, 5195, 5196, 5259, 5194, 5326, 5260, 5261, 5326, 5325, 5260, 5327, 5261, 5262, 5327, 5326, 5261, 5328, 5262, 5263, 5328, 5327, 5262, 5329, 5263, 5264, 5329, 5328, 5263, 5330, 5264, 5265, 5330, 5329, 5264, 5331, 5265, 5266, 5331, 5330, 5265, 5332, 5266, 5267, 5332, 5331, 5266, 5333, 5267, 5268, 5333, 5332, 5267, 5334, 5268, 5269, 5334, 5333, 5268, 5335, 5269, 5270, 5335, 5334, 5269, 5336, 5270, 5271, 5336, 5335, 5270, 5337, 5271, 5272, 5337, 5336, 5271, 5338, 5272, 5273, 5338, 5337, 5272, 5339, 5273, 5274, 5339, 5338, 5273, 5340, 5274, 5275, 5340, 5339, 5274, 5341, 5275, 5276, 5341, 5340, 5275, 5342, 5276, 5277, 5342, 5341, 5276, 5278, 5342, 5277, 5343, 5342, 5278, 5344, 5343, 5278, 5344, 5278, 5279, 5345, 5344, 5279, 5345, 5279, 5280, 5346, 5345, 5280, 5346, 5280, 5281, 5347, 5346, 5281, 5347, 5281, 5282, 5283, 5347, 5282, 5348, 5347, 5283, 5349, 5283, 5284, 5349, 5348, 5283, 5350, 5284, 5285, 5350, 5349, 5284, 5286, 5350, 5285, 5351, 5350, 5286, 5352, 5286, 5287, 5352, 5351, 5286, 5288, 5352, 5287, 5353, 5352, 5288, 5354, 5288, 5289, 5354, 5353, 5288, 5355, 5289, 5290, 5355, 5354, 5289, 5291, 5355, 5290, 5356, 5355, 5291, 5292, 5356, 5291, 5357, 5356, 5292, 5358, 5292, 5293, 5358, 5357, 5292, 5359, 5293, 5294, 5359, 5358, 5293, 5295, 5359, 5294, 5360, 5359, 5295, 5361, 5295, 5296, 5361, 5360, 5295, 5297, 5361, 5296, 5362, 5361, 5297, 5298, 5362, 5297, 5363, 5362, 5298, 5364, 5298, 5299, 5364, 5363, 5298, 5365, 5299, 5300, 5365, 5364, 5299, 5366, 5300, 5301, 5366, 5365, 5300, 5367, 5301, 5302, 5367, 5366, 5301, 5303, 5367, 5302, 5368, 5367, 5303, 5369, 5368, 5303, 5369, 5303, 5304, 5370, 5369, 5304, 5370, 5304, 5305, 5371, 5370, 5305, 5371, 5305, 5306, 5372, 5371, 5306, 5372, 5306, 5307, 5373, 5372, 5307, 5373, 5307, 5308, 5374, 5373, 5308, 5374, 5308, 5309, 5375, 5374, 5309, 5375, 5309, 5310, 5376, 5375, 5310, 5376, 5310, 5311, 5377, 5376, 5311, 5377, 5311, 5312, 5378, 5377, 5312, 5378, 5312, 5313, 5379, 5378, 5313, 5379, 5313, 5314, 5380, 5379, 5314, 5380, 5314, 5315, 5381, 5380, 5315, 5381, 5315, 5316, 5382, 5381, 5316, 5382, 5316, 5317, 5383, 5317, 5318, 5383, 5382, 5317, 5384, 5318, 5319, 5384, 5383, 5318, 5385, 5319, 5320, 5385, 5384, 5319, 5386, 5320, 5321, 5386, 5385, 5320, 5387, 5321, 5322, 5387, 5386, 5321, 5324, 5322, 5323, 5324, 5387, 5322, 5454, 5388, 5389, 5454, 5453, 5388, 5455, 5389, 5390, 5455, 5454, 5389, 5456, 5390, 5391, 5456, 5455, 5390, 5457, 5391, 5392, 5457, 5456, 5391, 5458, 5392, 5393, 5458, 5457, 5392, 5394, 5458, 5393, 5459, 5458, 5394, 5460, 5394, 5395, 5460, 5459, 5394, 5461, 5395, 5396, 5461, 5460, 5395, 5462, 5396, 5397, 5462, 5461, 5396, 5398, 5462, 5397, 5463, 5462, 5398, 5464, 5398, 5399, 5464, 5463, 5398, 5465, 5399, 5400, 5465, 5464, 5399, 5466, 5400, 5401, 5466, 5465, 5400, 5467, 5401, 5402, 5467, 5466, 5401, 5468, 5402, 5403, 5468, 5467, 5402, 5469, 5403, 5404, 5469, 5468, 5403, 5470, 5404, 5405, 5470, 5469, 5404, 5471, 5405, 5406, 5471, 5470, 5405, 5472, 5471, 5406, 5472, 5406, 5407, 5473, 5472, 5407, 5473, 5407, 5408, 5474, 5473, 5408, 5474, 5408, 5409, 5475, 5474, 5409, 5475, 5409, 5410, 5476, 5475, 5410, 5476, 5410, 5411, 5477, 5411, 5412, 5477, 5476, 5411, 5478, 5412, 5413, 5478, 5477, 5412, 5479, 5413, 5414, 5479, 5478, 5413, 5480, 5414, 5415, 5480, 5479, 5414, 5481, 5415, 5416, 5481, 5480, 5415, 5482, 5416, 5417, 5482, 5481, 5416, 5483, 5417, 5418, 5483, 5482, 5417, 5484, 5418, 5419, 5484, 5483, 5418, 5485, 5419, 5420, 5485, 5484, 5419, 5421, 5485, 5420, 5486, 5485, 5421, 5487, 5421, 5422, 5487, 5486, 5421, 5423, 5487, 5422, 5488, 5487, 5423, 5424, 5488, 5423, 5489, 5488, 5424, 5490, 5424, 5425, 5490, 5489, 5424, 5491, 5425, 5426, 5491, 5490, 5425, 5427, 5491, 5426, 5492, 5491, 5427, 5493, 5427, 5428, 5493, 5492, 5427, 5494, 5428, 5429, 5494, 5493, 5428, 5495, 5429, 5430, 5495, 5494, 5429, 5496, 5495, 5430, 5496, 5430, 5431, 5497, 5431, 5432, 5497, 5496, 5431, 5498, 5497, 5432, 5498, 5432, 5433, 5499, 5498, 5433, 5499, 5433, 5434, 5500, 5499, 5434, 5500, 5434, 5435, 5501, 5500, 5435, 5501, 5435, 5436, 5502, 5501, 5436, 5502, 5436, 5437, 5503, 5502, 5437, 5503, 5437, 5438, 5504, 5503, 5438, 5504, 5438, 5439, 5505, 5504, 5439, 5505, 5439, 5440, 5506, 5505, 5440, 5506, 5440, 5441, 5507, 5506, 5441, 5507, 5441, 5442, 5508, 5507, 5442, 5508, 5442, 5443, 5509, 5508, 5443, 5509, 5443, 5444, 5510, 5509, 5444, 5510, 5444, 5445, 5511, 5445, 5446, 5511, 5510, 5445, 5512, 5446, 5447, 5512, 5511, 5446, 5513, 5447, 5448, 5513, 5512, 5447, 5514, 5448, 5449, 5514, 5513, 5448, 5515, 5449, 5450, 5515, 5514, 5449, 5452, 5450, 5451, 5452, 5515, 5450, 5582, 5516, 5517, 5582, 5517, 5518, 5582, 5581, 5516, 5583, 5518, 5519, 5583, 5582, 5518, 5584, 5583, 5519, 5585, 5519, 5520, 5585, 5584, 5519, 5586, 5520, 5521, 5586, 5521, 5522, 5586, 5585, 5520, 5587, 5586, 5522, 5588, 5522, 5523, 5588, 5523, 5524, 5588, 5587, 5522, 5589, 5588, 5524, 5590, 5524, 5525, 5590, 5589, 5524, 5591, 5525, 5526, 5591, 5590, 5525, 5592, 5526, 5527, 5592, 5591, 5526, 5593, 5527, 5528, 5593, 5592, 5527, 5594, 5528, 5529, 5594, 5593, 5528, 5595, 5529, 5530, 5595, 5530, 5531, 5595, 5594, 5529, 5596, 5595, 5531, 5597, 5531, 5532, 5597, 5596, 5531, 5598, 5532, 5533, 5598, 5533, 5534, 5598, 5597, 5532, 5599, 5598, 5534, 5600, 5599, 5534, 5600, 5534, 5535, 5601, 5600, 5535, 5601, 5535, 5536, 5601, 5536, 5537, 5602, 5601, 5537, 5603, 5602, 5537, 5603, 5537, 5538, 5604, 5538, 5539, 5604, 5603, 5538, 5605, 5539, 5540, 5605, 5540, 5541, 5605, 5604, 5539, 5606, 5541, 5542, 5606, 5605, 5541, 5607, 5606, 5542, 5608, 5542, 5543, 5608, 5607, 5542, 5609, 5543, 5544, 5609, 5608, 5543, 5610, 5544, 5545, 5610, 5609, 5544, 5611, 5545, 5546, 5611, 5546, 5547, 5611, 5610, 5545, 5612, 5611, 5547, 5613, 5547, 5548, 5613, 5548, 5549, 5613, 5612, 5547, 5614, 5613, 5549, 5615, 5549, 5550, 5615, 5614, 5549, 5616, 5550, 5551, 5616, 5615, 5550, 5617, 5551, 5552, 5617, 5616, 5551, 5618, 5552, 5553, 5618, 5617, 5552, 5619, 5553, 5554, 5619, 5554, 5555, 5619, 5618, 5553, 5620, 5619, 5555, 5621, 5555, 5556, 5621, 5556, 5557, 5621, 5620, 5555, 5622, 5621, 5557, 5623, 5557, 5558, 5623, 5622, 5557, 5624, 5623, 5558, 5624, 5558, 5559, 5625, 5624, 5559, 5625, 5559, 5560, 5626, 5625, 5560, 5626, 5560, 5561, 5627, 5626, 5561, 5627, 5561, 5562, 5628, 5627, 5562, 5628, 5562, 5563, 5628, 5563, 5564, 5629, 5628, 5564, 5629, 5564, 5565, 5630, 5629, 5565, 5631, 5630, 5565, 5631, 5565, 5566, 5632, 5631, 5566, 5632, 5566, 5567, 5633, 5632, 5567, 5633, 5567, 5568, 5634, 5633, 5568, 5634, 5568, 5569, 5635, 5634, 5569, 5635, 5569, 5570, 5635, 5570, 5571, 5636, 5635, 5571, 5637, 5571, 5572, 5637, 5636, 5571, 5638, 5572, 5573, 5638, 5637, 5572, 5639, 5573, 5574, 5639, 5574, 5575, 5639, 5638, 5573, 5640, 5639, 5575, 5641, 5575, 5576, 5641, 5640, 5575, 5642, 5576, 5577, 5642, 5577, 5578, 5642, 5641, 5576, 5643, 5642, 5578, 5580, 5578, 5579, 5580, 5643, 5578, 5710, 5644, 5645, 5710, 5709, 5644, 5711, 5645, 5646, 5711, 5710, 5645, 5712, 5646, 5647, 5712, 5711, 5646, 5713, 5647, 5648, 5713, 5712, 5647, 5714, 5648, 5649, 5714, 5713, 5648, 5715, 5649, 5650, 5715, 5714, 5649, 5716, 5650, 5651, 5716, 5715, 5650, 5717, 5651, 5652, 5717, 5716, 5651, 5718, 5652, 5653, 5718, 5717, 5652, 5654, 5718, 5653, 5719, 5718, 5654, 5720, 5654, 5655, 5720, 5719, 5654, 5721, 5655, 5656, 5721, 5720, 5655, 5722, 5656, 5657, 5722, 5721, 5656, 5658, 5722, 5657, 5723, 5722, 5658, 5724, 5658, 5659, 5724, 5723, 5658, 5725, 5659, 5660, 5725, 5724, 5659, 5726, 5660, 5661, 5726, 5725, 5660, 5727, 5661, 5662, 5727, 5726, 5661, 5663, 5727, 5662, 5728, 5727, 5663, 5729, 5728, 5663, 5729, 5663, 5664, 5665, 5729, 5664, 5730, 5729, 5665, 5731, 5730, 5665, 5731, 5665, 5666, 5667, 5731, 5666, 5732, 5731, 5667, 5733, 5667, 5668, 5733, 5732, 5667, 5734, 5668, 5669, 5734, 5733, 5668, 5735, 5669, 5670, 5735, 5734, 5669, 5736, 5670, 5671, 5736, 5735, 5670, 5672, 5736, 5671, 5737, 5736, 5672, 5738, 5672, 5673, 5738, 5737, 5672, 5739, 5673, 5674, 5739, 5738, 5673, 5740, 5674, 5675, 5740, 5739, 5674, 5741, 5675, 5676, 5741, 5740, 5675, 5742, 5676, 5677, 5742, 5741, 5676, 5678, 5742, 5677, 5743, 5742, 5678, 5679, 5743, 5678, 5744, 5743, 5679, 5745, 5679, 5680, 5745, 5744, 5679, 5746, 5680, 5681, 5746, 5745, 5680, 5747, 5681, 5682, 5747, 5746, 5681, 5748, 5682, 5683, 5748, 5747, 5682, 5749, 5683, 5684, 5749, 5748, 5683, 5750, 5684, 5685, 5750, 5749, 5684, 5686, 5750, 5685, 5751, 5750, 5686, 5752, 5751, 5686, 5752, 5686, 5687, 5688, 5752, 5687, 5753, 5752, 5688, 5754, 5753, 5688, 5754, 5688, 5689, 5755, 5754, 5689, 5755, 5689, 5690, 5756, 5755, 5690, 5756, 5690, 5691, 5757, 5756, 5691, 5757, 5691, 5692, 5758, 5757, 5692, 5758, 5692, 5693, 5759, 5758, 5693, 5759, 5693, 5694, 5760, 5759, 5694, 5760, 5694, 5695, 5761, 5760, 5695, 5761, 5695, 5696, 5762, 5761, 5696, 5762, 5696, 5697, 5763, 5762, 5697, 5763, 5697, 5698, 5764, 5763, 5698, 5764, 5698, 5699, 5765, 5764, 5699, 5765, 5699, 5700, 5766, 5765, 5700, 5766, 5700, 5701, 5767, 5701, 5702, 5767, 5766, 5701, 5768, 5702, 5703, 5768, 5767, 5702, 5769, 5703, 5704, 5769, 5768, 5703, 5770, 5704, 5705, 5770, 5769, 5704, 5771, 5705, 5706, 5771, 5770, 5705, 5708, 5706, 5707, 5708, 5771, 5706, 5838, 5772, 5773, 5838, 5837, 5772, 5839, 5773, 5774, 5839, 5838, 5773, 5840, 5774, 5775, 5840, 5839, 5774, 5841, 5775, 5776, 5841, 5840, 5775, 5842, 5776, 5777, 5842, 5841, 5776, 5843, 5777, 5778, 5843, 5842, 5777, 5844, 5778, 5779, 5844, 5843, 5778, 5845, 5779, 5780, 5845, 5844, 5779, 5846, 5780, 5781, 5846, 5845, 5780, 5847, 5781, 5782, 5847, 5846, 5781, 5848, 5782, 5783, 5848, 5847, 5782, 5849, 5783, 5784, 5849, 5848, 5783, 5850, 5784, 5785, 5850, 5849, 5784, 5851, 5785, 5786, 5851, 5850, 5785, 5852, 5786, 5787, 5852, 5851, 5786, 5788, 5852, 5787, 5853, 5852, 5788, 5854, 5788, 5789, 5854, 5853, 5788, 5790, 5854, 5789, 5855, 5854, 5790, 5856, 5855, 5790, 5856, 5790, 5791, 5857, 5856, 5791, 5857, 5791, 5792, 5858, 5857, 5792, 5858, 5792, 5793, 5859, 5858, 5793, 5859, 5793, 5794, 5860, 5859, 5794, 5860, 5794, 5795, 5861, 5795, 5796, 5861, 5860, 5795, 5862, 5796, 5797, 5862, 5861, 5796, 5863, 5797, 5798, 5863, 5862, 5797, 5799, 5863, 5798, 5864, 5863, 5799, 5865, 5799, 5800, 5865, 5864, 5799, 5866, 5800, 5801, 5866, 5865, 5800, 5867, 5801, 5802, 5867, 5866, 5801, 5868, 5802, 5803, 5868, 5867, 5802, 5869, 5803, 5804, 5869, 5868, 5803, 5805, 5869, 5804, 5870, 5869, 5805, 5871, 5805, 5806, 5871, 5870, 5805, 5872, 5806, 5807, 5872, 5871, 5806, 5873, 5807, 5808, 5873, 5872, 5807, 5809, 5873, 5808, 5874, 5873, 5809, 5875, 5809, 5810, 5875, 5874, 5809, 5876, 5810, 5811, 5876, 5875, 5810, 5877, 5811, 5812, 5877, 5876, 5811, 5878, 5812, 5813, 5878, 5877, 5812, 5814, 5878, 5813, 5879, 5878, 5814, 5815, 5879, 5814, 5880, 5879, 5815, 5881, 5880, 5815, 5881, 5815, 5816, 5882, 5881, 5816, 5882, 5816, 5817, 5883, 5882, 5817, 5883, 5817, 5818, 5884, 5883, 5818, 5884, 5818, 5819, 5885, 5884, 5819, 5885, 5819, 5820, 5886, 5885, 5820, 5886, 5820, 5821, 5887, 5886, 5821, 5887, 5821, 5822, 5888, 5887, 5822, 5888, 5822, 5823, 5889, 5888, 5823, 5889, 5823, 5824, 5890, 5889, 5824, 5890, 5824, 5825, 5891, 5890, 5825, 5891, 5825, 5826, 5892, 5891, 5826, 5892, 5826, 5827, 5893, 5892, 5827, 5893, 5827, 5828, 5894, 5893, 5828, 5894, 5828, 5829, 5895, 5829, 5830, 5895, 5894, 5829, 5896, 5830, 5831, 5896, 5895, 5830, 5897, 5831, 5832, 5897, 5896, 5831, 5898, 5832, 5833, 5898, 5897, 5832, 5899, 5833, 5834, 5899, 5898, 5833, 5836, 5834, 5835, 5836, 5899, 5834, 5966, 5900, 5901, 5966, 5965, 5900, 5967, 5901, 5902, 5967, 5966, 5901, 5968, 5902, 5903, 5968, 5967, 5902, 5969, 5903, 5904, 5969, 5968, 5903, 5970, 5904, 5905, 5970, 5969, 5904, 5906, 5970, 5905, 5971, 5970, 5906, 5972, 5906, 5907, 5972, 5971, 5906, 5973, 5907, 5908, 5973, 5972, 5907, 5909, 5973, 5908, 5974, 5973, 5909, 5910, 5974, 5909, 5975, 5974, 5910, 5976, 5910, 5911, 5976, 5975, 5910, 5977, 5911, 5912, 5977, 5976, 5911, 5978, 5912, 5913, 5978, 5977, 5912, 5979, 5913, 5914, 5979, 5978, 5913, 5980, 5914, 5915, 5980, 5979, 5914, 5981, 5915, 5916, 5981, 5980, 5915, 5917, 5981, 5916, 5982, 5981, 5917, 5983, 5917, 5918, 5983, 5982, 5917, 5984, 5983, 5918, 5984, 5918, 5919, 5920, 5984, 5919, 5985, 5984, 5920, 5986, 5985, 5920, 5986, 5920, 5921, 5987, 5986, 5921, 5987, 5921, 5922, 5923, 5987, 5922, 5988, 5987, 5923, 5989, 5923, 5924, 5989, 5988, 5923, 5925, 5989, 5924, 5990, 5989, 5925, 5926, 5990, 5925, 5991, 5990, 5926, 5992, 5926, 5927, 5992, 5991, 5926, 5993, 5927, 5928, 5993, 5992, 5927, 5994, 5928, 5929, 5994, 5993, 5928, 5930, 5994, 5929, 5995, 5994, 5930, 5996, 5930, 5931, 5996, 5995, 5930, 5932, 5996, 5931, 5997, 5996, 5932, 5933, 5997, 5932, 5998, 5997, 5933, 5999, 5933, 5934, 5999, 5998, 5933, 6000, 5934, 5935, 6000, 5999, 5934, 6001, 5935, 5936, 6001, 6000, 5935, 5937, 6001, 5936, 6002, 6001, 5937, 5938, 6002, 5937, 6003, 6002, 5938, 5939, 6003, 5938, 6004, 6003, 5939, 6005, 5939, 5940, 6005, 6004, 5939, 5941, 6005, 5940, 6006, 6005, 5941, 5942, 6006, 5941, 6007, 6006, 5942, 6008, 6007, 5942, 6008, 5942, 5943, 6009, 6008, 5943, 6009, 5943, 5944, 5945, 6009, 5944, 6010, 6009, 5945, 6011, 6010, 5945, 6011, 5945, 5946, 5947, 6011, 5946, 6012, 6011, 5947, 6013, 6012, 5947, 6013, 5947, 5948, 5949, 6013, 5948, 6014, 6013, 5949, 6015, 6014, 5949, 6015, 5949, 5950, 6016, 6015, 5950, 6016, 5950, 5951, 6017, 6016, 5951, 6017, 5951, 5952, 6018, 6017, 5952, 6018, 5952, 5953, 5954, 6018, 5953, 6019, 6018, 5954, 6020, 6019, 5954, 6020, 5954, 5955, 6021, 6020, 5955, 6021, 5955, 5956, 6022, 6021, 5956, 6022, 5956, 5957, 6023, 5957, 5958, 6023, 6022, 5957, 5959, 6023, 5958, 6024, 6023, 5959, 5960, 6024, 5959, 6025, 6024, 5960, 6026, 5960, 5961, 6026, 6025, 5960, 5962, 6026, 5961, 6027, 6026, 5962, 5964, 5962, 5963, 5964, 6027, 5962, 6094, 6028, 6029, 6094, 6093, 6028, 6095, 6029, 6030, 6095, 6094, 6029, 6096, 6030, 6031, 6096, 6095, 6030, 6097, 6031, 6032, 6097, 6096, 6031, 6098, 6032, 6033, 6098, 6097, 6032, 6099, 6033, 6034, 6099, 6098, 6033, 6100, 6034, 6035, 6100, 6099, 6034, 6101, 6035, 6036, 6101, 6100, 6035, 6102, 6036, 6037, 6102, 6101, 6036, 6103, 6037, 6038, 6103, 6102, 6037, 6039, 6103, 6038, 6104, 6103, 6039, 6105, 6039, 6040, 6105, 6104, 6039, 6106, 6040, 6041, 6106, 6105, 6040, 6107, 6041, 6042, 6107, 6106, 6041, 6043, 6107, 6042, 6108, 6107, 6043, 6109, 6043, 6044, 6109, 6108, 6043, 6110, 6044, 6045, 6110, 6109, 6044, 6111, 6045, 6046, 6111, 6110, 6045, 6112, 6111, 6046, 6112, 6046, 6047, 6048, 6112, 6047, 6113, 6112, 6048, 6114, 6113, 6048, 6114, 6048, 6049, 6115, 6114, 6049, 6115, 6049, 6050, 6116, 6115, 6050, 6116, 6050, 6051, 6052, 6116, 6051, 6117, 6116, 6052, 6118, 6052, 6053, 6118, 6117, 6052, 6054, 6118, 6053, 6119, 6118, 6054, 6120, 6054, 6055, 6120, 6119, 6054, 6121, 6055, 6056, 6121, 6120, 6055, 6057, 6121, 6056, 6122, 6121, 6057, 6123, 6057, 6058, 6123, 6122, 6057, 6059, 6123, 6058, 6124, 6123, 6059, 6125, 6059, 6060, 6125, 6124, 6059, 6061, 6125, 6060, 6126, 6125, 6061, 6062, 6126, 6061, 6127, 6126, 6062, 6128, 6062, 6063, 6128, 6127, 6062, 6064, 6128, 6063, 6129, 6128, 6064, 6130, 6064, 6065, 6130, 6129, 6064, 6131, 6065, 6066, 6131, 6130, 6065, 6132, 6066, 6067, 6132, 6131, 6066, 6068, 6132, 6067, 6133, 6132, 6068, 6134, 6068, 6069, 6134, 6133, 6068, 6070, 6134, 6069, 6135, 6134, 6070, 6071, 6135, 6070, 6136, 6135, 6071, 6072, 6136, 6071, 6137, 6136, 6072, 6138, 6137, 6072, 6138, 6072, 6073, 6139, 6138, 6073, 6139, 6073, 6074, 6140, 6139, 6074, 6140, 6074, 6075, 6141, 6140, 6075, 6141, 6075, 6076, 6142, 6141, 6076, 6142, 6076, 6077, 6143, 6142, 6077, 6143, 6077, 6078, 6144, 6143, 6078, 6144, 6078, 6079, 6145, 6144, 6079, 6145, 6079, 6080, 6146, 6145, 6080, 6146, 6080, 6081, 6082, 6146, 6081, 6147, 6146, 6082, 6148, 6147, 6082, 6148, 6082, 6083, 6149, 6148, 6083, 6149, 6083, 6084, 6150, 6149, 6084, 6150, 6084, 6085, 6151, 6085, 6086, 6151, 6150, 6085, 6152, 6086, 6087, 6152, 6151, 6086, 6088, 6152, 6087, 6153, 6152, 6088, 6154, 6088, 6089, 6154, 6153, 6088, 6090, 6154, 6089, 6155, 6154, 6090, 6092, 6090, 6091, 6092, 6155, 6090, 6222, 6156, 6157, 6222, 6221, 6156, 6223, 6157, 6158, 6223, 6222, 6157, 6224, 6158, 6159, 6224, 6223, 6158, 6225, 6159, 6160, 6225, 6224, 6159, 6226, 6160, 6161, 6226, 6225, 6160, 6162, 6226, 6161, 6227, 6226, 6162, 6228, 6162, 6163, 6228, 6227, 6162, 6229, 6163, 6164, 6229, 6228, 6163, 6230, 6164, 6165, 6230, 6229, 6164, 6166, 6230, 6165, 6231, 6230, 6166, 6232, 6166, 6167, 6232, 6231, 6166, 6168, 6232, 6167, 6233, 6232, 6168, 6234, 6168, 6169, 6234, 6233, 6168, 6235, 6169, 6170, 6235, 6234, 6169, 6171, 6235, 6170, 6236, 6235, 6171, 6237, 6171, 6172, 6237, 6236, 6171, 6238, 6172, 6173, 6238, 6237, 6172, 6239, 6173, 6174, 6239, 6238, 6173, 6240, 6239, 6174, 6240, 6174, 6175, 6241, 6240, 6175, 6241, 6175, 6176, 6242, 6241, 6176, 6242, 6176, 6177, 6178, 6242, 6177, 6243, 6242, 6178, 6244, 6243, 6178, 6244, 6178, 6179, 6245, 6179, 6180, 6245, 6244, 6179, 6246, 6180, 6181, 6246, 6245, 6180, 6247, 6181, 6182, 6247, 6246, 6181, 6248, 6182, 6183, 6248, 6247, 6182, 6249, 6183, 6184, 6249, 6248, 6183, 6250, 6184, 6185, 6250, 6249, 6184, 6251, 6185, 6186, 6251, 6250, 6185, 6252, 6186, 6187, 6252, 6251, 6186, 6253, 6187, 6188, 6253, 6252, 6187, 6254, 6188, 6189, 6254, 6253, 6188, 6190, 6254, 6189, 6255, 6254, 6190, 6256, 6190, 6191, 6256, 6255, 6190, 6257, 6191, 6192, 6257, 6256, 6191, 6258, 6192, 6193, 6258, 6257, 6192, 6259, 6193, 6194, 6259, 6258, 6193, 6260, 6194, 6195, 6260, 6259, 6194, 6196, 6260, 6195, 6261, 6260, 6196, 6262, 6196, 6197, 6262, 6261, 6196, 6263, 6197, 6198, 6263, 6262, 6197, 6199, 6263, 6198, 6264, 6263, 6199, 6265, 6264, 6199, 6265, 6199, 6200, 6201, 6265, 6200, 6266, 6265, 6201, 6267, 6266, 6201, 6267, 6201, 6202, 6203, 6267, 6202, 6268, 6267, 6203, 6269, 6268, 6203, 6269, 6203, 6204, 6270, 6269, 6204, 6270, 6204, 6205, 6206, 6270, 6205, 6271, 6270, 6206, 6272, 6271, 6206, 6272, 6206, 6207, 6273, 6272, 6207, 6273, 6207, 6208, 6274, 6273, 6208, 6274, 6208, 6209, 6275, 6274, 6209, 6275, 6209, 6210, 6276, 6275, 6210, 6276, 6210, 6211, 6277, 6276, 6211, 6277, 6211, 6212, 6213, 6277, 6212, 6278, 6277, 6213, 6279, 6213, 6214, 6279, 6278, 6213, 6280, 6214, 6215, 6280, 6279, 6214, 6281, 6215, 6216, 6281, 6280, 6215, 6217, 6281, 6216, 6282, 6281, 6217, 6283, 6217, 6218, 6283, 6282, 6217, 6220, 6218, 6219, 6220, 6283, 6218, 6350, 6284, 6285, 6350, 6349, 6284, 6351, 6285, 6286, 6351, 6350, 6285, 6352, 6286, 6287, 6352, 6351, 6286, 6353, 6287, 6288, 6353, 6352, 6287, 6354, 6288, 6289, 6354, 6353, 6288, 6355, 6289, 6290, 6355, 6354, 6289, 6356, 6290, 6291, 6356, 6355, 6290, 6357, 6291, 6292, 6357, 6356, 6291, 6358, 6292, 6293, 6358, 6357, 6292, 6359, 6293, 6294, 6359, 6358, 6293, 6360, 6294, 6295, 6360, 6359, 6294, 6361, 6295, 6296, 6361, 6360, 6295, 6362, 6296, 6297, 6362, 6361, 6296, 6363, 6297, 6298, 6363, 6362, 6297, 6364, 6298, 6299, 6364, 6363, 6298, 6365, 6299, 6300, 6365, 6364, 6299, 6366, 6300, 6301, 6366, 6365, 6300, 6367, 6301, 6302, 6367, 6366, 6301, 6368, 6367, 6302, 6368, 6302, 6303, 6369, 6368, 6303, 6369, 6303, 6304, 6370, 6369, 6304, 6370, 6304, 6305, 6371, 6370, 6305, 6371, 6305, 6306, 6372, 6371, 6306, 6372, 6306, 6307, 6373, 6307, 6308, 6373, 6372, 6307, 6374, 6308, 6309, 6374, 6373, 6308, 6375, 6309, 6310, 6375, 6374, 6309, 6376, 6310, 6311, 6376, 6375, 6310, 6377, 6311, 6312, 6377, 6376, 6311, 6378, 6312, 6313, 6378, 6377, 6312, 6379, 6313, 6314, 6379, 6378, 6313, 6380, 6314, 6315, 6380, 6379, 6314, 6381, 6315, 6316, 6381, 6380, 6315, 6382, 6316, 6317, 6382, 6381, 6316, 6318, 6382, 6317, 6383, 6382, 6318, 6319, 6383, 6318, 6384, 6383, 6319, 6385, 6319, 6320, 6385, 6384, 6319, 6386, 6320, 6321, 6386, 6385, 6320, 6387, 6321, 6322, 6387, 6386, 6321, 6388, 6322, 6323, 6388, 6387, 6322, 6324, 6388, 6323, 6389, 6388, 6324, 6390, 6324, 6325, 6390, 6389, 6324, 6326, 6390, 6325, 6391, 6390, 6326, 6392, 6391, 6326, 6392, 6326, 6327, 6393, 6392, 6327, 6393, 6327, 6328, 6394, 6393, 6328, 6394, 6328, 6329, 6330, 6394, 6329, 6395, 6394, 6330, 6396, 6395, 6330, 6396, 6330, 6331, 6397, 6396, 6331, 6397, 6331, 6332, 6398, 6397, 6332, 6398, 6332, 6333, 6399, 6398, 6333, 6399, 6333, 6334, 6335, 6399, 6334, 6400, 6399, 6335, 6401, 6400, 6335, 6401, 6335, 6336, 6402, 6401, 6336, 6402, 6336, 6337, 6403, 6402, 6337, 6403, 6337, 6338, 6404, 6403, 6338, 6404, 6338, 6339, 6405, 6404, 6339, 6405, 6339, 6340, 6341, 6405, 6340, 6406, 6405, 6341, 6407, 6341, 6342, 6407, 6406, 6341, 6408, 6342, 6343, 6408, 6407, 6342, 6409, 6343, 6344, 6409, 6408, 6343, 6410, 6344, 6345, 6410, 6409, 6344, 6411, 6345, 6346, 6411, 6410, 6345, 6348, 6346, 6347, 6348, 6411, 6346, 6478, 6412, 6413, 6478, 6477, 6412, 6479, 6413, 6414, 6479, 6478, 6413, 6480, 6414, 6415, 6480, 6479, 6414, 6481, 6415, 6416, 6481, 6480, 6415, 6482, 6416, 6417, 6482, 6481, 6416, 6483, 6417, 6418, 6483, 6482, 6417, 6484, 6418, 6419, 6484, 6483, 6418, 6485, 6419, 6420, 6485, 6484, 6419, 6421, 6485, 6420, 6486, 6485, 6421, 6487, 6421, 6422, 6487, 6486, 6421, 6423, 6487, 6422, 6488, 6487, 6423, 6424, 6488, 6423, 6489, 6488, 6424, 6490, 6424, 6425, 6490, 6489, 6424, 6491, 6425, 6426, 6491, 6490, 6425, 6492, 6426, 6427, 6492, 6491, 6426, 6428, 6492, 6427, 6493, 6492, 6428, 6494, 6428, 6429, 6494, 6493, 6428, 6495, 6429, 6430, 6495, 6494, 6429, 6496, 6495, 6430, 6496, 6430, 6431, 6432, 6496, 6431, 6497, 6496, 6432, 6498, 6497, 6432, 6498, 6432, 6433, 6499, 6498, 6433, 6499, 6433, 6434, 6500, 6499, 6434, 6500, 6434, 6435, 6501, 6435, 6436, 6501, 6500, 6435, 6502, 6436, 6437, 6502, 6501, 6436, 6503, 6437, 6438, 6503, 6502, 6437, 6504, 6438, 6439, 6504, 6503, 6438, 6505, 6439, 6440, 6505, 6504, 6439, 6506, 6440, 6441, 6506, 6505, 6440, 6507, 6441, 6442, 6507, 6506, 6441, 6508, 6442, 6443, 6508, 6507, 6442, 6509, 6443, 6444, 6509, 6508, 6443, 6510, 6444, 6445, 6510, 6509, 6444, 6511, 6445, 6446, 6511, 6510, 6445, 6447, 6511, 6446, 6512, 6511, 6447, 6513, 6447, 6448, 6513, 6512, 6447, 6449, 6513, 6448, 6514, 6513, 6449, 6450, 6514, 6449, 6515, 6514, 6450, 6516, 6450, 6451, 6516, 6515, 6450, 6517, 6451, 6452, 6517, 6516, 6451, 6453, 6517, 6452, 6518, 6517, 6453, 6519, 6453, 6454, 6519, 6518, 6453, 6520, 6519, 6454, 6520, 6454, 6455, 6456, 6520, 6455, 6521, 6520, 6456, 6457, 6521, 6456, 6522, 6521, 6457, 6523, 6522, 6457, 6523, 6457, 6458, 6524, 6523, 6458, 6524, 6458, 6459, 6525, 6524, 6459, 6525, 6459, 6460, 6461, 6525, 6460, 6526, 6525, 6461, 6527, 6526, 6461, 6527, 6461, 6462, 6528, 6527, 6462, 6528, 6462, 6463, 6529, 6528, 6463, 6529, 6463, 6464, 6465, 6529, 6464, 6530, 6529, 6465, 6531, 6530, 6465, 6531, 6465, 6466, 6532, 6531, 6466, 6532, 6466, 6467, 6533, 6532, 6467, 6533, 6467, 6468, 6534, 6533, 6468, 6534, 6468, 6469, 6535, 6469, 6470, 6535, 6534, 6469, 6536, 6470, 6471, 6536, 6535, 6470, 6537, 6471, 6472, 6537, 6536, 6471, 6538, 6472, 6473, 6538, 6537, 6472, 6474, 6538, 6473, 6539, 6538, 6474, 6476, 6474, 6475, 6476, 6539, 6474, 6606, 6540, 6541, 6606, 6605, 6540, 6607, 6541, 6542, 6607, 6606, 6541, 6608, 6542, 6543, 6608, 6607, 6542, 6609, 6543, 6544, 6609, 6608, 6543, 6610, 6544, 6545, 6610, 6609, 6544, 6611, 6545, 6546, 6611, 6610, 6545, 6547, 6611, 6546, 6612, 6611, 6547, 6613, 6547, 6548, 6613, 6612, 6547, 6549, 6613, 6548, 6614, 6613, 6549, 6615, 6549, 6550, 6615, 6614, 6549, 6616, 6550, 6551, 6616, 6615, 6550, 6617, 6551, 6552, 6617, 6616, 6551, 6618, 6552, 6553, 6618, 6617, 6552, 6619, 6553, 6554, 6619, 6618, 6553, 6620, 6554, 6555, 6620, 6619, 6554, 6621, 6555, 6556, 6621, 6620, 6555, 6557, 6621, 6556, 6622, 6621, 6557, 6623, 6557, 6558, 6623, 6622, 6557, 6624, 6623, 6558, 6624, 6558, 6559, 6625, 6624, 6559, 6625, 6559, 6560, 6626, 6625, 6560, 6626, 6560, 6561, 6627, 6626, 6561, 6627, 6561, 6562, 6628, 6627, 6562, 6628, 6562, 6563, 6629, 6563, 6564, 6629, 6628, 6563, 6630, 6564, 6565, 6630, 6629, 6564, 6631, 6565, 6566, 6631, 6630, 6565, 6632, 6566, 6567, 6632, 6631, 6566, 6568, 6632, 6567, 6633, 6632, 6568, 6569, 6633, 6568, 6634, 6633, 6569, 6635, 6569, 6570, 6635, 6634, 6569, 6571, 6635, 6570, 6636, 6635, 6571, 6637, 6571, 6572, 6637, 6636, 6571, 6638, 6572, 6573, 6638, 6637, 6572, 6639, 6573, 6574, 6639, 6638, 6573, 6575, 6639, 6574, 6640, 6639, 6575, 6641, 6575, 6576, 6641, 6640, 6575, 6577, 6641, 6576, 6642, 6641, 6577, 6643, 6577, 6578, 6643, 6642, 6577, 6579, 6643, 6578, 6644, 6643, 6579, 6580, 6644, 6579, 6645, 6644, 6580, 6646, 6580, 6581, 6646, 6645, 6580, 6647, 6581, 6582, 6647, 6646, 6581, 6583, 6647, 6582, 6648, 6647, 6583, 6584, 6648, 6583, 6649, 6648, 6584, 6585, 6649, 6584, 6650, 6649, 6585, 6651, 6650, 6585, 6651, 6585, 6586, 6652, 6651, 6586, 6652, 6586, 6587, 6588, 6652, 6587, 6653, 6652, 6588, 6654, 6653, 6588, 6654, 6588, 6589, 6655, 6654, 6589, 6655, 6589, 6590, 6656, 6655, 6590, 6656, 6590, 6591, 6657, 6656, 6591, 6657, 6591, 6592, 6658, 6657, 6592, 6658, 6592, 6593, 6659, 6658, 6593, 6659, 6593, 6594, 6660, 6659, 6594, 6660, 6594, 6595, 6661, 6660, 6595, 6661, 6595, 6596, 6597, 6661, 6596, 6662, 6661, 6597, 6663, 6597, 6598, 6663, 6662, 6597, 6599, 6663, 6598, 6664, 6663, 6599, 6665, 6599, 6600, 6665, 6664, 6599, 6601, 6665, 6600, 6666, 6665, 6601, 6602, 6666, 6601, 6667, 6666, 6602, 6604, 6602, 6603, 6604, 6667, 6602, 6734, 6668, 6669, 6734, 6733, 6668, 6735, 6669, 6670, 6735, 6734, 6669, 6736, 6670, 6671, 6736, 6735, 6670, 6737, 6671, 6672, 6737, 6736, 6671, 6738, 6672, 6673, 6738, 6737, 6672, 6739, 6673, 6674, 6739, 6738, 6673, 6740, 6674, 6675, 6740, 6739, 6674, 6741, 6675, 6676, 6741, 6740, 6675, 6742, 6676, 6677, 6742, 6741, 6676, 6743, 6677, 6678, 6743, 6742, 6677, 6744, 6678, 6679, 6744, 6743, 6678, 6745, 6679, 6680, 6745, 6744, 6679, 6746, 6680, 6681, 6746, 6745, 6680, 6747, 6681, 6682, 6747, 6746, 6681, 6748, 6682, 6683, 6748, 6747, 6682, 6749, 6683, 6684, 6749, 6748, 6683, 6750, 6684, 6685, 6750, 6749, 6684, 6751, 6685, 6686, 6751, 6750, 6685, 6752, 6751, 6686, 6752, 6686, 6687, 6753, 6752, 6687, 6753, 6687, 6688, 6689, 6753, 6688, 6754, 6753, 6689, 6755, 6754, 6689, 6755, 6689, 6690, 6691, 6755, 6690, 6756, 6755, 6691, 6757, 6691, 6692, 6757, 6756, 6691, 6758, 6692, 6693, 6758, 6757, 6692, 6694, 6758, 6693, 6759, 6758, 6694, 6695, 6759, 6694, 6760, 6759, 6695, 6696, 6760, 6695, 6761, 6760, 6696, 6762, 6696, 6697, 6762, 6761, 6696, 6763, 6697, 6698, 6763, 6762, 6697, 6764, 6698, 6699, 6764, 6763, 6698, 6700, 6764, 6699, 6765, 6764, 6700, 6766, 6700, 6701, 6766, 6765, 6700, 6702, 6766, 6701, 6767, 6766, 6702, 6768, 6702, 6703, 6768, 6767, 6702, 6704, 6768, 6703, 6769, 6768, 6704, 6705, 6769, 6704, 6770, 6769, 6705, 6706, 6770, 6705, 6771, 6770, 6706, 6707, 6771, 6706, 6772, 6771, 6707, 6773, 6707, 6708, 6773, 6772, 6707, 6709, 6773, 6708, 6774, 6773, 6709, 6775, 6709, 6710, 6775, 6774, 6709, 6711, 6775, 6710, 6776, 6775, 6711, 6777, 6776, 6711, 6777, 6711, 6712, 6713, 6777, 6712, 6778, 6777, 6713, 6779, 6778, 6713, 6779, 6713, 6714, 6780, 6779, 6714, 6780, 6714, 6715, 6781, 6780, 6715, 6781, 6715, 6716, 6782, 6781, 6716, 6782, 6716, 6717, 6783, 6782, 6717, 6783, 6717, 6718, 6784, 6783, 6718, 6784, 6718, 6719, 6785, 6784, 6719, 6785, 6719, 6720, 6786, 6785, 6720, 6786, 6720, 6721, 6787, 6786, 6721, 6787, 6721, 6722, 6723, 6787, 6722, 6788, 6787, 6723, 6789, 6788, 6723, 6789, 6723, 6724, 6725, 6789, 6724, 6790, 6789, 6725, 6791, 6725, 6726, 6791, 6790, 6725, 6792, 6726, 6727, 6792, 6791, 6726, 6728, 6792, 6727, 6793, 6792, 6728, 6794, 6728, 6729, 6794, 6793, 6728, 6795, 6729, 6730, 6795, 6794, 6729, 6732, 6730, 6731, 6732, 6795, 6730, 6862, 6796, 6797, 6862, 6861, 6796, 6863, 6797, 6798, 6863, 6862, 6797, 6864, 6798, 6799, 6864, 6863, 6798, 6865, 6799, 6800, 6865, 6864, 6799, 6866, 6800, 6801, 6866, 6865, 6800, 6867, 6801, 6802, 6867, 6866, 6801, 6868, 6802, 6803, 6868, 6867, 6802, 6869, 6803, 6804, 6869, 6868, 6803, 6870, 6804, 6805, 6870, 6869, 6804, 6871, 6805, 6806, 6871, 6870, 6805, 6807, 6871, 6806, 6872, 6871, 6807, 6873, 6807, 6808, 6873, 6872, 6807, 6874, 6808, 6809, 6874, 6873, 6808, 6875, 6809, 6810, 6875, 6874, 6809, 6876, 6810, 6811, 6876, 6875, 6810, 6877, 6811, 6812, 6877, 6876, 6811, 6878, 6812, 6813, 6878, 6877, 6812, 6879, 6813, 6814, 6879, 6878, 6813, 6880, 6879, 6814, 6880, 6814, 6815, 6881, 6880, 6815, 6881, 6815, 6816, 6882, 6881, 6816, 6882, 6816, 6817, 6883, 6882, 6817, 6883, 6817, 6818, 6884, 6883, 6818, 6884, 6818, 6819, 6885, 6819, 6820, 6885, 6884, 6819, 6886, 6820, 6821, 6886, 6885, 6820, 6887, 6821, 6822, 6887, 6886, 6821, 6888, 6822, 6823, 6888, 6887, 6822, 6889, 6823, 6824, 6889, 6888, 6823, 6890, 6824, 6825, 6890, 6889, 6824, 6891, 6825, 6826, 6891, 6890, 6825, 6892, 6826, 6827, 6892, 6891, 6826, 6893, 6827, 6828, 6893, 6892, 6827, 6894, 6828, 6829, 6894, 6893, 6828, 6895, 6829, 6830, 6895, 6894, 6829, 6831, 6895, 6830, 6896, 6895, 6831, 6832, 6896, 6831, 6897, 6896, 6832, 6833, 6897, 6832, 6898, 6897, 6833, 6834, 6898, 6833, 6899, 6898, 6834, 6900, 6834, 6835, 6900, 6899, 6834, 6901, 6835, 6836, 6901, 6900, 6835, 6837, 6901, 6836, 6902, 6901, 6837, 6903, 6837, 6838, 6903, 6902, 6837, 6904, 6903, 6838, 6904, 6838, 6839, 6905, 6839, 6840, 6905, 6904, 6839, 6906, 6905, 6840, 6906, 6840, 6841, 6907, 6906, 6841, 6907, 6841, 6842, 6843, 6907, 6842, 6908, 6907, 6843, 6909, 6908, 6843, 6909, 6843, 6844, 6910, 6909, 6844, 6910, 6844, 6845, 6911, 6910, 6845, 6911, 6845, 6846, 6912, 6911, 6846, 6912, 6846, 6847, 6913, 6912, 6847, 6913, 6847, 6848, 6914, 6913, 6848, 6914, 6848, 6849, 6915, 6914, 6849, 6915, 6849, 6850, 6916, 6915, 6850, 6916, 6850, 6851, 6917, 6916, 6851, 6917, 6851, 6852, 6853, 6917, 6852, 6918, 6917, 6853, 6919, 6853, 6854, 6919, 6918, 6853, 6920, 6854, 6855, 6920, 6919, 6854, 6921, 6855, 6856, 6921, 6920, 6855, 6922, 6856, 6857, 6922, 6921, 6856, 6923, 6857, 6858, 6923, 6922, 6857, 6860, 6858, 6859, 6860, 6923, 6858, 6990, 6924, 6925, 6990, 6989, 6924, 6991, 6925, 6926, 6991, 6990, 6925, 6992, 6926, 6927, 6992, 6991, 6926, 6993, 6927, 6928, 6993, 6992, 6927, 6994, 6928, 6929, 6994, 6993, 6928, 6995, 6929, 6930, 6995, 6994, 6929, 6996, 6930, 6931, 6996, 6931, 6932, 6996, 6995, 6930, 6997, 6996, 6932, 6998, 6932, 6933, 6998, 6997, 6932, 6999, 6933, 6934, 6999, 6998, 6933, 7000, 6934, 6935, 7000, 6935, 6936, 7000, 6999, 6934, 7001, 7000, 6936, 7002, 6936, 6937, 7002, 7001, 6936, 7003, 6937, 6938, 7003, 7002, 6937, 7004, 6938, 6939, 7004, 6939, 6940, 7004, 7003, 6938, 7005, 7004, 6940, 7006, 7005, 6940, 7006, 6940, 6941, 7007, 6941, 6942, 7007, 6942, 6943, 7007, 7006, 6941, 7008, 7007, 6943, 7009, 7008, 6943, 7009, 6943, 6944, 7010, 7009, 6944, 7010, 6944, 6945, 7011, 7010, 6945, 7011, 6945, 6946, 7012, 7011, 6946, 7012, 6946, 6947, 7013, 6947, 6948, 7013, 7012, 6947, 7014, 6948, 6949, 7014, 7013, 6948, 7015, 6949, 6950, 7015, 7014, 6949, 7016, 6950, 6951, 7016, 7015, 6950, 7017, 6951, 6952, 7017, 6952, 6953, 7017, 7016, 6951, 7018, 7017, 6953, 7019, 6953, 6954, 7019, 7018, 6953, 7020, 6954, 6955, 7020, 7019, 6954, 7021, 6955, 6956, 7021, 7020, 6955, 7022, 6956, 6957, 7022, 7021, 6956, 7023, 6957, 6958, 7023, 7022, 6957, 7024, 6958, 6959, 7024, 7023, 6958, 7025, 6959, 6960, 7025, 7024, 6959, 7026, 6960, 6961, 7026, 6961, 6962, 7026, 7025, 6960, 7027, 6962, 6963, 7027, 7026, 6962, 7028, 7027, 6963, 7029, 6963, 6964, 7029, 7028, 6963, 7030, 6964, 6965, 7030, 7029, 6964, 7031, 6965, 6966, 7031, 7030, 6965, 7032, 7031, 6966, 7032, 6966, 6967, 7033, 7032, 6967, 7033, 6967, 6968, 7034, 7033, 6968, 7034, 6968, 6969, 7035, 7034, 6969, 7035, 6969, 6970, 7035, 6970, 6971, 7036, 7035, 6971, 7037, 7036, 6971, 7037, 6971, 6972, 7038, 7037, 6972, 7038, 6972, 6973, 7039, 7038, 6973, 7039, 6973, 6974, 7039, 6974, 6975, 7040, 7039, 6975, 7041, 7040, 6975, 7041, 6975, 6976, 7041, 6976, 6977, 7042, 7041, 6977, 7043, 7042, 6977, 7043, 6977, 6978, 7043, 6978, 6979, 7044, 7043, 6979, 7045, 6979, 6980, 7045, 7044, 6979, 7046, 6980, 6981, 7046, 6981, 6982, 7046, 7045, 6980, 7047, 7046, 6982, 7048, 6982, 6983, 7048, 7047, 6982, 7049, 6983, 6984, 7049, 7048, 6983, 7050, 6984, 6985, 7050, 7049, 6984, 7051, 6985, 6986, 7051, 7050, 6985, 6988, 6986, 6987, 6988, 7051, 6986, 7154, 7090, 7091, 7155, 7154, 7091, 7155, 7091, 7092, 7155, 7092, 7093, 7153, 7090, 7154, 7156, 7093, 7094, 7156, 7155, 7093, 7152, 7088, 7089, 7152, 7089, 7090, 7152, 7090, 7153, 7157, 7156, 7094, 7151, 7088, 7152, 7158, 7094, 7095, 7158, 7095, 7096, 7158, 7157, 7094, 7150, 7087, 7088, 7150, 7088, 7151, 7159, 7158, 7096, 7149, 7086, 7087, 7149, 7087, 7150, 7160, 7096, 7097, 7160, 7159, 7096, 7148, 7085, 7086, 7148, 7086, 7149, 7161, 7097, 7098, 7161, 7160, 7097, 7099, 7161, 7098, 7147, 7084, 7085, 7147, 7085, 7148, 7162, 7161, 7099, 7146, 7083, 7084, 7146, 7084, 7147, 7163, 7099, 7100, 7163, 7162, 7099, 7145, 7082, 7083, 7145, 7083, 7146, 7164, 7100, 7101, 7164, 7163, 7100, 7144, 7082, 7145, 7144, 7081, 7082, 7165, 7164, 7101, 7165, 7101, 7102, 7143, 7081, 7144, 7143, 7080, 7081, 7166, 7165, 7102, 7166, 7102, 7103, 7142, 7080, 7143, 7142, 7079, 7080, 7167, 7166, 7103, 7167, 7103, 7104, 7141, 7078, 7079, 7141, 7079, 7142, 7168, 7167, 7104, 7168, 7104, 7105, 7140, 7078, 7141, 7140, 7077, 7078, 7106, 7168, 7105, 7169, 7168, 7106, 7139, 7076, 7077, 7139, 7077, 7140, 7170, 7169, 7106, 7170, 7106, 7107, 7138, 7076, 7139, 7075, 7076, 7138, 7108, 7170, 7107, 7108, 7171, 7170, 7137, 7075, 7138, 7074, 7075, 7137, 7109, 7172, 7171, 7109, 7171, 7108, 7073, 7074, 7137, 7073, 7137, 7136, 7173, 7172, 7109, 7110, 7173, 7109, 7072, 7073, 7136, 7072, 7136, 7135, 7111, 7174, 7173, 7111, 7173, 7110, 7071, 7135, 7134, 7071, 7072, 7135, 7112, 7175, 7174, 7112, 7174, 7111, 7070, 7134, 7133, 7070, 7071, 7134, 7113, 7176, 7175, 7113, 7175, 7112, 7069, 7133, 7132, 7069, 7070, 7133, 7114, 7177, 7176, 7114, 7176, 7113, 7068, 7069, 7132, 7068, 7132, 7131, 7052, 7177, 7114, 7052, 7115, 7177, 7067, 7068, 7131, 7067, 7131, 7130, 7053, 7115, 7052, 7053, 7116, 7115, 7117, 7116, 7053, 7066, 7067, 7130, 7066, 7130, 7129, 7054, 7117, 7053, 7065, 7066, 7129, 7065, 7129, 7128, 7055, 7117, 7054, 7055, 7118, 7117, 7055, 7119, 7118, 7064, 7065, 7128, 7064, 7128, 7127, 7056, 7119, 7055, 7063, 7064, 7127, 7063, 7127, 7126, 7057, 7119, 7056, 7057, 7120, 7119, 7062, 7063, 7126, 7062, 7126, 7125, 7058, 7120, 7057, 7058, 7121, 7120, 7061, 7062, 7125, 7061, 7125, 7124, 7059, 7122, 7121, 7059, 7123, 7122, 7059, 7121, 7058, 7060, 7124, 7123, 7060, 7061, 7124, 7060, 7123, 7059, 7244, 7178, 7179, 7244, 7243, 7178, 7245, 7179, 7180, 7245, 7244, 7179, 7246, 7180, 7181, 7246, 7245, 7180, 7247, 7181, 7182, 7247, 7246, 7181, 7248, 7182, 7183, 7248, 7247, 7182, 7249, 7183, 7184, 7249, 7248, 7183, 7250, 7184, 7185, 7250, 7249, 7184, 7251, 7185, 7186, 7251, 7186, 7187, 7251, 7250, 7185, 7252, 7251, 7187, 7253, 7187, 7188, 7253, 7252, 7187, 7254, 7188, 7189, 7254, 7253, 7188, 7255, 7189, 7190, 7255, 7254, 7189, 7256, 7190, 7191, 7256, 7255, 7190, 7257, 7191, 7192, 7257, 7192, 7193, 7257, 7256, 7191, 7258, 7257, 7193, 7259, 7193, 7194, 7259, 7258, 7193, 7260, 7194, 7195, 7260, 7259, 7194, 7261, 7195, 7196, 7261, 7260, 7195, 7262, 7261, 7196, 7262, 7196, 7197, 7263, 7262, 7197, 7263, 7197, 7198, 7264, 7263, 7198, 7264, 7198, 7199, 7265, 7264, 7199, 7265, 7199, 7200, 7266, 7200, 7201, 7266, 7265, 7200, 7267, 7201, 7202, 7267, 7266, 7201, 7268, 7202, 7203, 7268, 7203, 7204, 7268, 7267, 7202, 7269, 7204, 7205, 7269, 7268, 7204, 7270, 7269, 7205, 7271, 7205, 7206, 7271, 7270, 7205, 7272, 7206, 7207, 7272, 7207, 7208, 7272, 7271, 7206, 7273, 7272, 7208, 7274, 7208, 7209, 7274, 7209, 7210, 7274, 7273, 7208, 7275, 7274, 7210, 7276, 7210, 7211, 7276, 7275, 7210, 7277, 7211, 7212, 7277, 7212, 7213, 7277, 7276, 7211, 7278, 7277, 7213, 7279, 7213, 7214, 7279, 7214, 7215, 7279, 7278, 7213, 7280, 7279, 7215, 7281, 7215, 7216, 7281, 7216, 7217, 7281, 7280, 7215, 7282, 7281, 7217, 7283, 7217, 7218, 7283, 7282, 7217, 7284, 7218, 7219, 7284, 7219, 7220, 7284, 7283, 7218, 7285, 7284, 7220, 7286, 7285, 7220, 7286, 7220, 7221, 7287, 7286, 7221, 7287, 7221, 7222, 7288, 7287, 7222, 7288, 7222, 7223, 7289, 7288, 7223, 7289, 7223, 7224, 7290, 7289, 7224, 7290, 7224, 7225, 7290, 7225, 7226, 7291, 7290, 7226, 7292, 7291, 7226, 7292, 7226, 7227, 7293, 7292, 7227, 7293, 7227, 7228, 7293, 7228, 7229, 7294, 7293, 7229, 7295, 7294, 7229, 7295, 7229, 7230, 7296, 7295, 7230, 7296, 7230, 7231, 7296, 7231, 7232, 7297, 7296, 7232, 7298, 7297, 7232, 7298, 7232, 7233, 7299, 7233, 7234, 7299, 7298, 7233, 7300, 7234, 7235, 7300, 7299, 7234, 7301, 7235, 7236, 7301, 7300, 7235, 7302, 7236, 7237, 7302, 7301, 7236, 7303, 7237, 7238, 7303, 7302, 7237, 7304, 7238, 7239, 7304, 7303, 7238, 7305, 7239, 7240, 7305, 7304, 7239, 7242, 7240, 7241, 7242, 7305, 7240, 7425, 7361, 7424, 7425, 7362, 7361, 7423, 7424, 7361, 7423, 7361, 7360, 7426, 7362, 7425, 7426, 7363, 7362, 7426, 7364, 7363, 7422, 7423, 7360, 7422, 7360, 7359, 7427, 7364, 7426, 7427, 7365, 7364, 7421, 7358, 7357, 7421, 7359, 7358, 7421, 7422, 7359, 7428, 7365, 7427, 7420, 7357, 7356, 7420, 7421, 7357, 7429, 7366, 7365, 7429, 7365, 7428, 7419, 7420, 7356, 7430, 7366, 7429, 7430, 7367, 7366, 7418, 7356, 7355, 7418, 7419, 7356, 7368, 7367, 7430, 7431, 7368, 7430, 7417, 7355, 7354, 7417, 7418, 7355, 7369, 7306, 7368, 7369, 7368, 7431, 7416, 7354, 7353, 7416, 7417, 7354, 7370, 7307, 7306, 7370, 7306, 7369, 7415, 7353, 7352, 7415, 7416, 7353, 7308, 7307, 7370, 7371, 7308, 7370, 7414, 7352, 7351, 7414, 7415, 7352, 7372, 7309, 7308, 7372, 7308, 7371, 7413, 7414, 7351, 7413, 7351, 7350, 7310, 7309, 7372, 7373, 7310, 7372, 7412, 7413, 7350, 7412, 7350, 7349, 7311, 7310, 7373, 7374, 7311, 7373, 7411, 7412, 7349, 7411, 7349, 7348, 7375, 7312, 7311, 7375, 7311, 7374, 7347, 7411, 7348, 7410, 7411, 7347, 7376, 7313, 7312, 7376, 7312, 7375, 7346, 7410, 7347, 7409, 7410, 7346, 7314, 7313, 7376, 7314, 7376, 7377, 7408, 7409, 7346, 7345, 7408, 7346, 7315, 7314, 7377, 7315, 7377, 7378, 7344, 7407, 7408, 7344, 7408, 7345, 7379, 7315, 7378, 7316, 7315, 7379, 7406, 7407, 7344, 7343, 7406, 7344, 7317, 7316, 7379, 7317, 7379, 7380, 7342, 7406, 7343, 7342, 7405, 7406, 7381, 7317, 7380, 7318, 7317, 7381, 7404, 7405, 7342, 7341, 7404, 7342, 7319, 7381, 7382, 7319, 7318, 7381, 7340, 7404, 7341, 7340, 7403, 7404, 7320, 7382, 7383, 7320, 7319, 7382, 7339, 7403, 7340, 7339, 7402, 7403, 7321, 7320, 7383, 7321, 7383, 7384, 7338, 7402, 7339, 7338, 7401, 7402, 7385, 7321, 7384, 7400, 7401, 7338, 7322, 7321, 7385, 7337, 7400, 7338, 7399, 7400, 7337, 7323, 7322, 7385, 7323, 7385, 7386, 7336, 7399, 7337, 7324, 7323, 7386, 7324, 7386, 7387, 7335, 7399, 7336, 7335, 7398, 7399, 7325, 7324, 7387, 7325, 7387, 7388, 7334, 7398, 7335, 7334, 7397, 7398, 7326, 7325, 7388, 7326, 7388, 7389, 7333, 7397, 7334, 7333, 7395, 7396, 7333, 7396, 7397, 7327, 7326, 7389, 7327, 7389, 7390, 7327, 7390, 7391, 7332, 7395, 7333, 7328, 7327, 7391, 7331, 7395, 7332, 7331, 7393, 7394, 7331, 7394, 7395, 7329, 7328, 7391, 7329, 7391, 7392, 7330, 7393, 7331, 7330, 7329, 7392, 7330, 7392, 7393, 7498, 7432, 7433, 7498, 7497, 7432, 7499, 7433, 7434, 7499, 7434, 7435, 7499, 7498, 7433, 7500, 7499, 7435, 7501, 7435, 7436, 7501, 7500, 7435, 7502, 7436, 7437, 7502, 7437, 7438, 7502, 7501, 7436, 7503, 7502, 7438, 7504, 7438, 7439, 7504, 7503, 7438, 7505, 7439, 7440, 7505, 7504, 7439, 7506, 7440, 7441, 7506, 7505, 7440, 7507, 7441, 7442, 7507, 7442, 7443, 7507, 7506, 7441, 7508, 7507, 7443, 7509, 7443, 7444, 7509, 7508, 7443, 7510, 7444, 7445, 7510, 7509, 7444, 7511, 7445, 7446, 7511, 7510, 7445, 7512, 7446, 7447, 7512, 7511, 7446, 7513, 7447, 7448, 7513, 7512, 7447, 7514, 7448, 7449, 7514, 7513, 7448, 7515, 7449, 7450, 7515, 7514, 7449, 7516, 7515, 7450, 7516, 7450, 7451, 7516, 7451, 7452, 7517, 7516, 7452, 7518, 7517, 7452, 7518, 7452, 7453, 7518, 7453, 7454, 7519, 7518, 7454, 7520, 7454, 7455, 7520, 7519, 7454, 7521, 7455, 7456, 7521, 7520, 7455, 7522, 7456, 7457, 7522, 7521, 7456, 7523, 7457, 7458, 7523, 7458, 7459, 7523, 7522, 7457, 7524, 7523, 7459, 7525, 7459, 7460, 7525, 7524, 7459, 7526, 7460, 7461, 7526, 7525, 7460, 7527, 7461, 7462, 7527, 7526, 7461, 7528, 7462, 7463, 7528, 7527, 7462, 7529, 7463, 7464, 7529, 7528, 7463, 7530, 7464, 7465, 7530, 7529, 7464, 7531, 7465, 7466, 7531, 7530, 7465, 7532, 7466, 7467, 7532, 7467, 7468, 7532, 7531, 7466, 7533, 7532, 7468, 7534, 7468, 7469, 7534, 7533, 7468, 7535, 7469, 7470, 7535, 7534, 7469, 7536, 7470, 7471, 7536, 7535, 7470, 7537, 7471, 7472, 7537, 7536, 7471, 7538, 7472, 7473, 7538, 7537, 7472, 7539, 7473, 7474, 7539, 7474, 7475, 7539, 7538, 7473, 7540, 7539, 7475, 7541, 7540, 7475, 7541, 7475, 7476, 7541, 7476, 7477, 7542, 7541, 7477, 7543, 7542, 7477, 7543, 7477, 7478, 7544, 7543, 7478, 7544, 7478, 7479, 7545, 7544, 7479, 7545, 7479, 7480, 7546, 7545, 7480, 7546, 7480, 7481, 7547, 7546, 7481, 7547, 7481, 7482, 7548, 7547, 7482, 7548, 7482, 7483, 7549, 7548, 7483, 7549, 7483, 7484, 7550, 7549, 7484, 7550, 7484, 7485, 7551, 7550, 7485, 7551, 7485, 7486, 7552, 7551, 7486, 7552, 7486, 7487, 7553, 7487, 7488, 7553, 7552, 7487, 7554, 7488, 7489, 7554, 7553, 7488, 7555, 7489, 7490, 7555, 7554, 7489, 7556, 7490, 7491, 7556, 7555, 7490, 7557, 7491, 7492, 7557, 7556, 7491, 7558, 7492, 7493, 7558, 7557, 7492, 7559, 7493, 7494, 7559, 7558, 7493, 7496, 7494, 7495, 7496, 7559, 7494, 7626, 7560, 7561, 7626, 7625, 7560, 7627, 7561, 7562, 7627, 7626, 7561, 7628, 7562, 7563, 7628, 7627, 7562, 7629, 7563, 7564, 7629, 7628, 7563, 7630, 7564, 7565, 7630, 7629, 7564, 7631, 7565, 7566, 7631, 7630, 7565, 7632, 7566, 7567, 7632, 7631, 7566, 7633, 7567, 7568, 7633, 7632, 7567, 7634, 7568, 7569, 7634, 7633, 7568, 7635, 7569, 7570, 7635, 7634, 7569, 7636, 7570, 7571, 7636, 7635, 7570, 7637, 7571, 7572, 7637, 7636, 7571, 7638, 7572, 7573, 7638, 7637, 7572, 7639, 7573, 7574, 7639, 7638, 7573, 7640, 7574, 7575, 7640, 7639, 7574, 7641, 7575, 7576, 7641, 7640, 7575, 7642, 7576, 7577, 7642, 7641, 7576, 7643, 7642, 7577, 7643, 7577, 7578, 7644, 7643, 7578, 7644, 7578, 7579, 7645, 7644, 7579, 7645, 7579, 7580, 7646, 7645, 7580, 7646, 7580, 7581, 7647, 7646, 7581, 7647, 7581, 7582, 7648, 7582, 7583, 7648, 7647, 7582, 7649, 7583, 7584, 7649, 7648, 7583, 7650, 7584, 7585, 7650, 7649, 7584, 7651, 7585, 7586, 7651, 7650, 7585, 7652, 7586, 7587, 7652, 7651, 7586, 7653, 7587, 7588, 7653, 7652, 7587, 7654, 7588, 7589, 7654, 7653, 7588, 7655, 7589, 7590, 7655, 7590, 7591, 7655, 7654, 7589, 7656, 7655, 7591, 7657, 7591, 7592, 7657, 7656, 7591, 7658, 7592, 7593, 7658, 7657, 7592, 7659, 7593, 7594, 7659, 7594, 7595, 7659, 7658, 7593, 7660, 7659, 7595, 7661, 7595, 7596, 7661, 7596, 7597, 7661, 7660, 7595, 7662, 7661, 7597, 7663, 7597, 7598, 7663, 7662, 7597, 7664, 7598, 7599, 7664, 7663, 7598, 7665, 7599, 7600, 7665, 7664, 7599, 7666, 7600, 7601, 7666, 7665, 7600, 7667, 7601, 7602, 7667, 7666, 7601, 7668, 7667, 7602, 7668, 7602, 7603, 7669, 7668, 7603, 7669, 7603, 7604, 7670, 7669, 7604, 7670, 7604, 7605, 7670, 7605, 7606, 7671, 7670, 7606, 7672, 7671, 7606, 7672, 7606, 7607, 7673, 7672, 7607, 7673, 7607, 7608, 7673, 7608, 7609, 7674, 7673, 7609, 7675, 7674, 7609, 7675, 7609, 7610, 7675, 7610, 7611, 7676, 7675, 7611, 7677, 7676, 7611, 7677, 7611, 7612, 7678, 7677, 7612, 7678, 7612, 7613, 7679, 7678, 7613, 7679, 7613, 7614, 7680, 7679, 7614, 7680, 7614, 7615, 7681, 7680, 7615, 7681, 7615, 7616, 7682, 7616, 7617, 7682, 7681, 7616, 7683, 7617, 7618, 7683, 7682, 7617, 7684, 7618, 7619, 7684, 7683, 7618, 7685, 7619, 7620, 7685, 7684, 7619, 7686, 7620, 7621, 7686, 7685, 7620, 7687, 7621, 7622, 7687, 7686, 7621, 7624, 7622, 7623, 7624, 7687, 7622, 7791, 7727, 7728, 7791, 7790, 7727, 7789, 7726, 7727, 7789, 7727, 7790, 7792, 7728, 7729, 7792, 7791, 7728, 7788, 7725, 7726, 7788, 7726, 7789, 7793, 7729, 7730, 7793, 7792, 7729, 7787, 7723, 7724, 7787, 7724, 7725, 7787, 7725, 7788, 7794, 7793, 7730, 7794, 7730, 7731, 7786, 7723, 7787, 7795, 7731, 7732, 7795, 7794, 7731, 7785, 7722, 7723, 7785, 7723, 7786, 7796, 7795, 7732, 7796, 7732, 7733, 7784, 7722, 7785, 7784, 7721, 7722, 7797, 7733, 7734, 7797, 7796, 7733, 7783, 7721, 7784, 7783, 7720, 7721, 7798, 7734, 7735, 7798, 7735, 7736, 7798, 7797, 7734, 7782, 7720, 7783, 7782, 7719, 7720, 7799, 7798, 7736, 7781, 7719, 7782, 7781, 7718, 7719, 7800, 7799, 7736, 7800, 7736, 7737, 7780, 7718, 7781, 7780, 7717, 7718, 7801, 7737, 7738, 7801, 7800, 7737, 7779, 7717, 7780, 7779, 7716, 7717, 7802, 7801, 7738, 7802, 7738, 7739, 7778, 7716, 7779, 7778, 7715, 7716, 7803, 7802, 7739, 7803, 7739, 7740, 7777, 7715, 7778, 7777, 7714, 7715, 7804, 7803, 7740, 7804, 7740, 7741, 7776, 7713, 7714, 7776, 7714, 7777, 7805, 7804, 7741, 7805, 7741, 7742, 7775, 7712, 7713, 7775, 7713, 7776, 7806, 7742, 7743, 7806, 7805, 7742, 7711, 7712, 7775, 7711, 7775, 7774, 7744, 7807, 7806, 7744, 7806, 7743, 7710, 7711, 7774, 7710, 7774, 7773, 7745, 7808, 7807, 7745, 7807, 7744, 7709, 7710, 7773, 7709, 7773, 7772, 7746, 7809, 7808, 7746, 7808, 7745, 7708, 7709, 7772, 7708, 7772, 7771, 7747, 7810, 7809, 7747, 7809, 7746, 7707, 7708, 7771, 7707, 7771, 7770, 7748, 7810, 7747, 7748, 7811, 7810, 7706, 7707, 7770, 7706, 7769, 7768, 7706, 7770, 7769, 7749, 7811, 7748, 7749, 7812, 7811, 7705, 7706, 7768, 7705, 7768, 7767, 7750, 7813, 7812, 7750, 7812, 7749, 7704, 7705, 7767, 7704, 7767, 7766, 7688, 7813, 7750, 7688, 7751, 7813, 7703, 7704, 7766, 7689, 7751, 7688, 7689, 7752, 7751, 7689, 7753, 7752, 7702, 7703, 7766, 7702, 7766, 7765, 7690, 7753, 7689, 7701, 7702, 7765, 7701, 7765, 7764, 7691, 7753, 7690, 7691, 7754, 7753, 7691, 7755, 7754, 7700, 7701, 7764, 7700, 7763, 7762, 7700, 7764, 7763, 7692, 7755, 7691, 7699, 7700, 7762, 7699, 7762, 7761, 7693, 7755, 7692, 7693, 7756, 7755, 7693, 7757, 7756, 7698, 7699, 7761, 7694, 7757, 7693, 7697, 7698, 7761, 7697, 7761, 7760, 7695, 7757, 7694, 7695, 7758, 7757, 7696, 7759, 7758, 7696, 7760, 7759, 7696, 7758, 7695, 7696, 7697, 7760, 7945, 7814, 7815, 7883, 7882, 7947, 7878, 7876, 7877, 7881, 7944, 7880, 7948, 7815, 7816, 7948, 7816, 7817, 7948, 7945, 7815, 7949, 7817, 7818, 7949, 7818, 7819, 7949, 7948, 7817, 7950, 7946, 7945, 7950, 7945, 7948, 7951, 7819, 7820, 7951, 7820, 7821, 7951, 7949, 7819, 7952, 7950, 7948, 7952, 7948, 7949, 7953, 7821, 7822, 7953, 7822, 7823, 7953, 7951, 7821, 7954, 7947, 7946, 7954, 7946, 7950, 7954, 7884, 7883, 7954, 7885, 7884, 7954, 7883, 7947, 7955, 7949, 7951, 7955, 7952, 7949, 7956, 7823, 7824, 7956, 7824, 7825, 7956, 7953, 7823, 7957, 7950, 7952, 7957, 7954, 7950, 7957, 7886, 7885, 7957, 7887, 7886, 7957, 7885, 7954, 7958, 7951, 7953, 7958, 7955, 7951, 7959, 7825, 7826, 7959, 7826, 7827, 7959, 7956, 7825, 7960, 7887, 7957, 7960, 7955, 7958, 7960, 7888, 7887, 7960, 7889, 7888, 7960, 7957, 7952, 7960, 7952, 7955, 7961, 7958, 7953, 7961, 7953, 7956, 7962, 7959, 7827, 7962, 7827, 7828, 7962, 7828, 7829, 7963, 7960, 7958, 7963, 7889, 7960, 7963, 7890, 7889, 7963, 7891, 7890, 7964, 7956, 7959, 7964, 7961, 7956, 7965, 7962, 7829, 7965, 7829, 7830, 7965, 7830, 7831, 7966, 7891, 7963, 7966, 7892, 7891, 7966, 7893, 7892, 7966, 7963, 7958, 7966, 7958, 7961, 7967, 7959, 7962, 7967, 7964, 7959, 7968, 7965, 7831, 7968, 7831, 7832, 7968, 7832, 7833, 7969, 7966, 7961, 7969, 7961, 7964, 7969, 7893, 7966, 7969, 7894, 7893, 7969, 7895, 7894, 7970, 7967, 7962, 7970, 7962, 7965, 7971, 7833, 7834, 7971, 7834, 7835, 7971, 7968, 7833, 7972, 7964, 7967, 7972, 7969, 7964, 7972, 7896, 7895, 7972, 7897, 7896, 7972, 7895, 7969, 7973, 7965, 7968, 7973, 7970, 7965, 7974, 7835, 7836, 7974, 7971, 7835, 7974, 7836, 7837, 7975, 7897, 7972, 7975, 7972, 7967, 7975, 7967, 7970, 7975, 7898, 7897, 7975, 7899, 7898, 7976, 7971, 7974, 7976, 7973, 7968, 7976, 7968, 7971, 7977, 7837, 7838, 7977, 7838, 7839, 7977, 7974, 7837, 7978, 7899, 7975, 7978, 7975, 7970, 7978, 7970, 7973, 7978, 7900, 7899, 7978, 7901, 7900, 7979, 7976, 7974, 7980, 7839, 7840, 7980, 7840, 7841, 7980, 7977, 7839, 7981, 7978, 7973, 7981, 7901, 7978, 7981, 7902, 7901, 7981, 7903, 7902, 7981, 7973, 7976, 7982, 7979, 7974, 7982, 7974, 7977, 7983, 7841, 7842, 7983, 7842, 7843, 7983, 7980, 7841, 7984, 7981, 7976, 7984, 7976, 7979, 7984, 7903, 7981, 7984, 7904, 7903, 7984, 7905, 7904, 7985, 7982, 7977, 7985, 7977, 7980, 7986, 7843, 7844, 7986, 7844, 7845, 7986, 7983, 7843, 7987, 7984, 7979, 7987, 7905, 7984, 7987, 7979, 7982, 7987, 7906, 7905, 7987, 7907, 7906, 7988, 7980, 7983, 7988, 7985, 7980, 7989, 7845, 7846, 7989, 7986, 7845, 7990, 7982, 7985, 7990, 7985, 7988, 7990, 7907, 7987, 7990, 7987, 7982, 7990, 7908, 7907, 7990, 7909, 7908, 7991, 7988, 7983, 7991, 7983, 7986, 7992, 7989, 7846, 7992, 7846, 7847, 7992, 7847, 7848, 7993, 7909, 7990, 7993, 7988, 7991, 7993, 7990, 7988, 7993, 7910, 7909, 7993, 7911, 7910, 7994, 7989, 7992, 7994, 7991, 7986, 7994, 7986, 7989, 7995, 7848, 7849, 7995, 7849, 7850, 7995, 7992, 7848, 7996, 7993, 7991, 7996, 7911, 7993, 7996, 7912, 7911, 7996, 7913, 7912, 7997, 7994, 7992, 7998, 7850, 7851, 7998, 7851, 7852, 7998, 7995, 7850, 7999, 7913, 7996, 7999, 7994, 7997, 7999, 7996, 7991, 7999, 7991, 7994, 7999, 7914, 7913, 8000, 7992, 7995, 8000, 7997, 7992, 8001, 7998, 7852, 8001, 7852, 7853, 8001, 7853, 7854, 8002, 7916, 7915, 8002, 7914, 7999, 8002, 7997, 8000, 8002, 7999, 7997, 8002, 7915, 7914, 8003, 8000, 7995, 8003, 7995, 7998, 8004, 7854, 7855, 8004, 7855, 7856, 8004, 8001, 7854, 8005, 7917, 7916, 8005, 7918, 7917, 8005, 7916, 8002, 8005, 8002, 8000, 8006, 8003, 7998, 8006, 7998, 8001, 8007, 7856, 7857, 8007, 7857, 7858, 8007, 8004, 7856, 8008, 7919, 7918, 8008, 7920, 7919, 8008, 7918, 8005, 8008, 8000, 8003, 8008, 8005, 8000, 8009, 8001, 8004, 8009, 8006, 8001, 8010, 7858, 7859, 8010, 7859, 7860, 8010, 8007, 7858, 8011, 7921, 7920, 8011, 7922, 7921, 8011, 8003, 8006, 8011, 8008, 8003, 8011, 7920, 8008, 8012, 8009, 8004, 8012, 8004, 8007, 8013, 8010, 7860, 8013, 7860, 7861, 8013, 7861, 7862, 8014, 7923, 7922, 8014, 7924, 7923, 8014, 7922, 8011, 8014, 8006, 8009, 8014, 8011, 8006, 8014, 8009, 8012, 8015, 8007, 8010, 8015, 8012, 8007, 8016, 7862, 7863, 8016, 7863, 7864, 8016, 8013, 7862, 8017, 7925, 7924, 8017, 7926, 7925, 8017, 8014, 8012, 8017, 8012, 8015, 8017, 7924, 8014, 8018, 8015, 8010, 8018, 8010, 8013, 8019, 7864, 7865, 8019, 7865, 7866, 8019, 8016, 7864, 8020, 7927, 7926, 8020, 7928, 7927, 8020, 7926, 8017, 8020, 8017, 8015, 8021, 8013, 8016, 8021, 8018, 8013, 8022, 7866, 7867, 8022, 7867, 7868, 8022, 8019, 7866, 8023, 7929, 7928, 8023, 7930, 7929, 8023, 7928, 8020, 8023, 8015, 8018, 8023, 8020, 8015, 8023, 8018, 8021, 8024, 8016, 8019, 8024, 8021, 8016, 8024, 8019, 8022, 8025, 7868, 7869, 8025, 7869, 7870, 8025, 8022, 7868, 8026, 7931, 7930, 8026, 7932, 7931, 8026, 7930, 8023, 8026, 8023, 8021, 8027, 8024, 8022, 8028, 7870, 7871, 8028, 7871, 7872, 8028, 8025, 7870, 8029, 7933, 7932, 8029, 7934, 7933, 8029, 7932, 8026, 8029, 8021, 8024, 8029, 8026, 8021, 8030, 8022, 8025, 8030, 8027, 8022, 8031, 8028, 7872, 8031, 7872, 7873, 8031, 7873, 7874, 8032, 8029, 8024, 8032, 7935, 7934, 8032, 7936, 7935, 8032, 7934, 8029, 8032, 8024, 8027, 8033, 8030, 8025, 8033, 8025, 8028, 8034, 8031, 7874, 8034, 7874, 7875, 8034, 7875, 7876, 8034, 7876, 7878, 8035, 7936, 8032, 8035, 8032, 8027, 8035, 7937, 7936, 8035, 7938, 7937, 8035, 8027, 8030, 8036, 8033, 8028, 8036, 8028, 8031, 8037, 8030, 8033, 8037, 8033, 8036, 8037, 7938, 8035, 8037, 7939, 7938, 8037, 7940, 7939, 8037, 8035, 8030, 8038, 8031, 8034, 8038, 8036, 8031, 8038, 8034, 7878, 8038, 7878, 7879, 8038, 7879, 7880, 8039, 8036, 8038, 8039, 7941, 7940, 8039, 7942, 7941, 8039, 7940, 8037, 8039, 8037, 8036, 8040, 7880, 7944, 8040, 8039, 8038, 8040, 7943, 7942, 8040, 7944, 7943, 8040, 8038, 7880, 8040, 7942, 8039, 8107, 8041, 8042, 8107, 8106, 8041, 8108, 8042, 8043, 8108, 8107, 8042, 8109, 8043, 8044, 8109, 8108, 8043, 8110, 8044, 8045, 8110, 8109, 8044, 8111, 8045, 8046, 8111, 8110, 8045, 8112, 8046, 8047, 8112, 8047, 8048, 8112, 8111, 8046, 8113, 8112, 8048, 8114, 8048, 8049, 8114, 8113, 8048, 8115, 8049, 8050, 8115, 8114, 8049, 8116, 8050, 8051, 8116, 8115, 8050, 8117, 8051, 8052, 8117, 8116, 8051, 8118, 8052, 8053, 8118, 8117, 8052, 8119, 8053, 8054, 8119, 8118, 8053, 8120, 8054, 8055, 8120, 8119, 8054, 8121, 8055, 8056, 8121, 8120, 8055, 8122, 8056, 8057, 8122, 8121, 8056, 8123, 8057, 8058, 8123, 8122, 8057, 8124, 8058, 8059, 8124, 8123, 8058, 8125, 8124, 8059, 8125, 8059, 8060, 8125, 8060, 8061, 8126, 8125, 8061, 8126, 8061, 8062, 8127, 8126, 8062, 8128, 8127, 8062, 8128, 8062, 8063, 8129, 8063, 8064, 8129, 8128, 8063, 8130, 8064, 8065, 8130, 8129, 8064, 8131, 8065, 8066, 8131, 8130, 8065, 8132, 8066, 8067, 8132, 8131, 8066, 8133, 8067, 8068, 8133, 8132, 8067, 8134, 8068, 8069, 8134, 8133, 8068, 8135, 8069, 8070, 8135, 8134, 8069, 8136, 8070, 8071, 8136, 8135, 8070, 8137, 8071, 8072, 8137, 8136, 8071, 8138, 8072, 8073, 8138, 8073, 8074, 8138, 8137, 8072, 8139, 8138, 8074, 8140, 8074, 8075, 8140, 8139, 8074, 8141, 8075, 8076, 8141, 8140, 8075, 8142, 8076, 8077, 8142, 8141, 8076, 8143, 8077, 8078, 8143, 8142, 8077, 8144, 8078, 8079, 8144, 8143, 8078, 8145, 8079, 8080, 8145, 8144, 8079, 8146, 8080, 8081, 8146, 8145, 8080, 8147, 8081, 8082, 8147, 8082, 8083, 8147, 8146, 8081, 8148, 8147, 8083, 8149, 8148, 8083, 8149, 8083, 8084, 8150, 8149, 8084, 8150, 8084, 8085, 8151, 8150, 8085, 8151, 8085, 8086, 8152, 8151, 8086, 8152, 8086, 8087, 8153, 8152, 8087, 8153, 8087, 8088, 8154, 8153, 8088, 8154, 8088, 8089, 8155, 8154, 8089, 8155, 8089, 8090, 8156, 8155, 8090, 8156, 8090, 8091, 8157, 8156, 8091, 8157, 8091, 8092, 8158, 8157, 8092, 8158, 8092, 8093, 8159, 8158, 8093, 8159, 8093, 8094, 8160, 8159, 8094, 8160, 8094, 8095, 8161, 8160, 8095, 8161, 8095, 8096, 8162, 8096, 8097, 8162, 8161, 8096, 8163, 8097, 8098, 8163, 8162, 8097, 8164, 8098, 8099, 8164, 8163, 8098, 8165, 8099, 8100, 8165, 8164, 8099, 8166, 8100, 8101, 8166, 8165, 8100, 8167, 8101, 8102, 8167, 8166, 8101, 8168, 8102, 8103, 8168, 8103, 8104, 8168, 8167, 8102, 8105, 8168, 8104, 8238, 8169, 8170, 8233, 8231, 8232, 8241, 8170, 8171, 8241, 8171, 8172, 8241, 8238, 8170, 8242, 8172, 8173, 8242, 8173, 8174, 8242, 8241, 8172, 8243, 8174, 8175, 8243, 8175, 8176, 8243, 8242, 8174, 8244, 8238, 8241, 8244, 8239, 8238, 8245, 8176, 8177, 8245, 8177, 8178, 8245, 8243, 8176, 8246, 8241, 8242, 8246, 8244, 8241, 8247, 8178, 8179, 8247, 8179, 8180, 8247, 8245, 8178, 8248, 8246, 8242, 8248, 8242, 8243, 8249, 8180, 8181, 8249, 8181, 8182, 8249, 8247, 8180, 8250, 8239, 8244, 8250, 8240, 8239, 8250, 8237, 8240, 8251, 8248, 8243, 8251, 8243, 8245, 8252, 8182, 8183, 8252, 8183, 8184, 8252, 8249, 8182, 8253, 8250, 8244, 8253, 8237, 8250, 8253, 8244, 8246, 8254, 8251, 8245, 8254, 8245, 8247, 8255, 8252, 8184, 8255, 8184, 8185, 8255, 8185, 8186, 8256, 8253, 8246, 8256, 8237, 8253, 8256, 8246, 8248, 8257, 8247, 8249, 8257, 8254, 8247, 8258, 8186, 8187, 8258, 8187, 8188, 8258, 8255, 8186, 8259, 8248, 8251, 8259, 8256, 8248, 8259, 8237, 8256, 8260, 8257, 8249, 8260, 8249, 8252, 8261, 8188, 8189, 8261, 8258, 8188, 8261, 8189, 8190, 8262, 8259, 8251, 8262, 8251, 8254, 8262, 8237, 8259, 8263, 8252, 8255, 8263, 8260, 8252, 8264, 8261, 8190, 8264, 8190, 8191, 8264, 8191, 8192, 8265, 8254, 8257, 8265, 8262, 8254, 8265, 8237, 8262, 8266, 8263, 8255, 8266, 8255, 8258, 8267, 8192, 8193, 8267, 8193, 8194, 8267, 8264, 8192, 8268, 8265, 8257, 8268, 8257, 8260, 8268, 8237, 8265, 8269, 8261, 8264, 8269, 8266, 8258, 8269, 8258, 8261, 8270, 8267, 8194, 8270, 8194, 8195, 8270, 8195, 8196, 8271, 8237, 8268, 8271, 8268, 8260, 8271, 8260, 8263, 8272, 8269, 8264, 8273, 8196, 8197, 8273, 8197, 8198, 8273, 8270, 8196, 8274, 8263, 8266, 8274, 8271, 8263, 8274, 8237, 8271, 8275, 8264, 8267, 8275, 8272, 8264, 8276, 8198, 8199, 8276, 8199, 8200, 8276, 8273, 8198, 8277, 8266, 8269, 8277, 8274, 8266, 8277, 8269, 8272, 8277, 8237, 8274, 8278, 8267, 8270, 8278, 8275, 8267, 8279, 8200, 8201, 8279, 8276, 8200, 8280, 8277, 8272, 8280, 8272, 8275, 8280, 8237, 8277, 8281, 8270, 8273, 8281, 8278, 8270, 8282, 8201, 8202, 8282, 8202, 8203, 8282, 8279, 8201, 8283, 8280, 8275, 8283, 8237, 8280, 8284, 8273, 8276, 8284, 8281, 8273, 8285, 8203, 8204, 8285, 8204, 8205, 8285, 8282, 8203, 8286, 8275, 8278, 8286, 8283, 8275, 8286, 8237, 8283, 8287, 8284, 8276, 8287, 8276, 8279, 8288, 8285, 8205, 8288, 8205, 8206, 8288, 8206, 8207, 8289, 8278, 8281, 8289, 8286, 8278, 8289, 8237, 8286, 8290, 8287, 8279, 8290, 8279, 8282, 8291, 8288, 8207, 8291, 8207, 8208, 8291, 8208, 8209, 8292, 8281, 8284, 8292, 8289, 8281, 8292, 8237, 8289, 8293, 8282, 8285, 8293, 8290, 8282, 8294, 8209, 8210, 8294, 8210, 8211, 8294, 8291, 8209, 8295, 8236, 8237, 8295, 8284, 8287, 8295, 8237, 8292, 8295, 8292, 8284, 8295, 8287, 8290, 8296, 8285, 8288, 8296, 8288, 8291, 8296, 8293, 8285, 8297, 8211, 8212, 8297, 8212, 8213, 8297, 8294, 8211, 8298, 8295, 8290, 8298, 8236, 8295, 8299, 8296, 8291, 8300, 8297, 8213, 8300, 8213, 8214, 8300, 8214, 8215, 8301, 8298, 8290, 8301, 8236, 8298, 8301, 8290, 8293, 8302, 8291, 8294, 8302, 8294, 8297, 8302, 8299, 8291, 8303, 8215, 8216, 8303, 8216, 8217, 8303, 8300, 8215, 8304, 8296, 8299, 8304, 8236, 8301, 8304, 8301, 8293, 8304, 8293, 8296, 8305, 8302, 8297, 8306, 8303, 8217, 8306, 8217, 8218, 8306, 8218, 8219, 8307, 8304, 8299, 8307, 8236, 8304, 8308, 8305, 8297, 8308, 8297, 8300, 8309, 8306, 8219, 8309, 8219, 8220, 8309, 8220, 8221, 8310, 8299, 8302, 8310, 8302, 8305, 8310, 8307, 8299, 8310, 8236, 8307, 8311, 8300, 8303, 8311, 8303, 8306, 8311, 8308, 8300, 8312, 8221, 8222, 8312, 8222, 8223, 8312, 8309, 8221, 8313, 8310, 8305, 8313, 8236, 8310, 8314, 8311, 8306, 8315, 8223, 8224, 8315, 8224, 8225, 8315, 8312, 8223, 8316, 8305, 8308, 8316, 8313, 8305, 8316, 8236, 8313, 8317, 8306, 8309, 8317, 8314, 8306, 8318, 8225, 8226, 8318, 8226, 8227, 8318, 8315, 8225, 8319, 8308, 8311, 8319, 8316, 8308, 8319, 8236, 8316, 8320, 8309, 8312, 8320, 8312, 8315, 8320, 8317, 8309, 8321, 8318, 8227, 8321, 8227, 8228, 8321, 8228, 8229, 8322, 8314, 8317, 8322, 8311, 8314, 8322, 8319, 8311, 8322, 8236, 8319, 8323, 8320, 8315, 8324, 8231, 8233, 8324, 8229, 8230, 8324, 8230, 8231, 8324, 8321, 8229, 8325, 8322, 8317, 8325, 8236, 8322, 8326, 8315, 8318, 8326, 8323, 8315, 8327, 8317, 8320, 8327, 8325, 8317, 8327, 8236, 8325, 8328, 8318, 8321, 8328, 8326, 8318, 8329, 8320, 8323, 8329, 8236, 8327, 8329, 8327, 8320, 8329, 8323, 8326, 8330, 8233, 8234, 8330, 8324, 8233, 8330, 8321, 8324, 8330, 8328, 8321, 8331, 8236, 8329, 8331, 8329, 8326, 8332, 8326, 8328, 8332, 8236, 8331, 8332, 8331, 8326, 8333, 8328, 8330, 8333, 8236, 8332, 8333, 8234, 8235, 8333, 8235, 8236, 8333, 8330, 8234, 8333, 8332, 8328]
        point3f[] points = [(0.0000, 5.0000, 0.0000), (0.0000, 4.9752, 0.4978), (0.0000, 4.9009, 0.9907), (0.0000, 4.7779, 1.4738), (0.0000, 4.6074, 1.9422), (0.0000, 4.3911, 2.3913), (0.0000, 4.1312, 2.8166), (0.0000, 3.8302, 3.2139), (0.0000, 3.4912, 3.5793), (0.0000, 3.1174, 3.9092), (0.0000, 2.7127, 4.2001), (0.0000, 2.2811, 4.4494), (0.0000, 1.8267, 4.6544), (0.0000, 1.3542, 4.8131), (0.0000, 0.8682, 4.9240), (0.0000, 0.3737, 4.9860), (0.0000, -0.1247, 4.9984), (0.0000, -0.6217, 4.9612), (0.0000, -1.1126, 4.8746), (0.0000, -1.5924, 4.7396), (0.0000, -2.0564, 4.5575), (0.0000, -2.5000, 4.3301), (0.0000, -2.9187, 4.0597), (0.0000, -3.3084, 3.7489), (0.0000, -3.6653, 3.4009), (0.0000, -3.9857, 3.0190), (0.0000, -4.2665, 2.6072), (0.0000, -4.5048, 2.1694), (0.0000, -4.6985, 1.7101), (0.0000, -4.8454, 1.2338), (0.0000, -4.9442, 0.7452), (0.0000, -4.9938, 0.2492), (0.0000, -4.9938, -0.2492), (0.0000, -4.9442, -0.7452), (0.0000, -4.8454, -1.2338), (0.0000, -4.6985, -1.7101), (0.0000, -4.5048, -2.1694), (0.0000, -4.2665, -2.6072), (0.0000, -3.9857, -3.0190), (0.0000, -3.6653, -3.4009), (0.0000, -3.3084, -3.7489), (0.0000, -2.9187, -4.0597), (0.0000, -2.5000, -4.3301), (0.0000, -2.0564, -4.5575), (0.0000, -1.5924, -4.7396), (0.0000, -1.1126, -4.8746), (0.0000, -0.6217, -4.9612), (0.0000, -0.1247, -4.9984), (0.0000, 0.3737, -4.9860), (0.0000, 0.8682, -4.9240), (0.0000, 1.3542, -4.8131), (0.0000, 1.8267, -4.6544), (0.0000, 2.2811, -4.4494), (0.0000, 2.7127, -4.2001), (0.0000, 3.1174, -3.9092), (0.0000, 3.4912, -3.5793), (0.0000, 3.8302, -3.2139), (0.0000, 4.1312, -2.8166), (0.0000, 4.3911, -2.3913), (0.0000, 4.6074, -1.9422), (0.0000, 4.7779, -1.4738), (0.0000, 4.9009, -0.9907), (0.0000, 4.9752, -0.4978), (0.0000, 5.0000, 0.0000), (0.5000, 5.5000, 0.0000), (1.0000, 6.0000, 0.0000), (1.0000, 6.0000, 0.0000), (1.0000, 5.9702, 0.5974), (1.0000, 5.8810, 1.1889), (1.0000, 5.7334, 1.7685), (1.0000, 5.5289, 2.3306), (1.0000, 5.2693, 2.8695), (1.0000, 4.9574, 3.3799), (1.0000, 4.5963, 3.8567), (1.0000, 4.1894, 4.2952), (1.0000, 3.7409, 4.6910), (1.0000, 3.2553, 5.0402), (1.0000, 2.7373, 5.3392), (1.0000, 2.1920, 5.5852), (1.0000, 1.6250, 5.7757), (1.0000, 1.0419, 5.9088), (1.0000, 0.4484, 5.9832), (1.0000, -0.1496, 5.9981), (1.0000, -0.7461, 5.9534), (1.0000, -1.3351, 5.8496), (1.0000, -1.9109, 5.6876), (1.0000, -2.4677, 5.4690), (1.0000, -3.0000, 5.1962), (1.0000, -3.5025, 4.8716), (1.0000, -3.9701, 4.4987), (1.0000, -4.3983, 4.0810), (1.0000, -4.7828, 3.6228), (1.0000, -5.1197, 3.1286), (1.0000, -5.4058, 2.6033), (1.0000, -5.6382, 2.0521), (1.0000, -5.8145, 1.4805), (1.0000, -5.9330, 0.8943), (1.0000, -5.9925, 0.2991), (1.0000, -5.9925, -0.2991), (1.0000, -5.9330, -0.8943), (1.0000, -5.8145, -1.4805), (1.0000, -5.6382, -2.0521), (1.0000, -5.4058, -2.6033), (1.0000, -5.1197, -3.1286), (1.0000, -4.7828, -3.6228), (1.0000, -4.3983, -4.0810), (1.0000, -3.9701, -4.4987), (1.0000, -3.5025, -4.8716), (1.0000, -3.0000, -5.1962), (1.0000, -2.4677, -5.4690), (1.0000, -1.9109, -5.6876), (1.0000, -1.3351, -5.8496), (1.0000, -0.7461, -5.9534), (1.0000, -0.1496, -5.9981), (1.0000, 0.4484, -5.9832), (1.0000, 1.0419, -5.9088), (1.0000, 1.6250, -5.7757), (1.0000, 2.1920, -5.5852), (1.0000, 2.7373, -5.3392), (1.0000, 3.2553, -5.0402), (1.0000, 3.7409, -4.6910), (1.0000, 4.1894, -4.2952), (1.0000, 4.5963, -3.8567), (1.0000, 4.9574, -3.3799), (1.0000, 5.2693, -2.8695), (1.0000, 5.5289, -2.3306), (1.0000, 5.7334, -1.7685), (1.0000, 5.8810, -1.1889), (1.0000, 5.9702, -0.5974), (0.5000, 5.5000, 0.0000), (0.5000, 5.3943, 1.0730), (0.5000, 5.0813, 2.1048), (0.5000, 4.5731, 3.0556), (0.5000, 3.8891, 3.8891), (0.5000, 3.0556, 4.5731), (0.5000, 2.1048, 5.0813), (0.5000, 1.0730, 5.3943), (0.5000, 0.0000, 5.5000), (0.5000, -1.0730, 5.3943), (0.5000, -2.1048, 5.0813), (0.5000, -3.0556, 4.5731), (0.5000, -3.8891, 3.8891), (0.5000, -4.5731, 3.0556), (0.5000, -5.0813, 2.1048), (0.5000, -5.3943, 1.0730), (0.5000, -5.5000, -0.0000), (0.5000, -5.3943, -1.0730), (0.5000, -5.0813, -2.1048), (0.5000, -4.5731, -3.0556), (0.5000, -3.8891, -3.8891), (0.5000, -3.0556, -4.5731), (0.5000, -2.1048, -5.0813), (0.5000, -1.0730, -5.3943), (0.5000, 0.0000, -5.5000), (0.5000, 1.0730, -5.3943), (0.5000, 2.1048, -5.0813), (0.5000, 3.0556, -4.5731), (0.5000, 3.8891, -3.8891), (0.5000, 4.5731, -3.0556), (0.5000, 5.0813, -2.1048), (0.5000, 5.3943, -1.0730), (0.0000, 5.0000, 0.0000), (0.0000, 4.9752, 0.4978), (0.0000, 4.9009, 0.9907), (0.0000, 4.7779, 1.4738), (0.0000, 4.6074, 1.9422), (0.0000, 4.3911, 2.3913), (0.0000, 4.1312, 2.8166), (0.0000, 3.8302, 3.2139), (0.0000, 3.4912, 3.5793), (0.0000, 3.1174, 3.9092), (0.0000, 2.7127, 4.2001), (0.0000, 2.2811, 4.4494), (0.0000, 1.8267, 4.6544), (0.0000, 1.3542, 4.8131), (0.0000, 0.8682, 4.9240), (0.0000, 0.3737, 4.9860), (0.0000, -0.1247, 4.9984), (0.0000, -0.6217, 4.9612), (0.0000, -1.1126, 4.8746), (0.0000, -1.5924, 4.7396), (0.0000, -2.0564, 4.5575), (0.0000, -2.5000, 4.3301), (0.0000, -2.9187, 4.0597), (0.0000, -3.3084, 3.7489), (0.0000, -3.6653, 3.4009), (0.0000, -3.9857, 3.0190), (0.0000, -4.2665, 2.6072), (0.0000, -4.5048, 2.1694), (0.0000, -4.6985, 1.7101), (0.0000, -4.8454, 1.2338), (0.0000, -4.9442, 0.7452), (0.0000, -4.9938, 0.2492), (0.0000, -4.9938, -0.2492), (0.0000, -4.9442, -0.7452), (0.0000, -4.8454, -1.2338), (0.0000, -4.6985, -1.7101), (0.0000, -4.5048, -2.1694), (0.0000, -4.2665, -2.6072), (0.0000, -3.9857, -3.0190), (0.0000, -3.6653, -3.4009), (0.0000, -3.3084, -3.7489), (0.0000, -2.9187, -4.0597), (0.0000, -2.5000, -4.3301), (0.0000, -2.0564, -4.5575), (0.0000, -1.5924, -4.7396), (0.0000, -1.1126, -4.8746), (0.0000, -0.6217, -4.9612), (0.0000, -0.1247, -4.9984), (0.0000, 0.3737, -4.9860), (0.0000, 0.8682, -4.9240), (0.0000, 1.3542, -4.8131), (0.0000, 1.8267, -4.6544), (0.0000, 2.2811, -4.4494), (0.0000, 2.7127, -4.2001), (0.0000, 3.1174, -3.9092), (0.0000, 3.4912, -3.5793), (0.0000, 3.8302, -3.2139), (0.0000, 4.1312, -2.8166), (0.0000, 4.3911, -2.3913), (0.0000, 4.6074, -1.9422), (0.0000, 4.7779, -1.4738), (0.0000, 4.9009, -0.9907), (0.0000, 4.9752, -0.4978), (1.0000, 6.0000, 0.0000), (1.0000, 5.9702, 0.5974), (1.0000, 5.8810, 1.1889), (1.0000, 5.7334, 1.7685), (1.0000, 5.5289, 2.3306), (1.0000, 5.2693, 2.8695), (1.0000, 4.9574, 3.3799), (1.0000, 4.5963, 3.8567), (1.0000, 4.1894, 4.2952), (1.0000, 3.7409, 4.6910), (1.0000, 3.2553, 5.0402), (1.0000, 2.7373, 5.3392), (1.0000, 2.1920, 5.5852), (1.0000, 1.6250, 5.7757), (1.0000, 1.0419, 5.9088), (1.0000, 0.4484, 5.9832), (1.0000, -0.1496, 5.9981), (1.0000, -0.7461, 5.9534), (1.0000, -1.3351, 5.8496), (1.0000, -1.9109, 5.6876), (1.0000, -2.4677, 5.4690), (1.0000, -3.0000, 5.1962), (1.0000, -3.5025, 4.8716), (1.0000, -3.9701, 4.4987), (1.0000, -4.3983, 4.0810), (1.0000, -4.7828, 3.6228), (1.0000, -5.1197, 3.1286), (1.0000, -5.4058, 2.6033), (1.0000, -5.6382, 2.0521), (1.0000, -5.8145, 1.4805), (1.0000, -5.9330, 0.8943), (1.0000, -5.9925, 0.2991), (1.0000, -5.9925, -0.2991), (1.0000, -5.9330, -0.8943), (1.0000, -5.8145, -1.4805), (1.0000, -5.6382, -2.0521), (1.0000, -5.4058, -2.6033), (1.0000, -5.1197, -3.1286), (1.0000, -4.7828, -3.6228), (1.0000, -4.3983, -4.0810), (1.0000, -3.9701, -4.4987), (1.0000, -3.5025, -4.8716), (1.0000, -3.0000, -5.1962), (1.0000, -2.4677, -5.4690), (1.0000, -1.9109, -5.6876), (1.0000, -1.3351, -5.8496), (1.0000, -0.7461, -5.9534), (1.0000, -0.1496, -5.9981), (1.0000, 0.4484, -5.9832), (1.0000, 1.0419, -5.9088), (1.0000, 1.6250, -5.7757), (1.0000, 2.1920, -5.5852), (1.0000, 2.7373, -5.3392), (1.0000, 3.2553, -5.0402), (1.0000, 3.7409, -4.6910), (1.0000, 4.1894, -4.2952), (1.0000, 4.5963, -3.8567), (1.0000, 4.9574, -3.3799), (1.0000, 5.2693, -2.8695), (1.0000, 5.5289, -2.3306), (1.0000, 5.7334, -1.7685), (1.0000, 5.8810, -1.1889), (1.0000, 5.9702, -0.5974), (1.0000, 6.0000, 0.0000), (11.0000, 6.0000, 0.0000), (11.0000, 6.0000, 0.0000), (11.0000, 5.9702, 0.5974), (11.0000, 5.8810, 1.1889), (11.0000, 5.7334, 1.7685), (11.0000, 5.5289, 2.3306), (11.0000, 5.2693, 2.8695), (11.0000, 4.9574, 3.3799), (11.0000, 4.5963, 3.8567), (11.0000, 4.1894, 4.2952), (11.0000, 3.7409, 4.6910), (11.0000, 3.2553, 5.0402), (11.0000, 2.7373, 5.3392), (11.0000, 2.1920, 5.5852), (11.0000, 1.6250, 5.7757), (11.0000, 1.0419, 5.9088), (11.0000, 0.4484, 5.9832), (11.0000, -0.1496, 5.9981), (11.0000, -0.7461, 5.9534), (11.0000, -1.3351, 5.8496), (11.0000, -1.9109, 5.6876), (11.0000, -2.4677, 5.4690), (11.0000, -3.0000, 5.1962), (11.0000, -3.5025, 4.8716), (11.0000, -3.9701, 4.4987), (11.0000, -4.3983, 4.0810), (11.0000, -4.7828, 3.6228), (11.0000, -5.1197, 3.1286), (11.0000, -5.4058, 2.6033), (11.0000, -5.6382, 2.0521), (11.0000, -5.8145, 1.4805), (11.0000, -5.9330, 0.8943), (11.0000, -5.9925, 0.2991), (11.0000, -5.9925, -0.2991), (11.0000, -5.9330, -0.8943), (11.0000, -5.8145, -1.4805), (11.0000, -5.6382, -2.0521), (11.0000, -5.4058, -2.6033), (11.0000, -5.1197, -3.1286), (11.0000, -4.7828, -3.6228), (11.0000, -4.3983, -4.0810), (11.0000, -3.9701, -4.4987), (11.0000, -3.5025, -4.8716), (11.0000, -3.0000, -5.1962), (11.0000, -2.4677, -5.4690), (11.0000, -1.9109, -5.6876), (11.0000, -1.3351, -5.8496), (11.0000, -0.7461, -5.9534), (11.0000, -0.1496, -5.9981), (11.0000, 0.4484, -5.9832), (11.0000, 1.0419, -5.9088), (11.0000, 1.6250, -5.7757), (11.0000, 2.1920, -5.5852), (11.0000, 2.7373, -5.3392), (11.0000, 3.2553, -5.0402), (11.0000, 3.7409, -4.6910), (11.0000, 4.1894, -4.2952), (11.0000, 4.5963, -3.8567), (11.0000, 4.9574, -3.3799), (11.0000, 5.2693, -2.8695), (11.0000, 5.5289, -2.3306), (11.0000, 5.7334, -1.7685), (11.0000, 5.8810, -1.1889), (11.0000, 5.9702, -0.5974), (11.0000, 6.0000, 0.0000), (11.0000, 5.9702, 0.5974), (11.0000, 5.8810, 1.1889), (11.0000, 5.7334, 1.7685), (11.0000, 5.5289, 2.3306), (11.0000, 5.2693, 2.8695), (11.0000, 4.9574, 3.3799), (11.0000, 4.5963, 3.8567), (11.0000, 4.1894, 4.2952), (11.0000, 3.7409, 4.6910), (11.0000, 3.2553, 5.0402), (11.0000, 2.7373, 5.3392), (11.0000, 2.1920, 5.5852), (11.0000, 1.6250, 5.7757), (11.0000, 1.0419, 5.9088), (11.0000, 0.4484, 5.9832), (11.0000, -0.1496, 5.9981), (11.0000, -0.7461, 5.9534), (11.0000, -1.3351, 5.8496), (11.0000, -1.9109, 5.6876), (11.0000, -2.4677, 5.4690), (11.0000, -3.0000, 5.1962), (11.0000, -3.5025, 4.8716), (11.0000, -3.9701, 4.4987), (11.0000, -4.3983, 4.0810), (11.0000, -4.7828, 3.6228), (11.0000, -5.1197, 3.1286), (11.0000, -5.4058, 2.6033), (11.0000, -5.6382, 2.0521), (11.0000, -5.8145, 1.4805), (11.0000, -5.9330, 0.8943), (11.0000, -5.9925, 0.2991), (11.0000, -5.9925, -0.2991), (11.0000, -5.9330, -0.8943), (11.0000, -5.8145, -1.4805), (11.0000, -5.6382, -2.0521), (11.0000, -5.4058, -2.6033), (11.0000, -5.1197, -3.1286), (11.0000, -4.7828, -3.6228), (11.0000, -4.3983, -4.0810), (11.0000, -3.9701, -4.4987), (11.0000, -3.5025, -4.8716), (11.0000, -3.0000, -5.1962), (11.0000, -2.4677, -5.4690), (11.0000, -1.9109, -5.6876), (11.0000, -1.3351, -5.8496), (11.0000, -0.7461, -5.9534), (11.0000, -0.1496, -5.9981), (11.0000, 0.4484, -5.9832), (11.0000, 1.0419, -5.9088), (11.0000, 1.6250, -5.7757), (11.0000, 2.1920, -5.5852), (11.0000, 2.7373, -5.3392), (11.0000, 3.2553, -5.0402), (11.0000, 3.7409, -4.6910), (11.0000, 4.1894, -4.2952), (11.0000, 4.5963, -3.8567), (11.0000, 4.9574, -3.3799), (11.0000, 5.2693, -2.8695), (11.0000, 5.5289, -2.3306), (11.0000, 5.7334, -1.7685), (11.0000, 5.8810, -1.1889), (11.0000, 5.9702, -0.5974), (11.0000, 5.2500, 0.0000), (11.0000, 5.2239, 0.5227), (11.0000, 5.1459, 1.0403), (11.0000, 5.0168, 1.5475), (11.0000, 4.8378, 2.0393), (11.0000, 4.6107, 2.5108), (11.0000, 4.3378, 2.9574), (11.0000, 4.0217, 3.3746), (11.0000, 3.6657, 3.7583), (11.0000, 3.2733, 4.1046), (11.0000, 2.8484, 4.4101), (11.0000, 2.3951, 4.6718), (11.0000, 1.9180, 4.8871), (11.0000, 1.4219, 5.0538), (11.0000, 0.9117, 5.1702), (11.0000, 0.3923, 5.2353), (11.0000, -0.1309, 5.2484), (11.0000, -0.6528, 5.2093), (11.0000, -1.1682, 5.1184), (11.0000, -1.6721, 4.9766), (11.0000, -2.1593, 4.7854), (11.0000, -2.6250, 4.5466), (11.0000, -3.0647, 4.2627), (11.0000, -3.4739, 3.9364), (11.0000, -3.8485, 3.5709), (11.0000, -4.1849, 3.1700), (11.0000, -4.4798, 2.7375), (11.0000, -4.7301, 2.2779), (11.0000, -4.9334, 1.7956), (11.0000, -5.0877, 1.2955), (11.0000, -5.1914, 0.7825), (11.0000, -5.2435, 0.2617), (11.0000, -5.2435, -0.2617), (11.0000, -5.1914, -0.7825), (11.0000, -5.0877, -1.2955), (11.0000, -4.9334, -1.7956), (11.0000, -4.7301, -2.2779), (11.0000, -4.4798, -2.7375), (11.0000, -4.1849, -3.1700), (11.0000, -3.8485, -3.5709), (11.0000, -3.4739, -3.9364), (11.0000, -3.0647, -4.2627), (11.0000, -2.6250, -4.5466), (11.0000, -2.1593, -4.7854), (11.0000, -1.6721, -4.9766), (11.0000, -1.1682, -5.1184), (11.0000, -0.6528, -5.2093), (11.0000, -0.1309, -5.2484), (11.0000, 0.3923, -5.2353), (11.0000, 0.9117, -5.1702), (11.0000, 1.4219, -5.0538), (11.0000, 1.9180, -4.8871), (11.0000, 2.3951, -4.6718), (11.0000, 2.8484, -4.4101), (11.0000, 3.2733, -4.1046), (11.0000, 3.6657, -3.7583), (11.0000, 4.0217, -3.3746), (11.0000, 4.3378, -2.9574), (11.0000, 4.6107, -2.5108), (11.0000, 4.8378, -2.0393), (11.0000, 5.0168, -1.5475), (11.0000, 5.1459, -1.0403), (11.0000, 5.2239, -0.5227), (11.0000, 5.2500, 0.0000), (11.0000, 5.2239, 0.5227), (11.0000, 5.1459, 1.0403), (11.0000, 5.0168, 1.5475), (11.0000, 4.8378, 2.0393), (11.0000, 4.6107, 2.5108), (11.0000, 4.3378, 2.9574), (11.0000, 4.0217, 3.3746), (11.0000, 3.6657, 3.7583), (11.0000, 3.2733, 4.1046), (11.0000, 2.8484, 4.4101), (11.0000, 2.3951, 4.6718), (11.0000, 1.9180, 4.8871), (11.0000, 1.4219, 5.0538), (11.0000, 0.9117, 5.1702), (11.0000, 0.3923, 5.2353), (11.0000, -0.1309, 5.2484), (11.0000, -0.6528, 5.2093), (11.0000, -1.1682, 5.1184), (11.0000, -1.6721, 4.9766), (11.0000, -2.1593, 4.7854), (11.0000, -2.6250, 4.5466), (11.0000, -3.0647, 4.2627), (11.0000, -3.4739, 3.9364), (11.0000, -3.8485, 3.5709), (11.0000, -4.1849, 3.1700), (11.0000, -4.4798, 2.7375), (11.0000, -4.7301, 2.2779), (11.0000, -4.9334, 1.7956), (11.0000, -5.0877, 1.2955), (11.0000, -5.1914, 0.7825), (11.0000, -5.2435, 0.2617), (11.0000, -5.2435, -0.2617), (11.0000, -5.1914, -0.7825), (11.0000, -5.0877, -1.2955), (11.0000, -4.9334, -1.7956), (11.0000, -4.7301, -2.2779), (11.0000, -4.4798, -2.7375), (11.0000, -4.1849, -3.1700), (11.0000, -3.8485, -3.5709), (11.0000, -3.4739, -3.9364), (11.0000, -3.0647, -4.2627), (11.0000, -2.6250, -4.5466), (11.0000, -2.1593, -4.7854), (11.0000, -1.6721, -4.9766), (11.0000, -1.1682, -5.1184), (11.0000, -0.6528, -5.2093), (11.0000, -0.1309, -5.2484), (11.0000, 0.3923, -5.2353), (11.0000, 0.9117, -5.1702), (11.0000, 1.4219, -5.0538), (11.0000, 1.9180, -4.8871), (11.0000, 2.3951, -4.6718), (11.0000, 2.8484, -4.4101), (11.0000, 3.2733, -4.1046), (11.0000, 3.6657, -3.7583), (11.0000, 4.0217, -3.3746), (11.0000, 4.3378, -2.9574), (11.0000, 4.6107, -2.5108), (11.0000, 4.8378, -2.0393), (11.0000, 5.0168, -1.5475), (11.0000, 5.1459, -1.0403), (11.0000, 5.2239, -0.5227), (11.0000, 5.2500, 0.0000), (14.0000, 5.2500, 0.0000), (14.0000, 5.2500, 0.0000), (14.0000, 5.2239, 0.5227), (14.0000, 5.1459, 1.0403), (14.0000, 5.0168, 1.5475), (14.0000, 4.8378, 2.0393), (14.0000, 4.6107, 2.5108), (14.0000, 4.3378, 2.9574), (14.0000, 4.0217, 3.3746), (14.0000, 3.6657, 3.7583), (14.0000, 3.2733, 4.1046), (14.0000, 2.8484, 4.4101), (14.0000, 2.3951, 4.6718), (14.0000, 1.9180, 4.8871), (14.0000, 1.4219, 5.0538), (14.0000, 0.9117, 5.1702), (14.0000, 0.3923, 5.2353), (14.0000, -0.1309, 5.2484), (14.0000, -0.6528, 5.2093), (14.0000, -1.1682, 5.1184), (14.0000, -1.6721, 4.9766), (14.0000, -2.1593, 4.7854), (14.0000, -2.6250, 4.5466), (14.0000, -3.0647, 4.2627), (14.0000, -3.4739, 3.9364), (14.0000, -3.8485, 3.5709), (14.0000, -4.1849, 3.1700), (14.0000, -4.4798, 2.7375), (14.0000, -4.7301, 2.2779), (14.0000, -4.9334, 1.7956), (14.0000, -5.0877, 1.2955), (14.0000, -5.1914, 0.7825), (14.0000, -5.2435, 0.2617), (14.0000, -5.2435, -0.2617), (14.0000, -5.1914, -0.7825), (14.0000, -5.0877, -1.2955), (14.0000, -4.9334, -1.7956), (14.0000, -4.7301, -2.2779), (14.0000, -4.4798, -2.7375), (14.0000, -4.1849, -3.1700), (14.0000, -3.8485, -3.5709), (14.0000, -3.4739, -3.9364), (14.0000, -3.0647, -4.2627), (14.0000, -2.6250, -4.5466), (14.0000, -2.1593, -4.7854), (14.0000, -1.6721, -4.9766), (14.0000, -1.1682, -5.1184), (14.0000, -0.6528, -5.2093), (14.0000, -0.1309, -5.2484), (14.0000, 0.3923, -5.2353), (14.0000, 0.9117, -5.1702), (14.0000, 1.4219, -5.0538), (14.0000, 1.9180, -4.8871), (14.0000, 2.3951, -4.6718), (14.0000, 2.8484, -4.4101), (14.0000, 3.2733, -4.1046), (14.0000, 3.6657, -3.7583), (14.0000, 4.0217, -3.3746), (14.0000, 4.3378, -2.9574), (14.0000, 4.6107, -2.5108), (14.0000, 4.8378, -2.0393), (14.0000, 5.0168, -1.5475), (14.0000, 5.1459, -1.0403), (14.0000, 5.2239, -0.5227), (14.0000, 7.0000, 0.0000), (14.0000, 6.9652, 0.6970), (14.0000, 6.8612, 1.3870), (14.0000, 6.6890, 2.0633), (14.0000, 6.4503, 2.7190), (14.0000, 6.1476, 3.3478), (14.0000, 5.7837, 3.9432), (14.0000, 5.3623, 4.4995), (14.0000, 4.8877, 5.0111), (14.0000, 4.3644, 5.4728), (14.0000, 3.7978, 5.8802), (14.0000, 3.1935, 6.2291), (14.0000, 2.5574, 6.5161), (14.0000, 1.8959, 6.7384), (14.0000, 1.2155, 6.8937), (14.0000, 0.5231, 6.9804), (14.0000, -0.1745, 6.9978), (14.0000, -0.8704, 6.9457), (14.0000, -1.5576, 6.8245), (14.0000, -2.2294, 6.6355), (14.0000, -2.8790, 6.3805), (14.0000, -3.5000, 6.0622), (14.0000, -4.0862, 5.6836), (14.0000, -4.6318, 5.2485), (14.0000, -5.1314, 4.7612), (14.0000, -5.5799, 4.2266), (14.0000, -5.9730, 3.6500), (14.0000, -6.3068, 3.0372), (14.0000, -6.5778, 2.3941), (14.0000, -6.7835, 1.7273), (14.0000, -6.9218, 1.0433), (14.0000, -6.9913, 0.3489), (14.0000, -6.9913, -0.3489), (14.0000, -6.9218, -1.0433), (14.0000, -6.7835, -1.7273), (14.0000, -6.5778, -2.3941), (14.0000, -6.3068, -3.0372), (14.0000, -5.9730, -3.6500), (14.0000, -5.5799, -4.2266), (14.0000, -5.1314, -4.7612), (14.0000, -4.6318, -5.2485), (14.0000, -4.0862, -5.6836), (14.0000, -3.5000, -6.0622), (14.0000, -2.8790, -6.3805), (14.0000, -2.2294, -6.6355), (14.0000, -1.5576, -6.8245), (14.0000, -0.8704, -6.9457), (14.0000, -0.1745, -6.9978), (14.0000, 0.5231, -6.9804), (14.0000, 1.2155, -6.8937), (14.0000, 1.8959, -6.7384), (14.0000, 2.5574, -6.5161), (14.0000, 3.1935, -6.2291), (14.0000, 3.7978, -5.8802), (14.0000, 4.3644, -5.4728), (14.0000, 4.8877, -5.0111), (14.0000, 5.3623, -4.4995), (14.0000, 5.7837, -3.9432), (14.0000, 6.1476, -3.3478), (14.0000, 6.4503, -2.7190), (14.0000, 6.6890, -2.0633), (14.0000, 6.8612, -1.3870), (14.0000, 6.9652, -0.6970), (14.0000, 5.2500, 0.0000), (14.0000, 5.2239, 0.5227), (14.0000, 5.1459, 1.0403), (14.0000, 5.0168, 1.5475), (14.0000, 4.8378, 2.0393), (14.0000, 4.6107, 2.5108), (14.0000, 4.3378, 2.9574), (14.0000, 4.0217, 3.3746), (14.0000, 3.6657, 3.7583), (14.0000, 3.2733, 4.1046), (14.0000, 2.8484, 4.4101), (14.0000, 2.3951, 4.6718), (14.0000, 1.9180, 4.8871), (14.0000, 1.4219, 5.0538), (14.0000, 0.9117, 5.1702), (14.0000, 0.3923, 5.2353), (14.0000, -0.1309, 5.2484), (14.0000, -0.6528, 5.2093), (14.0000, -1.1682, 5.1184), (14.0000, -1.6721, 4.9766), (14.0000, -2.1593, 4.7854), (14.0000, -2.6250, 4.5466), (14.0000, -3.0647, 4.2627), (14.0000, -3.4739, 3.9364), (14.0000, -3.8485, 3.5709), (14.0000, -4.1849, 3.1700), (14.0000, -4.4798, 2.7375), (14.0000, -4.7301, 2.2779), (14.0000, -4.9334, 1.7956), (14.0000, -5.0877, 1.2955), (14.0000, -5.1914, 0.7825), (14.0000, -5.2435, 0.2617), (14.0000, -5.2435, -0.2617), (14.0000, -5.1914, -0.7825), (14.0000, -5.0877, -1.2955), (14.0000, -4.9334, -1.7956), (14.0000, -4.7301, -2.2779), (14.0000, -4.4798, -2.7375), (14.0000, -4.1849, -3.1700), (14.0000, -3.8485, -3.5709), (14.0000, -3.4739, -3.9364), (14.0000, -3.0647, -4.2627), (14.0000, -2.6250, -4.5466), (14.0000, -2.1593, -4.7854), (14.0000, -1.6721, -4.9766), (14.0000, -1.1682, -5.1184), (14.0000, -0.6528, -5.2093), (14.0000, -0.1309, -5.2484), (14.0000, 0.3923, -5.2353), (14.0000, 0.9117, -5.1702), (14.0000, 1.4219, -5.0538), (14.0000, 1.9180, -4.8871), (14.0000, 2.3951, -4.6718), (14.0000, 2.8484, -4.4101), (14.0000, 3.2733, -4.1046), (14.0000, 3.6657, -3.7583), (14.0000, 4.0217, -3.3746), (14.0000, 4.3378, -2.9574), (14.0000, 4.6107, -2.5108), (14.0000, 4.8378, -2.0393), (14.0000, 5.0168, -1.5475), (14.0000, 5.1459, -1.0403), (14.0000, 5.2239, -0.5227), (14.0000, 7.0000, 0.0000), (14.0000, 6.9652, 0.6970), (14.0000, 6.8612, 1.3870), (14.0000, 6.6890, 2.0633), (14.0000, 6.4503, 2.7190), (14.0000, 6.1476, 3.3478), (14.0000, 5.7837, 3.9432), (14.0000, 5.3623, 4.4995), (14.0000, 4.8877, 5.0111), (14.0000, 4.3644, 5.4728), (14.0000, 3.7978, 5.8802), (14.0000, 3.1935, 6.2291), (14.0000, 2.5574, 6.5161), (14.0000, 1.8959, 6.7384), (14.0000, 1.2155, 6.8937), (14.0000, 0.5231, 6.9804), (14.0000, -0.1745, 6.9978), (14.0000, -0.8704, 6.9457), (14.0000, -1.5576, 6.8245), (14.0000, -2.2294, 6.6355), (14.0000, -2.8790, 6.3805), (14.0000, -3.5000, 6.0622), (14.0000, -4.0862, 5.6836), (14.0000, -4.6318, 5.2485), (14.0000, -5.1314, 4.7612), (14.0000, -5.5799, 4.2266), (14.0000, -5.9730, 3.6500), (14.0000, -6.3068, 3.0372), (14.0000, -6.5778, 2.3941), (14.0000, -6.7835, 1.7273), (14.0000, -6.9218, 1.0433), (14.0000, -6.9913, 0.3489), (14.0000, -6.9913, -0.3489), (14.0000, -6.9218, -1.0433), (14.0000, -6.7835, -1.7273), (14.0000, -6.5778, -2.3941), (14.0000, -6.3068, -3.0372), (14.0000, -5.9730, -3.6500), (14.0000, -5.5799, -4.2266), (14.0000, -5.1314, -4.7612), (14.0000, -4.6318, -5.2485), (14.0000, -4.0862, -5.6836), (14.0000, -3.5000, -6.0622), (14.0000, -2.8790, -6.3805), (14.0000, -2.2294, -6.6355), (14.0000, -1.5576, -6.8245), (14.0000, -0.8704, -6.9457), (14.0000, -0.1745, -6.9978), (14.0000, 0.5231, -6.9804), (14.0000, 1.2155, -6.8937), (14.0000, 1.8959, -6.7384), (14.0000, 2.5574, -6.5161), (14.0000, 3.1935, -6.2291), (14.0000, 3.7978, -5.8802), (14.0000, 4.3644, -5.4728), (14.0000, 4.8877, -5.0111), (14.0000, 5.3623, -4.4995), (14.0000, 5.7837, -3.9432), (14.0000, 6.1476, -3.3478), (14.0000, 6.4503, -2.7190), (14.0000, 6.6890, -2.0633), (14.0000, 6.8612, -1.3870), (14.0000, 6.9652, -0.6970), (14.0000, 7.0000, 0.0000), (21.5000, 7.0000, 0.0000), (21.5000, 7.0000, 0.0000), (21.5000, 6.9652, 0.6970), (21.5000, 6.8612, 1.3870), (21.5000, 6.6890, 2.0633), (21.5000, 6.4503, 2.7190), (21.5000, 6.1476, 3.3478), (21.5000, 5.7837, 3.9432), (21.5000, 5.3623, 4.4995), (21.5000, 4.8877, 5.0111), (21.5000, 4.3644, 5.4728), (21.5000, 3.7978, 5.8802), (21.5000, 3.1935, 6.2291), (21.5000, 2.5574, 6.5161), (21.5000, 1.8959, 6.7384), (21.5000, 1.2155, 6.8937), (21.5000, 0.5231, 6.9804), (21.5000, -0.1745, 6.9978), (21.5000, -0.8704, 6.9457), (21.5000, -1.5576, 6.8245), (21.5000, -2.2294, 6.6355), (21.5000, -2.8790, 6.3805), (21.5000, -3.5000, 6.0622), (21.5000, -4.0862, 5.6836), (21.5000, -4.6318, 5.2485), (21.5000, -5.1314, 4.7612), (21.5000, -5.5799, 4.2266), (21.5000, -5.9730, 3.6500), (21.5000, -6.3068, 3.0372), (21.5000, -6.5778, 2.3941), (21.5000, -6.7835, 1.7273), (21.5000, -6.9218, 1.0433), (21.5000, -6.9913, 0.3489), (21.5000, -6.9913, -0.3489), (21.5000, -6.9218, -1.0433), (21.5000, -6.7835, -1.7273), (21.5000, -6.5778, -2.3941), (21.5000, -6.3068, -3.0372), (21.5000, -5.9730, -3.6500), (21.5000, -5.5799, -4.2266), (21.5000, -5.1314, -4.7612), (21.5000, -4.6318, -5.2485), (21.5000, -4.0862, -5.6836), (21.5000, -3.5000, -6.0622), (21.5000, -2.8790, -6.3805), (21.5000, -2.2294, -6.6355), (21.5000, -1.5576, -6.8245), (21.5000, -0.8704, -6.9457), (21.5000, -0.1745, -6.9978), (21.5000, 0.5231, -6.9804), (21.5000, 1.2155, -6.8937), (21.5000, 1.8959, -6.7384), (21.5000, 2.5574, -6.5161), (21.5000, 3.1935, -6.2291), (21.5000, 3.7978, -5.8802), (21.5000, 4.3644, -5.4728), (21.5000, 4.8877, -5.0111), (21.5000, 5.3623, -4.4995), (21.5000, 5.7837, -3.9432), (21.5000, 6.1476, -3.3478), (21.5000, 6.4503, -2.7190), (21.5000, 6.6890, -2.0633), (21.5000, 6.8612, -1.3870), (21.5000, 6.9652, -0.6970), (21.5000, 7.0000, 0.0000), (21.5000, 6.9652, 0.6970), (21.5000, 6.8612, 1.3870), (21.5000, 6.6890, 2.0633), (21.5000, 6.4503, 2.7190), (21.5000, 6.1476, 3.3478), (21.5000, 5.7837, 3.9432), (21.5000, 5.3623, 4.4995), (21.5000, 4.8877, 5.0111), (21.5000, 4.3644, 5.4728), (21.5000, 3.7978, 5.8802), (21.5000, 3.1935, 6.2291), (21.5000, 2.5574, 6.5161), (21.5000, 1.8959, 6.7384), (21.5000, 1.2155, 6.8937), (21.5000, 0.5231, 6.9804), (21.5000, -0.1745, 6.9978), (21.5000, -0.8704, 6.9457), (21.5000, -1.5576, 6.8245), (21.5000, -2.2294, 6.6355), (21.5000, -2.8790, 6.3805), (21.5000, -3.5000, 6.0622), (21.5000, -4.0862, 5.6836), (21.5000, -4.6318, 5.2485), (21.5000, -5.1314, 4.7612), (21.5000, -5.5799, 4.2266), (21.5000, -5.9730, 3.6500), (21.5000, -6.3068, 3.0372), (21.5000, -6.5778, 2.3941), (21.5000, -6.7835, 1.7273), (21.5000, -6.9218, 1.0433), (21.5000, -6.9913, 0.3489), (21.5000, -6.9913, -0.3489), (21.5000, -6.9218, -1.0433), (21.5000, -6.7835, -1.7273), (21.5000, -6.5778, -2.3941), (21.5000, -6.3068, -3.0372), (21.5000, -5.9730, -3.6500), (21.5000, -5.5799, -4.2266), (21.5000, -5.1314, -4.7612), (21.5000, -4.6318, -5.2485), (21.5000, -4.0862, -5.6836), (21.5000, -3.5000, -6.0622), (21.5000, -2.8790, -6.3805), (21.5000, -2.2294, -6.6355), (21.5000, -1.5576, -6.8245), (21.5000, -0.8704, -6.9457), (21.5000, -0.1745, -6.9978), (21.5000, 0.5231, -6.9804), (21.5000, 1.2155, -6.8937), (21.5000, 1.8959, -6.7384), (21.5000, 2.5574, -6.5161), (21.5000, 3.1935, -6.2291), (21.5000, 3.7978, -5.8802), (21.5000, 4.3644, -5.4728), (21.5000, 4.8877, -5.0111), (21.5000, 5.3623, -4.4995), (21.5000, 5.7837, -3.9432), (21.5000, 6.1476, -3.3478), (21.5000, 6.4503, -2.7190), (21.5000, 6.6890, -2.0633), (21.5000, 6.8612, -1.3870), (21.5000, 6.9652, -0.6970), (21.5000, 7.0000, 0.0000), (21.5782, 7.0062, 0.0000), (21.5782, 7.0062, 0.0000), (21.5782, 6.9713, 0.6976), (21.5782, 6.8672, 1.3882), (21.5782, 6.6949, 2.0651), (21.5782, 6.4560, 2.7214), (21.5782, 6.1530, 3.3507), (21.5782, 5.7888, 3.9467), (21.5782, 5.3670, 4.5035), (21.5782, 4.8920, 5.0155), (21.5782, 4.3683, 5.4776), (21.5782, 3.8012, 5.8854), (21.5782, 3.1963, 6.2346), (21.5782, 2.5596, 6.5218), (21.5782, 1.8976, 6.7443), (21.5782, 1.2166, 6.8997), (21.5782, 0.5236, 6.9866), (21.5782, -0.1747, 7.0040), (21.5782, -0.8712, 6.9518), (21.5782, -1.5590, 6.8305), (21.5782, -2.2314, 6.6413), (21.5782, -2.8815, 6.3862), (21.5782, -3.5031, 6.0675), (21.5782, -4.0898, 5.6886), (21.5782, -4.6359, 5.2531), (21.5782, -5.1359, 4.7654), (21.5782, -5.5848, 4.2303), (21.5782, -5.9783, 3.6533), (21.5782, -6.3123, 3.0399), (21.5782, -6.5836, 2.3962), (21.5782, -6.7895, 1.7288), (21.5782, -6.9279, 1.0442), (21.5782, -6.9974, 0.3492), (21.5782, -6.9974, -0.3492), (21.5782, -6.9279, -1.0442), (21.5782, -6.7895, -1.7288), (21.5782, -6.5836, -2.3962), (21.5782, -6.3123, -3.0399), (21.5782, -5.9783, -3.6533), (21.5782, -5.5848, -4.2303), (21.5782, -5.1359, -4.7654), (21.5782, -4.6359, -5.2531), (21.5782, -4.0898, -5.6886), (21.5782, -3.5031, -6.0675), (21.5782, -2.8815, -6.3862), (21.5782, -2.2314, -6.6413), (21.5782, -1.5590, -6.8305), (21.5782, -0.8712, -6.9518), (21.5782, -0.1747, -7.0040), (21.5782, 0.5236, -6.9866), (21.5782, 1.2166, -6.8997), (21.5782, 1.8976, -6.7443), (21.5782, 2.5596, -6.5218), (21.5782, 3.1963, -6.2346), (21.5782, 3.8012, -5.8854), (21.5782, 4.3683, -5.4776), (21.5782, 4.8920, -5.0155), (21.5782, 5.3670, -4.5035), (21.5782, 5.7888, -3.9467), (21.5782, 6.1530, -3.3507), (21.5782, 6.4560, -2.7214), (21.5782, 6.6949, -2.0651), (21.5782, 6.8672, -1.3882), (21.5782, 6.9713, -0.6976), (21.5782, 7.0062, 0.0000), (21.5782, 6.9713, 0.6976), (21.5782, 6.8672, 1.3882), (21.5782, 6.6949, 2.0651), (21.5782, 6.4560, 2.7214), (21.5782, 6.1530, 3.3507), (21.5782, 5.7888, 3.9467), (21.5782, 5.3670, 4.5035), (21.5782, 4.8920, 5.0155), (21.5782, 4.3683, 5.4776), (21.5782, 3.8012, 5.8854), (21.5782, 3.1963, 6.2346), (21.5782, 2.5596, 6.5218), (21.5782, 1.8976, 6.7443), (21.5782, 1.2166, 6.8997), (21.5782, 0.5236, 6.9866), (21.5782, -0.1747, 7.0040), (21.5782, -0.8712, 6.9518), (21.5782, -1.5590, 6.8305), (21.5782, -2.2314, 6.6413), (21.5782, -2.8815, 6.3862), (21.5782, -3.5031, 6.0675), (21.5782, -4.0898, 5.6886), (21.5782, -4.6359, 5.2531), (21.5782, -5.1359, 4.7654), (21.5782, -5.5848, 4.2303), (21.5782, -5.9783, 3.6533), (21.5782, -6.3123, 3.0399), (21.5782, -6.5836, 2.3962), (21.5782, -6.7895, 1.7288), (21.5782, -6.9279, 1.0442), (21.5782, -6.9974, 0.3492), (21.5782, -6.9974, -0.3492), (21.5782, -6.9279, -1.0442), (21.5782, -6.7895, -1.7288), (21.5782, -6.5836, -2.3962), (21.5782, -6.3123, -3.0399), (21.5782, -5.9783, -3.6533), (21.5782, -5.5848, -4.2303), (21.5782, -5.1359, -4.7654), (21.5782, -4.6359, -5.2531), (21.5782, -4.0898, -5.6886), (21.5782, -3.5031, -6.0675), (21.5782, -2.8815, -6.3862), (21.5782, -2.2314, -6.6413), (21.5782, -1.5590, -6.8305), (21.5782, -0.8712, -6.9518), (21.5782, -0.1747, -7.0040), (21.5782, 0.5236, -6.9866), (21.5782, 1.2166, -6.8997), (21.5782, 1.8976, -6.7443), (21.5782, 2.5596, -6.5218), (21.5782, 3.1963, -6.2346), (21.5782, 3.8012, -5.8854), (21.5782, 4.3683, -5.4776), (21.5782, 4.8920, -5.0155), (21.5782, 5.3670, -4.5035), (21.5782, 5.7888, -3.9467), (21.5782, 6.1530, -3.3507), (21.5782, 6.4560, -2.7214), (21.5782, 6.6949, -2.0651), (21.5782, 6.8672, -1.3882), (21.5782, 6.9713, -0.6976), (21.5782, 7.0062, 0.0000), (21.6545, 7.0245, 0.0000), (21.6545, 7.0245, 0.0000), (21.6545, 6.9896, 0.6994), (21.6545, 6.8852, 1.3919), (21.6545, 6.7124, 2.0705), (21.6545, 6.4729, 2.7285), (21.6545, 6.1690, 3.3595), (21.6545, 5.8039, 3.9570), (21.6545, 5.3811, 4.5152), (21.6545, 4.9047, 5.0286), (21.6545, 4.3797, 5.4920), (21.6545, 3.8111, 5.9007), (21.6545, 3.2046, 6.2509), (21.6545, 2.5663, 6.5389), (21.6545, 1.9025, 6.7619), (21.6545, 1.2198, 6.9178), (21.6545, 0.5249, 7.0048), (21.6545, -0.1751, 7.0223), (21.6545, -0.8734, 6.9700), (21.6545, -1.5631, 6.8484), (21.6545, -2.2372, 6.6587), (21.6545, -2.8891, 6.4028), (21.6545, -3.5122, 6.0834), (21.6545, -4.1005, 5.7034), (21.6545, -4.6480, 5.2668), (21.6545, -5.1493, 4.7779), (21.6545, -5.5994, 4.2414), (21.6545, -5.9939, 3.6628), (21.6545, -6.3288, 3.0478), (21.6545, -6.6008, 2.4025), (21.6545, -6.8073, 1.7333), (21.6545, -6.9460, 1.0469), (21.6545, -7.0157, 0.3501), (21.6545, -7.0157, -0.3501), (21.6545, -6.9460, -1.0469), (21.6545, -6.8073, -1.7333), (21.6545, -6.6008, -2.4025), (21.6545, -6.3288, -3.0478), (21.6545, -5.9939, -3.6628), (21.6545, -5.5994, -4.2414), (21.6545, -5.1493, -4.7779), (21.6545, -4.6480, -5.2668), (21.6545, -4.1005, -5.7034), (21.6545, -3.5122, -6.0834), (21.6545, -2.8891, -6.4028), (21.6545, -2.2372, -6.6587), (21.6545, -1.5631, -6.8484), (21.6545, -0.8734, -6.9700), (21.6545, -0.1751, -7.0223), (21.6545, 0.5249, -7.0048), (21.6545, 1.2198, -6.9178), (21.6545, 1.9025, -6.7619), (21.6545, 2.5663, -6.5389), (21.6545, 3.2046, -6.2509), (21.6545, 3.8111, -5.9007), (21.6545, 4.3797, -5.4920), (21.6545, 4.9047, -5.0286), (21.6545, 5.3811, -4.5152), (21.6545, 5.8039, -3.9570), (21.6545, 6.1690, -3.3595), (21.6545, 6.4729, -2.7285), (21.6545, 6.7124, -2.0705), (21.6545, 6.8852, -1.3919), (21.6545, 6.9896, -0.6994), (21.6545, 7.0245, 0.0000), (21.6545, 6.9896, 0.6994), (21.6545, 6.8852, 1.3919), (21.6545, 6.7124, 2.0705), (21.6545, 6.4729, 2.7285), (21.6545, 6.1690, 3.3595), (21.6545, 5.8039, 3.9570), (21.6545, 5.3811, 4.5152), (21.6545, 4.9047, 5.0286), (21.6545, 4.3797, 5.4920), (21.6545, 3.8111, 5.9007), (21.6545, 3.2046, 6.2509), (21.6545, 2.5663, 6.5389), (21.6545, 1.9025, 6.7619), (21.6545, 1.2198, 6.9178), (21.6545, 0.5249, 7.0048), (21.6545, -0.1751, 7.0223), (21.6545, -0.8734, 6.9700), (21.6545, -1.5631, 6.8484), (21.6545, -2.2372, 6.6587), (21.6545, -2.8891, 6.4028), (21.6545, -3.5122, 6.0834), (21.6545, -4.1005, 5.7034), (21.6545, -4.6480, 5.2668), (21.6545, -5.1493, 4.7779), (21.6545, -5.5994, 4.2414), (21.6545, -5.9939, 3.6628), (21.6545, -6.3288, 3.0478), (21.6545, -6.6008, 2.4025), (21.6545, -6.8073, 1.7333), (21.6545, -6.9460, 1.0469), (21.6545, -7.0157, 0.3501), (21.6545, -7.0157, -0.3501), (21.6545, -6.9460, -1.0469), (21.6545, -6.8073, -1.7333), (21.6545, -6.6008, -2.4025), (21.6545, -6.3288, -3.0478), (21.6545, -5.9939, -3.6628), (21.6545, -5.5994, -4.2414), (21.6545, -5.1493, -4.7779), (21.6545, -4.6480, -5.2668), (21.6545, -4.1005, -5.7034), (21.6545, -3.5122, -6.0834), (21.6545, -2.8891, -6.4028), (21.6545, -2.2372, -6.6587), (21.6545, -1.5631, -6.8484), (21.6545, -0.8734, -6.9700), (21.6545, -0.1751, -7.0223), (21.6545, 0.5249, -7.0048), (21.6545, 1.2198, -6.9178), (21.6545, 1.9025, -6.7619), (21.6545, 2.5663, -6.5389), (21.6545, 3.2046, -6.2509), (21.6545, 3.8111, -5.9007), (21.6545, 4.3797, -5.4920), (21.6545, 4.9047, -5.0286), (21.6545, 5.3811, -4.5152), (21.6545, 5.8039, -3.9570), (21.6545, 6.1690, -3.3595), (21.6545, 6.4729, -2.7285), (21.6545, 6.7124, -2.0705), (21.6545, 6.8852, -1.3919), (21.6545, 6.9896, -0.6994), (21.6545, 7.0245, 0.0000), (21.7270, 7.0545, 0.0000), (21.7270, 7.0545, 0.0000), (21.7270, 7.0194, 0.7024), (21.7270, 6.9146, 1.3978), (21.7270, 6.7411, 2.0793), (21.7270, 6.5006, 2.7402), (21.7270, 6.1954, 3.3738), (21.7270, 5.8287, 3.9739), (21.7270, 5.4041, 4.5345), (21.7270, 4.9257, 5.0501), (21.7270, 4.3984, 5.5154), (21.7270, 3.8274, 5.9260), (21.7270, 3.2183, 6.2776), (21.7270, 2.5773, 6.5668), (21.7270, 1.9106, 6.7908), (21.7270, 1.2250, 6.9473), (21.7270, 0.5272, 7.0348), (21.7270, -0.1759, 7.0523), (21.7270, -0.8772, 6.9997), (21.7270, -1.5698, 6.8776), (21.7270, -2.2468, 6.6872), (21.7270, -2.9014, 6.4302), (21.7270, -3.5272, 6.1094), (21.7270, -4.1180, 5.7278), (21.7270, -4.6679, 5.2893), (21.7270, -5.1713, 4.7983), (21.7270, -5.6234, 4.2595), (21.7270, -6.0195, 3.6785), (21.7270, -6.3559, 3.0608), (21.7270, -6.6291, 2.4128), (21.7270, -6.8364, 1.7407), (21.7270, -6.9757, 1.0514), (21.7270, -7.0457, 0.3516), (21.7270, -7.0457, -0.3516), (21.7270, -6.9757, -1.0514), (21.7270, -6.8364, -1.7407), (21.7270, -6.6291, -2.4128), (21.7270, -6.3559, -3.0608), (21.7270, -6.0195, -3.6785), (21.7270, -5.6234, -4.2595), (21.7270, -5.1713, -4.7983), (21.7270, -4.6679, -5.2893), (21.7270, -4.1180, -5.7278), (21.7270, -3.5272, -6.1094), (21.7270, -2.9014, -6.4302), (21.7270, -2.2468, -6.6872), (21.7270, -1.5698, -6.8776), (21.7270, -0.8772, -6.9997), (21.7270, -0.1759, -7.0523), (21.7270, 0.5272, -7.0348), (21.7270, 1.2250, -6.9473), (21.7270, 1.9106, -6.7908), (21.7270, 2.5773, -6.5668), (21.7270, 3.2183, -6.2776), (21.7270, 3.8274, -5.9260), (21.7270, 4.3984, -5.5154), (21.7270, 4.9257, -5.0501), (21.7270, 5.4041, -4.5345), (21.7270, 5.8287, -3.9739), (21.7270, 6.1954, -3.3738), (21.7270, 6.5006, -2.7402), (21.7270, 6.7411, -2.0793), (21.7270, 6.9146, -1.3978), (21.7270, 7.0194, -0.7024), (21.7270, 7.0545, 0.0000), (21.7270, 7.0194, 0.7024), (21.7270, 6.9146, 1.3978), (21.7270, 6.7411, 2.0793), (21.7270, 6.5006, 2.7402), (21.7270, 6.1954, 3.3738), (21.7270, 5.8287, 3.9739), (21.7270, 5.4041, 4.5345), (21.7270, 4.9257, 5.0501), (21.7270, 4.3984, 5.5154), (21.7270, 3.8274, 5.9260), (21.7270, 3.2183, 6.2776), (21.7270, 2.5773, 6.5668), (21.7270, 1.9106, 6.7908), (21.7270, 1.2250, 6.9473), (21.7270, 0.5272, 7.0348), (21.7270, -0.1759, 7.0523), (21.7270, -0.8772, 6.9997), (21.7270, -1.5698, 6.8776), (21.7270, -2.2468, 6.6872), (21.7270, -2.9014, 6.4302), (21.7270, -3.5272, 6.1094), (21.7270, -4.1180, 5.7278), (21.7270, -4.6679, 5.2893), (21.7270, -5.1713, 4.7983), (21.7270, -5.6234, 4.2595), (21.7270, -6.0195, 3.6785), (21.7270, -6.3559, 3.0608), (21.7270, -6.6291, 2.4128), (21.7270, -6.8364, 1.7407), (21.7270, -6.9757, 1.0514), (21.7270, -7.0457, 0.3516), (21.7270, -7.0457, -0.3516), (21.7270, -6.9757, -1.0514), (21.7270, -6.8364, -1.7407), (21.7270, -6.6291, -2.4128), (21.7270, -6.3559, -3.0608), (21.7270, -6.0195, -3.6785), (21.7270, -5.6234, -4.2595), (21.7270, -5.1713, -4.7983), (21.7270, -4.6679, -5.2893), (21.7270, -4.1180, -5.7278), (21.7270, -3.5272, -6.1094), (21.7270, -2.9014, -6.4302), (21.7270, -2.2468, -6.6872), (21.7270, -1.5698, -6.8776), (21.7270, -0.8772, -6.9997), (21.7270, -0.1759, -7.0523), (21.7270, 0.5272, -7.0348), (21.7270, 1.2250, -6.9473), (21.7270, 1.9106, -6.7908), (21.7270, 2.5773, -6.5668), (21.7270, 3.2183, -6.2776), (21.7270, 3.8274, -5.9260), (21.7270, 4.3984, -5.5154), (21.7270, 4.9257, -5.0501), (21.7270, 5.4041, -4.5345), (21.7270, 5.8287, -3.9739), (21.7270, 6.1954, -3.3738), (21.7270, 6.5006, -2.7402), (21.7270, 6.7411, -2.0793), (21.7270, 6.9146, -1.3978), (21.7270, 7.0194, -0.7024), (21.7270, 7.0545, 0.0000), (21.7939, 7.0955, 0.0000), (21.7939, 7.0955, 0.0000), (21.7939, 7.0602, 0.7065), (21.7939, 6.9548, 1.4059), (21.7939, 6.7803, 2.0914), (21.7939, 6.5383, 2.7561), (21.7939, 6.2314, 3.3934), (21.7939, 5.8626, 3.9970), (21.7939, 5.4355, 4.5609), (21.7939, 4.9543, 5.0794), (21.7939, 4.4240, 5.5475), (21.7939, 3.8496, 5.9604), (21.7939, 3.2370, 6.3141), (21.7939, 2.5923, 6.6050), (21.7939, 1.9217, 6.8303), (21.7939, 1.2321, 6.9877), (21.7939, 0.5302, 7.0757), (21.7939, -0.1769, 7.0933), (21.7939, -0.8823, 7.0404), (21.7939, -1.5789, 6.9176), (21.7939, -2.2598, 6.7260), (21.7939, -2.9183, 6.4676), (21.7939, -3.5477, 6.1449), (21.7939, -4.1419, 5.7611), (21.7939, -4.6950, 5.3201), (21.7939, -5.2014, 4.8262), (21.7939, -5.6560, 4.2843), (21.7939, -6.0545, 3.6998), (21.7939, -6.3928, 3.0786), (21.7939, -6.6676, 2.4268), (21.7939, -6.8761, 1.7509), (21.7939, -7.0162, 1.0575), (21.7939, -7.0867, 0.3537), (21.7939, -7.0867, -0.3537), (21.7939, -7.0162, -1.0575), (21.7939, -6.8761, -1.7509), (21.7939, -6.6676, -2.4268), (21.7939, -6.3928, -3.0786), (21.7939, -6.0545, -3.6998), (21.7939, -5.6560, -4.2843), (21.7939, -5.2014, -4.8262), (21.7939, -4.6950, -5.3201), (21.7939, -4.1419, -5.7611), (21.7939, -3.5477, -6.1449), (21.7939, -2.9183, -6.4676), (21.7939, -2.2598, -6.7260), (21.7939, -1.5789, -6.9176), (21.7939, -0.8823, -7.0404), (21.7939, -0.1769, -7.0933), (21.7939, 0.5302, -7.0757), (21.7939, 1.2321, -6.9877), (21.7939, 1.9217, -6.8303), (21.7939, 2.5923, -6.6050), (21.7939, 3.2370, -6.3141), (21.7939, 3.8496, -5.9604), (21.7939, 4.4240, -5.5475), (21.7939, 4.9543, -5.0794), (21.7939, 5.4355, -4.5609), (21.7939, 5.8626, -3.9970), (21.7939, 6.2314, -3.3934), (21.7939, 6.5383, -2.7561), (21.7939, 6.7803, -2.0914), (21.7939, 6.9548, -1.4059), (21.7939, 7.0602, -0.7065), (21.7939, 7.0955, 0.0000), (21.7939, 7.0602, 0.7065), (21.7939, 6.9548, 1.4059), (21.7939, 6.7803, 2.0914), (21.7939, 6.5383, 2.7561), (21.7939, 6.2314, 3.3934), (21.7939, 5.8626, 3.9970), (21.7939, 5.4355, 4.5609), (21.7939, 4.9543, 5.0794), (21.7939, 4.4240, 5.5475), (21.7939, 3.8496, 5.9604), (21.7939, 3.2370, 6.3141), (21.7939, 2.5923, 6.6050), (21.7939, 1.9217, 6.8303), (21.7939, 1.2321, 6.9877), (21.7939, 0.5302, 7.0757), (21.7939, -0.1769, 7.0933), (21.7939, -0.8823, 7.0404), (21.7939, -1.5789, 6.9176), (21.7939, -2.2598, 6.7260), (21.7939, -2.9183, 6.4676), (21.7939, -3.5477, 6.1449), (21.7939, -4.1419, 5.7611), (21.7939, -4.6950, 5.3201), (21.7939, -5.2014, 4.8262), (21.7939, -5.6560, 4.2843), (21.7939, -6.0545, 3.6998), (21.7939, -6.3928, 3.0786), (21.7939, -6.6676, 2.4268), (21.7939, -6.8761, 1.7509), (21.7939, -7.0162, 1.0575), (21.7939, -7.0867, 0.3537), (21.7939, -7.0867, -0.3537), (21.7939, -7.0162, -1.0575), (21.7939, -6.8761, -1.7509), (21.7939, -6.6676, -2.4268), (21.7939, -6.3928, -3.0786), (21.7939, -6.0545, -3.6998), (21.7939, -5.6560, -4.2843), (21.7939, -5.2014, -4.8262), (21.7939, -4.6950, -5.3201), (21.7939, -4.1419, -5.7611), (21.7939, -3.5477, -6.1449), (21.7939, -2.9183, -6.4676), (21.7939, -2.2598, -6.7260), (21.7939, -1.5789, -6.9176), (21.7939, -0.8823, -7.0404), (21.7939, -0.1769, -7.0933), (21.7939, 0.5302, -7.0757), (21.7939, 1.2321, -6.9877), (21.7939, 1.9217, -6.8303), (21.7939, 2.5923, -6.6050), (21.7939, 3.2370, -6.3141), (21.7939, 3.8496, -5.9604), (21.7939, 4.4240, -5.5475), (21.7939, 4.9543, -5.0794), (21.7939, 5.4355, -4.5609), (21.7939, 5.8626, -3.9970), (21.7939, 6.2314, -3.3934), (21.7939, 6.5383, -2.7561), (21.7939, 6.7803, -2.0914), (21.7939, 6.9548, -1.4059), (21.7939, 7.0602, -0.7065), (21.7939, 7.0955, 0.0000), (21.8536, 7.1464, 0.0000), (21.8536, 7.1464, 0.0000), (21.8536, 7.1109, 0.7116), (21.8536, 7.0048, 1.4160), (21.8536, 6.8290, 2.1065), (21.8536, 6.5853, 2.7759), (21.8536, 6.2762, 3.4178), (21.8536, 5.9047, 4.0257), (21.8536, 5.4745, 4.5936), (21.8536, 4.9899, 5.1159), (21.8536, 4.4557, 5.5873), (21.8536, 3.8773, 6.0032), (21.8536, 3.2603, 6.3594), (21.8536, 2.6109, 6.6524), (21.8536, 1.9355, 6.8793), (21.8536, 1.2410, 7.0379), (21.8536, 0.5341, 7.1265), (21.8536, -0.1782, 7.1442), (21.8536, -0.8886, 7.0910), (21.8536, -1.5902, 6.9673), (21.8536, -2.2760, 6.7743), (21.8536, -2.9392, 6.5140), (21.8536, -3.5732, 6.1890), (21.8536, -4.1717, 5.8025), (21.8536, -4.7287, 5.3583), (21.8536, -5.2387, 4.8608), (21.8536, -5.6967, 4.3151), (21.8536, -6.0980, 3.7264), (21.8536, -6.4387, 3.1007), (21.8536, -6.7155, 2.4442), (21.8536, -6.9255, 1.7634), (21.8536, -7.0666, 1.0651), (21.8536, -7.1376, 0.3562), (21.8536, -7.1376, -0.3562), (21.8536, -7.0666, -1.0651), (21.8536, -6.9255, -1.7634), (21.8536, -6.7155, -2.4442), (21.8536, -6.4387, -3.1007), (21.8536, -6.0980, -3.7264), (21.8536, -5.6967, -4.3151), (21.8536, -5.2387, -4.8608), (21.8536, -4.7287, -5.3583), (21.8536, -4.1717, -5.8025), (21.8536, -3.5732, -6.1890), (21.8536, -2.9392, -6.5140), (21.8536, -2.2760, -6.7743), (21.8536, -1.5902, -6.9673), (21.8536, -0.8886, -7.0910), (21.8536, -0.1782, -7.1442), (21.8536, 0.5341, -7.1265), (21.8536, 1.2410, -7.0379), (21.8536, 1.9355, -6.8793), (21.8536, 2.6109, -6.6524), (21.8536, 3.2603, -6.3594), (21.8536, 3.8773, -6.0032), (21.8536, 4.4557, -5.5873), (21.8536, 4.9899, -5.1159), (21.8536, 5.4745, -4.5936), (21.8536, 5.9047, -4.0257), (21.8536, 6.2762, -3.4178), (21.8536, 6.5853, -2.7759), (21.8536, 6.8290, -2.1065), (21.8536, 7.0048, -1.4160), (21.8536, 7.1109, -0.7116), (21.8536, 7.1464, 0.0000), (21.8536, 7.1109, 0.7116), (21.8536, 7.0048, 1.4160), (21.8536, 6.8290, 2.1065), (21.8536, 6.5853, 2.7759), (21.8536, 6.2762, 3.4178), (21.8536, 5.9047, 4.0257), (21.8536, 5.4745, 4.5936), (21.8536, 4.9899, 5.1159), (21.8536, 4.4557, 5.5873), (21.8536, 3.8773, 6.0032), (21.8536, 3.2603, 6.3594), (21.8536, 2.6109, 6.6524), (21.8536, 1.9355, 6.8793), (21.8536, 1.2410, 7.0379), (21.8536, 0.5341, 7.1265), (21.8536, -0.1782, 7.1442), (21.8536, -0.8886, 7.0910), (21.8536, -1.5902, 6.9673), (21.8536, -2.2760, 6.7743), (21.8536, -2.9392, 6.5140), (21.8536, -3.5732, 6.1890), (21.8536, -4.1717, 5.8025), (21.8536, -4.7287, 5.3583), (21.8536, -5.2387, 4.8608), (21.8536, -5.6967, 4.3151), (21.8536, -6.0980, 3.7264), (21.8536, -6.4387, 3.1007), (21.8536, -6.7155, 2.4442), (21.8536, -6.9255, 1.7634), (21.8536, -7.0666, 1.0651), (21.8536, -7.1376, 0.3562), (21.8536, -7.1376, -0.3562), (21.8536, -7.0666, -1.0651), (21.8536, -6.9255, -1.7634), (21.8536, -6.7155, -2.4442), (21.8536, -6.4387, -3.1007), (21.8536, -6.0980, -3.7264), (21.8536, -5.6967, -4.3151), (21.8536, -5.2387, -4.8608), (21.8536, -4.7287, -5.3583), (21.8536, -4.1717, -5.8025), (21.8536, -3.5732, -6.1890), (21.8536, -2.9392, -6.5140), (21.8536, -2.2760, -6.7743), (21.8536, -1.5902, -6.9673), (21.8536, -0.8886, -7.0910), (21.8536, -0.1782, -7.1442), (21.8536, 0.5341, -7.1265), (21.8536, 1.2410, -7.0379), (21.8536, 1.9355, -6.8793), (21.8536, 2.6109, -6.6524), (21.8536, 3.2603, -6.3594), (21.8536, 3.8773, -6.0032), (21.8536, 4.4557, -5.5873), (21.8536, 4.9899, -5.1159), (21.8536, 5.4745, -4.5936), (21.8536, 5.9047, -4.0257), (21.8536, 6.2762, -3.4178), (21.8536, 6.5853, -2.7759), (21.8536, 6.8290, -2.1065), (21.8536, 7.0048, -1.4160), (21.8536, 7.1109, -0.7116), (21.8536, 7.1464, 0.0000), (21.9045, 7.2061, 0.0000), (21.9045, 7.2061, 0.0000), (21.9045, 7.1703, 0.7175), (21.9045, 7.0632, 1.4279), (21.9045, 6.8860, 2.1240), (21.9045, 6.6403, 2.7991), (21.9045, 6.3286, 3.4463), (21.9045, 5.9540, 4.0593), (21.9045, 5.5202, 4.6320), (21.9045, 5.0316, 5.1586), (21.9045, 4.4929, 5.6340), (21.9045, 3.9096, 6.0533), (21.9045, 3.2875, 6.4125), (21.9045, 2.6327, 6.7080), (21.9045, 1.9517, 6.9368), (21.9045, 1.2513, 7.0966), (21.9045, 0.5385, 7.1860), (21.9045, -0.1797, 7.2039), (21.9045, -0.8960, 7.1502), (21.9045, -1.6035, 7.0254), (21.9045, -2.2950, 6.8309), (21.9045, -2.9638, 6.5684), (21.9045, -3.6031, 6.2407), (21.9045, -4.2065, 5.8509), (21.9045, -4.7682, 5.4030), (21.9045, -5.2825, 4.9014), (21.9045, -5.7442, 4.3511), (21.9045, -6.1489, 3.7575), (21.9045, -6.4925, 3.1266), (21.9045, -6.7715, 2.4646), (21.9045, -6.9833, 1.7782), (21.9045, -7.1256, 1.0740), (21.9045, -7.1971, 0.3592), (21.9045, -7.1971, -0.3592), (21.9045, -7.1256, -1.0740), (21.9045, -6.9833, -1.7782), (21.9045, -6.7715, -2.4646), (21.9045, -6.4925, -3.1266), (21.9045, -6.1489, -3.7575), (21.9045, -5.7442, -4.3511), (21.9045, -5.2825, -4.9014), (21.9045, -4.7682, -5.4030), (21.9045, -4.2065, -5.8509), (21.9045, -3.6031, -6.2407), (21.9045, -2.9638, -6.5684), (21.9045, -2.2950, -6.8309), (21.9045, -1.6035, -7.0254), (21.9045, -0.8960, -7.1502), (21.9045, -0.1797, -7.2039), (21.9045, 0.5385, -7.1860), (21.9045, 1.2513, -7.0966), (21.9045, 1.9517, -6.9368), (21.9045, 2.6327, -6.7080), (21.9045, 3.2875, -6.4125), (21.9045, 3.9096, -6.0533), (21.9045, 4.4929, -5.6340), (21.9045, 5.0316, -5.1586), (21.9045, 5.5202, -4.6320), (21.9045, 5.9540, -4.0593), (21.9045, 6.3286, -3.4463), (21.9045, 6.6403, -2.7991), (21.9045, 6.8860, -2.1240), (21.9045, 7.0632, -1.4279), (21.9045, 7.1703, -0.7175), (21.9045, 7.2061, 0.0000), (21.9045, 7.1703, 0.7175), (21.9045, 7.0632, 1.4279), (21.9045, 6.8860, 2.1240), (21.9045, 6.6403, 2.7991), (21.9045, 6.3286, 3.4463), (21.9045, 5.9540, 4.0593), (21.9045, 5.5202, 4.6320), (21.9045, 5.0316, 5.1586), (21.9045, 4.4929, 5.6340), (21.9045, 3.9096, 6.0533), (21.9045, 3.2875, 6.4125), (21.9045, 2.6327, 6.7080), (21.9045, 1.9517, 6.9368), (21.9045, 1.2513, 7.0966), (21.9045, 0.5385, 7.1860), (21.9045, -0.1797, 7.2039), (21.9045, -0.8960, 7.1502), (21.9045, -1.6035, 7.0254), (21.9045, -2.2950, 6.8309), (21.9045, -2.9638, 6.5684), (21.9045, -3.6031, 6.2407), (21.9045, -4.2065, 5.8509), (21.9045, -4.7682, 5.4030), (21.9045, -5.2825, 4.9014), (21.9045, -5.7442, 4.3511), (21.9045, -6.1489, 3.7575), (21.9045, -6.4925, 3.1266), (21.9045, -6.7715, 2.4646), (21.9045, -6.9833, 1.7782), (21.9045, -7.1256, 1.0740), (21.9045, -7.1971, 0.3592), (21.9045, -7.1971, -0.3592), (21.9045, -7.1256, -1.0740), (21.9045, -6.9833, -1.7782), (21.9045, -6.7715, -2.4646), (21.9045, -6.4925, -3.1266), (21.9045, -6.1489, -3.7575), (21.9045, -5.7442, -4.3511), (21.9045, -5.2825, -4.9014), (21.9045, -4.7682, -5.4030), (21.9045, -4.2065, -5.8509), (21.9045, -3.6031, -6.2407), (21.9045, -2.9638, -6.5684), (21.9045, -2.2950, -6.8309), (21.9045, -1.6035, -7.0254), (21.9045, -0.8960, -7.1502), (21.9045, -0.1797, -7.2039), (21.9045, 0.5385, -7.1860), (21.9045, 1.2513, -7.0966), (21.9045, 1.9517, -6.9368), (21.9045, 2.6327, -6.7080), (21.9045, 3.2875, -6.4125), (21.9045, 3.9096, -6.0533), (21.9045, 4.4929, -5.6340), (21.9045, 5.0316, -5.1586), (21.9045, 5.5202, -4.6320), (21.9045, 5.9540, -4.0593), (21.9045, 6.3286, -3.4463), (21.9045, 6.6403, -2.7991), (21.9045, 6.8860, -2.1240), (21.9045, 7.0632, -1.4279), (21.9045, 7.1703, -0.7175), (21.9045, 7.2061, 0.0000), (21.9455, 7.2730, 0.0000), (21.9455, 7.2730, 0.0000), (21.9455, 7.2369, 0.7242), (21.9455, 7.1288, 1.4411), (21.9455, 6.9499, 2.1438), (21.9455, 6.7019, 2.8251), (21.9455, 6.3873, 3.4783), (21.9455, 6.0092, 4.0970), (21.9455, 5.5714, 4.6750), (21.9455, 5.0783, 5.2065), (21.9455, 4.5346, 5.6863), (21.9455, 3.9459, 6.1095), (21.9455, 3.3180, 6.4720), (21.9455, 2.6571, 6.7702), (21.9455, 1.9698, 7.0012), (21.9455, 1.2629, 7.1625), (21.9455, 0.5435, 7.2527), (21.9455, -0.1813, 7.2707), (21.9455, -0.9044, 7.2166), (21.9455, -1.6184, 7.0907), (21.9455, -2.3164, 6.8943), (21.9455, -2.9913, 6.6294), (21.9455, -3.6365, 6.2986), (21.9455, -4.2456, 5.9052), (21.9455, -4.8124, 5.4532), (21.9455, -5.3315, 4.9469), (21.9455, -5.7975, 4.3915), (21.9455, -6.2060, 3.7924), (21.9455, -6.5528, 3.1556), (21.9455, -6.8344, 2.4875), (21.9455, -7.0481, 1.7947), (21.9455, -7.1918, 1.0840), (21.9455, -7.2640, 0.3625), (21.9455, -7.2640, -0.3625), (21.9455, -7.1918, -1.0840), (21.9455, -7.0481, -1.7947), (21.9455, -6.8344, -2.4875), (21.9455, -6.5528, -3.1556), (21.9455, -6.2060, -3.7924), (21.9455, -5.7975, -4.3915), (21.9455, -5.3315, -4.9469), (21.9455, -4.8124, -5.4532), (21.9455, -4.2456, -5.9052), (21.9455, -3.6365, -6.2986), (21.9455, -2.9913, -6.6294), (21.9455, -2.3164, -6.8943), (21.9455, -1.6184, -7.0907), (21.9455, -0.9044, -7.2166), (21.9455, -0.1813, -7.2707), (21.9455, 0.5435, -7.2527), (21.9455, 1.2629, -7.1625), (21.9455, 1.9698, -7.0012), (21.9455, 2.6571, -6.7702), (21.9455, 3.3180, -6.4720), (21.9455, 3.9459, -6.1095), (21.9455, 4.5346, -5.6863), (21.9455, 5.0783, -5.2065), (21.9455, 5.5714, -4.6750), (21.9455, 6.0092, -4.0970), (21.9455, 6.3873, -3.4783), (21.9455, 6.7019, -2.8251), (21.9455, 6.9499, -2.1438), (21.9455, 7.1288, -1.4411), (21.9455, 7.2369, -0.7242), (21.9455, 7.2730, 0.0000), (21.9455, 7.2369, 0.7242), (21.9455, 7.1288, 1.4411), (21.9455, 6.9499, 2.1438), (21.9455, 6.7019, 2.8251), (21.9455, 6.3873, 3.4783), (21.9455, 6.0092, 4.0970), (21.9455, 5.5714, 4.6750), (21.9455, 5.0783, 5.2065), (21.9455, 4.5346, 5.6863), (21.9455, 3.9459, 6.1095), (21.9455, 3.3180, 6.4720), (21.9455, 2.6571, 6.7702), (21.9455, 1.9698, 7.0012), (21.9455, 1.2629, 7.1625), (21.9455, 0.5435, 7.2527), (21.9455, -0.1813, 7.2707), (21.9455, -0.9044, 7.2166), (21.9455, -1.6184, 7.0907), (21.9455, -2.3164, 6.8943), (21.9455, -2.9913, 6.6294), (21.9455, -3.6365, 6.2986), (21.9455, -4.2456, 5.9052), (21.9455, -4.8124, 5.4532), (21.9455, -5.3315, 4.9469), (21.9455, -5.7975, 4.3915), (21.9455, -6.2060, 3.7924), (21.9455, -6.5528, 3.1556), (21.9455, -6.8344, 2.4875), (21.9455, -7.0481, 1.7947), (21.9455, -7.1918, 1.0840), (21.9455, -7.2640, 0.3625), (21.9455, -7.2640, -0.3625), (21.9455, -7.1918, -1.0840), (21.9455, -7.0481, -1.7947), (21.9455, -6.8344, -2.4875), (21.9455, -6.5528, -3.1556), (21.9455, -6.2060, -3.7924), (21.9455, -5.7975, -4.3915), (21.9455, -5.3315, -4.9469), (21.9455, -4.8124, -5.4532), (21.9455, -4.2456, -5.9052), (21.9455, -3.6365, -6.2986), (21.9455, -2.9913, -6.6294), (21.9455, -2.3164, -6.8943), (21.9455, -1.6184, -7.0907), (21.9455, -0.9044, -7.2166), (21.9455, -0.1813, -7.2707), (21.9455, 0.5435, -7.2527), (21.9455, 1.2629, -7.1625), (21.9455, 1.9698, -7.0012), (21.9455, 2.6571, -6.7702), (21.9455, 3.3180, -6.4720), (21.9455, 3.9459, -6.1095), (21.9455, 4.5346, -5.6863), (21.9455, 5.0783, -5.2065), (21.9455, 5.5714, -4.6750), (21.9455, 6.0092, -4.0970), (21.9455, 6.3873, -3.4783), (21.9455, 6.7019, -2.8251), (21.9455, 6.9499, -2.1438), (21.9455, 7.1288, -1.4411), (21.9455, 7.2369, -0.7242), (21.9455, 7.2730, 0.0000), (21.9755, 7.3455, 0.0000), (21.9755, 7.3455, 0.0000), (21.9755, 7.3090, 0.7314), (21.9755, 7.1998, 1.4555), (21.9755, 7.0192, 2.1651), (21.9755, 6.7687, 2.8532), (21.9755, 6.4510, 3.5130), (21.9755, 6.0691, 4.1379), (21.9755, 5.6270, 4.7216), (21.9755, 5.1289, 5.2584), (21.9755, 4.5798, 5.7429), (21.9755, 3.9853, 6.1704), (21.9755, 3.3511, 6.5365), (21.9755, 2.6836, 6.8377), (21.9755, 1.9895, 7.0709), (21.9755, 1.2755, 7.2339), (21.9755, 0.5489, 7.3250), (21.9755, -0.1831, 7.3432), (21.9755, -0.9134, 7.2885), (21.9755, -1.6345, 7.1613), (21.9755, -2.3394, 6.9630), (21.9755, -3.0211, 6.6955), (21.9755, -3.6727, 6.3614), (21.9755, -4.2879, 5.9641), (21.9755, -4.8604, 5.5075), (21.9755, -5.3846, 4.9962), (21.9755, -5.8553, 4.4352), (21.9755, -6.2678, 3.8302), (21.9755, -6.6181, 3.1871), (21.9755, -6.9025, 2.5123), (21.9755, -7.1183, 1.8126), (21.9755, -7.2634, 1.0948), (21.9755, -7.3364, 0.3661), (21.9755, -7.3364, -0.3661), (21.9755, -7.2634, -1.0948), (21.9755, -7.1183, -1.8126), (21.9755, -6.9025, -2.5123), (21.9755, -6.6181, -3.1871), (21.9755, -6.2678, -3.8302), (21.9755, -5.8553, -4.4352), (21.9755, -5.3846, -4.9962), (21.9755, -4.8604, -5.5075), (21.9755, -4.2879, -5.9641), (21.9755, -3.6727, -6.3614), (21.9755, -3.0211, -6.6955), (21.9755, -2.3394, -6.9630), (21.9755, -1.6345, -7.1613), (21.9755, -0.9134, -7.2885), (21.9755, -0.1831, -7.3432), (21.9755, 0.5489, -7.3250), (21.9755, 1.2755, -7.2339), (21.9755, 1.9895, -7.0709), (21.9755, 2.6836, -6.8377), (21.9755, 3.3511, -6.5365), (21.9755, 3.9853, -6.1704), (21.9755, 4.5798, -5.7429), (21.9755, 5.1289, -5.2584), (21.9755, 5.6270, -4.7216), (21.9755, 6.0691, -4.1379), (21.9755, 6.4510, -3.5130), (21.9755, 6.7687, -2.8532), (21.9755, 7.0192, -2.1651), (21.9755, 7.1998, -1.4555), (21.9755, 7.3090, -0.7314), (21.9755, 7.3455, 0.0000), (21.9755, 7.3090, 0.7314), (21.9755, 7.1998, 1.4555), (21.9755, 7.0192, 2.1651), (21.9755, 6.7687, 2.8532), (21.9755, 6.4510, 3.5130), (21.9755, 6.0691, 4.1379), (21.9755, 5.6270, 4.7216), (21.9755, 5.1289, 5.2584), (21.9755, 4.5798, 5.7429), (21.9755, 3.9853, 6.1704), (21.9755, 3.3511, 6.5365), (21.9755, 2.6836, 6.8377), (21.9755, 1.9895, 7.0709), (21.9755, 1.2755, 7.2339), (21.9755, 0.5489, 7.3250), (21.9755, -0.1831, 7.3432), (21.9755, -0.9134, 7.2885), (21.9755, -1.6345, 7.1613), (21.9755, -2.3394, 6.9630), (21.9755, -3.0211, 6.6955), (21.9755, -3.6727, 6.3614), (21.9755, -4.2879, 5.9641), (21.9755, -4.8604, 5.5075), (21.9755, -5.3846, 4.9962), (21.9755, -5.8553, 4.4352), (21.9755, -6.2678, 3.8302), (21.9755, -6.6181, 3.1871), (21.9755, -6.9025, 2.5123), (21.9755, -7.1183, 1.8126), (21.9755, -7.2634, 1.0948), (21.9755, -7.3364, 0.3661), (21.9755, -7.3364, -0.3661), (21.9755, -7.2634, -1.0948), (21.9755, -7.1183, -1.8126), (21.9755, -6.9025, -2.5123), (21.9755, -6.6181, -3.1871), (21.9755, -6.2678, -3.8302), (21.9755, -5.8553, -4.4352), (21.9755, -5.3846, -4.9962), (21.9755, -4.8604, -5.5075), (21.9755, -4.2879, -5.9641), (21.9755, -3.6727, -6.3614), (21.9755, -3.0211, -6.6955), (21.9755, -2.3394, -6.9630), (21.9755, -1.6345, -7.1613), (21.9755, -0.9134, -7.2885), (21.9755, -0.1831, -7.3432), (21.9755, 0.5489, -7.3250), (21.9755, 1.2755, -7.2339), (21.9755, 1.9895, -7.0709), (21.9755, 2.6836, -6.8377), (21.9755, 3.3511, -6.5365), (21.9755, 3.9853, -6.1704), (21.9755, 4.5798, -5.7429), (21.9755, 5.1289, -5.2584), (21.9755, 5.6270, -4.7216), (21.9755, 6.0691, -4.1379), (21.9755, 6.4510, -3.5130), (21.9755, 6.7687, -2.8532), (21.9755, 7.0192, -2.1651), (21.9755, 7.1998, -1.4555), (21.9755, 7.3090, -0.7314), (21.9755, 7.3455, 0.0000), (21.9938, 7.4218, 0.0000), (21.9938, 7.4218, 0.0000), (21.9938, 7.3849, 0.7390), (21.9938, 7.2746, 1.4706), (21.9938, 7.0921, 2.1876), (21.9938, 6.8390, 2.8829), (21.9938, 6.5180, 3.5495), (21.9938, 6.1322, 4.1808), (21.9938, 5.6854, 4.7706), (21.9938, 5.1822, 5.3130), (21.9938, 4.6274, 5.8026), (21.9938, 4.0267, 6.2345), (21.9938, 3.3859, 6.6044), (21.9938, 2.7115, 6.9087), (21.9938, 2.0101, 7.1444), (21.9938, 1.2888, 7.3090), (21.9938, 0.5546, 7.4010), (21.9938, -0.1850, 7.4195), (21.9938, -0.9229, 7.3642), (21.9938, -1.6515, 7.2357), (21.9938, -2.3637, 7.0353), (21.9938, -3.0525, 6.7650), (21.9938, -3.7109, 6.4275), (21.9938, -4.3324, 6.0260), (21.9938, -4.9109, 5.5647), (21.9938, -5.4406, 5.0481), (21.9938, -5.9161, 4.4813), (21.9938, -6.3329, 3.8700), (21.9938, -6.6868, 3.2202), (21.9938, -6.9742, 2.5384), (21.9938, -7.1923, 1.8314), (21.9938, -7.3389, 1.1062), (21.9938, -7.4126, 0.3699), (21.9938, -7.4126, -0.3699), (21.9938, -7.3389, -1.1062), (21.9938, -7.1923, -1.8314), (21.9938, -6.9742, -2.5384), (21.9938, -6.6868, -3.2202), (21.9938, -6.3329, -3.8700), (21.9938, -5.9161, -4.4813), (21.9938, -5.4406, -5.0481), (21.9938, -4.9109, -5.5647), (21.9938, -4.3324, -6.0260), (21.9938, -3.7109, -6.4275), (21.9938, -3.0525, -6.7650), (21.9938, -2.3637, -7.0353), (21.9938, -1.6515, -7.2357), (21.9938, -0.9229, -7.3642), (21.9938, -0.1850, -7.4195), (21.9938, 0.5546, -7.4010), (21.9938, 1.2888, -7.3090), (21.9938, 2.0101, -7.1444), (21.9938, 2.7115, -6.9087), (21.9938, 3.3859, -6.6044), (21.9938, 4.0267, -6.2345), (21.9938, 4.6274, -5.8026), (21.9938, 5.1822, -5.3130), (21.9938, 5.6854, -4.7706), (21.9938, 6.1322, -4.1808), (21.9938, 6.5180, -3.5495), (21.9938, 6.8390, -2.8829), (21.9938, 7.0921, -2.1876), (21.9938, 7.2746, -1.4706), (21.9938, 7.3849, -0.7390), (21.9938, 7.4218, 0.0000), (21.9938, 7.3849, 0.7390), (21.9938, 7.2746, 1.4706), (21.9938, 7.0921, 2.1876), (21.9938, 6.8390, 2.8829), (21.9938, 6.5180, 3.5495), (21.9938, 6.1322, 4.1808), (21.9938, 5.6854, 4.7706), (21.9938, 5.1822, 5.3130), (21.9938, 4.6274, 5.8026), (21.9938, 4.0267, 6.2345), (21.9938, 3.3859, 6.6044), (21.9938, 2.7115, 6.9087), (21.9938, 2.0101, 7.1444), (21.9938, 1.2888, 7.3090), (21.9938, 0.5546, 7.4010), (21.9938, -0.1850, 7.4195), (21.9938, -0.9229, 7.3642), (21.9938, -1.6515, 7.2357), (21.9938, -2.3637, 7.0353), (21.9938, -3.0525, 6.7650), (21.9938, -3.7109, 6.4275), (21.9938, -4.3324, 6.0260), (21.9938, -4.9109, 5.5647), (21.9938, -5.4406, 5.0481), (21.9938, -5.9161, 4.4813), (21.9938, -6.3329, 3.8700), (21.9938, -6.6868, 3.2202), (21.9938, -6.9742, 2.5384), (21.9938, -7.1923, 1.8314), (21.9938, -7.3389, 1.1062), (21.9938, -7.4126, 0.3699), (21.9938, -7.4126, -0.3699), (21.9938, -7.3389, -1.1062), (21.9938, -7.1923, -1.8314), (21.9938, -6.9742, -2.5384), (21.9938, -6.6868, -3.2202), (21.9938, -6.3329, -3.8700), (21.9938, -5.9161, -4.4813), (21.9938, -5.4406, -5.0481), (21.9938, -4.9109, -5.5647), (21.9938, -4.3324, -6.0260), (21.9938, -3.7109, -6.4275), (21.9938, -3.0525, -6.7650), (21.9938, -2.3637, -7.0353), (21.9938, -1.6515, -7.2357), (21.9938, -0.9229, -7.3642), (21.9938, -0.1850, -7.4195), (21.9938, 0.5546, -7.4010), (21.9938, 1.2888, -7.3090), (21.9938, 2.0101, -7.1444), (21.9938, 2.7115, -6.9087), (21.9938, 3.3859, -6.6044), (21.9938, 4.0267, -6.2345), (21.9938, 4.6274, -5.8026), (21.9938, 5.1822, -5.3130), (21.9938, 5.6854, -4.7706), (21.9938, 6.1322, -4.1808), (21.9938, 6.5180, -3.5495), (21.9938, 6.8390, -2.8829), (21.9938, 7.0921, -2.1876), (21.9938, 7.2746, -1.4706), (21.9938, 7.3849, -0.7390), (21.9938, 7.4218, 0.0000), (22.0000, 7.5000, 0.0000), (22.0000, 7.5000, 0.0000), (22.0000, 7.4627, 0.7468), (22.0000, 7.3513, 1.4861), (22.0000, 7.1668, 2.2107), (22.0000, 6.9111, 2.9133), (22.0000, 6.5867, 3.5869), (22.0000, 6.1968, 4.2249), (22.0000, 5.7453, 4.8209), (22.0000, 5.2368, 5.3690), (22.0000, 4.6762, 5.8637), (22.0000, 4.0691, 6.3002), (22.0000, 3.4216, 6.6740), (22.0000, 2.7401, 6.9816), (22.0000, 2.0313, 7.2197), (22.0000, 1.3024, 7.3861), (22.0000, 0.5605, 7.4790), (22.0000, -0.1870, 7.4977), (22.0000, -0.9326, 7.4418), (22.0000, -1.6689, 7.3120), (22.0000, -2.3886, 7.1095), (22.0000, -3.0847, 6.8363), (22.0000, -3.7500, 6.4952), (22.0000, -4.3781, 6.0895), (22.0000, -4.9626, 5.6234), (22.0000, -5.4979, 5.1013), (22.0000, -5.9785, 4.5285), (22.0000, -6.3997, 3.9108), (22.0000, -6.7573, 3.2541), (22.0000, -7.0477, 2.5652), (22.0000, -7.2681, 1.8507), (22.0000, -7.4162, 1.1178), (22.0000, -7.4907, 0.3738), (22.0000, -7.4907, -0.3738), (22.0000, -7.4162, -1.1178), (22.0000, -7.2681, -1.8507), (22.0000, -7.0477, -2.5652), (22.0000, -6.7573, -3.2541), (22.0000, -6.3997, -3.9108), (22.0000, -5.9785, -4.5285), (22.0000, -5.4979, -5.1013), (22.0000, -4.9626, -5.6234), (22.0000, -4.3781, -6.0895), (22.0000, -3.7500, -6.4952), (22.0000, -3.0847, -6.8363), (22.0000, -2.3886, -7.1095), (22.0000, -1.6689, -7.3120), (22.0000, -0.9326, -7.4418), (22.0000, -0.1870, -7.4977), (22.0000, 0.5605, -7.4790), (22.0000, 1.3024, -7.3861), (22.0000, 2.0313, -7.2197), (22.0000, 2.7401, -6.9816), (22.0000, 3.4216, -6.6740), (22.0000, 4.0691, -6.3002), (22.0000, 4.6762, -5.8637), (22.0000, 5.2368, -5.3690), (22.0000, 5.7453, -4.8209), (22.0000, 6.1968, -4.2249), (22.0000, 6.5867, -3.5869), (22.0000, 6.9111, -2.9133), (22.0000, 7.1668, -2.2107), (22.0000, 7.3513, -1.4861), (22.0000, 7.4627, -0.7468), (22.0000, 7.5000, 0.0000), (22.0000, 7.4627, 0.7468), (22.0000, 7.3513, 1.4861), (22.0000, 7.1668, 2.2107), (22.0000, 6.9111, 2.9133), (22.0000, 6.5867, 3.5869), (22.0000, 6.1968, 4.2249), (22.0000, 5.7453, 4.8209), (22.0000, 5.2368, 5.3690), (22.0000, 4.6762, 5.8637), (22.0000, 4.0691, 6.3002), (22.0000, 3.4216, 6.6740), (22.0000, 2.7401, 6.9816), (22.0000, 2.0313, 7.2197), (22.0000, 1.3024, 7.3861), (22.0000, 0.5605, 7.4790), (22.0000, -0.1870, 7.4977), (22.0000, -0.9326, 7.4418), (22.0000, -1.6689, 7.3120), (22.0000, -2.3886, 7.1095), (22.0000, -3.0847, 6.8363), (22.0000, -3.7500, 6.4952), (22.0000, -4.3781, 6.0895), (22.0000, -4.9626, 5.6234), (22.0000, -5.4979, 5.1013), (22.0000, -5.9785, 4.5285), (22.0000, -6.3997, 3.9108), (22.0000, -6.7573, 3.2541), (22.0000, -7.0477, 2.5652), (22.0000, -7.2681, 1.8507), (22.0000, -7.4162, 1.1178), (22.0000, -7.4907, 0.3738), (22.0000, -7.4907, -0.3738), (22.0000, -7.4162, -1.1178), (22.0000, -7.2681, -1.8507), (22.0000, -7.0477, -2.5652), (22.0000, -6.7573, -3.2541), (22.0000, -6.3997, -3.9108), (22.0000, -5.9785, -4.5285), (22.0000, -5.4979, -5.1013), (22.0000, -4.9626, -5.6234), (22.0000, -4.3781, -6.0895), (22.0000, -3.7500, -6.4952), (22.0000, -3.0847, -6.8363), (22.0000, -2.3886, -7.1095), (22.0000, -1.6689, -7.3120), (22.0000, -0.9326, -7.4418), (22.0000, -0.1870, -7.4977), (22.0000, 0.5605, -7.4790), (22.0000, 1.3024, -7.3861), (22.0000, 2.0313, -7.2197), (22.0000, 2.7401, -6.9816), (22.0000, 3.4216, -6.6740), (22.0000, 4.0691, -6.3002), (22.0000, 4.6762, -5.8637), (22.0000, 5.2368, -5.3690), (22.0000, 5.7453, -4.8209), (22.0000, 6.1968, -4.2249), (22.0000, 6.5867, -3.5869), (22.0000, 6.9111, -2.9133), (22.0000, 7.1668, -2.2107), (22.0000, 7.3513, -1.4861), (22.0000, 7.4627, -0.7468), (22.0000, 7.5000, 0.0000), (41.5000, 7.5000, 0.0000), (41.5000, 7.5000, 0.0000), (41.5000, 7.4627, 0.7468), (41.5000, 7.3513, 1.4861), (41.5000, 7.1668, 2.2107), (41.5000, 6.9111, 2.9133), (41.5000, 6.5867, 3.5869), (41.5000, 6.1968, 4.2249), (41.5000, 5.7453, 4.8209), (41.5000, 5.2368, 5.3690), (41.5000, 4.6762, 5.8637), (41.5000, 4.0691, 6.3002), (41.5000, 3.4216, 6.6740), (41.5000, 2.7401, 6.9816), (41.5000, 2.0313, 7.2197), (41.5000, 1.3024, 7.3861), (41.5000, 0.5605, 7.4790), (41.5000, -0.1870, 7.4977), (41.5000, -0.9326, 7.4418), (41.5000, -1.6689, 7.3120), (41.5000, -2.3886, 7.1095), (41.5000, -3.0847, 6.8363), (41.5000, -3.7500, 6.4952), (41.5000, -4.3781, 6.0895), (41.5000, -4.9626, 5.6234), (41.5000, -5.4979, 5.1013), (41.5000, -5.9785, 4.5285), (41.5000, -6.3997, 3.9108), (41.5000, -6.7573, 3.2541), (41.5000, -7.0477, 2.5652), (41.5000, -7.2681, 1.8507), (41.5000, -7.4162, 1.1178), (41.5000, -7.4907, 0.3738), (41.5000, -7.4907, -0.3738), (41.5000, -7.4162, -1.1178), (41.5000, -7.2681, -1.8507), (41.5000, -7.0477, -2.5652), (41.5000, -6.7573, -3.2541), (41.5000, -6.3997, -3.9108), (41.5000, -5.9785, -4.5285), (41.5000, -5.4979, -5.1013), (41.5000, -4.9626, -5.6234), (41.5000, -4.3781, -6.0895), (41.5000, -3.7500, -6.4952), (41.5000, -3.0847, -6.8363), (41.5000, -2.3886, -7.1095), (41.5000, -1.6689, -7.3120), (41.5000, -0.9326, -7.4418), (41.5000, -0.1870, -7.4977), (41.5000, 0.5605, -7.4790), (41.5000, 1.3024, -7.3861), (41.5000, 2.0313, -7.2197), (41.5000, 2.7401, -6.9816), (41.5000, 3.4216, -6.6740), (41.5000, 4.0691, -6.3002), (41.5000, 4.6762, -5.8637), (41.5000, 5.2368, -5.3690), (41.5000, 5.7453, -4.8209), (41.5000, 6.1968, -4.2249), (41.5000, 6.5867, -3.5869), (41.5000, 6.9111, -2.9133), (41.5000, 7.1668, -2.2107), (41.5000, 7.3513, -1.4861), (41.5000, 7.4627, -0.7468), (41.5000, 7.5000, 0.0000), (41.5000, 7.4627, 0.7468), (41.5000, 7.3513, 1.4861), (41.5000, 7.1668, 2.2107), (41.5000, 6.9111, 2.9133), (41.5000, 6.5867, 3.5869), (41.5000, 6.1968, 4.2249), (41.5000, 5.7453, 4.8209), (41.5000, 5.2368, 5.3690), (41.5000, 4.6762, 5.8637), (41.5000, 4.0691, 6.3002), (41.5000, 3.4216, 6.6740), (41.5000, 2.7401, 6.9816), (41.5000, 2.0313, 7.2197), (41.5000, 1.3024, 7.3861), (41.5000, 0.5605, 7.4790), (41.5000, -0.1870, 7.4977), (41.5000, -0.9326, 7.4418), (41.5000, -1.6689, 7.3120), (41.5000, -2.3886, 7.1095), (41.5000, -3.0847, 6.8363), (41.5000, -3.7500, 6.4952), (41.5000, -4.3781, 6.0895), (41.5000, -4.9626, 5.6234), (41.5000, -5.4979, 5.1013), (41.5000, -5.9785, 4.5285), (41.5000, -6.3997, 3.9108), (41.5000, -6.7573, 3.2541), (41.5000, -7.0477, 2.5652), (41.5000, -7.2681, 1.8507), (41.5000, -7.4162, 1.1178), (41.5000, -7.4907, 0.3738), (41.5000, -7.4907, -0.3738), (41.5000, -7.4162, -1.1178), (41.5000, -7.2681, -1.8507), (41.5000, -7.0477, -2.5652), (41.5000, -6.7573, -3.2541), (41.5000, -6.3997, -3.9108), (41.5000, -5.9785, -4.5285), (41.5000, -5.4979, -5.1013), (41.5000, -4.9626, -5.6234), (41.5000, -4.3781, -6.0895), (41.5000, -3.7500, -6.4952), (41.5000, -3.0847, -6.8363), (41.5000, -2.3886, -7.1095), (41.5000, -1.6689, -7.3120), (41.5000, -0.9326, -7.4418), (41.5000, -0.1870, -7.4977), (41.5000, 0.5605, -7.4790), (41.5000, 1.3024, -7.3861), (41.5000, 2.0313, -7.2197), (41.5000, 2.7401, -6.9816), (41.5000, 3.4216, -6.6740), (41.5000, 4.0691, -6.3002), (41.5000, 4.6762, -5.8637), (41.5000, 5.2368, -5.3690), (41.5000, 5.7453, -4.8209), (41.5000, 6.1968, -4.2249), (41.5000, 6.5867, -3.5869), (41.5000, 6.9111, -2.9133), (41.5000, 7.1668, -2.2107), (41.5000, 7.3513, -1.4861), (41.5000, 7.4627, -0.7468), (41.5000, 7.5000, 0.0000), (41.5782, 7.5062, 0.0000), (41.5782, 7.5062, 0.0000), (41.5782, 7.4689, 0.7474), (41.5782, 7.3573, 1.4873), (41.5782, 7.1727, 2.2125), (41.5782, 6.9167, 2.9157), (41.5782, 6.5921, 3.5898), (41.5782, 6.2019, 4.2284), (41.5782, 5.7500, 4.8249), (41.5782, 5.2411, 5.3734), (41.5782, 4.6800, 5.8685), (41.5782, 4.0724, 6.3054), (41.5782, 3.4244, 6.6795), (41.5782, 2.7423, 6.9873), (41.5782, 2.0330, 7.2256), (41.5782, 1.3034, 7.3921), (41.5782, 0.5609, 7.4852), (41.5782, -0.1871, 7.5038), (41.5782, -0.9333, 7.4479), (41.5782, -1.6703, 7.3180), (41.5782, -2.3906, 7.1153), (41.5782, -3.0872, 6.8419), (41.5782, -3.7531, 6.5005), (41.5782, -4.3817, 6.0945), (41.5782, -4.9667, 5.6280), (41.5782, -5.5024, 5.1055), (41.5782, -5.9834, 4.5322), (41.5782, -6.4049, 3.9140), (41.5782, -6.7628, 3.2568), (41.5782, -7.0535, 2.5673), (41.5782, -7.2740, 1.8522), (41.5782, -7.4223, 1.1187), (41.5782, -7.4968, 0.3742), (41.5782, -7.4968, -0.3742), (41.5782, -7.4223, -1.1187), (41.5782, -7.2740, -1.8522), (41.5782, -7.0535, -2.5673), (41.5782, -6.7628, -3.2568), (41.5782, -6.4049, -3.9140), (41.5782, -5.9834, -4.5322), (41.5782, -5.5024, -5.1055), (41.5782, -4.9667, -5.6280), (41.5782, -4.3817, -6.0945), (41.5782, -3.7531, -6.5005), (41.5782, -3.0872, -6.8419), (41.5782, -2.3906, -7.1153), (41.5782, -1.6703, -7.3180), (41.5782, -0.9333, -7.4479), (41.5782, -0.1871, -7.5038), (41.5782, 0.5609, -7.4852), (41.5782, 1.3034, -7.3921), (41.5782, 2.0330, -7.2256), (41.5782, 2.7423, -6.9873), (41.5782, 3.4244, -6.6795), (41.5782, 4.0724, -6.3054), (41.5782, 4.6800, -5.8685), (41.5782, 5.2411, -5.3734), (41.5782, 5.7500, -4.8249), (41.5782, 6.2019, -4.2284), (41.5782, 6.5921, -3.5898), (41.5782, 6.9167, -2.9157), (41.5782, 7.1727, -2.2125), (41.5782, 7.3573, -1.4873), (41.5782, 7.4689, -0.7474), (41.5782, 7.5062, 0.0000), (41.5782, 7.4689, 0.7474), (41.5782, 7.3573, 1.4873), (41.5782, 7.1727, 2.2125), (41.5782, 6.9167, 2.9157), (41.5782, 6.5921, 3.5898), (41.5782, 6.2019, 4.2284), (41.5782, 5.7500, 4.8249), (41.5782, 5.2411, 5.3734), (41.5782, 4.6800, 5.8685), (41.5782, 4.0724, 6.3054), (41.5782, 3.4244, 6.6795), (41.5782, 2.7423, 6.9873), (41.5782, 2.0330, 7.2256), (41.5782, 1.3034, 7.3921), (41.5782, 0.5609, 7.4852), (41.5782, -0.1871, 7.5038), (41.5782, -0.9333, 7.4479), (41.5782, -1.6703, 7.3180), (41.5782, -2.3906, 7.1153), (41.5782, -3.0872, 6.8419), (41.5782, -3.7531, 6.5005), (41.5782, -4.3817, 6.0945), (41.5782, -4.9667, 5.6280), (41.5782, -5.5024, 5.1055), (41.5782, -5.9834, 4.5322), (41.5782, -6.4049, 3.9140), (41.5782, -6.7628, 3.2568), (41.5782, -7.0535, 2.5673), (41.5782, -7.2740, 1.8522), (41.5782, -7.4223, 1.1187), (41.5782, -7.4968, 0.3742), (41.5782, -7.4968, -0.3742), (41.5782, -7.4223, -1.1187), (41.5782, -7.2740, -1.8522), (41.5782, -7.0535, -2.5673), (41.5782, -6.7628, -3.2568), (41.5782, -6.4049, -3.9140), (41.5782, -5.9834, -4.5322), (41.5782, -5.5024, -5.1055), (41.5782, -4.9667, -5.6280), (41.5782, -4.3817, -6.0945), (41.5782, -3.7531, -6.5005), (41.5782, -3.0872, -6.8419), (41.5782, -2.3906, -7.1153), (41.5782, -1.6703, -7.3180), (41.5782, -0.9333, -7.4479), (41.5782, -0.1871, -7.5038), (41.5782, 0.5609, -7.4852), (41.5782, 1.3034, -7.3921), (41.5782, 2.0330, -7.2256), (41.5782, 2.7423, -6.9873), (41.5782, 3.4244, -6.6795), (41.5782, 4.0724, -6.3054), (41.5782, 4.6800, -5.8685), (41.5782, 5.2411, -5.3734), (41.5782, 5.7500, -4.8249), (41.5782, 6.2019, -4.2284), (41.5782, 6.5921, -3.5898), (41.5782, 6.9167, -2.9157), (41.5782, 7.1727, -2.2125), (41.5782, 7.3573, -1.4873), (41.5782, 7.4689, -0.7474), (41.5782, 7.5062, 0.0000), (41.6545, 7.5245, 0.0000), (41.6545, 7.5245, 0.0000), (41.6545, 7.4871, 0.7492), (41.6545, 7.3753, 1.4909), (41.6545, 7.1902, 2.2179), (41.6545, 6.9336, 2.9228), (41.6545, 6.6082, 3.5986), (41.6545, 6.2170, 4.2387), (41.6545, 5.7641, 4.8366), (41.6545, 5.2539, 5.3865), (41.6545, 4.6914, 5.8829), (41.6545, 4.0824, 6.3208), (41.6545, 3.4327, 6.6958), (41.6545, 2.7490, 7.0043), (41.6545, 2.0379, 7.2432), (41.6545, 1.3066, 7.4102), (41.6545, 0.5623, 7.5034), (41.6545, -0.1876, 7.5221), (41.6545, -0.9356, 7.4661), (41.6545, -1.6744, 7.3358), (41.6545, -2.3964, 7.1327), (41.6545, -3.0947, 6.8586), (41.6545, -3.7622, 6.5164), (41.6545, -4.3924, 6.1094), (41.6545, -4.9788, 5.6417), (41.6545, -5.5158, 5.1179), (41.6545, -5.9980, 4.5433), (41.6545, -6.4206, 3.9235), (41.6545, -6.7793, 3.2647), (41.6545, -7.0707, 2.5735), (41.6545, -7.2918, 1.8567), (41.6545, -7.4404, 1.1215), (41.6545, -7.5151, 0.3751), (41.6545, -7.5151, -0.3751), (41.6545, -7.4404, -1.1215), (41.6545, -7.2918, -1.8567), (41.6545, -7.0707, -2.5735), (41.6545, -6.7793, -3.2647), (41.6545, -6.4206, -3.9235), (41.6545, -5.9980, -4.5433), (41.6545, -5.5158, -5.1179), (41.6545, -4.9788, -5.6417), (41.6545, -4.3924, -6.1094), (41.6545, -3.7622, -6.5164), (41.6545, -3.0947, -6.8586), (41.6545, -2.3964, -7.1327), (41.6545, -1.6744, -7.3358), (41.6545, -0.9356, -7.4661), (41.6545, -0.1876, -7.5221), (41.6545, 0.5623, -7.5034), (41.6545, 1.3066, -7.4102), (41.6545, 2.0379, -7.2432), (41.6545, 2.7490, -7.0043), (41.6545, 3.4327, -6.6958), (41.6545, 4.0824, -6.3208), (41.6545, 4.6914, -5.8829), (41.6545, 5.2539, -5.3865), (41.6545, 5.7641, -4.8366), (41.6545, 6.2170, -4.2387), (41.6545, 6.6082, -3.5986), (41.6545, 6.9336, -2.9228), (41.6545, 7.1902, -2.2179), (41.6545, 7.3753, -1.4909), (41.6545, 7.4871, -0.7492), (41.6545, 7.5245, 0.0000), (41.6545, 7.4871, 0.7492), (41.6545, 7.3753, 1.4909), (41.6545, 7.1902, 2.2179), (41.6545, 6.9336, 2.9228), (41.6545, 6.6082, 3.5986), (41.6545, 6.2170, 4.2387), (41.6545, 5.7641, 4.8366), (41.6545, 5.2539, 5.3865), (41.6545, 4.6914, 5.8829), (41.6545, 4.0824, 6.3208), (41.6545, 3.4327, 6.6958), (41.6545, 2.7490, 7.0043), (41.6545, 2.0379, 7.2432), (41.6545, 1.3066, 7.4102), (41.6545, 0.5623, 7.5034), (41.6545, -0.1876, 7.5221), (41.6545, -0.9356, 7.4661), (41.6545, -1.6744, 7.3358), (41.6545, -2.3964, 7.1327), (41.6545, -3.0947, 6.8586), (41.6545, -3.7622, 6.5164), (41.6545, -4.3924, 6.1094), (41.6545, -4.9788, 5.6417), (41.6545, -5.5158, 5.1179), (41.6545, -5.9980, 4.5433), (41.6545, -6.4206, 3.9235), (41.6545, -6.7793, 3.2647), (41.6545, -7.0707, 2.5735), (41.6545, -7.2918, 1.8567), (41.6545, -7.4404, 1.1215), (41.6545, -7.5151, 0.3751), (41.6545, -7.5151, -0.3751), (41.6545, -7.4404, -1.1215), (41.6545, -7.2918, -1.8567), (41.6545, -7.0707, -2.5735), (41.6545, -6.7793, -3.2647), (41.6545, -6.4206, -3.9235), (41.6545, -5.9980, -4.5433), (41.6545, -5.5158, -5.1179), (41.6545, -4.9788, -5.6417), (41.6545, -4.3924, -6.1094), (41.6545, -3.7622, -6.5164), (41.6545, -3.0947, -6.8586), (41.6545, -2.3964, -7.1327), (41.6545, -1.6744, -7.3358), (41.6545, -0.9356, -7.4661), (41.6545, -0.1876, -7.5221), (41.6545, 0.5623, -7.5034), (41.6545, 1.3066, -7.4102), (41.6545, 2.0379, -7.2432), (41.6545, 2.7490, -7.0043), (41.6545, 3.4327, -6.6958), (41.6545, 4.0824, -6.3208), (41.6545, 4.6914, -5.8829), (41.6545, 5.2539, -5.3865), (41.6545, 5.7641, -4.8366), (41.6545, 6.2170, -4.2387), (41.6545, 6.6082, -3.5986), (41.6545, 6.9336, -2.9228), (41.6545, 7.1902, -2.2179), (41.6545, 7.3753, -1.4909), (41.6545, 7.4871, -0.7492), (41.6545, 7.5245, 0.0000), (41.7270, 7.5545, 0.0000), (41.7270, 7.5545, 0.0000), (41.7270, 7.5170, 0.7522), (41.7270, 7.4047, 1.4969), (41.7270, 7.2189, 2.2267), (41.7270, 6.9613, 2.9344), (41.7270, 6.6345, 3.6130), (41.7270, 6.2418, 4.2556), (41.7270, 5.7871, 4.8559), (41.7270, 5.2748, 5.4080), (41.7270, 4.7102, 5.9063), (41.7270, 4.0987, 6.3460), (41.7270, 3.4464, 6.7225), (41.7270, 2.7600, 7.0323), (41.7270, 2.0461, 7.2721), (41.7270, 1.3118, 7.4397), (41.7270, 0.5645, 7.5334), (41.7270, -0.1883, 7.5521), (41.7270, -0.9394, 7.4959), (41.7270, -1.6810, 7.3651), (41.7270, -2.4060, 7.1611), (41.7270, -3.1071, 6.8860), (41.7270, -3.7772, 6.5424), (41.7270, -4.4099, 6.1338), (41.7270, -4.9987, 5.6642), (41.7270, -5.5378, 5.1384), (41.7270, -6.0219, 4.5614), (41.7270, -6.4462, 3.9392), (41.7270, -6.8064, 3.2778), (41.7270, -7.0989, 2.5838), (41.7270, -7.3209, 1.8641), (41.7270, -7.4701, 1.1259), (41.7270, -7.5451, 0.3766), (41.7270, -7.5451, -0.3766), (41.7270, -7.4701, -1.1259), (41.7270, -7.3209, -1.8641), (41.7270, -7.0989, -2.5838), (41.7270, -6.8064, -3.2778), (41.7270, -6.4462, -3.9392), (41.7270, -6.0219, -4.5614), (41.7270, -5.5378, -5.1384), (41.7270, -4.9987, -5.6642), (41.7270, -4.4099, -6.1338), (41.7270, -3.7772, -6.5424), (41.7270, -3.1071, -6.8860), (41.7270, -2.4060, -7.1611), (41.7270, -1.6810, -7.3651), (41.7270, -0.9394, -7.4959), (41.7270, -0.1883, -7.5521), (41.7270, 0.5645, -7.5334), (41.7270, 1.3118, -7.4397), (41.7270, 2.0461, -7.2721), (41.7270, 2.7600, -7.0323), (41.7270, 3.4464, -6.7225), (41.7270, 4.0987, -6.3460), (41.7270, 4.7102, -5.9063), (41.7270, 5.2748, -5.4080), (41.7270, 5.7871, -4.8559), (41.7270, 6.2418, -4.2556), (41.7270, 6.6345, -3.6130), (41.7270, 6.9613, -2.9344), (41.7270, 7.2189, -2.2267), (41.7270, 7.4047, -1.4969), (41.7270, 7.5170, -0.7522), (41.7270, 7.5545, 0.0000), (41.7270, 7.5170, 0.7522), (41.7270, 7.4047, 1.4969), (41.7270, 7.2189, 2.2267), (41.7270, 6.9613, 2.9344), (41.7270, 6.6345, 3.6130), (41.7270, 6.2418, 4.2556), (41.7270, 5.7871, 4.8559), (41.7270, 5.2748, 5.4080), (41.7270, 4.7102, 5.9063), (41.7270, 4.0987, 6.3460), (41.7270, 3.4464, 6.7225), (41.7270, 2.7600, 7.0323), (41.7270, 2.0461, 7.2721), (41.7270, 1.3118, 7.4397), (41.7270, 0.5645, 7.5334), (41.7270, -0.1883, 7.5521), (41.7270, -0.9394, 7.4959), (41.7270, -1.6810, 7.3651), (41.7270, -2.4060, 7.1611), (41.7270, -3.1071, 6.8860), (41.7270, -3.7772, 6.5424), (41.7270, -4.4099, 6.1338), (41.7270, -4.9987, 5.6642), (41.7270, -5.5378, 5.1384), (41.7270, -6.0219, 4.5614), (41.7270, -6.4462, 3.9392), (41.7270, -6.8064, 3.2778), (41.7270, -7.0989, 2.5838), (41.7270, -7.3209, 1.8641), (41.7270, -7.4701, 1.1259), (41.7270, -7.5451, 0.3766), (41.7270, -7.5451, -0.3766), (41.7270, -7.4701, -1.1259), (41.7270, -7.3209, -1.8641), (41.7270, -7.0989, -2.5838), (41.7270, -6.8064, -3.2778), (41.7270, -6.4462, -3.9392), (41.7270, -6.0219, -4.5614), (41.7270, -5.5378, -5.1384), (41.7270, -4.9987, -5.6642), (41.7270, -4.4099, -6.1338), (41.7270, -3.7772, -6.5424), (41.7270, -3.1071, -6.8860), (41.7270, -2.4060, -7.1611), (41.7270, -1.6810, -7.3651), (41.7270, -0.9394, -7.4959), (41.7270, -0.1883, -7.5521), (41.7270, 0.5645, -7.5334), (41.7270, 1.3118, -7.4397), (41.7270, 2.0461, -7.2721), (41.7270, 2.7600, -7.0323), (41.7270, 3.4464, -6.7225), (41.7270, 4.0987, -6.3460), (41.7270, 4.7102, -5.9063), (41.7270, 5.2748, -5.4080), (41.7270, 5.7871, -4.8559), (41.7270, 6.2418, -4.2556), (41.7270, 6.6345, -3.6130), (41.7270, 6.9613, -2.9344), (41.7270, 7.2189, -2.2267), (41.7270, 7.4047, -1.4969), (41.7270, 7.5170, -0.7522), (41.7270, 7.5545, 0.0000), (41.7939, 7.5955, 0.0000), (41.7939, 7.5955, 0.0000), (41.7939, 7.5577, 0.7563), (41.7939, 7.4449, 1.5050), (41.7939, 7.2580, 2.2388), (41.7939, 6.9991, 2.9504), (41.7939, 6.6705, 3.6326), (41.7939, 6.2757, 4.2787), (41.7939, 5.8185, 4.8823), (41.7939, 5.3035, 5.4374), (41.7939, 4.7357, 5.9384), (41.7939, 4.1209, 6.3804), (41.7939, 3.4651, 6.7590), (41.7939, 2.7749, 7.0704), (41.7939, 2.0572, 7.3116), (41.7939, 1.3189, 7.4801), (41.7939, 0.5676, 7.5743), (41.7939, -0.1894, 7.5931), (41.7939, -0.9445, 7.5365), (41.7939, -1.6902, 7.4051), (41.7939, -2.4191, 7.2000), (41.7939, -3.1239, 6.9233), (41.7939, -3.7977, 6.5779), (41.7939, -4.4338, 6.1671), (41.7939, -5.0258, 5.6950), (41.7939, -5.5679, 5.1662), (41.7939, -6.0546, 4.5862), (41.7939, -6.4812, 3.9606), (41.7939, -6.8433, 3.2956), (41.7939, -7.1374, 2.5978), (41.7939, -7.3606, 1.8742), (41.7939, -7.5107, 1.1320), (41.7939, -7.5860, 0.3786), (41.7939, -7.5860, -0.3786), (41.7939, -7.5107, -1.1320), (41.7939, -7.3606, -1.8742), (41.7939, -7.1374, -2.5978), (41.7939, -6.8433, -3.2956), (41.7939, -6.4812, -3.9606), (41.7939, -6.0546, -4.5862), (41.7939, -5.5679, -5.1662), (41.7939, -5.0258, -5.6950), (41.7939, -4.4338, -6.1671), (41.7939, -3.7977, -6.5779), (41.7939, -3.1239, -6.9233), (41.7939, -2.4191, -7.2000), (41.7939, -1.6902, -7.4051), (41.7939, -0.9445, -7.5365), (41.7939, -0.1894, -7.5931), (41.7939, 0.5676, -7.5743), (41.7939, 1.3189, -7.4801), (41.7939, 2.0572, -7.3116), (41.7939, 2.7749, -7.0704), (41.7939, 3.4651, -6.7590), (41.7939, 4.1209, -6.3804), (41.7939, 4.7357, -5.9384), (41.7939, 5.3035, -5.4374), (41.7939, 5.8185, -4.8823), (41.7939, 6.2757, -4.2787), (41.7939, 6.6705, -3.6326), (41.7939, 6.9991, -2.9504), (41.7939, 7.2580, -2.2388), (41.7939, 7.4449, -1.5050), (41.7939, 7.5577, -0.7563), (41.7939, 7.5955, 0.0000), (41.7939, 7.5577, 0.7563), (41.7939, 7.4449, 1.5050), (41.7939, 7.2580, 2.2388), (41.7939, 6.9991, 2.9504), (41.7939, 6.6705, 3.6326), (41.7939, 6.2757, 4.2787), (41.7939, 5.8185, 4.8823), (41.7939, 5.3035, 5.4374), (41.7939, 4.7357, 5.9384), (41.7939, 4.1209, 6.3804), (41.7939, 3.4651, 6.7590), (41.7939, 2.7749, 7.0704), (41.7939, 2.0572, 7.3116), (41.7939, 1.3189, 7.4801), (41.7939, 0.5676, 7.5743), (41.7939, -0.1894, 7.5931), (41.7939, -0.9445, 7.5365), (41.7939, -1.6902, 7.4051), (41.7939, -2.4191, 7.2000), (41.7939, -3.1239, 6.9233), (41.7939, -3.7977, 6.5779), (41.7939, -4.4338, 6.1671), (41.7939, -5.0258, 5.6950), (41.7939, -5.5679, 5.1662), (41.7939, -6.0546, 4.5862), (41.7939, -6.4812, 3.9606), (41.7939, -6.8433, 3.2956), (41.7939, -7.1374, 2.5978), (41.7939, -7.3606, 1.8742), (41.7939, -7.5107, 1.1320), (41.7939, -7.5860, 0.3786), (41.7939, -7.5860, -0.3786), (41.7939, -7.5107, -1.1320), (41.7939, -7.3606, -1.8742), (41.7939, -7.1374, -2.5978), (41.7939, -6.8433, -3.2956), (41.7939, -6.4812, -3.9606), (41.7939, -6.0546, -4.5862), (41.7939, -5.5679, -5.1662), (41.7939, -5.0258, -5.6950), (41.7939, -4.4338, -6.1671), (41.7939, -3.7977, -6.5779), (41.7939, -3.1239, -6.9233), (41.7939, -2.4191, -7.2000), (41.7939, -1.6902, -7.4051), (41.7939, -0.9445, -7.5365), (41.7939, -0.1894, -7.5931), (41.7939, 0.5676, -7.5743), (41.7939, 1.3189, -7.4801), (41.7939, 2.0572, -7.3116), (41.7939, 2.7749, -7.0704), (41.7939, 3.4651, -6.7590), (41.7939, 4.1209, -6.3804), (41.7939, 4.7357, -5.9384), (41.7939, 5.3035, -5.4374), (41.7939, 5.8185, -4.8823), (41.7939, 6.2757, -4.2787), (41.7939, 6.6705, -3.6326), (41.7939, 6.9991, -2.9504), (41.7939, 7.2580, -2.2388), (41.7939, 7.4449, -1.5050), (41.7939, 7.5577, -0.7563), (41.7939, 7.5955, 0.0000), (41.8536, 7.6464, 0.0000), (41.8536, 7.6464, 0.0000), (41.8536, 7.6084, 0.7613), (41.8536, 7.4948, 1.5151), (41.8536, 7.3067, 2.2538), (41.8536, 7.0460, 2.9701), (41.8536, 6.7153, 3.6569), (41.8536, 6.3178, 4.3074), (41.8536, 5.8575, 4.9150), (41.8536, 5.3390, 5.4738), (41.8536, 4.7675, 5.9782), (41.8536, 4.1486, 6.4232), (41.8536, 3.4884, 6.8044), (41.8536, 2.7936, 7.1179), (41.8536, 2.0710, 7.3607), (41.8536, 1.3278, 7.5303), (41.8536, 0.5714, 7.6251), (41.8536, -0.1906, 7.6441), (41.8536, -0.9508, 7.5871), (41.8536, -1.7015, 7.4547), (41.8536, -2.4353, 7.2483), (41.8536, -3.1449, 6.9698), (41.8536, -3.8232, 6.6220), (41.8536, -4.4636, 6.2084), (41.8536, -5.0595, 5.7332), (41.8536, -5.6052, 5.2009), (41.8536, -6.0952, 4.6170), (41.8536, -6.5246, 3.9871), (41.8536, -6.8892, 3.3177), (41.8536, -7.1853, 2.6152), (41.8536, -7.4100, 1.8868), (41.8536, -7.5610, 1.1396), (41.8536, -7.6369, 0.3811), (41.8536, -7.6369, -0.3811), (41.8536, -7.5610, -1.1396), (41.8536, -7.4100, -1.8868), (41.8536, -7.1853, -2.6152), (41.8536, -6.8892, -3.3177), (41.8536, -6.5246, -3.9871), (41.8536, -6.0952, -4.6170), (41.8536, -5.6052, -5.2009), (41.8536, -5.0595, -5.7332), (41.8536, -4.4636, -6.2084), (41.8536, -3.8232, -6.6220), (41.8536, -3.1449, -6.9698), (41.8536, -2.4353, -7.2483), (41.8536, -1.7015, -7.4547), (41.8536, -0.9508, -7.5871), (41.8536, -0.1906, -7.6441), (41.8536, 0.5714, -7.6251), (41.8536, 1.3278, -7.5303), (41.8536, 2.0710, -7.3607), (41.8536, 2.7936, -7.1179), (41.8536, 3.4884, -6.8044), (41.8536, 4.1486, -6.4232), (41.8536, 4.7675, -5.9782), (41.8536, 5.3390, -5.4738), (41.8536, 5.8575, -4.9150), (41.8536, 6.3178, -4.3074), (41.8536, 6.7153, -3.6569), (41.8536, 7.0460, -2.9701), (41.8536, 7.3067, -2.2538), (41.8536, 7.4948, -1.5151), (41.8536, 7.6084, -0.7613), (41.8536, 7.6464, 0.0000), (41.8536, 7.6084, 0.7613), (41.8536, 7.4948, 1.5151), (41.8536, 7.3067, 2.2538), (41.8536, 7.0460, 2.9701), (41.8536, 6.7153, 3.6569), (41.8536, 6.3178, 4.3074), (41.8536, 5.8575, 4.9150), (41.8536, 5.3390, 5.4738), (41.8536, 4.7675, 5.9782), (41.8536, 4.1486, 6.4232), (41.8536, 3.4884, 6.8044), (41.8536, 2.7936, 7.1179), (41.8536, 2.0710, 7.3607), (41.8536, 1.3278, 7.5303), (41.8536, 0.5714, 7.6251), (41.8536, -0.1906, 7.6441), (41.8536, -0.9508, 7.5871), (41.8536, -1.7015, 7.4547), (41.8536, -2.4353, 7.2483), (41.8536, -3.1449, 6.9698), (41.8536, -3.8232, 6.6220), (41.8536, -4.4636, 6.2084), (41.8536, -5.0595, 5.7332), (41.8536, -5.6052, 5.2009), (41.8536, -6.0952, 4.6170), (41.8536, -6.5246, 3.9871), (41.8536, -6.8892, 3.3177), (41.8536, -7.1853, 2.6152), (41.8536, -7.4100, 1.8868), (41.8536, -7.5610, 1.1396), (41.8536, -7.6369, 0.3811), (41.8536, -7.6369, -0.3811), (41.8536, -7.5610, -1.1396), (41.8536, -7.4100, -1.8868), (41.8536, -7.1853, -2.6152), (41.8536, -6.8892, -3.3177), (41.8536, -6.5246, -3.9871), (41.8536, -6.0952, -4.6170), (41.8536, -5.6052, -5.2009), (41.8536, -5.0595, -5.7332), (41.8536, -4.4636, -6.2084), (41.8536, -3.8232, -6.6220), (41.8536, -3.1449, -6.9698), (41.8536, -2.4353, -7.2483), (41.8536, -1.7015, -7.4547), (41.8536, -0.9508, -7.5871), (41.8536, -0.1906, -7.6441), (41.8536, 0.5714, -7.6251), (41.8536, 1.3278, -7.5303), (41.8536, 2.0710, -7.3607), (41.8536, 2.7936, -7.1179), (41.8536, 3.4884, -6.8044), (41.8536, 4.1486, -6.4232), (41.8536, 4.7675, -5.9782), (41.8536, 5.3390, -5.4738), (41.8536, 5.8575, -4.9150), (41.8536, 6.3178, -4.3074), (41.8536, 6.7153, -3.6569), (41.8536, 7.0460, -2.9701), (41.8536, 7.3067, -2.2538), (41.8536, 7.4948, -1.5151), (41.8536, 7.6084, -0.7613), (41.8536, 7.6464, 0.0000), (41.9045, 7.7061, 0.0000), (41.9045, 7.7061, 0.0000), (41.9045, 7.6678, 0.7673), (41.9045, 7.5533, 1.5269), (41.9045, 7.3637, 2.2714), (41.9045, 7.1010, 2.9933), (41.9045, 6.7677, 3.6855), (41.9045, 6.3671, 4.3410), (41.9045, 5.9032, 4.9534), (41.9045, 5.3807, 5.5165), (41.9045, 4.8047, 6.0249), (41.9045, 4.1809, 6.4733), (41.9045, 3.5156, 6.8574), (41.9045, 2.8154, 7.1734), (41.9045, 2.0871, 7.4181), (41.9045, 1.3382, 7.5890), (41.9045, 0.5759, 7.6846), (41.9045, -0.1921, 7.7037), (41.9045, -0.9582, 7.6463), (41.9045, -1.7148, 7.5129), (41.9045, -2.4543, 7.3048), (41.9045, -3.1694, 7.0242), (41.9045, -3.8531, 6.6737), (41.9045, -4.4984, 6.2569), (41.9045, -5.0990, 5.7779), (41.9045, -5.6490, 5.2415), (41.9045, -6.1428, 4.6530), (41.9045, -6.5756, 4.0182), (41.9045, -6.9430, 3.3436), (41.9045, -7.2414, 2.6356), (41.9045, -7.4678, 1.9015), (41.9045, -7.6200, 1.1485), (41.9045, -7.6965, 0.3841), (41.9045, -7.6965, -0.3841), (41.9045, -7.6200, -1.1485), (41.9045, -7.4678, -1.9015), (41.9045, -7.2414, -2.6356), (41.9045, -6.9430, -3.3436), (41.9045, -6.5756, -4.0182), (41.9045, -6.1428, -4.6530), (41.9045, -5.6490, -5.2415), (41.9045, -5.0990, -5.7779), (41.9045, -4.4984, -6.2569), (41.9045, -3.8531, -6.6737), (41.9045, -3.1694, -7.0242), (41.9045, -2.4543, -7.3048), (41.9045, -1.7148, -7.5129), (41.9045, -0.9582, -7.6463), (41.9045, -0.1921, -7.7037), (41.9045, 0.5759, -7.6846), (41.9045, 1.3382, -7.5890), (41.9045, 2.0871, -7.4181), (41.9045, 2.8154, -7.1734), (41.9045, 3.5156, -6.8574), (41.9045, 4.1809, -6.4733), (41.9045, 4.8047, -6.0249), (41.9045, 5.3807, -5.5165), (41.9045, 5.9032, -4.9534), (41.9045, 6.3671, -4.3410), (41.9045, 6.7677, -3.6855), (41.9045, 7.1010, -2.9933), (41.9045, 7.3637, -2.2714), (41.9045, 7.5533, -1.5269), (41.9045, 7.6678, -0.7673), (41.9045, 7.7061, 0.0000), (41.9045, 7.6678, 0.7673), (41.9045, 7.5533, 1.5269), (41.9045, 7.3637, 2.2714), (41.9045, 7.1010, 2.9933), (41.9045, 6.7677, 3.6855), (41.9045, 6.3671, 4.3410), (41.9045, 5.9032, 4.9534), (41.9045, 5.3807, 5.5165), (41.9045, 4.8047, 6.0249), (41.9045, 4.1809, 6.4733), (41.9045, 3.5156, 6.8574), (41.9045, 2.8154, 7.1734), (41.9045, 2.0871, 7.4181), (41.9045, 1.3382, 7.5890), (41.9045, 0.5759, 7.6846), (41.9045, -0.1921, 7.7037), (41.9045, -0.9582, 7.6463), (41.9045, -1.7148, 7.5129), (41.9045, -2.4543, 7.3048), (41.9045, -3.1694, 7.0242), (41.9045, -3.8531, 6.6737), (41.9045, -4.4984, 6.2569), (41.9045, -5.0990, 5.7779), (41.9045, -5.6490, 5.2415), (41.9045, -6.1428, 4.6530), (41.9045, -6.5756, 4.0182), (41.9045, -6.9430, 3.3436), (41.9045, -7.2414, 2.6356), (41.9045, -7.4678, 1.9015), (41.9045, -7.6200, 1.1485), (41.9045, -7.6965, 0.3841), (41.9045, -7.6965, -0.3841), (41.9045, -7.6200, -1.1485), (41.9045, -7.4678, -1.9015), (41.9045, -7.2414, -2.6356), (41.9045, -6.9430, -3.3436), (41.9045, -6.5756, -4.0182), (41.9045, -6.1428, -4.6530), (41.9045, -5.6490, -5.2415), (41.9045, -5.0990, -5.7779), (41.9045, -4.4984, -6.2569), (41.9045, -3.8531, -6.6737), (41.9045, -3.1694, -7.0242), (41.9045, -2.4543, -7.3048), (41.9045, -1.7148, -7.5129), (41.9045, -0.9582, -7.6463), (41.9045, -0.1921, -7.7037), (41.9045, 0.5759, -7.6846), (41.9045, 1.3382, -7.5890), (41.9045, 2.0871, -7.4181), (41.9045, 2.8154, -7.1734), (41.9045, 3.5156, -6.8574), (41.9045, 4.1809, -6.4733), (41.9045, 4.8047, -6.0249), (41.9045, 5.3807, -5.5165), (41.9045, 5.9032, -4.9534), (41.9045, 6.3671, -4.3410), (41.9045, 6.7677, -3.6855), (41.9045, 7.1010, -2.9933), (41.9045, 7.3637, -2.2714), (41.9045, 7.5533, -1.5269), (41.9045, 7.6678, -0.7673), (41.9045, 7.7061, 0.0000), (41.9455, 7.7730, 0.0000), (41.9455, 7.7730, 0.0000), (41.9455, 7.7344, 0.7739), (41.9455, 7.6189, 1.5402), (41.9455, 7.4277, 2.2911), (41.9455, 7.1626, 3.0193), (41.9455, 6.8264, 3.7175), (41.9455, 6.4224, 4.3787), (41.9455, 5.9545, 4.9964), (41.9455, 5.4274, 5.5644), (41.9455, 4.8464, 6.0772), (41.9455, 4.2172, 6.5295), (41.9455, 3.5461, 6.9170), (41.9455, 2.8398, 7.2357), (41.9455, 2.1052, 7.4825), (41.9455, 1.3498, 7.6549), (41.9455, 0.5809, 7.7513), (41.9455, -0.1938, 7.7706), (41.9455, -0.9665, 7.7127), (41.9455, -1.7297, 7.5781), (41.9455, -2.4756, 7.3682), (41.9455, -3.1969, 7.0851), (41.9455, -3.8865, 6.7316), (41.9455, -4.5374, 6.3112), (41.9455, -5.1433, 5.8281), (41.9455, -5.6980, 5.2870), (41.9455, -6.1961, 4.6934), (41.9455, -6.6326, 4.0531), (41.9455, -7.0032, 3.3726), (41.9455, -7.3042, 2.6585), (41.9455, -7.5326, 1.9180), (41.9455, -7.6862, 1.1585), (41.9455, -7.7633, 0.3875), (41.9455, -7.7633, -0.3875), (41.9455, -7.6862, -1.1585), (41.9455, -7.5326, -1.9180), (41.9455, -7.3042, -2.6585), (41.9455, -7.0032, -3.3726), (41.9455, -6.6326, -4.0531), (41.9455, -6.1961, -4.6934), (41.9455, -5.6980, -5.2870), (41.9455, -5.1433, -5.8281), (41.9455, -4.5374, -6.3112), (41.9455, -3.8865, -6.7316), (41.9455, -3.1969, -7.0851), (41.9455, -2.4756, -7.3682), (41.9455, -1.7297, -7.5781), (41.9455, -0.9665, -7.7127), (41.9455, -0.1938, -7.7706), (41.9455, 0.5809, -7.7513), (41.9455, 1.3498, -7.6549), (41.9455, 2.1052, -7.4825), (41.9455, 2.8398, -7.2357), (41.9455, 3.5461, -6.9170), (41.9455, 4.2172, -6.5295), (41.9455, 4.8464, -6.0772), (41.9455, 5.4274, -5.5644), (41.9455, 5.9545, -4.9964), (41.9455, 6.4224, -4.3787), (41.9455, 6.8264, -3.7175), (41.9455, 7.1626, -3.0193), (41.9455, 7.4277, -2.2911), (41.9455, 7.6189, -1.5402), (41.9455, 7.7344, -0.7739), (41.9455, 7.7730, 0.0000), (41.9455, 7.7344, 0.7739), (41.9455, 7.6189, 1.5402), (41.9455, 7.4277, 2.2911), (41.9455, 7.1626, 3.0193), (41.9455, 6.8264, 3.7175), (41.9455, 6.4224, 4.3787), (41.9455, 5.9545, 4.9964), (41.9455, 5.4274, 5.5644), (41.9455, 4.8464, 6.0772), (41.9455, 4.2172, 6.5295), (41.9455, 3.5461, 6.9170), (41.9455, 2.8398, 7.2357), (41.9455, 2.1052, 7.4825), (41.9455, 1.3498, 7.6549), (41.9455, 0.5809, 7.7513), (41.9455, -0.1938, 7.7706), (41.9455, -0.9665, 7.7127), (41.9455, -1.7297, 7.5781), (41.9455, -2.4756, 7.3682), (41.9455, -3.1969, 7.0851), (41.9455, -3.8865, 6.7316), (41.9455, -4.5374, 6.3112), (41.9455, -5.1433, 5.8281), (41.9455, -5.6980, 5.2870), (41.9455, -6.1961, 4.6934), (41.9455, -6.6326, 4.0531), (41.9455, -7.0032, 3.3726), (41.9455, -7.3042, 2.6585), (41.9455, -7.5326, 1.9180), (41.9455, -7.6862, 1.1585), (41.9455, -7.7633, 0.3875), (41.9455, -7.7633, -0.3875), (41.9455, -7.6862, -1.1585), (41.9455, -7.5326, -1.9180), (41.9455, -7.3042, -2.6585), (41.9455, -7.0032, -3.3726), (41.9455, -6.6326, -4.0531), (41.9455, -6.1961, -4.6934), (41.9455, -5.6980, -5.2870), (41.9455, -5.1433, -5.8281), (41.9455, -4.5374, -6.3112), (41.9455, -3.8865, -6.7316), (41.9455, -3.1969, -7.0851), (41.9455, -2.4756, -7.3682), (41.9455, -1.7297, -7.5781), (41.9455, -0.9665, -7.7127), (41.9455, -0.1938, -7.7706), (41.9455, 0.5809, -7.7513), (41.9455, 1.3498, -7.6549), (41.9455, 2.1052, -7.4825), (41.9455, 2.8398, -7.2357), (41.9455, 3.5461, -6.9170), (41.9455, 4.2172, -6.5295), (41.9455, 4.8464, -6.0772), (41.9455, 5.4274, -5.5644), (41.9455, 5.9545, -4.9964), (41.9455, 6.4224, -4.3787), (41.9455, 6.8264, -3.7175), (41.9455, 7.1626, -3.0193), (41.9455, 7.4277, -2.2911), (41.9455, 7.6189, -1.5402), (41.9455, 7.7344, -0.7739), (41.9455, 7.7730, 0.0000), (41.9755, 7.8455, 0.0000), (41.9755, 7.8455, 0.0000), (41.9755, 7.8065, 0.7812), (41.9755, 7.6899, 1.5546), (41.9755, 7.4969, 2.3125), (41.9755, 7.2294, 3.0475), (41.9755, 6.8901, 3.7521), (41.9755, 6.4822, 4.4195), (41.9755, 6.0100, 5.0430), (41.9755, 5.4780, 5.6163), (41.9755, 4.8916, 6.1339), (41.9755, 4.2565, 6.5904), (41.9755, 3.5792, 6.9815), (41.9755, 2.8663, 7.3032), (41.9755, 2.1249, 7.5523), (41.9755, 1.3624, 7.7263), (41.9755, 0.5863, 7.8236), (41.9755, -0.1956, 7.8431), (41.9755, -0.9755, 7.7846), (41.9755, -1.7458, 7.6488), (41.9755, -2.4987, 7.4370), (41.9755, -3.2267, 7.1512), (41.9755, -3.9227, 6.7944), (41.9755, -4.5798, 6.3701), (41.9755, -5.1913, 5.8824), (41.9755, -5.7512, 5.3363), (41.9755, -6.2539, 4.7371), (41.9755, -6.6945, 4.0909), (41.9755, -7.0685, 3.4040), (41.9755, -7.3724, 2.6833), (41.9755, -7.6029, 1.9359), (41.9755, -7.7579, 1.1693), (41.9755, -7.8357, 0.3911), (41.9755, -7.8357, -0.3911), (41.9755, -7.7579, -1.1693), (41.9755, -7.6029, -1.9359), (41.9755, -7.3724, -2.6833), (41.9755, -7.0685, -3.4040), (41.9755, -6.6945, -4.0909), (41.9755, -6.2539, -4.7371), (41.9755, -5.7512, -5.3363), (41.9755, -5.1913, -5.8824), (41.9755, -4.5798, -6.3701), (41.9755, -3.9227, -6.7944), (41.9755, -3.2267, -7.1512), (41.9755, -2.4987, -7.4370), (41.9755, -1.7458, -7.6488), (41.9755, -0.9755, -7.7846), (41.9755, -0.1956, -7.8431), (41.9755, 0.5863, -7.8236), (41.9755, 1.3624, -7.7263), (41.9755, 2.1249, -7.5523), (41.9755, 2.8663, -7.3032), (41.9755, 3.5792, -6.9815), (41.9755, 4.2565, -6.5904), (41.9755, 4.8916, -6.1339), (41.9755, 5.4780, -5.6163), (41.9755, 6.0100, -5.0430), (41.9755, 6.4822, -4.4195), (41.9755, 6.8901, -3.7521), (41.9755, 7.2294, -3.0475), (41.9755, 7.4969, -2.3125), (41.9755, 7.6899, -1.5546), (41.9755, 7.8065, -0.7812), (41.9755, 7.8455, 0.0000), (41.9755, 7.8065, 0.7812), (41.9755, 7.6899, 1.5546), (41.9755, 7.4969, 2.3125), (41.9755, 7.2294, 3.0475), (41.9755, 6.8901, 3.7521), (41.9755, 6.4822, 4.4195), (41.9755, 6.0100, 5.0430), (41.9755, 5.4780, 5.6163), (41.9755, 4.8916, 6.1339), (41.9755, 4.2565, 6.5904), (41.9755, 3.5792, 6.9815), (41.9755, 2.8663, 7.3032), (41.9755, 2.1249, 7.5523), (41.9755, 1.3624, 7.7263), (41.9755, 0.5863, 7.8236), (41.9755, -0.1956, 7.8431), (41.9755, -0.9755, 7.7846), (41.9755, -1.7458, 7.6488), (41.9755, -2.4987, 7.4370), (41.9755, -3.2267, 7.1512), (41.9755, -3.9227, 6.7944), (41.9755, -4.5798, 6.3701), (41.9755, -5.1913, 5.8824), (41.9755, -5.7512, 5.3363), (41.9755, -6.2539, 4.7371), (41.9755, -6.6945, 4.0909), (41.9755, -7.0685, 3.4040), (41.9755, -7.3724, 2.6833), (41.9755, -7.6029, 1.9359), (41.9755, -7.7579, 1.1693), (41.9755, -7.8357, 0.3911), (41.9755, -7.8357, -0.3911), (41.9755, -7.7579, -1.1693), (41.9755, -7.6029, -1.9359), (41.9755, -7.3724, -2.6833), (41.9755, -7.0685, -3.4040), (41.9755, -6.6945, -4.0909), (41.9755, -6.2539, -4.7371), (41.9755, -5.7512, -5.3363), (41.9755, -5.1913, -5.8824), (41.9755, -4.5798, -6.3701), (41.9755, -3.9227, -6.7944), (41.9755, -3.2267, -7.1512), (41.9755, -2.4987, -7.4370), (41.9755, -1.7458, -7.6488), (41.9755, -0.9755, -7.7846), (41.9755, -0.1956, -7.8431), (41.9755, 0.5863, -7.8236), (41.9755, 1.3624, -7.7263), (41.9755, 2.1249, -7.5523), (41.9755, 2.8663, -7.3032), (41.9755, 3.5792, -6.9815), (41.9755, 4.2565, -6.5904), (41.9755, 4.8916, -6.1339), (41.9755, 5.4780, -5.6163), (41.9755, 6.0100, -5.0430), (41.9755, 6.4822, -4.4195), (41.9755, 6.8901, -3.7521), (41.9755, 7.2294, -3.0475), (41.9755, 7.4969, -2.3125), (41.9755, 7.6899, -1.5546), (41.9755, 7.8065, -0.7812), (41.9755, 7.8455, 0.0000), (41.9938, 7.9218, 0.0000), (41.9938, 7.9218, 0.0000), (41.9938, 7.8824, 0.7888), (41.9938, 7.7647, 1.5697), (41.9938, 7.5698, 2.3350), (41.9938, 7.2997, 3.0771), (41.9938, 6.9571, 3.7886), (41.9938, 6.5453, 4.4625), (41.9938, 6.0684, 5.0920), (41.9938, 5.5313, 5.6709), (41.9938, 4.9392, 6.1935), (41.9938, 4.2979, 6.6545), (41.9938, 3.6140, 7.0494), (41.9938, 2.8942, 7.3742), (41.9938, 2.1455, 7.6257), (41.9938, 1.3756, 7.8014), (41.9938, 0.5920, 7.8996), (41.9938, -0.1975, 7.9193), (41.9938, -0.9850, 7.8603), (41.9938, -1.7628, 7.7232), (41.9938, -2.5230, 7.5093), (41.9938, -3.2581, 7.2208), (41.9938, -3.9609, 6.8605), (41.9938, -4.6243, 6.4320), (41.9938, -5.2417, 5.9396), (41.9938, -5.8071, 5.3882), (41.9938, -6.3147, 4.7832), (41.9938, -6.7596, 4.1307), (41.9938, -7.1373, 3.4371), (41.9938, -7.4440, 2.7094), (41.9938, -7.6768, 1.9548), (41.9938, -7.8333, 1.1807), (41.9938, -7.9119, 0.3949), (41.9938, -7.9119, -0.3949), (41.9938, -7.8333, -1.1807), (41.9938, -7.6768, -1.9548), (41.9938, -7.4440, -2.7094), (41.9938, -7.1373, -3.4371), (41.9938, -6.7596, -4.1307), (41.9938, -6.3147, -4.7832), (41.9938, -5.8071, -5.3882), (41.9938, -5.2417, -5.9396), (41.9938, -4.6243, -6.4320), (41.9938, -3.9609, -6.8605), (41.9938, -3.2581, -7.2208), (41.9938, -2.5230, -7.5093), (41.9938, -1.7628, -7.7232), (41.9938, -0.9850, -7.8603), (41.9938, -0.1975, -7.9193), (41.9938, 0.5920, -7.8996), (41.9938, 1.3756, -7.8014), (41.9938, 2.1455, -7.6257), (41.9938, 2.8942, -7.3742), (41.9938, 3.6140, -7.0494), (41.9938, 4.2979, -6.6545), (41.9938, 4.9392, -6.1935), (41.9938, 5.5313, -5.6709), (41.9938, 6.0684, -5.0920), (41.9938, 6.5453, -4.4625), (41.9938, 6.9571, -3.7886), (41.9938, 7.2997, -3.0771), (41.9938, 7.5698, -2.3350), (41.9938, 7.7647, -1.5697), (41.9938, 7.8824, -0.7888), (41.9938, 7.9218, 0.0000), (41.9938, 7.8824, 0.7888), (41.9938, 7.7647, 1.5697), (41.9938, 7.5698, 2.3350), (41.9938, 7.2997, 3.0771), (41.9938, 6.9571, 3.7886), (41.9938, 6.5453, 4.4625), (41.9938, 6.0684, 5.0920), (41.9938, 5.5313, 5.6709), (41.9938, 4.9392, 6.1935), (41.9938, 4.2979, 6.6545), (41.9938, 3.6140, 7.0494), (41.9938, 2.8942, 7.3742), (41.9938, 2.1455, 7.6257), (41.9938, 1.3756, 7.8014), (41.9938, 0.5920, 7.8996), (41.9938, -0.1975, 7.9193), (41.9938, -0.9850, 7.8603), (41.9938, -1.7628, 7.7232), (41.9938, -2.5230, 7.5093), (41.9938, -3.2581, 7.2208), (41.9938, -3.9609, 6.8605), (41.9938, -4.6243, 6.4320), (41.9938, -5.2417, 5.9396), (41.9938, -5.8071, 5.3882), (41.9938, -6.3147, 4.7832), (41.9938, -6.7596, 4.1307), (41.9938, -7.1373, 3.4371), (41.9938, -7.4440, 2.7094), (41.9938, -7.6768, 1.9548), (41.9938, -7.8333, 1.1807), (41.9938, -7.9119, 0.3949), (41.9938, -7.9119, -0.3949), (41.9938, -7.8333, -1.1807), (41.9938, -7.6768, -1.9548), (41.9938, -7.4440, -2.7094), (41.9938, -7.1373, -3.4371), (41.9938, -6.7596, -4.1307), (41.9938, -6.3147, -4.7832), (41.9938, -5.8071, -5.3882), (41.9938, -5.2417, -5.9396), (41.9938, -4.6243, -6.4320), (41.9938, -3.9609, -6.8605), (41.9938, -3.2581, -7.2208), (41.9938, -2.5230, -7.5093), (41.9938, -1.7628, -7.7232), (41.9938, -0.9850, -7.8603), (41.9938, -0.1975, -7.9193), (41.9938, 0.5920, -7.8996), (41.9938, 1.3756, -7.8014), (41.9938, 2.1455, -7.6257), (41.9938, 2.8942, -7.3742), (41.9938, 3.6140, -7.0494), (41.9938, 4.2979, -6.6545), (41.9938, 4.9392, -6.1935), (41.9938, 5.5313, -5.6709), (41.9938, 6.0684, -5.0920), (41.9938, 6.5453, -4.4625), (41.9938, 6.9571, -3.7886), (41.9938, 7.2997, -3.0771), (41.9938, 7.5698, -2.3350), (41.9938, 7.7647, -1.5697), (41.9938, 7.8824, -0.7888), (41.9938, 7.9218, 0.0000), (42.0000, 8.0000, 0.0000), (42.0000, 8.0000, 0.0000), (42.0000, 7.9602, 0.7965), (42.0000, 7.8414, 1.5852), (42.0000, 7.6446, 2.3580), (42.0000, 7.3718, 3.1075), (42.0000, 7.0258, 3.8260), (42.0000, 6.6099, 4.5066), (42.0000, 6.1284, 5.1423), (42.0000, 5.5859, 5.7269), (42.0000, 4.9879, 6.2547), (42.0000, 4.3404, 6.7202), (42.0000, 3.6497, 7.1190), (42.0000, 2.9227, 7.4470), (42.0000, 2.1667, 7.7010), (42.0000, 1.3892, 7.8785), (42.0000, 0.5978, 7.9776), (42.0000, -0.1994, 7.9975), (42.0000, -0.9947, 7.9379), (42.0000, -1.7802, 7.7994), (42.0000, -2.5479, 7.5834), (42.0000, -3.2903, 7.2920), (42.0000, -4.0000, 6.9282), (42.0000, -4.6699, 6.4955), (42.0000, -5.2935, 5.9982), (42.0000, -5.8644, 5.4414), (42.0000, -6.3771, 4.8304), (42.0000, -6.8263, 4.1715), (42.0000, -7.2078, 3.4711), (42.0000, -7.5175, 2.7362), (42.0000, -7.7526, 1.9741), (42.0000, -7.9106, 1.1923), (42.0000, -7.9901, 0.3988), (42.0000, -7.9901, -0.3988), (42.0000, -7.9106, -1.1923), (42.0000, -7.7526, -1.9741), (42.0000, -7.5175, -2.7362), (42.0000, -7.2078, -3.4711), (42.0000, -6.8263, -4.1715), (42.0000, -6.3771, -4.8304), (42.0000, -5.8644, -5.4414), (42.0000, -5.2935, -5.9982), (42.0000, -4.6699, -6.4955), (42.0000, -4.0000, -6.9282), (42.0000, -3.2903, -7.2920), (42.0000, -2.5479, -7.5834), (42.0000, -1.7802, -7.7994), (42.0000, -0.9947, -7.9379), (42.0000, -0.1994, -7.9975), (42.0000, 0.5978, -7.9776), (42.0000, 1.3892, -7.8785), (42.0000, 2.1667, -7.7010), (42.0000, 2.9227, -7.4470), (42.0000, 3.6497, -7.1190), (42.0000, 4.3404, -6.7202), (42.0000, 4.9879, -6.2547), (42.0000, 5.5859, -5.7269), (42.0000, 6.1284, -5.1423), (42.0000, 6.6099, -4.5066), (42.0000, 7.0258, -3.8260), (42.0000, 7.3718, -3.1075), (42.0000, 7.6446, -2.3580), (42.0000, 7.8414, -1.5852), (42.0000, 7.9602, -0.7965), (42.0000, 9.0000, 0.0000), (42.0000, 8.9553, 0.8961), (42.0000, 8.8216, 1.7833), (42.0000, 8.6002, 2.6528), (42.0000, 8.2933, 3.4959), (42.0000, 7.9040, 4.3043), (42.0000, 7.4361, 5.0699), (42.0000, 6.8944, 5.7851), (42.0000, 6.2841, 6.4428), (42.0000, 5.6114, 7.0365), (42.0000, 4.8829, 7.5602), (42.0000, 4.1059, 8.0088), (42.0000, 3.2881, 8.3779), (42.0000, 2.4376, 8.6636), (42.0000, 1.5628, 8.8633), (42.0000, 0.6726, 8.9748), (42.0000, -0.2244, 8.9972), (42.0000, -1.1191, 8.9302), (42.0000, -2.0027, 8.7744), (42.0000, -2.8664, 8.5313), (42.0000, -3.7016, 8.2036), (42.0000, -4.5000, 7.7942), (42.0000, -5.2537, 7.3074), (42.0000, -5.9552, 6.7480), (42.0000, -6.5975, 6.1216), (42.0000, -7.1742, 5.4342), (42.0000, -7.6796, 4.6929), (42.0000, -8.1087, 3.9050), (42.0000, -8.4572, 3.0782), (42.0000, -8.7217, 2.2208), (42.0000, -8.8995, 1.3414), (42.0000, -8.9888, 0.4486), (42.0000, -8.9888, -0.4486), (42.0000, -8.8995, -1.3414), (42.0000, -8.7217, -2.2208), (42.0000, -8.4572, -3.0782), (42.0000, -8.1087, -3.9050), (42.0000, -7.6796, -4.6929), (42.0000, -7.1742, -5.4342), (42.0000, -6.5975, -6.1216), (42.0000, -5.9552, -6.7480), (42.0000, -5.2537, -7.3074), (42.0000, -4.5000, -7.7942), (42.0000, -3.7016, -8.2036), (42.0000, -2.8664, -8.5313), (42.0000, -2.0027, -8.7744), (42.0000, -1.1191, -8.9302), (42.0000, -0.2244, -8.9972), (42.0000, 0.6726, -8.9748), (42.0000, 1.5628, -8.8633), (42.0000, 2.4376, -8.6636), (42.0000, 3.2881, -8.3779), (42.0000, 4.1059, -8.0088), (42.0000, 4.8829, -7.5602), (42.0000, 5.6114, -7.0365), (42.0000, 6.2841, -6.4428), (42.0000, 6.8944, -5.7851), (42.0000, 7.4361, -5.0699), (42.0000, 7.9040, -4.3043), (42.0000, 8.2933, -3.4959), (42.0000, 8.6002, -2.6528), (42.0000, 8.8216, -1.7833), (42.0000, 8.9553, -0.8961), (42.0000, 8.0000, 0.0000), (42.0000, 7.9602, 0.7965), (42.0000, 7.8414, 1.5852), (42.0000, 7.6446, 2.3580), (42.0000, 7.3718, 3.1075), (42.0000, 7.0258, 3.8260), (42.0000, 6.6099, 4.5066), (42.0000, 6.1284, 5.1423), (42.0000, 5.5859, 5.7269), (42.0000, 4.9879, 6.2547), (42.0000, 4.3404, 6.7202), (42.0000, 3.6497, 7.1190), (42.0000, 2.9227, 7.4470), (42.0000, 2.1667, 7.7010), (42.0000, 1.3892, 7.8785), (42.0000, 0.5978, 7.9776), (42.0000, -0.1994, 7.9975), (42.0000, -0.9947, 7.9379), (42.0000, -1.7802, 7.7994), (42.0000, -2.5479, 7.5834), (42.0000, -3.2903, 7.2920), (42.0000, -4.0000, 6.9282), (42.0000, -4.6699, 6.4955), (42.0000, -5.2935, 5.9982), (42.0000, -5.8644, 5.4414), (42.0000, -6.3771, 4.8304), (42.0000, -6.8263, 4.1715), (42.0000, -7.2078, 3.4711), (42.0000, -7.5175, 2.7362), (42.0000, -7.7526, 1.9741), (42.0000, -7.9106, 1.1923), (42.0000, -7.9901, 0.3988), (42.0000, -7.9901, -0.3988), (42.0000, -7.9106, -1.1923), (42.0000, -7.7526, -1.9741), (42.0000, -7.5175, -2.7362), (42.0000, -7.2078, -3.4711), (42.0000, -6.8263, -4.1715), (42.0000, -6.3771, -4.8304), (42.0000, -5.8644, -5.4414), (42.0000, -5.2935, -5.9982), (42.0000, -4.6699, -6.4955), (42.0000, -4.0000, -6.9282), (42.0000, -3.2903, -7.2920), (42.0000, -2.5479, -7.5834), (42.0000, -1.7802, -7.7994), (42.0000, -0.9947, -7.9379), (42.0000, -0.1994, -7.9975), (42.0000, 0.5978, -7.9776), (42.0000, 1.3892, -7.8785), (42.0000, 2.1667, -7.7010), (42.0000, 2.9227, -7.4470), (42.0000, 3.6497, -7.1190), (42.0000, 4.3404, -6.7202), (42.0000, 4.9879, -6.2547), (42.0000, 5.5859, -5.7269), (42.0000, 6.1284, -5.1423), (42.0000, 6.6099, -4.5066), (42.0000, 7.0258, -3.8260), (42.0000, 7.3718, -3.1075), (42.0000, 7.6446, -2.3580), (42.0000, 7.8414, -1.5852), (42.0000, 7.9602, -0.7965), (42.0000, 9.0000, 0.0000), (87.0000, 9.0000, 0.0000), (42.0000, 8.9553, 0.8961), (42.0000, 8.8216, 1.7833), (42.0000, 8.6002, 2.6528), (42.0000, 8.2933, 3.4959), (42.0000, 7.9040, 4.3043), (42.0000, 7.4361, 5.0699), (42.0000, 6.8944, 5.7851), (42.0000, 6.2841, 6.4428), (42.0000, 5.6114, 7.0365), (42.0000, 4.8829, 7.5602), (42.0000, 4.1059, 8.0088), (42.0000, 3.2881, 8.3779), (42.0000, 2.4376, 8.6636), (42.0000, 1.5628, 8.8633), (42.0000, 0.6726, 8.9748), (42.0000, -0.2244, 8.9972), (42.0000, -1.1191, 8.9302), (42.0000, -2.0027, 8.7744), (42.0000, -2.8664, 8.5313), (42.0000, -3.7016, 8.2036), (42.0000, -4.5000, 7.7942), (42.0000, -5.2537, 7.3074), (42.0000, -5.9552, 6.7480), (42.0000, -6.5975, 6.1216), (42.0000, -7.1742, 5.4342), (42.0000, -7.6796, 4.6929), (42.0000, -8.1087, 3.9050), (42.0000, -8.4572, 3.0782), (42.0000, -8.7217, 2.2208), (42.0000, -8.8995, 1.3414), (42.0000, -8.9888, 0.4486), (42.0000, -8.9888, -0.4486), (42.0000, -8.8995, -1.3414), (42.0000, -8.7217, -2.2208), (42.0000, -8.4572, -3.0782), (42.0000, -8.1087, -3.9050), (42.0000, -7.6796, -4.6929), (42.0000, -7.1742, -5.4342), (42.0000, -6.5975, -6.1216), (42.0000, -5.9552, -6.7480), (42.0000, -5.2537, -7.3074), (42.0000, -4.5000, -7.7942), (42.0000, -3.7016, -8.2036), (42.0000, -2.8664, -8.5313), (42.0000, -2.0027, -8.7744), (42.0000, -1.1191, -8.9302), (42.0000, -0.2244, -8.9972), (42.0000, 0.6726, -8.9748), (42.0000, 1.5628, -8.8633), (42.0000, 2.4376, -8.6636), (42.0000, 3.2881, -8.3779), (42.0000, 4.1059, -8.0088), (42.0000, 4.8829, -7.5602), (42.0000, 5.6114, -7.0365), (42.0000, 6.2841, -6.4428), (42.0000, 6.8944, -5.7851), (42.0000, 7.4361, -5.0699), (42.0000, 7.9040, -4.3043), (42.0000, 8.2933, -3.4959), (42.0000, 8.6002, -2.6528), (42.0000, 8.8216, -1.7833), (42.0000, 8.9553, -0.8961), (42.0000, 9.0000, 0.0000), (87.0000, 9.0000, 0.0000), (87.0000, 8.9553, 0.8961), (87.0000, 8.8216, 1.7833), (87.0000, 8.6002, 2.6528), (87.0000, 8.2933, 3.4959), (87.0000, 7.9040, 4.3043), (87.0000, 7.4361, 5.0699), (87.0000, 6.8944, 5.7851), (87.0000, 6.2841, 6.4428), (87.0000, 5.6114, 7.0365), (87.0000, 4.8829, 7.5602), (87.0000, 4.1059, 8.0088), (87.0000, 3.2881, 8.3779), (87.0000, 2.4376, 8.6636), (87.0000, 1.5628, 8.8633), (87.0000, 0.6726, 8.9748), (87.0000, -0.2244, 8.9972), (87.0000, -1.1191, 8.9302), (87.0000, -2.0027, 8.7744), (87.0000, -2.8664, 8.5313), (87.0000, -3.7016, 8.2036), (87.0000, -4.5000, 7.7942), (87.0000, -5.2537, 7.3074), (87.0000, -5.9552, 6.7480), (87.0000, -6.5975, 6.1216), (87.0000, -7.1742, 5.4342), (87.0000, -7.6796, 4.6929), (87.0000, -8.1087, 3.9050), (87.0000, -8.4572, 3.0782), (87.0000, -8.7217, 2.2208), (87.0000, -8.8995, 1.3414), (87.0000, -8.9888, 0.4486), (87.0000, -8.9888, -0.4486), (87.0000, -8.8995, -1.3414), (87.0000, -8.7217, -2.2208), (87.0000, -8.4572, -3.0782), (87.0000, -8.1087, -3.9050), (87.0000, -7.6796, -4.6929), (87.0000, -7.1742, -5.4342), (87.0000, -6.5975, -6.1216), (87.0000, -5.9552, -6.7480), (87.0000, -5.2537, -7.3074), (87.0000, -4.5000, -7.7942), (87.0000, -3.7016, -8.2036), (87.0000, -2.8664, -8.5313), (87.0000, -2.0027, -8.7744), (87.0000, -1.1191, -8.9302), (87.0000, -0.2244, -8.9972), (87.0000, 0.6726, -8.9748), (87.0000, 1.5628, -8.8633), (87.0000, 2.4376, -8.6636), (87.0000, 3.2881, -8.3779), (87.0000, 4.1059, -8.0088), (87.0000, 4.8829, -7.5602), (87.0000, 5.6114, -7.0365), (87.0000, 6.2841, -6.4428), (87.0000, 6.8944, -5.7851), (87.0000, 7.4361, -5.0699), (87.0000, 7.9040, -4.3043), (87.0000, 8.2933, -3.4959), (87.0000, 8.6002, -2.6528), (87.0000, 8.8216, -1.7833), (87.0000, 8.9553, -0.8961), (57.0000, -3.0000, 8.4853), (56.7365, -2.9884, 8.4894), (56.4746, -2.9536, 8.5015), (56.2152, -2.8955, 8.5215), (55.9599, -2.8139, 8.5488), (55.7100, -2.7085, 8.5828), (55.4670, -2.5788, 8.6226), (55.2329, -2.4243, 8.6673), (55.0095, -2.2445, 8.7156), (54.7990, -2.0385, 8.7661), (54.6795, -1.9014, 8.7969), (54.5398, -1.7168, 8.8347), (54.4117, -1.5167, 8.8713), (54.2968, -1.3011, 8.9055), (54.1974, -1.0703, 8.9361), (54.1159, -0.8259, 8.9620), (54.0546, -0.5696, 8.9820), (54.0154, -0.3041, 8.9949), (54.0002, -0.0336, 8.9999), (54.0094, 0.2375, 8.9969), (54.0427, 0.5046, 8.9858), (54.0988, 0.7636, 8.9676), (54.1755, 1.0111, 8.9430), (54.2707, 1.2454, 8.9134), (54.3820, 1.4649, 8.8800), (54.5070, 1.6688, 8.8439), (54.6440, 1.8572, 8.8063), (54.7872, 2.0257, 8.7691), (54.9345, 2.1757, 8.7331), (55.0888, 2.3124, 8.6979), (55.2236, 2.4175, 8.6692), (55.3885, 2.5304, 8.6370), (55.5796, 2.6425, 8.6033), (55.7758, 2.7389, 8.5731), (55.9762, 2.8199, 8.5468), (56.1799, 2.8857, 8.5248), (56.3863, 2.9366, 8.5074), (56.5946, 2.9725, 8.4950), (56.7970, 2.9931, 8.4877), (57.0000, 3.0000, 8.4853), (71.0000, 3.0000, 8.4853), (71.2635, 2.9884, 8.4894), (71.5254, 2.9536, 8.5015), (71.7848, 2.8955, 8.5215), (72.0401, 2.8139, 8.5488), (72.2900, 2.7085, 8.5828), (72.5330, 2.5788, 8.6226), (72.7671, 2.4243, 8.6673), (72.9905, 2.2445, 8.7156), (73.2010, 2.0385, 8.7661), (73.3205, 1.9013, 8.7969), (73.4605, 1.7164, 8.8348), (73.5888, 1.5160, 8.8714), (73.7036, 1.3002, 8.9056), (73.8029, 1.0695, 8.9362), (73.8844, 0.8246, 8.9621), (73.9458, 0.5674, 8.9821), (73.9848, 0.3015, 8.9949), (73.9998, 0.0306, 8.9999), (73.9903, -0.2409, 8.9968), (73.9566, -0.5083, 8.9856), (73.9001, -0.7677, 8.9672), (73.8228, -1.0157, 8.9425), (73.7271, -1.2501, 8.9128), (73.6447, -1.4161, 8.8879), (73.5542, -1.5735, 8.8614), (73.4565, -1.7221, 8.8337), (73.3523, -1.8618, 8.8053), (73.2424, -1.9929, 8.7766), (73.1273, -2.1154, 8.7479), (72.9667, -2.2654, 8.7102), (72.8336, -2.3744, 8.6811), (72.6883, -2.4799, 8.6516), (72.5388, -2.5753, 8.6237), (72.3859, -2.6607, 8.5977), (72.2298, -2.7363, 8.5739), (72.0712, -2.8023, 8.5526), (71.9102, -2.8586, 8.5340), (71.7475, -2.9054, 8.5181), (71.5832, -2.9428, 8.5053), (71.4177, -2.9708, 8.4956), (71.2513, -2.9895, 8.4890), (71.1258, -2.9974, 8.4862), (71.0000, -3.0000, 8.4853), (87.0000, 9.0000, 0.0000), (87.0000, 8.9553, 0.8961), (87.0000, 8.8216, 1.7833), (87.0000, 8.6002, 2.6528), (87.0000, 8.2933, 3.4959), (87.0000, 7.9040, 4.3043), (87.0000, 7.4361, 5.0699), (87.0000, 6.8944, 5.7851), (87.0000, 6.2841, 6.4428), (87.0000, 5.6114, 7.0365), (87.0000, 4.8829, 7.5602), (87.0000, 4.1059, 8.0088), (87.0000, 3.2881, 8.3779), (87.0000, 2.4376, 8.6636), (87.0000, 1.5628, 8.8633), (87.0000, 0.6726, 8.9748), (87.0000, -0.2244, 8.9972), (87.0000, -1.1191, 8.9302), (87.0000, -2.0027, 8.7744), (87.0000, -2.8664, 8.5313), (87.0000, -3.7016, 8.2036), (87.0000, -4.5000, 7.7942), (87.0000, -5.2537, 7.3074), (87.0000, -5.9552, 6.7480), (87.0000, -6.5975, 6.1216), (87.0000, -7.1742, 5.4342), (87.0000, -7.6796, 4.6929), (87.0000, -8.1087, 3.9050), (87.0000, -8.4572, 3.0782), (87.0000, -8.7217, 2.2208), (87.0000, -8.8995, 1.3414), (87.0000, -8.9888, 0.4486), (87.0000, -8.9888, -0.4486), (87.0000, -8.8995, -1.3414), (87.0000, -8.7217, -2.2208), (87.0000, -8.4572, -3.0782), (87.0000, -8.1087, -3.9050), (87.0000, -7.6796, -4.6929), (87.0000, -7.1742, -5.4342), (87.0000, -6.5975, -6.1216), (87.0000, -5.9552, -6.7480), (87.0000, -5.2537, -7.3074), (87.0000, -4.5000, -7.7942), (87.0000, -3.7016, -8.2036), (87.0000, -2.8664, -8.5313), (87.0000, -2.0027, -8.7744), (87.0000, -1.1191, -8.9302), (87.0000, -0.2244, -8.9972), (87.0000, 0.6726, -8.9748), (87.0000, 1.5628, -8.8633), (87.0000, 2.4376, -8.6636), (87.0000, 3.2881, -8.3779), (87.0000, 4.1059, -8.0088), (87.0000, 4.8829, -7.5602), (87.0000, 5.6114, -7.0365), (87.0000, 6.2841, -6.4428), (87.0000, 6.8944, -5.7851), (87.0000, 7.4361, -5.0699), (87.0000, 7.9040, -4.3043), (87.0000, 8.2933, -3.4959), (87.0000, 8.6002, -2.6528), (87.0000, 8.8216, -1.7833), (87.0000, 8.9553, -0.8961), (87.0000, 8.0000, 0.0000), (87.0000, 7.9602, 0.7965), (87.0000, 7.8414, 1.5852), (87.0000, 7.6446, 2.3580), (87.0000, 7.3718, 3.1075), (87.0000, 7.0258, 3.8260), (87.0000, 6.6099, 4.5066), (87.0000, 6.1284, 5.1423), (87.0000, 5.5859, 5.7269), (87.0000, 4.9879, 6.2547), (87.0000, 4.3404, 6.7202), (87.0000, 3.6497, 7.1190), (87.0000, 2.9227, 7.4470), (87.0000, 2.1667, 7.7010), (87.0000, 1.3892, 7.8785), (87.0000, 0.5978, 7.9776), (87.0000, -0.1994, 7.9975), (87.0000, -0.9947, 7.9379), (87.0000, -1.7802, 7.7994), (87.0000, -2.5479, 7.5834), (87.0000, -3.2903, 7.2920), (87.0000, -4.0000, 6.9282), (87.0000, -4.6699, 6.4955), (87.0000, -5.2935, 5.9982), (87.0000, -5.8644, 5.4414), (87.0000, -6.3771, 4.8304), (87.0000, -6.8263, 4.1715), (87.0000, -7.2078, 3.4711), (87.0000, -7.5175, 2.7362), (87.0000, -7.7526, 1.9741), (87.0000, -7.9106, 1.1923), (87.0000, -7.9901, 0.3988), (87.0000, -7.9901, -0.3988), (87.0000, -7.9106, -1.1923), (87.0000, -7.7526, -1.9741), (87.0000, -7.5175, -2.7362), (87.0000, -7.2078, -3.4711), (87.0000, -6.8263, -4.1715), (87.0000, -6.3771, -4.8304), (87.0000, -5.8644, -5.4414), (87.0000, -5.2935, -5.9982), (87.0000, -4.6699, -6.4955), (87.0000, -4.0000, -6.9282), (87.0000, -3.2903, -7.2920), (87.0000, -2.5479, -7.5834), (87.0000, -1.7802, -7.7994), (87.0000, -0.9947, -7.9379), (87.0000, -0.1994, -7.9975), (87.0000, 0.5978, -7.9776), (87.0000, 1.3892, -7.8785), (87.0000, 2.1667, -7.7010), (87.0000, 2.9227, -7.4470), (87.0000, 3.6497, -7.1190), (87.0000, 4.3404, -6.7202), (87.0000, 4.9879, -6.2547), (87.0000, 5.5859, -5.7269), (87.0000, 6.1284, -5.1423), (87.0000, 6.6099, -4.5066), (87.0000, 7.0258, -3.8260), (87.0000, 7.3718, -3.1075), (87.0000, 7.6446, -2.3580), (87.0000, 7.8414, -1.5852), (87.0000, 7.9602, -0.7965), (57.0000, -3.0000, 5.5000), (56.7059, -2.9856, 5.5000), (56.4147, -2.9424, 5.5000), (56.1291, -2.8708, 5.5000), (55.8519, -2.7716, 5.5000), (55.5858, -2.6458, 5.5000), (55.3333, -2.4944, 5.5000), (55.0968, -2.3190, 5.5000), (54.8787, -2.1213, 5.5000), (54.6810, -1.9032, 5.5000), (54.5056, -1.6667, 5.5000), (54.3542, -1.4142, 5.5000), (54.2284, -1.1481, 5.5000), (54.1292, -0.8709, 5.5000), (54.0576, -0.5853, 5.5000), (54.0144, -0.2941, 5.5000), (54.0000, 0.0000, 5.5000), (54.0144, 0.2941, 5.5000), (54.0576, 0.5853, 5.5000), (54.1292, 0.8709, 5.5000), (54.2284, 1.1481, 5.5000), (54.3542, 1.4142, 5.5000), (54.5056, 1.6667, 5.5000), (54.6810, 1.9032, 5.5000), (54.8787, 2.1213, 5.5000), (55.0968, 2.3190, 5.5000), (55.3333, 2.4944, 5.5000), (55.5858, 2.6458, 5.5000), (55.8519, 2.7716, 5.5000), (56.1291, 2.8708, 5.5000), (56.4147, 2.9424, 5.5000), (56.7059, 2.9856, 5.5000), (57.0000, 3.0000, 5.5000), (57.0000, -3.0000, 8.4853), (56.7365, -2.9884, 8.4894), (56.4746, -2.9536, 8.5015), (56.2152, -2.8955, 8.5215), (55.9599, -2.8139, 8.5488), (55.7100, -2.7085, 8.5828), (55.4670, -2.5788, 8.6226), (55.2329, -2.4243, 8.6673), (55.0095, -2.2445, 8.7156), (54.7990, -2.0385, 8.7661), (54.6795, -1.9014, 8.7969), (54.5398, -1.7168, 8.8347), (54.4117, -1.5167, 8.8713), (54.2968, -1.3011, 8.9055), (54.1974, -1.0703, 8.9361), (54.1159, -0.8259, 8.9620), (54.0546, -0.5696, 8.9820), (54.0154, -0.3041, 8.9949), (54.0002, -0.0336, 8.9999), (54.0094, 0.2375, 8.9969), (54.0427, 0.5046, 8.9858), (54.0988, 0.7636, 8.9676), (54.1755, 1.0111, 8.9430), (54.2707, 1.2454, 8.9134), (54.3820, 1.4649, 8.8800), (54.5070, 1.6688, 8.8439), (54.6440, 1.8572, 8.8063), (54.7872, 2.0257, 8.7691), (54.9345, 2.1757, 8.7331), (55.0888, 2.3124, 8.6979), (55.2236, 2.4175, 8.6692), (55.3885, 2.5304, 8.6370), (55.5796, 2.6425, 8.6033), (55.7758, 2.7389, 8.5731), (55.9762, 2.8199, 8.5468), (56.1799, 2.8857, 8.5248), (56.3863, 2.9366, 8.5074), (56.5946, 2.9725, 8.4950), (56.7970, 2.9931, 8.4877), (57.0000, 3.0000, 8.4853), (71.0000, -3.0000, 5.5000), (57.0000, -3.0000, 5.5000), (71.0000, -3.0000, 8.4853), (57.0000, -3.0000, 8.4853), (71.0000, 3.0000, 5.5000), (71.2941, 2.9856, 5.5000), (71.5853, 2.9424, 5.5000), (71.8709, 2.8708, 5.5000), (72.1481, 2.7716, 5.5000), (72.4142, 2.6458, 5.5000), (72.6667, 2.4944, 5.5000), (72.9032, 2.3190, 5.5000), (73.1213, 2.1213, 5.5000), (73.3190, 1.9032, 5.5000), (73.4944, 1.6667, 5.5000), (73.6458, 1.4142, 5.5000), (73.7716, 1.1481, 5.5000), (73.8708, 0.8709, 5.5000), (73.9424, 0.5853, 5.5000), (73.9856, 0.2941, 5.5000), (74.0000, -0.0000, 5.5000), (73.9856, -0.2941, 5.5000), (73.9424, -0.5853, 5.5000), (73.8708, -0.8709, 5.5000), (73.7716, -1.1481, 5.5000), (73.6458, -1.4142, 5.5000), (73.4944, -1.6667, 5.5000), (73.3190, -1.9032, 5.5000), (73.1213, -2.1213, 5.5000), (72.9032, -2.3190, 5.5000), (72.6667, -2.4944, 5.5000), (72.4142, -2.6458, 5.5000), (72.1481, -2.7716, 5.5000), (71.8709, -2.8708, 5.5000), (71.5853, -2.9424, 5.5000), (71.2941, -2.9856, 5.5000), (71.0000, -3.0000, 5.5000), (71.0000, 3.0000, 8.4853), (71.2635, 2.9884, 8.4894), (71.5254, 2.9536, 8.5015), (71.7848, 2.8955, 8.5215), (72.0401, 2.8139, 8.5488), (72.2900, 2.7085, 8.5828), (72.5330, 2.5788, 8.6226), (72.7671, 2.4243, 8.6673), (72.9905, 2.2445, 8.7156), (73.2010, 2.0385, 8.7661), (73.3205, 1.9013, 8.7969), (73.4605, 1.7164, 8.8348), (73.5888, 1.5160, 8.8714), (73.7036, 1.3002, 8.9056), (73.8029, 1.0695, 8.9362), (73.8844, 0.8246, 8.9621), (73.9458, 0.5674, 8.9821), (73.9848, 0.3015, 8.9949), (73.9998, 0.0306, 8.9999), (73.9903, -0.2409, 8.9968), (73.9566, -0.5083, 8.9856), (73.9001, -0.7677, 8.9672), (73.8228, -1.0157, 8.9425), (73.7271, -1.2501, 8.9128), (73.6447, -1.4161, 8.8879), (73.5542, -1.5735, 8.8614), (73.4565, -1.7221, 8.8337), (73.3523, -1.8618, 8.8053), (73.2424, -1.9929, 8.7766), (73.1273, -2.1154, 8.7479), (72.9667, -2.2654, 8.7102), (72.8336, -2.3744, 8.6811), (72.6883, -2.4799, 8.6516), (72.5388, -2.5753, 8.6237), (72.3859, -2.6607, 8.5977), (72.2298, -2.7363, 8.5739), (72.0712, -2.8023, 8.5526), (71.9102, -2.8586, 8.5340), (71.7475, -2.9054, 8.5181), (71.5832, -2.9428, 8.5053), (71.4177, -2.9708, 8.4956), (71.2513, -2.9895, 8.4890), (71.1258, -2.9974, 8.4862), (71.0000, -3.0000, 8.4853), (57.0000, 3.0000, 5.5000), (71.0000, 3.0000, 5.5000), (57.0000, 3.0000, 8.4853), (71.0000, 3.0000, 8.4853), (87.0000, 8.0000, 0.0000), (87.0000, 7.9602, 0.7965), (87.0000, 7.8414, 1.5852), (87.0000, 7.6446, 2.3580), (87.0000, 7.3718, 3.1075), (87.0000, 7.0258, 3.8260), (87.0000, 6.6099, 4.5066), (87.0000, 6.1284, 5.1423), (87.0000, 5.5859, 5.7269), (87.0000, 4.9879, 6.2547), (87.0000, 4.3404, 6.7202), (87.0000, 3.6497, 7.1190), (87.0000, 2.9227, 7.4470), (87.0000, 2.1667, 7.7010), (87.0000, 1.3892, 7.8785), (87.0000, 0.5978, 7.9776), (87.0000, -0.1994, 7.9975), (87.0000, -0.9947, 7.9379), (87.0000, -1.7802, 7.7994), (87.0000, -2.5479, 7.5834), (87.0000, -3.2903, 7.2920), (87.0000, -4.0000, 6.9282), (87.0000, -4.6699, 6.4955), (87.0000, -5.2935, 5.9982), (87.0000, -5.8644, 5.4414), (87.0000, -6.3771, 4.8304), (87.0000, -6.8263, 4.1715), (87.0000, -7.2078, 3.4711), (87.0000, -7.5175, 2.7362), (87.0000, -7.7526, 1.9741), (87.0000, -7.9106, 1.1923), (87.0000, -7.9901, 0.3988), (87.0000, -7.9901, -0.3988), (87.0000, -7.9106, -1.1923), (87.0000, -7.7526, -1.9741), (87.0000, -7.5175, -2.7362), (87.0000, -7.2078, -3.4711), (87.0000, -6.8263, -4.1715), (87.0000, -6.3771, -4.8304), (87.0000, -5.8644, -5.4414), (87.0000, -5.2935, -5.9982), (87.0000, -4.6699, -6.4955), (87.0000, -4.0000, -6.9282), (87.0000, -3.2903, -7.2920), (87.0000, -2.5479, -7.5834), (87.0000, -1.7802, -7.7994), (87.0000, -0.9947, -7.9379), (87.0000, -0.1994, -7.9975), (87.0000, 0.5978, -7.9776), (87.0000, 1.3892, -7.8785), (87.0000, 2.1667, -7.7010), (87.0000, 2.9227, -7.4470), (87.0000, 3.6497, -7.1190), (87.0000, 4.3404, -6.7202), (87.0000, 4.9879, -6.2547), (87.0000, 5.5859, -5.7269), (87.0000, 6.1284, -5.1423), (87.0000, 6.6099, -4.5066), (87.0000, 7.0258, -3.8260), (87.0000, 7.3718, -3.1075), (87.0000, 7.6446, -2.3580), (87.0000, 7.8414, -1.5852), (87.0000, 7.9602, -0.7965), (87.0000, 8.0000, 0.0000), (87.0062, 7.9218, 0.0000), (87.0062, 7.9218, 0.0000), (87.0062, 7.8824, 0.7888), (87.0062, 7.7647, 1.5697), (87.0062, 7.5698, 2.3350), (87.0062, 7.2997, 3.0771), (87.0062, 6.9571, 3.7886), (87.0062, 6.5453, 4.4625), (87.0062, 6.0684, 5.0920), (87.0062, 5.5313, 5.6709), (87.0062, 4.9392, 6.1935), (87.0062, 4.2979, 6.6545), (87.0062, 3.6140, 7.0494), (87.0062, 2.8942, 7.3742), (87.0062, 2.1455, 7.6257), (87.0062, 1.3756, 7.8014), (87.0062, 0.5920, 7.8996), (87.0062, -0.1975, 7.9193), (87.0062, -0.9850, 7.8603), (87.0062, -1.7628, 7.7232), (87.0062, -2.5230, 7.5093), (87.0062, -3.2581, 7.2208), (87.0062, -3.9609, 6.8605), (87.0062, -4.6243, 6.4320), (87.0062, -5.2417, 5.9396), (87.0062, -5.8071, 5.3882), (87.0062, -6.3147, 4.7832), (87.0062, -6.7596, 4.1307), (87.0062, -7.1373, 3.4371), (87.0062, -7.4440, 2.7094), (87.0062, -7.6768, 1.9548), (87.0062, -7.8333, 1.1807), (87.0062, -7.9119, 0.3949), (87.0062, -7.9119, -0.3949), (87.0062, -7.8333, -1.1807), (87.0062, -7.6768, -1.9548), (87.0062, -7.4440, -2.7094), (87.0062, -7.1373, -3.4371), (87.0062, -6.7596, -4.1307), (87.0062, -6.3147, -4.7832), (87.0062, -5.8071, -5.3882), (87.0062, -5.2417, -5.9396), (87.0062, -4.6243, -6.4320), (87.0062, -3.9609, -6.8605), (87.0062, -3.2581, -7.2208), (87.0062, -2.5230, -7.5093), (87.0062, -1.7628, -7.7232), (87.0062, -0.9850, -7.8603), (87.0062, -0.1975, -7.9193), (87.0062, 0.5920, -7.8996), (87.0062, 1.3756, -7.8014), (87.0062, 2.1455, -7.6257), (87.0062, 2.8942, -7.3742), (87.0062, 3.6140, -7.0494), (87.0062, 4.2979, -6.6545), (87.0062, 4.9392, -6.1935), (87.0062, 5.5313, -5.6709), (87.0062, 6.0684, -5.0920), (87.0062, 6.5453, -4.4625), (87.0062, 6.9571, -3.7886), (87.0062, 7.2997, -3.0771), (87.0062, 7.5698, -2.3350), (87.0062, 7.7647, -1.5697), (87.0062, 7.8824, -0.7888), (57.0000, 3.0000, 5.5000), (71.0000, 3.0000, 5.5000), (71.2941, 2.9856, 5.5000), (71.5853, 2.9424, 5.5000), (71.8709, 2.8708, 5.5000), (72.1481, 2.7716, 5.5000), (72.4142, 2.6458, 5.5000), (72.6667, 2.4944, 5.5000), (72.9032, 2.3190, 5.5000), (73.1213, 2.1213, 5.5000), (73.3190, 1.9032, 5.5000), (73.4944, 1.6667, 5.5000), (73.6458, 1.4142, 5.5000), (73.7716, 1.1481, 5.5000), (73.8708, 0.8709, 5.5000), (73.9424, 0.5853, 5.5000), (73.9856, 0.2941, 5.5000), (74.0000, -0.0000, 5.5000), (73.9856, -0.2941, 5.5000), (73.9424, -0.5853, 5.5000), (73.8708, -0.8709, 5.5000), (73.7716, -1.1481, 5.5000), (73.6458, -1.4142, 5.5000), (73.4944, -1.6667, 5.5000), (73.3190, -1.9032, 5.5000), (73.1213, -2.1213, 5.5000), (72.9032, -2.3190, 5.5000), (72.6667, -2.4944, 5.5000), (72.4142, -2.6458, 5.5000), (72.1481, -2.7716, 5.5000), (71.8709, -2.8708, 5.5000), (71.5853, -2.9424, 5.5000), (71.2941, -2.9856, 5.5000), (71.0000, -3.0000, 5.5000), (57.0000, -3.0000, 5.5000), (56.7059, -2.9856, 5.5000), (56.4147, -2.9424, 5.5000), (56.1291, -2.8708, 5.5000), (55.8519, -2.7716, 5.5000), (55.5858, -2.6458, 5.5000), (55.3333, -2.4944, 5.5000), (55.0968, -2.3190, 5.5000), (54.8787, -2.1213, 5.5000), (54.6810, -1.9032, 5.5000), (54.5056, -1.6667, 5.5000), (54.3542, -1.4142, 5.5000), (54.2284, -1.1481, 5.5000), (54.1292, -0.8709, 5.5000), (54.0576, -0.5853, 5.5000), (54.0144, -0.2941, 5.5000), (54.0000, 0.0000, 5.5000), (54.0144, 0.2941, 5.5000), (54.0576, 0.5853, 5.5000), (54.1292, 0.8709, 5.5000), (54.2284, 1.1481, 5.5000), (54.3542, 1.4142, 5.5000), (54.5056, 1.6667, 5.5000), (54.6810, 1.9032, 5.5000), (54.8787, 2.1213, 5.5000), (55.0968, 2.3190, 5.5000), (55.3333, 2.4944, 5.5000), (55.5858, 2.6458, 5.5000), (55.8519, 2.7716, 5.5000), (56.1291, 2.8708, 5.5000), (56.4147, 2.9424, 5.5000), (56.7059, 2.9856, 5.5000), (87.0062, 7.9218, 0.0000), (87.0062, 7.8824, 0.7888), (87.0062, 7.7647, 1.5697), (87.0062, 7.5698, 2.3350), (87.0062, 7.2997, 3.0771), (87.0062, 6.9571, 3.7886), (87.0062, 6.5453, 4.4625), (87.0062, 6.0684, 5.0920), (87.0062, 5.5313, 5.6709), (87.0062, 4.9392, 6.1935), (87.0062, 4.2979, 6.6545), (87.0062, 3.6140, 7.0494), (87.0062, 2.8942, 7.3742), (87.0062, 2.1455, 7.6257), (87.0062, 1.3756, 7.8014), (87.0062, 0.5920, 7.8996), (87.0062, -0.1975, 7.9193), (87.0062, -0.9850, 7.8603), (87.0062, -1.7628, 7.7232), (87.0062, -2.5230, 7.5093), (87.0062, -3.2581, 7.2208), (87.0062, -3.9609, 6.8605), (87.0062, -4.6243, 6.4320), (87.0062, -5.2417, 5.9396), (87.0062, -5.8071, 5.3882), (87.0062, -6.3147, 4.7832), (87.0062, -6.7596, 4.1307), (87.0062, -7.1373, 3.4371), (87.0062, -7.4440, 2.7094), (87.0062, -7.6768, 1.9548), (87.0062, -7.8333, 1.1807), (87.0062, -7.9119, 0.3949), (87.0062, -7.9119, -0.3949), (87.0062, -7.8333, -1.1807), (87.0062, -7.6768, -1.9548), (87.0062, -7.4440, -2.7094), (87.0062, -7.1373, -3.4371), (87.0062, -6.7596, -4.1307), (87.0062, -6.3147, -4.7832), (87.0062, -5.8071, -5.3882), (87.0062, -5.2417, -5.9396), (87.0062, -4.6243, -6.4320), (87.0062, -3.9609, -6.8605), (87.0062, -3.2581, -7.2208), (87.0062, -2.5230, -7.5093), (87.0062, -1.7628, -7.7232), (87.0062, -0.9850, -7.8603), (87.0062, -0.1975, -7.9193), (87.0062, 0.5920, -7.8996), (87.0062, 1.3756, -7.8014), (87.0062, 2.1455, -7.6257), (87.0062, 2.8942, -7.3742), (87.0062, 3.6140, -7.0494), (87.0062, 4.2979, -6.6545), (87.0062, 4.9392, -6.1935), (87.0062, 5.5313, -5.6709), (87.0062, 6.0684, -5.0920), (87.0062, 6.5453, -4.4625), (87.0062, 6.9571, -3.7886), (87.0062, 7.2997, -3.0771), (87.0062, 7.5698, -2.3350), (87.0062, 7.7647, -1.5697), (87.0062, 7.8824, -0.7888), (87.0062, 7.9218, 0.0000), (87.0245, 7.8455, 0.0000), (87.0245, 7.8455, 0.0000), (87.0245, 7.8065, 0.7812), (87.0245, 7.6899, 1.5546), (87.0245, 7.4969, 2.3125), (87.0245, 7.2294, 3.0475), (87.0245, 6.8901, 3.7521), (87.0245, 6.4822, 4.4195), (87.0245, 6.0100, 5.0430), (87.0245, 5.4780, 5.6163), (87.0245, 4.8916, 6.1339), (87.0245, 4.2565, 6.5904), (87.0245, 3.5792, 6.9815), (87.0245, 2.8663, 7.3032), (87.0245, 2.1249, 7.5523), (87.0245, 1.3624, 7.7263), (87.0245, 0.5863, 7.8236), (87.0245, -0.1956, 7.8431), (87.0245, -0.9755, 7.7846), (87.0245, -1.7458, 7.6488), (87.0245, -2.4987, 7.4370), (87.0245, -3.2267, 7.1512), (87.0245, -3.9227, 6.7944), (87.0245, -4.5798, 6.3701), (87.0245, -5.1913, 5.8824), (87.0245, -5.7512, 5.3363), (87.0245, -6.2539, 4.7371), (87.0245, -6.6945, 4.0909), (87.0245, -7.0685, 3.4040), (87.0245, -7.3724, 2.6833), (87.0245, -7.6029, 1.9359), (87.0245, -7.7579, 1.1693), (87.0245, -7.8357, 0.3911), (87.0245, -7.8357, -0.3911), (87.0245, -7.7579, -1.1693), (87.0245, -7.6029, -1.9359), (87.0245, -7.3724, -2.6833), (87.0245, -7.0685, -3.4040), (87.0245, -6.6945, -4.0909), (87.0245, -6.2539, -4.7371), (87.0245, -5.7512, -5.3363), (87.0245, -5.1913, -5.8824), (87.0245, -4.5798, -6.3701), (87.0245, -3.9227, -6.7944), (87.0245, -3.2267, -7.1512), (87.0245, -2.4987, -7.4370), (87.0245, -1.7458, -7.6488), (87.0245, -0.9755, -7.7846), (87.0245, -0.1956, -7.8431), (87.0245, 0.5863, -7.8236), (87.0245, 1.3624, -7.7263), (87.0245, 2.1249, -7.5523), (87.0245, 2.8663, -7.3032), (87.0245, 3.5792, -6.9815), (87.0245, 4.2565, -6.5904), (87.0245, 4.8916, -6.1339), (87.0245, 5.4780, -5.6163), (87.0245, 6.0100, -5.0430), (87.0245, 6.4822, -4.4195), (87.0245, 6.8901, -3.7521), (87.0245, 7.2294, -3.0475), (87.0245, 7.4969, -2.3125), (87.0245, 7.6899, -1.5546), (87.0245, 7.8065, -0.7812), (87.0245, 7.8455, 0.0000), (87.0245, 7.8065, 0.7812), (87.0245, 7.6899, 1.5546), (87.0245, 7.4969, 2.3125), (87.0245, 7.2294, 3.0475), (87.0245, 6.8901, 3.7521), (87.0245, 6.4822, 4.4195), (87.0245, 6.0100, 5.0430), (87.0245, 5.4780, 5.6163), (87.0245, 4.8916, 6.1339), (87.0245, 4.2565, 6.5904), (87.0245, 3.5792, 6.9815), (87.0245, 2.8663, 7.3032), (87.0245, 2.1249, 7.5523), (87.0245, 1.3624, 7.7263), (87.0245, 0.5863, 7.8236), (87.0245, -0.1956, 7.8431), (87.0245, -0.9755, 7.7846), (87.0245, -1.7458, 7.6488), (87.0245, -2.4987, 7.4370), (87.0245, -3.2267, 7.1512), (87.0245, -3.9227, 6.7944), (87.0245, -4.5798, 6.3701), (87.0245, -5.1913, 5.8824), (87.0245, -5.7512, 5.3363), (87.0245, -6.2539, 4.7371), (87.0245, -6.6945, 4.0909), (87.0245, -7.0685, 3.4040), (87.0245, -7.3724, 2.6833), (87.0245, -7.6029, 1.9359), (87.0245, -7.7579, 1.1693), (87.0245, -7.8357, 0.3911), (87.0245, -7.8357, -0.3911), (87.0245, -7.7579, -1.1693), (87.0245, -7.6029, -1.9359), (87.0245, -7.3724, -2.6833), (87.0245, -7.0685, -3.4040), (87.0245, -6.6945, -4.0909), (87.0245, -6.2539, -4.7371), (87.0245, -5.7512, -5.3363), (87.0245, -5.1913, -5.8824), (87.0245, -4.5798, -6.3701), (87.0245, -3.9227, -6.7944), (87.0245, -3.2267, -7.1512), (87.0245, -2.4987, -7.4370), (87.0245, -1.7458, -7.6488), (87.0245, -0.9755, -7.7846), (87.0245, -0.1956, -7.8431), (87.0245, 0.5863, -7.8236), (87.0245, 1.3624, -7.7263), (87.0245, 2.1249, -7.5523), (87.0245, 2.8663, -7.3032), (87.0245, 3.5792, -6.9815), (87.0245, 4.2565, -6.5904), (87.0245, 4.8916, -6.1339), (87.0245, 5.4780, -5.6163), (87.0245, 6.0100, -5.0430), (87.0245, 6.4822, -4.4195), (87.0245, 6.8901, -3.7521), (87.0245, 7.2294, -3.0475), (87.0245, 7.4969, -2.3125), (87.0245, 7.6899, -1.5546), (87.0245, 7.8065, -0.7812), (87.0245, 7.8455, 0.0000), (87.0545, 7.7730, 0.0000), (87.0545, 7.7730, 0.0000), (87.0545, 7.7344, 0.7739), (87.0545, 7.6189, 1.5402), (87.0545, 7.4277, 2.2911), (87.0545, 7.1626, 3.0193), (87.0545, 6.8264, 3.7175), (87.0545, 6.4224, 4.3787), (87.0545, 5.9545, 4.9964), (87.0545, 5.4274, 5.5644), (87.0545, 4.8464, 6.0772), (87.0545, 4.2172, 6.5295), (87.0545, 3.5461, 6.9170), (87.0545, 2.8398, 7.2357), (87.0545, 2.1052, 7.4825), (87.0545, 1.3498, 7.6549), (87.0545, 0.5809, 7.7513), (87.0545, -0.1938, 7.7706), (87.0545, -0.9665, 7.7127), (87.0545, -1.7297, 7.5781), (87.0545, -2.4756, 7.3682), (87.0545, -3.1969, 7.0851), (87.0545, -3.8865, 6.7316), (87.0545, -4.5374, 6.3112), (87.0545, -5.1433, 5.8281), (87.0545, -5.6980, 5.2870), (87.0545, -6.1961, 4.6934), (87.0545, -6.6326, 4.0531), (87.0545, -7.0032, 3.3726), (87.0545, -7.3042, 2.6585), (87.0545, -7.5326, 1.9180), (87.0545, -7.6862, 1.1585), (87.0545, -7.7633, 0.3875), (87.0545, -7.7633, -0.3875), (87.0545, -7.6862, -1.1585), (87.0545, -7.5326, -1.9180), (87.0545, -7.3042, -2.6585), (87.0545, -7.0032, -3.3726), (87.0545, -6.6326, -4.0531), (87.0545, -6.1961, -4.6934), (87.0545, -5.6980, -5.2870), (87.0545, -5.1433, -5.8281), (87.0545, -4.5374, -6.3112), (87.0545, -3.8865, -6.7316), (87.0545, -3.1969, -7.0851), (87.0545, -2.4756, -7.3682), (87.0545, -1.7297, -7.5781), (87.0545, -0.9665, -7.7127), (87.0545, -0.1938, -7.7706), (87.0545, 0.5809, -7.7513), (87.0545, 1.3498, -7.6549), (87.0545, 2.1052, -7.4825), (87.0545, 2.8398, -7.2357), (87.0545, 3.5461, -6.9170), (87.0545, 4.2172, -6.5295), (87.0545, 4.8464, -6.0772), (87.0545, 5.4274, -5.5644), (87.0545, 5.9545, -4.9964), (87.0545, 6.4224, -4.3787), (87.0545, 6.8264, -3.7175), (87.0545, 7.1626, -3.0193), (87.0545, 7.4277, -2.2911), (87.0545, 7.6189, -1.5402), (87.0545, 7.7344, -0.7739), (87.0545, 7.7730, 0.0000), (87.0545, 7.7344, 0.7739), (87.0545, 7.6189, 1.5402), (87.0545, 7.4277, 2.2911), (87.0545, 7.1626, 3.0193), (87.0545, 6.8264, 3.7175), (87.0545, 6.4224, 4.3787), (87.0545, 5.9545, 4.9964), (87.0545, 5.4274, 5.5644), (87.0545, 4.8464, 6.0772), (87.0545, 4.2172, 6.5295), (87.0545, 3.5461, 6.9170), (87.0545, 2.8398, 7.2357), (87.0545, 2.1052, 7.4825), (87.0545, 1.3498, 7.6549), (87.0545, 0.5809, 7.7513), (87.0545, -0.1938, 7.7706), (87.0545, -0.9665, 7.7127), (87.0545, -1.7297, 7.5781), (87.0545, -2.4756, 7.3682), (87.0545, -3.1969, 7.0851), (87.0545, -3.8865, 6.7316), (87.0545, -4.5374, 6.3112), (87.0545, -5.1433, 5.8281), (87.0545, -5.6980, 5.2870), (87.0545, -6.1961, 4.6934), (87.0545, -6.6326, 4.0531), (87.0545, -7.0032, 3.3726), (87.0545, -7.3042, 2.6585), (87.0545, -7.5326, 1.9180), (87.0545, -7.6862, 1.1585), (87.0545, -7.7633, 0.3875), (87.0545, -7.7633, -0.3875), (87.0545, -7.6862, -1.1585), (87.0545, -7.5326, -1.9180), (87.0545, -7.3042, -2.6585), (87.0545, -7.0032, -3.3726), (87.0545, -6.6326, -4.0531), (87.0545, -6.1961, -4.6934), (87.0545, -5.6980, -5.2870), (87.0545, -5.1433, -5.8281), (87.0545, -4.5374, -6.3112), (87.0545, -3.8865, -6.7316), (87.0545, -3.1969, -7.0851), (87.0545, -2.4756, -7.3682), (87.0545, -1.7297, -7.5781), (87.0545, -0.9665, -7.7127), (87.0545, -0.1938, -7.7706), (87.0545, 0.5809, -7.7513), (87.0545, 1.3498, -7.6549), (87.0545, 2.1052, -7.4825), (87.0545, 2.8398, -7.2357), (87.0545, 3.5461, -6.9170), (87.0545, 4.2172, -6.5295), (87.0545, 4.8464, -6.0772), (87.0545, 5.4274, -5.5644), (87.0545, 5.9545, -4.9964), (87.0545, 6.4224, -4.3787), (87.0545, 6.8264, -3.7175), (87.0545, 7.1626, -3.0193), (87.0545, 7.4277, -2.2911), (87.0545, 7.6189, -1.5402), (87.0545, 7.7344, -0.7739), (87.0545, 7.7730, 0.0000), (87.0955, 7.7061, 0.0000), (87.0955, 7.7061, 0.0000), (87.0955, 7.6678, 0.7673), (87.0955, 7.5533, 1.5269), (87.0955, 7.3637, 2.2714), (87.0955, 7.1010, 2.9933), (87.0955, 6.7677, 3.6855), (87.0955, 6.3671, 4.3410), (87.0955, 5.9032, 4.9534), (87.0955, 5.3807, 5.5165), (87.0955, 4.8047, 6.0249), (87.0955, 4.1809, 6.4733), (87.0955, 3.5156, 6.8574), (87.0955, 2.8154, 7.1734), (87.0955, 2.0871, 7.4181), (87.0955, 1.3382, 7.5890), (87.0955, 0.5759, 7.6846), (87.0955, -0.1921, 7.7037), (87.0955, -0.9582, 7.6463), (87.0955, -1.7148, 7.5129), (87.0955, -2.4543, 7.3048), (87.0955, -3.1694, 7.0242), (87.0955, -3.8531, 6.6737), (87.0955, -4.4984, 6.2569), (87.0955, -5.0990, 5.7779), (87.0955, -5.6490, 5.2415), (87.0955, -6.1428, 4.6530), (87.0955, -6.5756, 4.0182), (87.0955, -6.9430, 3.3436), (87.0955, -7.2414, 2.6356), (87.0955, -7.4678, 1.9015), (87.0955, -7.6200, 1.1485), (87.0955, -7.6965, 0.3841), (87.0955, -7.6965, -0.3841), (87.0955, -7.6200, -1.1485), (87.0955, -7.4678, -1.9015), (87.0955, -7.2414, -2.6356), (87.0955, -6.9430, -3.3436), (87.0955, -6.5756, -4.0182), (87.0955, -6.1428, -4.6530), (87.0955, -5.6490, -5.2415), (87.0955, -5.0990, -5.7779), (87.0955, -4.4984, -6.2569), (87.0955, -3.8531, -6.6737), (87.0955, -3.1694, -7.0242), (87.0955, -2.4543, -7.3048), (87.0955, -1.7148, -7.5129), (87.0955, -0.9582, -7.6463), (87.0955, -0.1921, -7.7037), (87.0955, 0.5759, -7.6846), (87.0955, 1.3382, -7.5890), (87.0955, 2.0871, -7.4181), (87.0955, 2.8154, -7.1734), (87.0955, 3.5156, -6.8574), (87.0955, 4.1809, -6.4733), (87.0955, 4.8047, -6.0249), (87.0955, 5.3807, -5.5165), (87.0955, 5.9032, -4.9534), (87.0955, 6.3671, -4.3410), (87.0955, 6.7677, -3.6855), (87.0955, 7.1010, -2.9933), (87.0955, 7.3637, -2.2714), (87.0955, 7.5533, -1.5269), (87.0955, 7.6678, -0.7673), (87.0955, 7.7061, 0.0000), (87.0955, 7.6678, 0.7673), (87.0955, 7.5533, 1.5269), (87.0955, 7.3637, 2.2714), (87.0955, 7.1010, 2.9933), (87.0955, 6.7677, 3.6855), (87.0955, 6.3671, 4.3410), (87.0955, 5.9032, 4.9534), (87.0955, 5.3807, 5.5165), (87.0955, 4.8047, 6.0249), (87.0955, 4.1809, 6.4733), (87.0955, 3.5156, 6.8574), (87.0955, 2.8154, 7.1734), (87.0955, 2.0871, 7.4181), (87.0955, 1.3382, 7.5890), (87.0955, 0.5759, 7.6846), (87.0955, -0.1921, 7.7037), (87.0955, -0.9582, 7.6463), (87.0955, -1.7148, 7.5129), (87.0955, -2.4543, 7.3048), (87.0955, -3.1694, 7.0242), (87.0955, -3.8531, 6.6737), (87.0955, -4.4984, 6.2569), (87.0955, -5.0990, 5.7779), (87.0955, -5.6490, 5.2415), (87.0955, -6.1428, 4.6530), (87.0955, -6.5756, 4.0182), (87.0955, -6.9430, 3.3436), (87.0955, -7.2414, 2.6356), (87.0955, -7.4678, 1.9015), (87.0955, -7.6200, 1.1485), (87.0955, -7.6965, 0.3841), (87.0955, -7.6965, -0.3841), (87.0955, -7.6200, -1.1485), (87.0955, -7.4678, -1.9015), (87.0955, -7.2414, -2.6356), (87.0955, -6.9430, -3.3436), (87.0955, -6.5756, -4.0182), (87.0955, -6.1428, -4.6530), (87.0955, -5.6490, -5.2415), (87.0955, -5.0990, -5.7779), (87.0955, -4.4984, -6.2569), (87.0955, -3.8531, -6.6737), (87.0955, -3.1694, -7.0242), (87.0955, -2.4543, -7.3048), (87.0955, -1.7148, -7.5129), (87.0955, -0.9582, -7.6463), (87.0955, -0.1921, -7.7037), (87.0955, 0.5759, -7.6846), (87.0955, 1.3382, -7.5890), (87.0955, 2.0871, -7.4181), (87.0955, 2.8154, -7.1734), (87.0955, 3.5156, -6.8574), (87.0955, 4.1809, -6.4733), (87.0955, 4.8047, -6.0249), (87.0955, 5.3807, -5.5165), (87.0955, 5.9032, -4.9534), (87.0955, 6.3671, -4.3410), (87.0955, 6.7677, -3.6855), (87.0955, 7.1010, -2.9933), (87.0955, 7.3637, -2.2714), (87.0955, 7.5533, -1.5269), (87.0955, 7.6678, -0.7673), (87.0955, 7.7061, 0.0000), (87.1464, 7.6464, 0.0000), (87.1464, 7.6464, 0.0000), (87.1464, 7.6084, 0.7613), (87.1464, 7.4948, 1.5151), (87.1464, 7.3067, 2.2538), (87.1464, 7.0460, 2.9701), (87.1464, 6.7153, 3.6569), (87.1464, 6.3178, 4.3074), (87.1464, 5.8575, 4.9150), (87.1464, 5.3390, 5.4738), (87.1464, 4.7675, 5.9782), (87.1464, 4.1486, 6.4232), (87.1464, 3.4884, 6.8044), (87.1464, 2.7936, 7.1179), (87.1464, 2.0710, 7.3607), (87.1464, 1.3278, 7.5303), (87.1464, 0.5714, 7.6251), (87.1464, -0.1906, 7.6441), (87.1464, -0.9508, 7.5871), (87.1464, -1.7015, 7.4547), (87.1464, -2.4353, 7.2483), (87.1464, -3.1449, 6.9698), (87.1464, -3.8232, 6.6220), (87.1464, -4.4636, 6.2084), (87.1464, -5.0595, 5.7332), (87.1464, -5.6052, 5.2009), (87.1464, -6.0952, 4.6170), (87.1464, -6.5246, 3.9871), (87.1464, -6.8892, 3.3177), (87.1464, -7.1853, 2.6152), (87.1464, -7.4100, 1.8868), (87.1464, -7.5610, 1.1396), (87.1464, -7.6369, 0.3811), (87.1464, -7.6369, -0.3811), (87.1464, -7.5610, -1.1396), (87.1464, -7.4100, -1.8868), (87.1464, -7.1853, -2.6152), (87.1464, -6.8892, -3.3177), (87.1464, -6.5246, -3.9871), (87.1464, -6.0952, -4.6170), (87.1464, -5.6052, -5.2009), (87.1464, -5.0595, -5.7332), (87.1464, -4.4636, -6.2084), (87.1464, -3.8232, -6.6220), (87.1464, -3.1449, -6.9698), (87.1464, -2.4353, -7.2483), (87.1464, -1.7015, -7.4547), (87.1464, -0.9508, -7.5871), (87.1464, -0.1906, -7.6441), (87.1464, 0.5714, -7.6251), (87.1464, 1.3278, -7.5303), (87.1464, 2.0710, -7.3607), (87.1464, 2.7936, -7.1179), (87.1464, 3.4884, -6.8044), (87.1464, 4.1486, -6.4232), (87.1464, 4.7675, -5.9782), (87.1464, 5.3390, -5.4738), (87.1464, 5.8575, -4.9150), (87.1464, 6.3178, -4.3074), (87.1464, 6.7153, -3.6569), (87.1464, 7.0460, -2.9701), (87.1464, 7.3067, -2.2538), (87.1464, 7.4948, -1.5151), (87.1464, 7.6084, -0.7613), (87.1464, 7.6464, 0.0000), (87.1464, 7.6084, 0.7613), (87.1464, 7.4948, 1.5151), (87.1464, 7.3067, 2.2538), (87.1464, 7.0460, 2.9701), (87.1464, 6.7153, 3.6569), (87.1464, 6.3178, 4.3074), (87.1464, 5.8575, 4.9150), (87.1464, 5.3390, 5.4738), (87.1464, 4.7675, 5.9782), (87.1464, 4.1486, 6.4232), (87.1464, 3.4884, 6.8044), (87.1464, 2.7936, 7.1179), (87.1464, 2.0710, 7.3607), (87.1464, 1.3278, 7.5303), (87.1464, 0.5714, 7.6251), (87.1464, -0.1906, 7.6441), (87.1464, -0.9508, 7.5871), (87.1464, -1.7015, 7.4547), (87.1464, -2.4353, 7.2483), (87.1464, -3.1449, 6.9698), (87.1464, -3.8232, 6.6220), (87.1464, -4.4636, 6.2084), (87.1464, -5.0595, 5.7332), (87.1464, -5.6052, 5.2009), (87.1464, -6.0952, 4.6170), (87.1464, -6.5246, 3.9871), (87.1464, -6.8892, 3.3177), (87.1464, -7.1853, 2.6152), (87.1464, -7.4100, 1.8868), (87.1464, -7.5610, 1.1396), (87.1464, -7.6369, 0.3811), (87.1464, -7.6369, -0.3811), (87.1464, -7.5610, -1.1396), (87.1464, -7.4100, -1.8868), (87.1464, -7.1853, -2.6152), (87.1464, -6.8892, -3.3177), (87.1464, -6.5246, -3.9871), (87.1464, -6.0952, -4.6170), (87.1464, -5.6052, -5.2009), (87.1464, -5.0595, -5.7332), (87.1464, -4.4636, -6.2084), (87.1464, -3.8232, -6.6220), (87.1464, -3.1449, -6.9698), (87.1464, -2.4353, -7.2483), (87.1464, -1.7015, -7.4547), (87.1464, -0.9508, -7.5871), (87.1464, -0.1906, -7.6441), (87.1464, 0.5714, -7.6251), (87.1464, 1.3278, -7.5303), (87.1464, 2.0710, -7.3607), (87.1464, 2.7936, -7.1179), (87.1464, 3.4884, -6.8044), (87.1464, 4.1486, -6.4232), (87.1464, 4.7675, -5.9782), (87.1464, 5.3390, -5.4738), (87.1464, 5.8575, -4.9150), (87.1464, 6.3178, -4.3074), (87.1464, 6.7153, -3.6569), (87.1464, 7.0460, -2.9701), (87.1464, 7.3067, -2.2538), (87.1464, 7.4948, -1.5151), (87.1464, 7.6084, -0.7613), (87.1464, 7.6464, 0.0000), (87.2061, 7.5955, 0.0000), (87.2061, 7.5955, 0.0000), (87.2061, 7.5577, 0.7563), (87.2061, 7.4449, 1.5050), (87.2061, 7.2580, 2.2388), (87.2061, 6.9991, 2.9504), (87.2061, 6.6705, 3.6326), (87.2061, 6.2757, 4.2787), (87.2061, 5.8185, 4.8823), (87.2061, 5.3035, 5.4374), (87.2061, 4.7357, 5.9384), (87.2061, 4.1209, 6.3804), (87.2061, 3.4651, 6.7590), (87.2061, 2.7749, 7.0704), (87.2061, 2.0572, 7.3116), (87.2061, 1.3189, 7.4801), (87.2061, 0.5676, 7.5743), (87.2061, -0.1894, 7.5931), (87.2061, -0.9445, 7.5365), (87.2061, -1.6902, 7.4051), (87.2061, -2.4191, 7.2000), (87.2061, -3.1239, 6.9233), (87.2061, -3.7977, 6.5779), (87.2061, -4.4338, 6.1671), (87.2061, -5.0258, 5.6950), (87.2061, -5.5679, 5.1662), (87.2061, -6.0546, 4.5862), (87.2061, -6.4812, 3.9606), (87.2061, -6.8433, 3.2956), (87.2061, -7.1374, 2.5978), (87.2061, -7.3606, 1.8742), (87.2061, -7.5107, 1.1320), (87.2061, -7.5860, 0.3786), (87.2061, -7.5860, -0.3786), (87.2061, -7.5107, -1.1320), (87.2061, -7.3606, -1.8742), (87.2061, -7.1374, -2.5978), (87.2061, -6.8433, -3.2956), (87.2061, -6.4812, -3.9606), (87.2061, -6.0546, -4.5862), (87.2061, -5.5679, -5.1662), (87.2061, -5.0258, -5.6950), (87.2061, -4.4338, -6.1671), (87.2061, -3.7977, -6.5779), (87.2061, -3.1239, -6.9233), (87.2061, -2.4191, -7.2000), (87.2061, -1.6902, -7.4051), (87.2061, -0.9445, -7.5365), (87.2061, -0.1894, -7.5931), (87.2061, 0.5676, -7.5743), (87.2061, 1.3189, -7.4801), (87.2061, 2.0572, -7.3116), (87.2061, 2.7749, -7.0704), (87.2061, 3.4651, -6.7590), (87.2061, 4.1209, -6.3804), (87.2061, 4.7357, -5.9384), (87.2061, 5.3035, -5.4374), (87.2061, 5.8185, -4.8823), (87.2061, 6.2757, -4.2787), (87.2061, 6.6705, -3.6326), (87.2061, 6.9991, -2.9504), (87.2061, 7.2580, -2.2388), (87.2061, 7.4449, -1.5050), (87.2061, 7.5577, -0.7563), (87.2061, 7.5955, 0.0000), (87.2061, 7.5577, 0.7563), (87.2061, 7.4449, 1.5050), (87.2061, 7.2580, 2.2388), (87.2061, 6.9991, 2.9504), (87.2061, 6.6705, 3.6326), (87.2061, 6.2757, 4.2787), (87.2061, 5.8185, 4.8823), (87.2061, 5.3035, 5.4374), (87.2061, 4.7357, 5.9384), (87.2061, 4.1209, 6.3804), (87.2061, 3.4651, 6.7590), (87.2061, 2.7749, 7.0704), (87.2061, 2.0572, 7.3116), (87.2061, 1.3189, 7.4801), (87.2061, 0.5676, 7.5743), (87.2061, -0.1894, 7.5931), (87.2061, -0.9445, 7.5365), (87.2061, -1.6902, 7.4051), (87.2061, -2.4191, 7.2000), (87.2061, -3.1239, 6.9233), (87.2061, -3.7977, 6.5779), (87.2061, -4.4338, 6.1671), (87.2061, -5.0258, 5.6950), (87.2061, -5.5679, 5.1662), (87.2061, -6.0546, 4.5862), (87.2061, -6.4812, 3.9606), (87.2061, -6.8433, 3.2956), (87.2061, -7.1374, 2.5978), (87.2061, -7.3606, 1.8742), (87.2061, -7.5107, 1.1320), (87.2061, -7.5860, 0.3786), (87.2061, -7.5860, -0.3786), (87.2061, -7.5107, -1.1320), (87.2061, -7.3606, -1.8742), (87.2061, -7.1374, -2.5978), (87.2061, -6.8433, -3.2956), (87.2061, -6.4812, -3.9606), (87.2061, -6.0546, -4.5862), (87.2061, -5.5679, -5.1662), (87.2061, -5.0258, -5.6950), (87.2061, -4.4338, -6.1671), (87.2061, -3.7977, -6.5779), (87.2061, -3.1239, -6.9233), (87.2061, -2.4191, -7.2000), (87.2061, -1.6902, -7.4051), (87.2061, -0.9445, -7.5365), (87.2061, -0.1894, -7.5931), (87.2061, 0.5676, -7.5743), (87.2061, 1.3189, -7.4801), (87.2061, 2.0572, -7.3116), (87.2061, 2.7749, -7.0704), (87.2061, 3.4651, -6.7590), (87.2061, 4.1209, -6.3804), (87.2061, 4.7357, -5.9384), (87.2061, 5.3035, -5.4374), (87.2061, 5.8185, -4.8823), (87.2061, 6.2757, -4.2787), (87.2061, 6.6705, -3.6326), (87.2061, 6.9991, -2.9504), (87.2061, 7.2580, -2.2388), (87.2061, 7.4449, -1.5050), (87.2061, 7.5577, -0.7563), (87.2061, 7.5955, 0.0000), (87.2730, 7.5545, 0.0000), (87.2730, 7.5545, 0.0000), (87.2730, 7.5170, 0.7522), (87.2730, 7.4047, 1.4969), (87.2730, 7.2189, 2.2267), (87.2730, 6.9613, 2.9344), (87.2730, 6.6345, 3.6130), (87.2730, 6.2418, 4.2556), (87.2730, 5.7871, 4.8559), (87.2730, 5.2748, 5.4080), (87.2730, 4.7102, 5.9063), (87.2730, 4.0987, 6.3460), (87.2730, 3.4464, 6.7225), (87.2730, 2.7600, 7.0323), (87.2730, 2.0461, 7.2721), (87.2730, 1.3118, 7.4397), (87.2730, 0.5645, 7.5334), (87.2730, -0.1883, 7.5521), (87.2730, -0.9394, 7.4959), (87.2730, -1.6810, 7.3651), (87.2730, -2.4060, 7.1611), (87.2730, -3.1071, 6.8860), (87.2730, -3.7772, 6.5424), (87.2730, -4.4099, 6.1338), (87.2730, -4.9987, 5.6642), (87.2730, -5.5378, 5.1384), (87.2730, -6.0219, 4.5614), (87.2730, -6.4462, 3.9392), (87.2730, -6.8064, 3.2778), (87.2730, -7.0989, 2.5838), (87.2730, -7.3209, 1.8641), (87.2730, -7.4701, 1.1259), (87.2730, -7.5451, 0.3766), (87.2730, -7.5451, -0.3766), (87.2730, -7.4701, -1.1259), (87.2730, -7.3209, -1.8641), (87.2730, -7.0989, -2.5838), (87.2730, -6.8064, -3.2778), (87.2730, -6.4462, -3.9392), (87.2730, -6.0219, -4.5614), (87.2730, -5.5378, -5.1384), (87.2730, -4.9987, -5.6642), (87.2730, -4.4099, -6.1338), (87.2730, -3.7772, -6.5424), (87.2730, -3.1071, -6.8860), (87.2730, -2.4060, -7.1611), (87.2730, -1.6810, -7.3651), (87.2730, -0.9394, -7.4959), (87.2730, -0.1883, -7.5521), (87.2730, 0.5645, -7.5334), (87.2730, 1.3118, -7.4397), (87.2730, 2.0461, -7.2721), (87.2730, 2.7600, -7.0323), (87.2730, 3.4464, -6.7225), (87.2730, 4.0987, -6.3460), (87.2730, 4.7102, -5.9063), (87.2730, 5.2748, -5.4080), (87.2730, 5.7871, -4.8559), (87.2730, 6.2418, -4.2556), (87.2730, 6.6345, -3.6130), (87.2730, 6.9613, -2.9344), (87.2730, 7.2189, -2.2267), (87.2730, 7.4047, -1.4969), (87.2730, 7.5170, -0.7522), (87.2730, 7.5545, 0.0000), (87.2730, 7.5170, 0.7522), (87.2730, 7.4047, 1.4969), (87.2730, 7.2189, 2.2267), (87.2730, 6.9613, 2.9344), (87.2730, 6.6345, 3.6130), (87.2730, 6.2418, 4.2556), (87.2730, 5.7871, 4.8559), (87.2730, 5.2748, 5.4080), (87.2730, 4.7102, 5.9063), (87.2730, 4.0987, 6.3460), (87.2730, 3.4464, 6.7225), (87.2730, 2.7600, 7.0323), (87.2730, 2.0461, 7.2721), (87.2730, 1.3118, 7.4397), (87.2730, 0.5645, 7.5334), (87.2730, -0.1883, 7.5521), (87.2730, -0.9394, 7.4959), (87.2730, -1.6810, 7.3651), (87.2730, -2.4060, 7.1611), (87.2730, -3.1071, 6.8860), (87.2730, -3.7772, 6.5424), (87.2730, -4.4099, 6.1338), (87.2730, -4.9987, 5.6642), (87.2730, -5.5378, 5.1384), (87.2730, -6.0219, 4.5614), (87.2730, -6.4462, 3.9392), (87.2730, -6.8064, 3.2778), (87.2730, -7.0989, 2.5838), (87.2730, -7.3209, 1.8641), (87.2730, -7.4701, 1.1259), (87.2730, -7.5451, 0.3766), (87.2730, -7.5451, -0.3766), (87.2730, -7.4701, -1.1259), (87.2730, -7.3209, -1.8641), (87.2730, -7.0989, -2.5838), (87.2730, -6.8064, -3.2778), (87.2730, -6.4462, -3.9392), (87.2730, -6.0219, -4.5614), (87.2730, -5.5378, -5.1384), (87.2730, -4.9987, -5.6642), (87.2730, -4.4099, -6.1338), (87.2730, -3.7772, -6.5424), (87.2730, -3.1071, -6.8860), (87.2730, -2.4060, -7.1611), (87.2730, -1.6810, -7.3651), (87.2730, -0.9394, -7.4959), (87.2730, -0.1883, -7.5521), (87.2730, 0.5645, -7.5334), (87.2730, 1.3118, -7.4397), (87.2730, 2.0461, -7.2721), (87.2730, 2.7600, -7.0323), (87.2730, 3.4464, -6.7225), (87.2730, 4.0987, -6.3460), (87.2730, 4.7102, -5.9063), (87.2730, 5.2748, -5.4080), (87.2730, 5.7871, -4.8559), (87.2730, 6.2418, -4.2556), (87.2730, 6.6345, -3.6130), (87.2730, 6.9613, -2.9344), (87.2730, 7.2189, -2.2267), (87.2730, 7.4047, -1.4969), (87.2730, 7.5170, -0.7522), (87.2730, 7.5545, 0.0000), (87.3455, 7.5245, 0.0000), (87.3455, 7.5245, 0.0000), (87.3455, 7.4871, 0.7492), (87.3455, 7.3753, 1.4909), (87.3455, 7.1902, 2.2179), (87.3455, 6.9336, 2.9228), (87.3455, 6.6082, 3.5986), (87.3455, 6.2170, 4.2387), (87.3455, 5.7641, 4.8366), (87.3455, 5.2539, 5.3865), (87.3455, 4.6914, 5.8829), (87.3455, 4.0824, 6.3208), (87.3455, 3.4327, 6.6958), (87.3455, 2.7490, 7.0043), (87.3455, 2.0379, 7.2432), (87.3455, 1.3066, 7.4102), (87.3455, 0.5623, 7.5034), (87.3455, -0.1876, 7.5221), (87.3455, -0.9356, 7.4661), (87.3455, -1.6744, 7.3358), (87.3455, -2.3964, 7.1327), (87.3455, -3.0947, 6.8586), (87.3455, -3.7622, 6.5164), (87.3455, -4.3924, 6.1094), (87.3455, -4.9788, 5.6417), (87.3455, -5.5158, 5.1179), (87.3455, -5.9980, 4.5433), (87.3455, -6.4206, 3.9235), (87.3455, -6.7793, 3.2647), (87.3455, -7.0707, 2.5735), (87.3455, -7.2918, 1.8567), (87.3455, -7.4404, 1.1215), (87.3455, -7.5151, 0.3751), (87.3455, -7.5151, -0.3751), (87.3455, -7.4404, -1.1215), (87.3455, -7.2918, -1.8567), (87.3455, -7.0707, -2.5735), (87.3455, -6.7793, -3.2647), (87.3455, -6.4206, -3.9235), (87.3455, -5.9980, -4.5433), (87.3455, -5.5158, -5.1179), (87.3455, -4.9788, -5.6417), (87.3455, -4.3924, -6.1094), (87.3455, -3.7622, -6.5164), (87.3455, -3.0947, -6.8586), (87.3455, -2.3964, -7.1327), (87.3455, -1.6744, -7.3358), (87.3455, -0.9356, -7.4661), (87.3455, -0.1876, -7.5221), (87.3455, 0.5623, -7.5034), (87.3455, 1.3066, -7.4102), (87.3455, 2.0379, -7.2432), (87.3455, 2.7490, -7.0043), (87.3455, 3.4327, -6.6958), (87.3455, 4.0824, -6.3208), (87.3455, 4.6914, -5.8829), (87.3455, 5.2539, -5.3865), (87.3455, 5.7641, -4.8366), (87.3455, 6.2170, -4.2387), (87.3455, 6.6082, -3.5986), (87.3455, 6.9336, -2.9228), (87.3455, 7.1902, -2.2179), (87.3455, 7.3753, -1.4909), (87.3455, 7.4871, -0.7492), (87.3455, 7.5245, 0.0000), (87.3455, 7.4871, 0.7492), (87.3455, 7.3753, 1.4909), (87.3455, 7.1902, 2.2179), (87.3455, 6.9336, 2.9228), (87.3455, 6.6082, 3.5986), (87.3455, 6.2170, 4.2387), (87.3455, 5.7641, 4.8366), (87.3455, 5.2539, 5.3865), (87.3455, 4.6914, 5.8829), (87.3455, 4.0824, 6.3208), (87.3455, 3.4327, 6.6958), (87.3455, 2.7490, 7.0043), (87.3455, 2.0379, 7.2432), (87.3455, 1.3066, 7.4102), (87.3455, 0.5623, 7.5034), (87.3455, -0.1876, 7.5221), (87.3455, -0.9356, 7.4661), (87.3455, -1.6744, 7.3358), (87.3455, -2.3964, 7.1327), (87.3455, -3.0947, 6.8586), (87.3455, -3.7622, 6.5164), (87.3455, -4.3924, 6.1094), (87.3455, -4.9788, 5.6417), (87.3455, -5.5158, 5.1179), (87.3455, -5.9980, 4.5433), (87.3455, -6.4206, 3.9235), (87.3455, -6.7793, 3.2647), (87.3455, -7.0707, 2.5735), (87.3455, -7.2918, 1.8567), (87.3455, -7.4404, 1.1215), (87.3455, -7.5151, 0.3751), (87.3455, -7.5151, -0.3751), (87.3455, -7.4404, -1.1215), (87.3455, -7.2918, -1.8567), (87.3455, -7.0707, -2.5735), (87.3455, -6.7793, -3.2647), (87.3455, -6.4206, -3.9235), (87.3455, -5.9980, -4.5433), (87.3455, -5.5158, -5.1179), (87.3455, -4.9788, -5.6417), (87.3455, -4.3924, -6.1094), (87.3455, -3.7622, -6.5164), (87.3455, -3.0947, -6.8586), (87.3455, -2.3964, -7.1327), (87.3455, -1.6744, -7.3358), (87.3455, -0.9356, -7.4661), (87.3455, -0.1876, -7.5221), (87.3455, 0.5623, -7.5034), (87.3455, 1.3066, -7.4102), (87.3455, 2.0379, -7.2432), (87.3455, 2.7490, -7.0043), (87.3455, 3.4327, -6.6958), (87.3455, 4.0824, -6.3208), (87.3455, 4.6914, -5.8829), (87.3455, 5.2539, -5.3865), (87.3455, 5.7641, -4.8366), (87.3455, 6.2170, -4.2387), (87.3455, 6.6082, -3.5986), (87.3455, 6.9336, -2.9228), (87.3455, 7.1902, -2.2179), (87.3455, 7.3753, -1.4909), (87.3455, 7.4871, -0.7492), (87.3455, 7.5245, 0.0000), (87.4218, 7.5062, 0.0000), (87.4218, 7.5062, 0.0000), (87.4218, 7.4689, 0.7474), (87.4218, 7.3573, 1.4873), (87.4218, 7.1727, 2.2125), (87.4218, 6.9167, 2.9157), (87.4218, 6.5921, 3.5898), (87.4218, 6.2019, 4.2284), (87.4218, 5.7500, 4.8249), (87.4218, 5.2411, 5.3734), (87.4218, 4.6800, 5.8685), (87.4218, 4.0724, 6.3054), (87.4218, 3.4244, 6.6795), (87.4218, 2.7423, 6.9873), (87.4218, 2.0330, 7.2256), (87.4218, 1.3034, 7.3921), (87.4218, 0.5609, 7.4852), (87.4218, -0.1871, 7.5038), (87.4218, -0.9333, 7.4479), (87.4218, -1.6703, 7.3180), (87.4218, -2.3906, 7.1153), (87.4218, -3.0872, 6.8419), (87.4218, -3.7531, 6.5005), (87.4218, -4.3817, 6.0945), (87.4218, -4.9667, 5.6280), (87.4218, -5.5024, 5.1055), (87.4218, -5.9834, 4.5322), (87.4218, -6.4049, 3.9140), (87.4218, -6.7628, 3.2568), (87.4218, -7.0535, 2.5673), (87.4218, -7.2740, 1.8522), (87.4218, -7.4223, 1.1187), (87.4218, -7.4968, 0.3742), (87.4218, -7.4968, -0.3742), (87.4218, -7.4223, -1.1187), (87.4218, -7.2740, -1.8522), (87.4218, -7.0535, -2.5673), (87.4218, -6.7628, -3.2568), (87.4218, -6.4049, -3.9140), (87.4218, -5.9834, -4.5322), (87.4218, -5.5024, -5.1055), (87.4218, -4.9667, -5.6280), (87.4218, -4.3817, -6.0945), (87.4218, -3.7531, -6.5005), (87.4218, -3.0872, -6.8419), (87.4218, -2.3906, -7.1153), (87.4218, -1.6703, -7.3180), (87.4218, -0.9333, -7.4479), (87.4218, -0.1871, -7.5038), (87.4218, 0.5609, -7.4852), (87.4218, 1.3034, -7.3921), (87.4218, 2.0330, -7.2256), (87.4218, 2.7423, -6.9873), (87.4218, 3.4244, -6.6795), (87.4218, 4.0724, -6.3054), (87.4218, 4.6800, -5.8685), (87.4218, 5.2411, -5.3734), (87.4218, 5.7500, -4.8249), (87.4218, 6.2019, -4.2284), (87.4218, 6.5921, -3.5898), (87.4218, 6.9167, -2.9157), (87.4218, 7.1727, -2.2125), (87.4218, 7.3573, -1.4873), (87.4218, 7.4689, -0.7474), (87.4218, 7.5062, 0.0000), (87.4218, 7.4689, 0.7474), (87.4218, 7.3573, 1.4873), (87.4218, 7.1727, 2.2125), (87.4218, 6.9167, 2.9157), (87.4218, 6.5921, 3.5898), (87.4218, 6.2019, 4.2284), (87.4218, 5.7500, 4.8249), (87.4218, 5.2411, 5.3734), (87.4218, 4.6800, 5.8685), (87.4218, 4.0724, 6.3054), (87.4218, 3.4244, 6.6795), (87.4218, 2.7423, 6.9873), (87.4218, 2.0330, 7.2256), (87.4218, 1.3034, 7.3921), (87.4218, 0.5609, 7.4852), (87.4218, -0.1871, 7.5038), (87.4218, -0.9333, 7.4479), (87.4218, -1.6703, 7.3180), (87.4218, -2.3906, 7.1153), (87.4218, -3.0872, 6.8419), (87.4218, -3.7531, 6.5005), (87.4218, -4.3817, 6.0945), (87.4218, -4.9667, 5.6280), (87.4218, -5.5024, 5.1055), (87.4218, -5.9834, 4.5322), (87.4218, -6.4049, 3.9140), (87.4218, -6.7628, 3.2568), (87.4218, -7.0535, 2.5673), (87.4218, -7.2740, 1.8522), (87.4218, -7.4223, 1.1187), (87.4218, -7.4968, 0.3742), (87.4218, -7.4968, -0.3742), (87.4218, -7.4223, -1.1187), (87.4218, -7.2740, -1.8522), (87.4218, -7.0535, -2.5673), (87.4218, -6.7628, -3.2568), (87.4218, -6.4049, -3.9140), (87.4218, -5.9834, -4.5322), (87.4218, -5.5024, -5.1055), (87.4218, -4.9667, -5.6280), (87.4218, -4.3817, -6.0945), (87.4218, -3.7531, -6.5005), (87.4218, -3.0872, -6.8419), (87.4218, -2.3906, -7.1153), (87.4218, -1.6703, -7.3180), (87.4218, -0.9333, -7.4479), (87.4218, -0.1871, -7.5038), (87.4218, 0.5609, -7.4852), (87.4218, 1.3034, -7.3921), (87.4218, 2.0330, -7.2256), (87.4218, 2.7423, -6.9873), (87.4218, 3.4244, -6.6795), (87.4218, 4.0724, -6.3054), (87.4218, 4.6800, -5.8685), (87.4218, 5.2411, -5.3734), (87.4218, 5.7500, -4.8249), (87.4218, 6.2019, -4.2284), (87.4218, 6.5921, -3.5898), (87.4218, 6.9167, -2.9157), (87.4218, 7.1727, -2.2125), (87.4218, 7.3573, -1.4873), (87.4218, 7.4689, -0.7474), (87.4218, 7.5062, 0.0000), (87.5000, 7.5000, 0.0000), (87.5000, 7.5000, 0.0000), (87.5000, 7.4627, 0.7468), (87.5000, 7.3513, 1.4861), (87.5000, 7.1668, 2.2107), (87.5000, 6.9111, 2.9133), (87.5000, 6.5867, 3.5869), (87.5000, 6.1968, 4.2249), (87.5000, 5.7453, 4.8209), (87.5000, 5.2368, 5.3690), (87.5000, 4.6762, 5.8637), (87.5000, 4.0691, 6.3002), (87.5000, 3.4216, 6.6740), (87.5000, 2.7401, 6.9816), (87.5000, 2.0313, 7.2197), (87.5000, 1.3024, 7.3861), (87.5000, 0.5605, 7.4790), (87.5000, -0.1870, 7.4977), (87.5000, -0.9326, 7.4418), (87.5000, -1.6689, 7.3120), (87.5000, -2.3886, 7.1095), (87.5000, -3.0847, 6.8363), (87.5000, -3.7500, 6.4952), (87.5000, -4.3781, 6.0895), (87.5000, -4.9626, 5.6234), (87.5000, -5.4979, 5.1013), (87.5000, -5.9785, 4.5285), (87.5000, -6.3997, 3.9108), (87.5000, -6.7573, 3.2541), (87.5000, -7.0477, 2.5652), (87.5000, -7.2681, 1.8507), (87.5000, -7.4162, 1.1178), (87.5000, -7.4907, 0.3738), (87.5000, -7.4907, -0.3738), (87.5000, -7.4162, -1.1178), (87.5000, -7.2681, -1.8507), (87.5000, -7.0477, -2.5652), (87.5000, -6.7573, -3.2541), (87.5000, -6.3997, -3.9108), (87.5000, -5.9785, -4.5285), (87.5000, -5.4979, -5.1013), (87.5000, -4.9626, -5.6234), (87.5000, -4.3781, -6.0895), (87.5000, -3.7500, -6.4952), (87.5000, -3.0847, -6.8363), (87.5000, -2.3886, -7.1095), (87.5000, -1.6689, -7.3120), (87.5000, -0.9326, -7.4418), (87.5000, -0.1870, -7.4977), (87.5000, 0.5605, -7.4790), (87.5000, 1.3024, -7.3861), (87.5000, 2.0313, -7.2197), (87.5000, 2.7401, -6.9816), (87.5000, 3.4216, -6.6740), (87.5000, 4.0691, -6.3002), (87.5000, 4.6762, -5.8637), (87.5000, 5.2368, -5.3690), (87.5000, 5.7453, -4.8209), (87.5000, 6.1968, -4.2249), (87.5000, 6.5867, -3.5869), (87.5000, 6.9111, -2.9133), (87.5000, 7.1668, -2.2107), (87.5000, 7.3513, -1.4861), (87.5000, 7.4627, -0.7468), (87.5000, 7.5000, 0.0000), (87.5000, 7.4627, 0.7468), (87.5000, 7.3513, 1.4861), (87.5000, 7.1668, 2.2107), (87.5000, 6.9111, 2.9133), (87.5000, 6.5867, 3.5869), (87.5000, 6.1968, 4.2249), (87.5000, 5.7453, 4.8209), (87.5000, 5.2368, 5.3690), (87.5000, 4.6762, 5.8637), (87.5000, 4.0691, 6.3002), (87.5000, 3.4216, 6.6740), (87.5000, 2.7401, 6.9816), (87.5000, 2.0313, 7.2197), (87.5000, 1.3024, 7.3861), (87.5000, 0.5605, 7.4790), (87.5000, -0.1870, 7.4977), (87.5000, -0.9326, 7.4418), (87.5000, -1.6689, 7.3120), (87.5000, -2.3886, 7.1095), (87.5000, -3.0847, 6.8363), (87.5000, -3.7500, 6.4952), (87.5000, -4.3781, 6.0895), (87.5000, -4.9626, 5.6234), (87.5000, -5.4979, 5.1013), (87.5000, -5.9785, 4.5285), (87.5000, -6.3997, 3.9108), (87.5000, -6.7573, 3.2541), (87.5000, -7.0477, 2.5652), (87.5000, -7.2681, 1.8507), (87.5000, -7.4162, 1.1178), (87.5000, -7.4907, 0.3738), (87.5000, -7.4907, -0.3738), (87.5000, -7.4162, -1.1178), (87.5000, -7.2681, -1.8507), (87.5000, -7.0477, -2.5652), (87.5000, -6.7573, -3.2541), (87.5000, -6.3997, -3.9108), (87.5000, -5.9785, -4.5285), (87.5000, -5.4979, -5.1013), (87.5000, -4.9626, -5.6234), (87.5000, -4.3781, -6.0895), (87.5000, -3.7500, -6.4952), (87.5000, -3.0847, -6.8363), (87.5000, -2.3886, -7.1095), (87.5000, -1.6689, -7.3120), (87.5000, -0.9326, -7.4418), (87.5000, -0.1870, -7.4977), (87.5000, 0.5605, -7.4790), (87.5000, 1.3024, -7.3861), (87.5000, 2.0313, -7.2197), (87.5000, 2.7401, -6.9816), (87.5000, 3.4216, -6.6740), (87.5000, 4.0691, -6.3002), (87.5000, 4.6762, -5.8637), (87.5000, 5.2368, -5.3690), (87.5000, 5.7453, -4.8209), (87.5000, 6.1968, -4.2249), (87.5000, 6.5867, -3.5869), (87.5000, 6.9111, -2.9133), (87.5000, 7.1668, -2.2107), (87.5000, 7.3513, -1.4861), (87.5000, 7.4627, -0.7468), (87.5000, 7.5000, 0.0000), (107.0000, 7.5000, 0.0000), (107.0000, 7.5000, 0.0000), (107.0000, 7.4627, 0.7468), (107.0000, 7.3513, 1.4861), (107.0000, 7.1668, 2.2107), (107.0000, 6.9111, 2.9133), (107.0000, 6.5867, 3.5869), (107.0000, 6.1968, 4.2249), (107.0000, 5.7453, 4.8209), (107.0000, 5.2368, 5.3690), (107.0000, 4.6762, 5.8637), (107.0000, 4.0691, 6.3002), (107.0000, 3.4216, 6.6740), (107.0000, 2.7401, 6.9816), (107.0000, 2.0313, 7.2197), (107.0000, 1.3024, 7.3861), (107.0000, 0.5605, 7.4790), (107.0000, -0.1870, 7.4977), (107.0000, -0.9326, 7.4418), (107.0000, -1.6689, 7.3120), (107.0000, -2.3886, 7.1095), (107.0000, -3.0847, 6.8363), (107.0000, -3.7500, 6.4952), (107.0000, -4.3781, 6.0895), (107.0000, -4.9626, 5.6234), (107.0000, -5.4979, 5.1013), (107.0000, -5.9785, 4.5285), (107.0000, -6.3997, 3.9108), (107.0000, -6.7573, 3.2541), (107.0000, -7.0477, 2.5652), (107.0000, -7.2681, 1.8507), (107.0000, -7.4162, 1.1178), (107.0000, -7.4907, 0.3738), (107.0000, -7.4907, -0.3738), (107.0000, -7.4162, -1.1178), (107.0000, -7.2681, -1.8507), (107.0000, -7.0477, -2.5652), (107.0000, -6.7573, -3.2541), (107.0000, -6.3997, -3.9108), (107.0000, -5.9785, -4.5285), (107.0000, -5.4979, -5.1013), (107.0000, -4.9626, -5.6234), (107.0000, -4.3781, -6.0895), (107.0000, -3.7500, -6.4952), (107.0000, -3.0847, -6.8363), (107.0000, -2.3886, -7.1095), (107.0000, -1.6689, -7.3120), (107.0000, -0.9326, -7.4418), (107.0000, -0.1870, -7.4977), (107.0000, 0.5605, -7.4790), (107.0000, 1.3024, -7.3861), (107.0000, 2.0313, -7.2197), (107.0000, 2.7401, -6.9816), (107.0000, 3.4216, -6.6740), (107.0000, 4.0691, -6.3002), (107.0000, 4.6762, -5.8637), (107.0000, 5.2368, -5.3690), (107.0000, 5.7453, -4.8209), (107.0000, 6.1968, -4.2249), (107.0000, 6.5867, -3.5869), (107.0000, 6.9111, -2.9133), (107.0000, 7.1668, -2.2107), (107.0000, 7.3513, -1.4861), (107.0000, 7.4627, -0.7468), (107.0000, 7.5000, 0.0000), (107.0000, 7.4627, 0.7468), (107.0000, 7.3513, 1.4861), (107.0000, 7.1668, 2.2107), (107.0000, 6.9111, 2.9133), (107.0000, 6.5867, 3.5869), (107.0000, 6.1968, 4.2249), (107.0000, 5.7453, 4.8209), (107.0000, 5.2368, 5.3690), (107.0000, 4.6762, 5.8637), (107.0000, 4.0691, 6.3002), (107.0000, 3.4216, 6.6740), (107.0000, 2.7401, 6.9816), (107.0000, 2.0313, 7.2197), (107.0000, 1.3024, 7.3861), (107.0000, 0.5605, 7.4790), (107.0000, -0.1870, 7.4977), (107.0000, -0.9326, 7.4418), (107.0000, -1.6689, 7.3120), (107.0000, -2.3886, 7.1095), (107.0000, -3.0847, 6.8363), (107.0000, -3.7500, 6.4952), (107.0000, -4.3781, 6.0895), (107.0000, -4.9626, 5.6234), (107.0000, -5.4979, 5.1013), (107.0000, -5.9785, 4.5285), (107.0000, -6.3997, 3.9108), (107.0000, -6.7573, 3.2541), (107.0000, -7.0477, 2.5652), (107.0000, -7.2681, 1.8507), (107.0000, -7.4162, 1.1178), (107.0000, -7.4907, 0.3738), (107.0000, -7.4907, -0.3738), (107.0000, -7.4162, -1.1178), (107.0000, -7.2681, -1.8507), (107.0000, -7.0477, -2.5652), (107.0000, -6.7573, -3.2541), (107.0000, -6.3997, -3.9108), (107.0000, -5.9785, -4.5285), (107.0000, -5.4979, -5.1013), (107.0000, -4.9626, -5.6234), (107.0000, -4.3781, -6.0895), (107.0000, -3.7500, -6.4952), (107.0000, -3.0847, -6.8363), (107.0000, -2.3886, -7.1095), (107.0000, -1.6689, -7.3120), (107.0000, -0.9326, -7.4418), (107.0000, -0.1870, -7.4977), (107.0000, 0.5605, -7.4790), (107.0000, 1.3024, -7.3861), (107.0000, 2.0313, -7.2197), (107.0000, 2.7401, -6.9816), (107.0000, 3.4216, -6.6740), (107.0000, 4.0691, -6.3002), (107.0000, 4.6762, -5.8637), (107.0000, 5.2368, -5.3690), (107.0000, 5.7453, -4.8209), (107.0000, 6.1968, -4.2249), (107.0000, 6.5867, -3.5869), (107.0000, 6.9111, -2.9133), (107.0000, 7.1668, -2.2107), (107.0000, 7.3513, -1.4861), (107.0000, 7.4627, -0.7468), (107.0000, 7.5000, 0.0000), (107.0062, 7.4218, 0.0000), (107.0062, 7.4218, 0.0000), (107.0062, 7.3849, 0.7390), (107.0062, 7.2746, 1.4706), (107.0062, 7.0921, 2.1876), (107.0062, 6.8390, 2.8829), (107.0062, 6.5180, 3.5495), (107.0062, 6.1322, 4.1808), (107.0062, 5.6854, 4.7706), (107.0062, 5.1822, 5.3130), (107.0062, 4.6274, 5.8026), (107.0062, 4.0267, 6.2345), (107.0062, 3.3859, 6.6044), (107.0062, 2.7115, 6.9087), (107.0062, 2.0101, 7.1444), (107.0062, 1.2888, 7.3090), (107.0062, 0.5546, 7.4010), (107.0062, -0.1850, 7.4195), (107.0062, -0.9229, 7.3642), (107.0062, -1.6515, 7.2357), (107.0062, -2.3637, 7.0353), (107.0062, -3.0525, 6.7650), (107.0062, -3.7109, 6.4275), (107.0062, -4.3324, 6.0260), (107.0062, -4.9109, 5.5647), (107.0062, -5.4406, 5.0481), (107.0062, -5.9161, 4.4813), (107.0062, -6.3329, 3.8700), (107.0062, -6.6868, 3.2202), (107.0062, -6.9742, 2.5384), (107.0062, -7.1923, 1.8314), (107.0062, -7.3389, 1.1062), (107.0062, -7.4126, 0.3699), (107.0062, -7.4126, -0.3699), (107.0062, -7.3389, -1.1062), (107.0062, -7.1923, -1.8314), (107.0062, -6.9742, -2.5384), (107.0062, -6.6868, -3.2202), (107.0062, -6.3329, -3.8700), (107.0062, -5.9161, -4.4813), (107.0062, -5.4406, -5.0481), (107.0062, -4.9109, -5.5647), (107.0062, -4.3324, -6.0260), (107.0062, -3.7109, -6.4275), (107.0062, -3.0525, -6.7650), (107.0062, -2.3637, -7.0353), (107.0062, -1.6515, -7.2357), (107.0062, -0.9229, -7.3642), (107.0062, -0.1850, -7.4195), (107.0062, 0.5546, -7.4010), (107.0062, 1.2888, -7.3090), (107.0062, 2.0101, -7.1444), (107.0062, 2.7115, -6.9087), (107.0062, 3.3859, -6.6044), (107.0062, 4.0267, -6.2345), (107.0062, 4.6274, -5.8026), (107.0062, 5.1822, -5.3130), (107.0062, 5.6854, -4.7706), (107.0062, 6.1322, -4.1808), (107.0062, 6.5180, -3.5495), (107.0062, 6.8390, -2.8829), (107.0062, 7.0921, -2.1876), (107.0062, 7.2746, -1.4706), (107.0062, 7.3849, -0.7390), (107.0062, 7.4218, 0.0000), (107.0062, 7.3849, 0.7390), (107.0062, 7.2746, 1.4706), (107.0062, 7.0921, 2.1876), (107.0062, 6.8390, 2.8829), (107.0062, 6.5180, 3.5495), (107.0062, 6.1322, 4.1808), (107.0062, 5.6854, 4.7706), (107.0062, 5.1822, 5.3130), (107.0062, 4.6274, 5.8026), (107.0062, 4.0267, 6.2345), (107.0062, 3.3859, 6.6044), (107.0062, 2.7115, 6.9087), (107.0062, 2.0101, 7.1444), (107.0062, 1.2888, 7.3090), (107.0062, 0.5546, 7.4010), (107.0062, -0.1850, 7.4195), (107.0062, -0.9229, 7.3642), (107.0062, -1.6515, 7.2357), (107.0062, -2.3637, 7.0353), (107.0062, -3.0525, 6.7650), (107.0062, -3.7109, 6.4275), (107.0062, -4.3324, 6.0260), (107.0062, -4.9109, 5.5647), (107.0062, -5.4406, 5.0481), (107.0062, -5.9161, 4.4813), (107.0062, -6.3329, 3.8700), (107.0062, -6.6868, 3.2202), (107.0062, -6.9742, 2.5384), (107.0062, -7.1923, 1.8314), (107.0062, -7.3389, 1.1062), (107.0062, -7.4126, 0.3699), (107.0062, -7.4126, -0.3699), (107.0062, -7.3389, -1.1062), (107.0062, -7.1923, -1.8314), (107.0062, -6.9742, -2.5384), (107.0062, -6.6868, -3.2202), (107.0062, -6.3329, -3.8700), (107.0062, -5.9161, -4.4813), (107.0062, -5.4406, -5.0481), (107.0062, -4.9109, -5.5647), (107.0062, -4.3324, -6.0260), (107.0062, -3.7109, -6.4275), (107.0062, -3.0525, -6.7650), (107.0062, -2.3637, -7.0353), (107.0062, -1.6515, -7.2357), (107.0062, -0.9229, -7.3642), (107.0062, -0.1850, -7.4195), (107.0062, 0.5546, -7.4010), (107.0062, 1.2888, -7.3090), (107.0062, 2.0101, -7.1444), (107.0062, 2.7115, -6.9087), (107.0062, 3.3859, -6.6044), (107.0062, 4.0267, -6.2345), (107.0062, 4.6274, -5.8026), (107.0062, 5.1822, -5.3130), (107.0062, 5.6854, -4.7706), (107.0062, 6.1322, -4.1808), (107.0062, 6.5180, -3.5495), (107.0062, 6.8390, -2.8829), (107.0062, 7.0921, -2.1876), (107.0062, 7.2746, -1.4706), (107.0062, 7.3849, -0.7390), (107.0062, 7.4218, 0.0000), (107.0245, 7.3455, 0.0000), (107.0245, 7.3455, 0.0000), (107.0245, 7.3090, 0.7314), (107.0245, 7.1998, 1.4555), (107.0245, 7.0192, 2.1651), (107.0245, 6.7687, 2.8532), (107.0245, 6.4510, 3.5130), (107.0245, 6.0691, 4.1379), (107.0245, 5.6270, 4.7216), (107.0245, 5.1289, 5.2584), (107.0245, 4.5798, 5.7429), (107.0245, 3.9853, 6.1704), (107.0245, 3.3511, 6.5365), (107.0245, 2.6836, 6.8377), (107.0245, 1.9895, 7.0709), (107.0245, 1.2755, 7.2339), (107.0245, 0.5489, 7.3250), (107.0245, -0.1831, 7.3432), (107.0245, -0.9134, 7.2885), (107.0245, -1.6345, 7.1613), (107.0245, -2.3394, 6.9630), (107.0245, -3.0211, 6.6955), (107.0245, -3.6727, 6.3614), (107.0245, -4.2879, 5.9641), (107.0245, -4.8604, 5.5075), (107.0245, -5.3846, 4.9962), (107.0245, -5.8553, 4.4352), (107.0245, -6.2678, 3.8302), (107.0245, -6.6181, 3.1871), (107.0245, -6.9025, 2.5123), (107.0245, -7.1183, 1.8126), (107.0245, -7.2634, 1.0948), (107.0245, -7.3364, 0.3661), (107.0245, -7.3364, -0.3661), (107.0245, -7.2634, -1.0948), (107.0245, -7.1183, -1.8126), (107.0245, -6.9025, -2.5123), (107.0245, -6.6181, -3.1871), (107.0245, -6.2678, -3.8302), (107.0245, -5.8553, -4.4352), (107.0245, -5.3846, -4.9962), (107.0245, -4.8604, -5.5075), (107.0245, -4.2879, -5.9641), (107.0245, -3.6727, -6.3614), (107.0245, -3.0211, -6.6955), (107.0245, -2.3394, -6.9630), (107.0245, -1.6345, -7.1613), (107.0245, -0.9134, -7.2885), (107.0245, -0.1831, -7.3432), (107.0245, 0.5489, -7.3250), (107.0245, 1.2755, -7.2339), (107.0245, 1.9895, -7.0709), (107.0245, 2.6836, -6.8377), (107.0245, 3.3511, -6.5365), (107.0245, 3.9853, -6.1704), (107.0245, 4.5798, -5.7429), (107.0245, 5.1289, -5.2584), (107.0245, 5.6270, -4.7216), (107.0245, 6.0691, -4.1379), (107.0245, 6.4510, -3.5130), (107.0245, 6.7687, -2.8532), (107.0245, 7.0192, -2.1651), (107.0245, 7.1998, -1.4555), (107.0245, 7.3090, -0.7314), (107.0245, 7.3455, 0.0000), (107.0245, 7.3090, 0.7314), (107.0245, 7.1998, 1.4555), (107.0245, 7.0192, 2.1651), (107.0245, 6.7687, 2.8532), (107.0245, 6.4510, 3.5130), (107.0245, 6.0691, 4.1379), (107.0245, 5.6270, 4.7216), (107.0245, 5.1289, 5.2584), (107.0245, 4.5798, 5.7429), (107.0245, 3.9853, 6.1704), (107.0245, 3.3511, 6.5365), (107.0245, 2.6836, 6.8377), (107.0245, 1.9895, 7.0709), (107.0245, 1.2755, 7.2339), (107.0245, 0.5489, 7.3250), (107.0245, -0.1831, 7.3432), (107.0245, -0.9134, 7.2885), (107.0245, -1.6345, 7.1613), (107.0245, -2.3394, 6.9630), (107.0245, -3.0211, 6.6955), (107.0245, -3.6727, 6.3614), (107.0245, -4.2879, 5.9641), (107.0245, -4.8604, 5.5075), (107.0245, -5.3846, 4.9962), (107.0245, -5.8553, 4.4352), (107.0245, -6.2678, 3.8302), (107.0245, -6.6181, 3.1871), (107.0245, -6.9025, 2.5123), (107.0245, -7.1183, 1.8126), (107.0245, -7.2634, 1.0948), (107.0245, -7.3364, 0.3661), (107.0245, -7.3364, -0.3661), (107.0245, -7.2634, -1.0948), (107.0245, -7.1183, -1.8126), (107.0245, -6.9025, -2.5123), (107.0245, -6.6181, -3.1871), (107.0245, -6.2678, -3.8302), (107.0245, -5.8553, -4.4352), (107.0245, -5.3846, -4.9962), (107.0245, -4.8604, -5.5075), (107.0245, -4.2879, -5.9641), (107.0245, -3.6727, -6.3614), (107.0245, -3.0211, -6.6955), (107.0245, -2.3394, -6.9630), (107.0245, -1.6345, -7.1613), (107.0245, -0.9134, -7.2885), (107.0245, -0.1831, -7.3432), (107.0245, 0.5489, -7.3250), (107.0245, 1.2755, -7.2339), (107.0245, 1.9895, -7.0709), (107.0245, 2.6836, -6.8377), (107.0245, 3.3511, -6.5365), (107.0245, 3.9853, -6.1704), (107.0245, 4.5798, -5.7429), (107.0245, 5.1289, -5.2584), (107.0245, 5.6270, -4.7216), (107.0245, 6.0691, -4.1379), (107.0245, 6.4510, -3.5130), (107.0245, 6.7687, -2.8532), (107.0245, 7.0192, -2.1651), (107.0245, 7.1998, -1.4555), (107.0245, 7.3090, -0.7314), (107.0245, 7.3455, 0.0000), (107.0545, 7.2730, 0.0000), (107.0545, 7.2730, 0.0000), (107.0545, 7.2369, 0.7242), (107.0545, 7.1288, 1.4411), (107.0545, 6.9499, 2.1438), (107.0545, 6.7019, 2.8251), (107.0545, 6.3873, 3.4783), (107.0545, 6.0092, 4.0970), (107.0545, 5.5714, 4.6750), (107.0545, 5.0783, 5.2065), (107.0545, 4.5346, 5.6863), (107.0545, 3.9459, 6.1095), (107.0545, 3.3180, 6.4720), (107.0545, 2.6571, 6.7702), (107.0545, 1.9698, 7.0012), (107.0545, 1.2629, 7.1625), (107.0545, 0.5435, 7.2527), (107.0545, -0.1813, 7.2707), (107.0545, -0.9044, 7.2166), (107.0545, -1.6184, 7.0907), (107.0545, -2.3164, 6.8943), (107.0545, -2.9913, 6.6294), (107.0545, -3.6365, 6.2986), (107.0545, -4.2456, 5.9052), (107.0545, -4.8124, 5.4532), (107.0545, -5.3315, 4.9469), (107.0545, -5.7975, 4.3915), (107.0545, -6.2060, 3.7924), (107.0545, -6.5528, 3.1556), (107.0545, -6.8344, 2.4875), (107.0545, -7.0481, 1.7947), (107.0545, -7.1918, 1.0840), (107.0545, -7.2640, 0.3625), (107.0545, -7.2640, -0.3625), (107.0545, -7.1918, -1.0840), (107.0545, -7.0481, -1.7947), (107.0545, -6.8344, -2.4875), (107.0545, -6.5528, -3.1556), (107.0545, -6.2060, -3.7924), (107.0545, -5.7975, -4.3915), (107.0545, -5.3315, -4.9469), (107.0545, -4.8124, -5.4532), (107.0545, -4.2456, -5.9052), (107.0545, -3.6365, -6.2986), (107.0545, -2.9913, -6.6294), (107.0545, -2.3164, -6.8943), (107.0545, -1.6184, -7.0907), (107.0545, -0.9044, -7.2166), (107.0545, -0.1813, -7.2707), (107.0545, 0.5435, -7.2527), (107.0545, 1.2629, -7.1625), (107.0545, 1.9698, -7.0012), (107.0545, 2.6571, -6.7702), (107.0545, 3.3180, -6.4720), (107.0545, 3.9459, -6.1095), (107.0545, 4.5346, -5.6863), (107.0545, 5.0783, -5.2065), (107.0545, 5.5714, -4.6750), (107.0545, 6.0092, -4.0970), (107.0545, 6.3873, -3.4783), (107.0545, 6.7019, -2.8251), (107.0545, 6.9499, -2.1438), (107.0545, 7.1288, -1.4411), (107.0545, 7.2369, -0.7242), (107.0545, 7.2730, 0.0000), (107.0545, 7.2369, 0.7242), (107.0545, 7.1288, 1.4411), (107.0545, 6.9499, 2.1438), (107.0545, 6.7019, 2.8251), (107.0545, 6.3873, 3.4783), (107.0545, 6.0092, 4.0970), (107.0545, 5.5714, 4.6750), (107.0545, 5.0783, 5.2065), (107.0545, 4.5346, 5.6863), (107.0545, 3.9459, 6.1095), (107.0545, 3.3180, 6.4720), (107.0545, 2.6571, 6.7702), (107.0545, 1.9698, 7.0012), (107.0545, 1.2629, 7.1625), (107.0545, 0.5435, 7.2527), (107.0545, -0.1813, 7.2707), (107.0545, -0.9044, 7.2166), (107.0545, -1.6184, 7.0907), (107.0545, -2.3164, 6.8943), (107.0545, -2.9913, 6.6294), (107.0545, -3.6365, 6.2986), (107.0545, -4.2456, 5.9052), (107.0545, -4.8124, 5.4532), (107.0545, -5.3315, 4.9469), (107.0545, -5.7975, 4.3915), (107.0545, -6.2060, 3.7924), (107.0545, -6.5528, 3.1556), (107.0545, -6.8344, 2.4875), (107.0545, -7.0481, 1.7947), (107.0545, -7.1918, 1.0840), (107.0545, -7.2640, 0.3625), (107.0545, -7.2640, -0.3625), (107.0545, -7.1918, -1.0840), (107.0545, -7.0481, -1.7947), (107.0545, -6.8344, -2.4875), (107.0545, -6.5528, -3.1556), (107.0545, -6.2060, -3.7924), (107.0545, -5.7975, -4.3915), (107.0545, -5.3315, -4.9469), (107.0545, -4.8124, -5.4532), (107.0545, -4.2456, -5.9052), (107.0545, -3.6365, -6.2986), (107.0545, -2.9913, -6.6294), (107.0545, -2.3164, -6.8943), (107.0545, -1.6184, -7.0907), (107.0545, -0.9044, -7.2166), (107.0545, -0.1813, -7.2707), (107.0545, 0.5435, -7.2527), (107.0545, 1.2629, -7.1625), (107.0545, 1.9698, -7.0012), (107.0545, 2.6571, -6.7702), (107.0545, 3.3180, -6.4720), (107.0545, 3.9459, -6.1095), (107.0545, 4.5346, -5.6863), (107.0545, 5.0783, -5.2065), (107.0545, 5.5714, -4.6750), (107.0545, 6.0092, -4.0970), (107.0545, 6.3873, -3.4783), (107.0545, 6.7019, -2.8251), (107.0545, 6.9499, -2.1438), (107.0545, 7.1288, -1.4411), (107.0545, 7.2369, -0.7242), (107.0545, 7.2730, 0.0000), (107.0955, 7.2061, 0.0000), (107.0955, 7.2061, 0.0000), (107.0955, 7.1703, 0.7175), (107.0955, 7.0632, 1.4279), (107.0955, 6.8860, 2.1240), (107.0955, 6.6403, 2.7991), (107.0955, 6.3286, 3.4463), (107.0955, 5.9540, 4.0593), (107.0955, 5.5202, 4.6320), (107.0955, 5.0316, 5.1586), (107.0955, 4.4929, 5.6340), (107.0955, 3.9096, 6.0533), (107.0955, 3.2875, 6.4125), (107.0955, 2.6327, 6.7080), (107.0955, 1.9517, 6.9368), (107.0955, 1.2513, 7.0966), (107.0955, 0.5385, 7.1860), (107.0955, -0.1797, 7.2039), (107.0955, -0.8960, 7.1502), (107.0955, -1.6035, 7.0254), (107.0955, -2.2950, 6.8309), (107.0955, -2.9638, 6.5684), (107.0955, -3.6031, 6.2407), (107.0955, -4.2065, 5.8509), (107.0955, -4.7682, 5.4030), (107.0955, -5.2825, 4.9014), (107.0955, -5.7442, 4.3511), (107.0955, -6.1489, 3.7575), (107.0955, -6.4925, 3.1266), (107.0955, -6.7715, 2.4646), (107.0955, -6.9833, 1.7782), (107.0955, -7.1256, 1.0740), (107.0955, -7.1971, 0.3592), (107.0955, -7.1971, -0.3592), (107.0955, -7.1256, -1.0740), (107.0955, -6.9833, -1.7782), (107.0955, -6.7715, -2.4646), (107.0955, -6.4925, -3.1266), (107.0955, -6.1489, -3.7575), (107.0955, -5.7442, -4.3511), (107.0955, -5.2825, -4.9014), (107.0955, -4.7682, -5.4030), (107.0955, -4.2065, -5.8509), (107.0955, -3.6031, -6.2407), (107.0955, -2.9638, -6.5684), (107.0955, -2.2950, -6.8309), (107.0955, -1.6035, -7.0254), (107.0955, -0.8960, -7.1502), (107.0955, -0.1797, -7.2039), (107.0955, 0.5385, -7.1860), (107.0955, 1.2513, -7.0966), (107.0955, 1.9517, -6.9368), (107.0955, 2.6327, -6.7080), (107.0955, 3.2875, -6.4125), (107.0955, 3.9096, -6.0533), (107.0955, 4.4929, -5.6340), (107.0955, 5.0316, -5.1586), (107.0955, 5.5202, -4.6320), (107.0955, 5.9540, -4.0593), (107.0955, 6.3286, -3.4463), (107.0955, 6.6403, -2.7991), (107.0955, 6.8860, -2.1240), (107.0955, 7.0632, -1.4279), (107.0955, 7.1703, -0.7175), (107.0955, 7.2061, 0.0000), (107.0955, 7.1703, 0.7175), (107.0955, 7.0632, 1.4279), (107.0955, 6.8860, 2.1240), (107.0955, 6.6403, 2.7991), (107.0955, 6.3286, 3.4463), (107.0955, 5.9540, 4.0593), (107.0955, 5.5202, 4.6320), (107.0955, 5.0316, 5.1586), (107.0955, 4.4929, 5.6340), (107.0955, 3.9096, 6.0533), (107.0955, 3.2875, 6.4125), (107.0955, 2.6327, 6.7080), (107.0955, 1.9517, 6.9368), (107.0955, 1.2513, 7.0966), (107.0955, 0.5385, 7.1860), (107.0955, -0.1797, 7.2039), (107.0955, -0.8960, 7.1502), (107.0955, -1.6035, 7.0254), (107.0955, -2.2950, 6.8309), (107.0955, -2.9638, 6.5684), (107.0955, -3.6031, 6.2407), (107.0955, -4.2065, 5.8509), (107.0955, -4.7682, 5.4030), (107.0955, -5.2825, 4.9014), (107.0955, -5.7442, 4.3511), (107.0955, -6.1489, 3.7575), (107.0955, -6.4925, 3.1266), (107.0955, -6.7715, 2.4646), (107.0955, -6.9833, 1.7782), (107.0955, -7.1256, 1.0740), (107.0955, -7.1971, 0.3592), (107.0955, -7.1971, -0.3592), (107.0955, -7.1256, -1.0740), (107.0955, -6.9833, -1.7782), (107.0955, -6.7715, -2.4646), (107.0955, -6.4925, -3.1266), (107.0955, -6.1489, -3.7575), (107.0955, -5.7442, -4.3511), (107.0955, -5.2825, -4.9014), (107.0955, -4.7682, -5.4030), (107.0955, -4.2065, -5.8509), (107.0955, -3.6031, -6.2407), (107.0955, -2.9638, -6.5684), (107.0955, -2.2950, -6.8309), (107.0955, -1.6035, -7.0254), (107.0955, -0.8960, -7.1502), (107.0955, -0.1797, -7.2039), (107.0955, 0.5385, -7.1860), (107.0955, 1.2513, -7.0966), (107.0955, 1.9517, -6.9368), (107.0955, 2.6327, -6.7080), (107.0955, 3.2875, -6.4125), (107.0955, 3.9096, -6.0533), (107.0955, 4.4929, -5.6340), (107.0955, 5.0316, -5.1586), (107.0955, 5.5202, -4.6320), (107.0955, 5.9540, -4.0593), (107.0955, 6.3286, -3.4463), (107.0955, 6.6403, -2.7991), (107.0955, 6.8860, -2.1240), (107.0955, 7.0632, -1.4279), (107.0955, 7.1703, -0.7175), (107.0955, 7.2061, 0.0000), (107.1464, 7.1464, 0.0000), (107.1464, 7.1464, 0.0000), (107.1464, 7.1109, 0.7116), (107.1464, 7.0048, 1.4160), (107.1464, 6.8290, 2.1065), (107.1464, 6.5853, 2.7759), (107.1464, 6.2762, 3.4178), (107.1464, 5.9047, 4.0257), (107.1464, 5.4745, 4.5936), (107.1464, 4.9899, 5.1159), (107.1464, 4.4557, 5.5873), (107.1464, 3.8773, 6.0032), (107.1464, 3.2603, 6.3594), (107.1464, 2.6109, 6.6524), (107.1464, 1.9355, 6.8793), (107.1464, 1.2410, 7.0379), (107.1464, 0.5341, 7.1265), (107.1464, -0.1782, 7.1442), (107.1464, -0.8886, 7.0910), (107.1464, -1.5902, 6.9673), (107.1464, -2.2760, 6.7743), (107.1464, -2.9392, 6.5140), (107.1464, -3.5732, 6.1890), (107.1464, -4.1717, 5.8025), (107.1464, -4.7287, 5.3583), (107.1464, -5.2387, 4.8608), (107.1464, -5.6967, 4.3151), (107.1464, -6.0980, 3.7264), (107.1464, -6.4387, 3.1007), (107.1464, -6.7155, 2.4442), (107.1464, -6.9255, 1.7634), (107.1464, -7.0666, 1.0651), (107.1464, -7.1376, 0.3562), (107.1464, -7.1376, -0.3562), (107.1464, -7.0666, -1.0651), (107.1464, -6.9255, -1.7634), (107.1464, -6.7155, -2.4442), (107.1464, -6.4387, -3.1007), (107.1464, -6.0980, -3.7264), (107.1464, -5.6967, -4.3151), (107.1464, -5.2387, -4.8608), (107.1464, -4.7287, -5.3583), (107.1464, -4.1717, -5.8025), (107.1464, -3.5732, -6.1890), (107.1464, -2.9392, -6.5140), (107.1464, -2.2760, -6.7743), (107.1464, -1.5902, -6.9673), (107.1464, -0.8886, -7.0910), (107.1464, -0.1782, -7.1442), (107.1464, 0.5341, -7.1265), (107.1464, 1.2410, -7.0379), (107.1464, 1.9355, -6.8793), (107.1464, 2.6109, -6.6524), (107.1464, 3.2603, -6.3594), (107.1464, 3.8773, -6.0032), (107.1464, 4.4557, -5.5873), (107.1464, 4.9899, -5.1159), (107.1464, 5.4745, -4.5936), (107.1464, 5.9047, -4.0257), (107.1464, 6.2762, -3.4178), (107.1464, 6.5853, -2.7759), (107.1464, 6.8290, -2.1065), (107.1464, 7.0048, -1.4160), (107.1464, 7.1109, -0.7116), (107.1464, 7.1464, 0.0000), (107.1464, 7.1109, 0.7116), (107.1464, 7.0048, 1.4160), (107.1464, 6.8290, 2.1065), (107.1464, 6.5853, 2.7759), (107.1464, 6.2762, 3.4178), (107.1464, 5.9047, 4.0257), (107.1464, 5.4745, 4.5936), (107.1464, 4.9899, 5.1159), (107.1464, 4.4557, 5.5873), (107.1464, 3.8773, 6.0032), (107.1464, 3.2603, 6.3594), (107.1464, 2.6109, 6.6524), (107.1464, 1.9355, 6.8793), (107.1464, 1.2410, 7.0379), (107.1464, 0.5341, 7.1265), (107.1464, -0.1782, 7.1442), (107.1464, -0.8886, 7.0910), (107.1464, -1.5902, 6.9673), (107.1464, -2.2760, 6.7743), (107.1464, -2.9392, 6.5140), (107.1464, -3.5732, 6.1890), (107.1464, -4.1717, 5.8025), (107.1464, -4.7287, 5.3583), (107.1464, -5.2387, 4.8608), (107.1464, -5.6967, 4.3151), (107.1464, -6.0980, 3.7264), (107.1464, -6.4387, 3.1007), (107.1464, -6.7155, 2.4442), (107.1464, -6.9255, 1.7634), (107.1464, -7.0666, 1.0651), (107.1464, -7.1376, 0.3562), (107.1464, -7.1376, -0.3562), (107.1464, -7.0666, -1.0651), (107.1464, -6.9255, -1.7634), (107.1464, -6.7155, -2.4442), (107.1464, -6.4387, -3.1007), (107.1464, -6.0980, -3.7264), (107.1464, -5.6967, -4.3151), (107.1464, -5.2387, -4.8608), (107.1464, -4.7287, -5.3583), (107.1464, -4.1717, -5.8025), (107.1464, -3.5732, -6.1890), (107.1464, -2.9392, -6.5140), (107.1464, -2.2760, -6.7743), (107.1464, -1.5902, -6.9673), (107.1464, -0.8886, -7.0910), (107.1464, -0.1782, -7.1442), (107.1464, 0.5341, -7.1265), (107.1464, 1.2410, -7.0379), (107.1464, 1.9355, -6.8793), (107.1464, 2.6109, -6.6524), (107.1464, 3.2603, -6.3594), (107.1464, 3.8773, -6.0032), (107.1464, 4.4557, -5.5873), (107.1464, 4.9899, -5.1159), (107.1464, 5.4745, -4.5936), (107.1464, 5.9047, -4.0257), (107.1464, 6.2762, -3.4178), (107.1464, 6.5853, -2.7759), (107.1464, 6.8290, -2.1065), (107.1464, 7.0048, -1.4160), (107.1464, 7.1109, -0.7116), (107.1464, 7.1464, 0.0000), (107.2061, 7.0955, 0.0000), (107.2061, 7.0955, 0.0000), (107.2061, 7.0602, 0.7065), (107.2061, 6.9548, 1.4059), (107.2061, 6.7803, 2.0914), (107.2061, 6.5383, 2.7561), (107.2061, 6.2314, 3.3934), (107.2061, 5.8626, 3.9970), (107.2061, 5.4355, 4.5609), (107.2061, 4.9543, 5.0794), (107.2061, 4.4240, 5.5475), (107.2061, 3.8496, 5.9604), (107.2061, 3.2370, 6.3141), (107.2061, 2.5923, 6.6050), (107.2061, 1.9217, 6.8303), (107.2061, 1.2321, 6.9877), (107.2061, 0.5302, 7.0757), (107.2061, -0.1769, 7.0933), (107.2061, -0.8823, 7.0404), (107.2061, -1.5789, 6.9176), (107.2061, -2.2598, 6.7260), (107.2061, -2.9183, 6.4676), (107.2061, -3.5477, 6.1449), (107.2061, -4.1419, 5.7611), (107.2061, -4.6950, 5.3201), (107.2061, -5.2014, 4.8262), (107.2061, -5.6560, 4.2843), (107.2061, -6.0545, 3.6998), (107.2061, -6.3928, 3.0786), (107.2061, -6.6676, 2.4268), (107.2061, -6.8761, 1.7509), (107.2061, -7.0162, 1.0575), (107.2061, -7.0867, 0.3537), (107.2061, -7.0867, -0.3537), (107.2061, -7.0162, -1.0575), (107.2061, -6.8761, -1.7509), (107.2061, -6.6676, -2.4268), (107.2061, -6.3928, -3.0786), (107.2061, -6.0545, -3.6998), (107.2061, -5.6560, -4.2843), (107.2061, -5.2014, -4.8262), (107.2061, -4.6950, -5.3201), (107.2061, -4.1419, -5.7611), (107.2061, -3.5477, -6.1449), (107.2061, -2.9183, -6.4676), (107.2061, -2.2598, -6.7260), (107.2061, -1.5789, -6.9176), (107.2061, -0.8823, -7.0404), (107.2061, -0.1769, -7.0933), (107.2061, 0.5302, -7.0757), (107.2061, 1.2321, -6.9877), (107.2061, 1.9217, -6.8303), (107.2061, 2.5923, -6.6050), (107.2061, 3.2370, -6.3141), (107.2061, 3.8496, -5.9604), (107.2061, 4.4240, -5.5475), (107.2061, 4.9543, -5.0794), (107.2061, 5.4355, -4.5609), (107.2061, 5.8626, -3.9970), (107.2061, 6.2314, -3.3934), (107.2061, 6.5383, -2.7561), (107.2061, 6.7803, -2.0914), (107.2061, 6.9548, -1.4059), (107.2061, 7.0602, -0.7065), (107.2061, 7.0955, 0.0000), (107.2061, 7.0602, 0.7065), (107.2061, 6.9548, 1.4059), (107.2061, 6.7803, 2.0914), (107.2061, 6.5383, 2.7561), (107.2061, 6.2314, 3.3934), (107.2061, 5.8626, 3.9970), (107.2061, 5.4355, 4.5609), (107.2061, 4.9543, 5.0794), (107.2061, 4.4240, 5.5475), (107.2061, 3.8496, 5.9604), (107.2061, 3.2370, 6.3141), (107.2061, 2.5923, 6.6050), (107.2061, 1.9217, 6.8303), (107.2061, 1.2321, 6.9877), (107.2061, 0.5302, 7.0757), (107.2061, -0.1769, 7.0933), (107.2061, -0.8823, 7.0404), (107.2061, -1.5789, 6.9176), (107.2061, -2.2598, 6.7260), (107.2061, -2.9183, 6.4676), (107.2061, -3.5477, 6.1449), (107.2061, -4.1419, 5.7611), (107.2061, -4.6950, 5.3201), (107.2061, -5.2014, 4.8262), (107.2061, -5.6560, 4.2843), (107.2061, -6.0545, 3.6998), (107.2061, -6.3928, 3.0786), (107.2061, -6.6676, 2.4268), (107.2061, -6.8761, 1.7509), (107.2061, -7.0162, 1.0575), (107.2061, -7.0867, 0.3537), (107.2061, -7.0867, -0.3537), (107.2061, -7.0162, -1.0575), (107.2061, -6.8761, -1.7509), (107.2061, -6.6676, -2.4268), (107.2061, -6.3928, -3.0786), (107.2061, -6.0545, -3.6998), (107.2061, -5.6560, -4.2843), (107.2061, -5.2014, -4.8262), (107.2061, -4.6950, -5.3201), (107.2061, -4.1419, -5.7611), (107.2061, -3.5477, -6.1449), (107.2061, -2.9183, -6.4676), (107.2061, -2.2598, -6.7260), (107.2061, -1.5789, -6.9176), (107.2061, -0.8823, -7.0404), (107.2061, -0.1769, -7.0933), (107.2061, 0.5302, -7.0757), (107.2061, 1.2321, -6.9877), (107.2061, 1.9217, -6.8303), (107.2061, 2.5923, -6.6050), (107.2061, 3.2370, -6.3141), (107.2061, 3.8496, -5.9604), (107.2061, 4.4240, -5.5475), (107.2061, 4.9543, -5.0794), (107.2061, 5.4355, -4.5609), (107.2061, 5.8626, -3.9970), (107.2061, 6.2314, -3.3934), (107.2061, 6.5383, -2.7561), (107.2061, 6.7803, -2.0914), (107.2061, 6.9548, -1.4059), (107.2061, 7.0602, -0.7065), (107.2061, 7.0955, 0.0000), (107.2730, 7.0545, 0.0000), (107.2730, 7.0545, 0.0000), (107.2730, 7.0194, 0.7024), (107.2730, 6.9146, 1.3978), (107.2730, 6.7411, 2.0793), (107.2730, 6.5006, 2.7402), (107.2730, 6.1954, 3.3738), (107.2730, 5.8287, 3.9739), (107.2730, 5.4041, 4.5345), (107.2730, 4.9257, 5.0501), (107.2730, 4.3984, 5.5154), (107.2730, 3.8274, 5.9260), (107.2730, 3.2183, 6.2776), (107.2730, 2.5773, 6.5668), (107.2730, 1.9106, 6.7908), (107.2730, 1.2250, 6.9473), (107.2730, 0.5272, 7.0348), (107.2730, -0.1759, 7.0523), (107.2730, -0.8772, 6.9997), (107.2730, -1.5698, 6.8776), (107.2730, -2.2468, 6.6872), (107.2730, -2.9014, 6.4302), (107.2730, -3.5272, 6.1094), (107.2730, -4.1180, 5.7278), (107.2730, -4.6679, 5.2893), (107.2730, -5.1713, 4.7983), (107.2730, -5.6234, 4.2595), (107.2730, -6.0195, 3.6785), (107.2730, -6.3559, 3.0608), (107.2730, -6.6291, 2.4128), (107.2730, -6.8364, 1.7407), (107.2730, -6.9757, 1.0514), (107.2730, -7.0457, 0.3516), (107.2730, -7.0457, -0.3516), (107.2730, -6.9757, -1.0514), (107.2730, -6.8364, -1.7407), (107.2730, -6.6291, -2.4128), (107.2730, -6.3559, -3.0608), (107.2730, -6.0195, -3.6785), (107.2730, -5.6234, -4.2595), (107.2730, -5.1713, -4.7983), (107.2730, -4.6679, -5.2893), (107.2730, -4.1180, -5.7278), (107.2730, -3.5272, -6.1094), (107.2730, -2.9014, -6.4302), (107.2730, -2.2468, -6.6872), (107.2730, -1.5698, -6.8776), (107.2730, -0.8772, -6.9997), (107.2730, -0.1759, -7.0523), (107.2730, 0.5272, -7.0348), (107.2730, 1.2250, -6.9473), (107.2730, 1.9106, -6.7908), (107.2730, 2.5773, -6.5668), (107.2730, 3.2183, -6.2776), (107.2730, 3.8274, -5.9260), (107.2730, 4.3984, -5.5154), (107.2730, 4.9257, -5.0501), (107.2730, 5.4041, -4.5345), (107.2730, 5.8287, -3.9739), (107.2730, 6.1954, -3.3738), (107.2730, 6.5006, -2.7402), (107.2730, 6.7411, -2.0793), (107.2730, 6.9146, -1.3978), (107.2730, 7.0194, -0.7024), (107.2730, 7.0545, 0.0000), (107.2730, 7.0194, 0.7024), (107.2730, 6.9146, 1.3978), (107.2730, 6.7411, 2.0793), (107.2730, 6.5006, 2.7402), (107.2730, 6.1954, 3.3738), (107.2730, 5.8287, 3.9739), (107.2730, 5.4041, 4.5345), (107.2730, 4.9257, 5.0501), (107.2730, 4.3984, 5.5154), (107.2730, 3.8274, 5.9260), (107.2730, 3.2183, 6.2776), (107.2730, 2.5773, 6.5668), (107.2730, 1.9106, 6.7908), (107.2730, 1.2250, 6.9473), (107.2730, 0.5272, 7.0348), (107.2730, -0.1759, 7.0523), (107.2730, -0.8772, 6.9997), (107.2730, -1.5698, 6.8776), (107.2730, -2.2468, 6.6872), (107.2730, -2.9014, 6.4302), (107.2730, -3.5272, 6.1094), (107.2730, -4.1180, 5.7278), (107.2730, -4.6679, 5.2893), (107.2730, -5.1713, 4.7983), (107.2730, -5.6234, 4.2595), (107.2730, -6.0195, 3.6785), (107.2730, -6.3559, 3.0608), (107.2730, -6.6291, 2.4128), (107.2730, -6.8364, 1.7407), (107.2730, -6.9757, 1.0514), (107.2730, -7.0457, 0.3516), (107.2730, -7.0457, -0.3516), (107.2730, -6.9757, -1.0514), (107.2730, -6.8364, -1.7407), (107.2730, -6.6291, -2.4128), (107.2730, -6.3559, -3.0608), (107.2730, -6.0195, -3.6785), (107.2730, -5.6234, -4.2595), (107.2730, -5.1713, -4.7983), (107.2730, -4.6679, -5.2893), (107.2730, -4.1180, -5.7278), (107.2730, -3.5272, -6.1094), (107.2730, -2.9014, -6.4302), (107.2730, -2.2468, -6.6872), (107.2730, -1.5698, -6.8776), (107.2730, -0.8772, -6.9997), (107.2730, -0.1759, -7.0523), (107.2730, 0.5272, -7.0348), (107.2730, 1.2250, -6.9473), (107.2730, 1.9106, -6.7908), (107.2730, 2.5773, -6.5668), (107.2730, 3.2183, -6.2776), (107.2730, 3.8274, -5.9260), (107.2730, 4.3984, -5.5154), (107.2730, 4.9257, -5.0501), (107.2730, 5.4041, -4.5345), (107.2730, 5.8287, -3.9739), (107.2730, 6.1954, -3.3738), (107.2730, 6.5006, -2.7402), (107.2730, 6.7411, -2.0793), (107.2730, 6.9146, -1.3978), (107.2730, 7.0194, -0.7024), (107.2730, 7.0545, 0.0000), (107.3455, 7.0245, 0.0000), (107.3455, 7.0245, 0.0000), (107.3455, 6.9896, 0.6994), (107.3455, 6.8852, 1.3919), (107.3455, 6.7124, 2.0705), (107.3455, 6.4729, 2.7285), (107.3455, 6.1690, 3.3595), (107.3455, 5.8039, 3.9570), (107.3455, 5.3811, 4.5152), (107.3455, 4.9047, 5.0286), (107.3455, 4.3797, 5.4920), (107.3455, 3.8111, 5.9007), (107.3455, 3.2046, 6.2509), (107.3455, 2.5663, 6.5389), (107.3455, 1.9025, 6.7619), (107.3455, 1.2198, 6.9178), (107.3455, 0.5249, 7.0048), (107.3455, -0.1751, 7.0223), (107.3455, -0.8734, 6.9700), (107.3455, -1.5631, 6.8484), (107.3455, -2.2372, 6.6587), (107.3455, -2.8891, 6.4028), (107.3455, -3.5122, 6.0834), (107.3455, -4.1005, 5.7034), (107.3455, -4.6480, 5.2668), (107.3455, -5.1493, 4.7779), (107.3455, -5.5994, 4.2414), (107.3455, -5.9939, 3.6628), (107.3455, -6.3288, 3.0478), (107.3455, -6.6008, 2.4025), (107.3455, -6.8073, 1.7333), (107.3455, -6.9460, 1.0469), (107.3455, -7.0157, 0.3501), (107.3455, -7.0157, -0.3501), (107.3455, -6.9460, -1.0469), (107.3455, -6.8073, -1.7333), (107.3455, -6.6008, -2.4025), (107.3455, -6.3288, -3.0478), (107.3455, -5.9939, -3.6628), (107.3455, -5.5994, -4.2414), (107.3455, -5.1493, -4.7779), (107.3455, -4.6480, -5.2668), (107.3455, -4.1005, -5.7034), (107.3455, -3.5122, -6.0834), (107.3455, -2.8891, -6.4028), (107.3455, -2.2372, -6.6587), (107.3455, -1.5631, -6.8484), (107.3455, -0.8734, -6.9700), (107.3455, -0.1751, -7.0223), (107.3455, 0.5249, -7.0048), (107.3455, 1.2198, -6.9178), (107.3455, 1.9025, -6.7619), (107.3455, 2.5663, -6.5389), (107.3455, 3.2046, -6.2509), (107.3455, 3.8111, -5.9007), (107.3455, 4.3797, -5.4920), (107.3455, 4.9047, -5.0286), (107.3455, 5.3811, -4.5152), (107.3455, 5.8039, -3.9570), (107.3455, 6.1690, -3.3595), (107.3455, 6.4729, -2.7285), (107.3455, 6.7124, -2.0705), (107.3455, 6.8852, -1.3919), (107.3455, 6.9896, -0.6994), (107.3455, 7.0245, 0.0000), (107.3455, 6.9896, 0.6994), (107.3455, 6.8852, 1.3919), (107.3455, 6.7124, 2.0705), (107.3455, 6.4729, 2.7285), (107.3455, 6.1690, 3.3595), (107.3455, 5.8039, 3.9570), (107.3455, 5.3811, 4.5152), (107.3455, 4.9047, 5.0286), (107.3455, 4.3797, 5.4920), (107.3455, 3.8111, 5.9007), (107.3455, 3.2046, 6.2509), (107.3455, 2.5663, 6.5389), (107.3455, 1.9025, 6.7619), (107.3455, 1.2198, 6.9178), (107.3455, 0.5249, 7.0048), (107.3455, -0.1751, 7.0223), (107.3455, -0.8734, 6.9700), (107.3455, -1.5631, 6.8484), (107.3455, -2.2372, 6.6587), (107.3455, -2.8891, 6.4028), (107.3455, -3.5122, 6.0834), (107.3455, -4.1005, 5.7034), (107.3455, -4.6480, 5.2668), (107.3455, -5.1493, 4.7779), (107.3455, -5.5994, 4.2414), (107.3455, -5.9939, 3.6628), (107.3455, -6.3288, 3.0478), (107.3455, -6.6008, 2.4025), (107.3455, -6.8073, 1.7333), (107.3455, -6.9460, 1.0469), (107.3455, -7.0157, 0.3501), (107.3455, -7.0157, -0.3501), (107.3455, -6.9460, -1.0469), (107.3455, -6.8073, -1.7333), (107.3455, -6.6008, -2.4025), (107.3455, -6.3288, -3.0478), (107.3455, -5.9939, -3.6628), (107.3455, -5.5994, -4.2414), (107.3455, -5.1493, -4.7779), (107.3455, -4.6480, -5.2668), (107.3455, -4.1005, -5.7034), (107.3455, -3.5122, -6.0834), (107.3455, -2.8891, -6.4028), (107.3455, -2.2372, -6.6587), (107.3455, -1.5631, -6.8484), (107.3455, -0.8734, -6.9700), (107.3455, -0.1751, -7.0223), (107.3455, 0.5249, -7.0048), (107.3455, 1.2198, -6.9178), (107.3455, 1.9025, -6.7619), (107.3455, 2.5663, -6.5389), (107.3455, 3.2046, -6.2509), (107.3455, 3.8111, -5.9007), (107.3455, 4.3797, -5.4920), (107.3455, 4.9047, -5.0286), (107.3455, 5.3811, -4.5152), (107.3455, 5.8039, -3.9570), (107.3455, 6.1690, -3.3595), (107.3455, 6.4729, -2.7285), (107.3455, 6.7124, -2.0705), (107.3455, 6.8852, -1.3919), (107.3455, 6.9896, -0.6994), (107.3455, 7.0245, 0.0000), (107.4218, 7.0062, 0.0000), (107.4218, 7.0062, 0.0000), (107.4218, 6.9713, 0.6976), (107.4218, 6.8672, 1.3882), (107.4218, 6.6949, 2.0651), (107.4218, 6.4560, 2.7214), (107.4218, 6.1530, 3.3507), (107.4218, 5.7888, 3.9467), (107.4218, 5.3670, 4.5035), (107.4218, 4.8920, 5.0155), (107.4218, 4.3683, 5.4776), (107.4218, 3.8012, 5.8854), (107.4218, 3.1963, 6.2346), (107.4218, 2.5596, 6.5218), (107.4218, 1.8976, 6.7443), (107.4218, 1.2166, 6.8997), (107.4218, 0.5236, 6.9866), (107.4218, -0.1747, 7.0040), (107.4218, -0.8712, 6.9518), (107.4218, -1.5590, 6.8305), (107.4218, -2.2314, 6.6413), (107.4218, -2.8815, 6.3862), (107.4218, -3.5031, 6.0675), (107.4218, -4.0898, 5.6886), (107.4218, -4.6359, 5.2531), (107.4218, -5.1359, 4.7654), (107.4218, -5.5848, 4.2303), (107.4218, -5.9783, 3.6533), (107.4218, -6.3123, 3.0399), (107.4218, -6.5836, 2.3962), (107.4218, -6.7895, 1.7288), (107.4218, -6.9279, 1.0442), (107.4218, -6.9974, 0.3492), (107.4218, -6.9974, -0.3492), (107.4218, -6.9279, -1.0442), (107.4218, -6.7895, -1.7288), (107.4218, -6.5836, -2.3962), (107.4218, -6.3123, -3.0399), (107.4218, -5.9783, -3.6533), (107.4218, -5.5848, -4.2303), (107.4218, -5.1359, -4.7654), (107.4218, -4.6359, -5.2531), (107.4218, -4.0898, -5.6886), (107.4218, -3.5031, -6.0675), (107.4218, -2.8815, -6.3862), (107.4218, -2.2314, -6.6413), (107.4218, -1.5590, -6.8305), (107.4218, -0.8712, -6.9518), (107.4218, -0.1747, -7.0040), (107.4218, 0.5236, -6.9866), (107.4218, 1.2166, -6.8997), (107.4218, 1.8976, -6.7443), (107.4218, 2.5596, -6.5218), (107.4218, 3.1963, -6.2346), (107.4218, 3.8012, -5.8854), (107.4218, 4.3683, -5.4776), (107.4218, 4.8920, -5.0155), (107.4218, 5.3670, -4.5035), (107.4218, 5.7888, -3.9467), (107.4218, 6.1530, -3.3507), (107.4218, 6.4560, -2.7214), (107.4218, 6.6949, -2.0651), (107.4218, 6.8672, -1.3882), (107.4218, 6.9713, -0.6976), (107.4218, 7.0062, 0.0000), (107.4218, 6.9713, 0.6976), (107.4218, 6.8672, 1.3882), (107.4218, 6.6949, 2.0651), (107.4218, 6.4560, 2.7214), (107.4218, 6.1530, 3.3507), (107.4218, 5.7888, 3.9467), (107.4218, 5.3670, 4.5035), (107.4218, 4.8920, 5.0155), (107.4218, 4.3683, 5.4776), (107.4218, 3.8012, 5.8854), (107.4218, 3.1963, 6.2346), (107.4218, 2.5596, 6.5218), (107.4218, 1.8976, 6.7443), (107.4218, 1.2166, 6.8997), (107.4218, 0.5236, 6.9866), (107.4218, -0.1747, 7.0040), (107.4218, -0.8712, 6.9518), (107.4218, -1.5590, 6.8305), (107.4218, -2.2314, 6.6413), (107.4218, -2.8815, 6.3862), (107.4218, -3.5031, 6.0675), (107.4218, -4.0898, 5.6886), (107.4218, -4.6359, 5.2531), (107.4218, -5.1359, 4.7654), (107.4218, -5.5848, 4.2303), (107.4218, -5.9783, 3.6533), (107.4218, -6.3123, 3.0399), (107.4218, -6.5836, 2.3962), (107.4218, -6.7895, 1.7288), (107.4218, -6.9279, 1.0442), (107.4218, -6.9974, 0.3492), (107.4218, -6.9974, -0.3492), (107.4218, -6.9279, -1.0442), (107.4218, -6.7895, -1.7288), (107.4218, -6.5836, -2.3962), (107.4218, -6.3123, -3.0399), (107.4218, -5.9783, -3.6533), (107.4218, -5.5848, -4.2303), (107.4218, -5.1359, -4.7654), (107.4218, -4.6359, -5.2531), (107.4218, -4.0898, -5.6886), (107.4218, -3.5031, -6.0675), (107.4218, -2.8815, -6.3862), (107.4218, -2.2314, -6.6413), (107.4218, -1.5590, -6.8305), (107.4218, -0.8712, -6.9518), (107.4218, -0.1747, -7.0040), (107.4218, 0.5236, -6.9866), (107.4218, 1.2166, -6.8997), (107.4218, 1.8976, -6.7443), (107.4218, 2.5596, -6.5218), (107.4218, 3.1963, -6.2346), (107.4218, 3.8012, -5.8854), (107.4218, 4.3683, -5.4776), (107.4218, 4.8920, -5.0155), (107.4218, 5.3670, -4.5035), (107.4218, 5.7888, -3.9467), (107.4218, 6.1530, -3.3507), (107.4218, 6.4560, -2.7214), (107.4218, 6.6949, -2.0651), (107.4218, 6.8672, -1.3882), (107.4218, 6.9713, -0.6976), (107.4218, 7.0062, 0.0000), (107.5000, 7.0000, 0.0000), (107.5000, 7.0000, 0.0000), (107.5000, 6.9652, 0.6970), (107.5000, 6.8612, 1.3870), (107.5000, 6.6890, 2.0633), (107.5000, 6.4503, 2.7190), (107.5000, 6.1476, 3.3478), (107.5000, 5.7837, 3.9432), (107.5000, 5.3623, 4.4995), (107.5000, 4.8877, 5.0111), (107.5000, 4.3644, 5.4728), (107.5000, 3.7978, 5.8802), (107.5000, 3.1935, 6.2291), (107.5000, 2.5574, 6.5161), (107.5000, 1.8959, 6.7384), (107.5000, 1.2155, 6.8937), (107.5000, 0.5231, 6.9804), (107.5000, -0.1745, 6.9978), (107.5000, -0.8704, 6.9457), (107.5000, -1.5576, 6.8245), (107.5000, -2.2294, 6.6355), (107.5000, -2.8790, 6.3805), (107.5000, -3.5000, 6.0622), (107.5000, -4.0862, 5.6836), (107.5000, -4.6318, 5.2485), (107.5000, -5.1314, 4.7612), (107.5000, -5.5799, 4.2266), (107.5000, -5.9730, 3.6500), (107.5000, -6.3068, 3.0372), (107.5000, -6.5778, 2.3941), (107.5000, -6.7835, 1.7273), (107.5000, -6.9218, 1.0433), (107.5000, -6.9913, 0.3489), (107.5000, -6.9913, -0.3489), (107.5000, -6.9218, -1.0433), (107.5000, -6.7835, -1.7273), (107.5000, -6.5778, -2.3941), (107.5000, -6.3068, -3.0372), (107.5000, -5.9730, -3.6500), (107.5000, -5.5799, -4.2266), (107.5000, -5.1314, -4.7612), (107.5000, -4.6318, -5.2485), (107.5000, -4.0862, -5.6836), (107.5000, -3.5000, -6.0622), (107.5000, -2.8790, -6.3805), (107.5000, -2.2294, -6.6355), (107.5000, -1.5576, -6.8245), (107.5000, -0.8704, -6.9457), (107.5000, -0.1745, -6.9978), (107.5000, 0.5231, -6.9804), (107.5000, 1.2155, -6.8937), (107.5000, 1.8959, -6.7384), (107.5000, 2.5574, -6.5161), (107.5000, 3.1935, -6.2291), (107.5000, 3.7978, -5.8802), (107.5000, 4.3644, -5.4728), (107.5000, 4.8877, -5.0111), (107.5000, 5.3623, -4.4995), (107.5000, 5.7837, -3.9432), (107.5000, 6.1476, -3.3478), (107.5000, 6.4503, -2.7190), (107.5000, 6.6890, -2.0633), (107.5000, 6.8612, -1.3870), (107.5000, 6.9652, -0.6970), (107.5000, 7.0000, 0.0000), (107.5000, 6.9652, 0.6970), (107.5000, 6.8612, 1.3870), (107.5000, 6.6890, 2.0633), (107.5000, 6.4503, 2.7190), (107.5000, 6.1476, 3.3478), (107.5000, 5.7837, 3.9432), (107.5000, 5.3623, 4.4995), (107.5000, 4.8877, 5.0111), (107.5000, 4.3644, 5.4728), (107.5000, 3.7978, 5.8802), (107.5000, 3.1935, 6.2291), (107.5000, 2.5574, 6.5161), (107.5000, 1.8959, 6.7384), (107.5000, 1.2155, 6.8937), (107.5000, 0.5231, 6.9804), (107.5000, -0.1745, 6.9978), (107.5000, -0.8704, 6.9457), (107.5000, -1.5576, 6.8245), (107.5000, -2.2294, 6.6355), (107.5000, -2.8790, 6.3805), (107.5000, -3.5000, 6.0622), (107.5000, -4.0862, 5.6836), (107.5000, -4.6318, 5.2485), (107.5000, -5.1314, 4.7612), (107.5000, -5.5799, 4.2266), (107.5000, -5.9730, 3.6500), (107.5000, -6.3068, 3.0372), (107.5000, -6.5778, 2.3941), (107.5000, -6.7835, 1.7273), (107.5000, -6.9218, 1.0433), (107.5000, -6.9913, 0.3489), (107.5000, -6.9913, -0.3489), (107.5000, -6.9218, -1.0433), (107.5000, -6.7835, -1.7273), (107.5000, -6.5778, -2.3941), (107.5000, -6.3068, -3.0372), (107.5000, -5.9730, -3.6500), (107.5000, -5.5799, -4.2266), (107.5000, -5.1314, -4.7612), (107.5000, -4.6318, -5.2485), (107.5000, -4.0862, -5.6836), (107.5000, -3.5000, -6.0622), (107.5000, -2.8790, -6.3805), (107.5000, -2.2294, -6.6355), (107.5000, -1.5576, -6.8245), (107.5000, -0.8704, -6.9457), (107.5000, -0.1745, -6.9978), (107.5000, 0.5231, -6.9804), (107.5000, 1.2155, -6.8937), (107.5000, 1.8959, -6.7384), (107.5000, 2.5574, -6.5161), (107.5000, 3.1935, -6.2291), (107.5000, 3.7978, -5.8802), (107.5000, 4.3644, -5.4728), (107.5000, 4.8877, -5.0111), (107.5000, 5.3623, -4.4995), (107.5000, 5.7837, -3.9432), (107.5000, 6.1476, -3.3478), (107.5000, 6.4503, -2.7190), (107.5000, 6.6890, -2.0633), (107.5000, 6.8612, -1.3870), (107.5000, 6.9652, -0.6970), (107.5000, 7.0000, 0.0000), (110.0000, 7.0000, 0.0000), (110.0000, 7.0000, 0.0000), (110.0000, 6.9652, 0.6970), (110.0000, 6.8612, 1.3870), (110.0000, 6.6890, 2.0633), (110.0000, 6.4503, 2.7190), (110.0000, 6.1476, 3.3478), (110.0000, 5.7837, 3.9432), (110.0000, 5.3623, 4.4995), (110.0000, 4.8877, 5.0111), (110.0000, 4.3644, 5.4728), (110.0000, 3.7978, 5.8802), (110.0000, 3.1935, 6.2291), (110.0000, 2.5574, 6.5161), (110.0000, 1.8959, 6.7384), (110.0000, 1.2155, 6.8937), (110.0000, 0.5231, 6.9804), (110.0000, -0.1745, 6.9978), (110.0000, -0.8704, 6.9457), (110.0000, -1.5576, 6.8245), (110.0000, -2.2294, 6.6355), (110.0000, -2.8790, 6.3805), (110.0000, -3.5000, 6.0622), (110.0000, -4.0862, 5.6836), (110.0000, -4.6318, 5.2485), (110.0000, -5.1314, 4.7612), (110.0000, -5.5799, 4.2266), (110.0000, -5.9730, 3.6500), (110.0000, -6.3068, 3.0372), (110.0000, -6.5778, 2.3941), (110.0000, -6.7835, 1.7273), (110.0000, -6.9218, 1.0433), (110.0000, -6.9913, 0.3489), (110.0000, -6.9913, -0.3489), (110.0000, -6.9218, -1.0433), (110.0000, -6.7835, -1.7273), (110.0000, -6.5778, -2.3941), (110.0000, -6.3068, -3.0372), (110.0000, -5.9730, -3.6500), (110.0000, -5.5799, -4.2266), (110.0000, -5.1314, -4.7612), (110.0000, -4.6318, -5.2485), (110.0000, -4.0862, -5.6836), (110.0000, -3.5000, -6.0622), (110.0000, -2.8790, -6.3805), (110.0000, -2.2294, -6.6355), (110.0000, -1.5576, -6.8245), (110.0000, -0.8704, -6.9457), (110.0000, -0.1745, -6.9978), (110.0000, 0.5231, -6.9804), (110.0000, 1.2155, -6.8937), (110.0000, 1.8959, -6.7384), (110.0000, 2.5574, -6.5161), (110.0000, 3.1935, -6.2291), (110.0000, 3.7978, -5.8802), (110.0000, 4.3644, -5.4728), (110.0000, 4.8877, -5.0111), (110.0000, 5.3623, -4.4995), (110.0000, 5.7837, -3.9432), (110.0000, 6.1476, -3.3478), (110.0000, 6.4503, -2.7190), (110.0000, 6.6890, -2.0633), (110.0000, 6.8612, -1.3870), (110.0000, 6.9652, -0.6970), (110.0000, 7.0000, 0.0000), (110.0000, 6.9652, 0.6970), (110.0000, 6.8612, 1.3870), (110.0000, 6.6890, 2.0633), (110.0000, 6.4503, 2.7190), (110.0000, 6.1476, 3.3478), (110.0000, 5.7837, 3.9432), (110.0000, 5.3623, 4.4995), (110.0000, 4.8877, 5.0111), (110.0000, 4.3644, 5.4728), (110.0000, 3.7978, 5.8802), (110.0000, 3.1935, 6.2291), (110.0000, 2.5574, 6.5161), (110.0000, 1.8959, 6.7384), (110.0000, 1.2155, 6.8937), (110.0000, 0.5231, 6.9804), (110.0000, -0.1745, 6.9978), (110.0000, -0.8704, 6.9457), (110.0000, -1.5576, 6.8245), (110.0000, -2.2294, 6.6355), (110.0000, -2.8790, 6.3805), (110.0000, -3.5000, 6.0622), (110.0000, -4.0862, 5.6836), (110.0000, -4.6318, 5.2485), (110.0000, -5.1314, 4.7612), (110.0000, -5.5799, 4.2266), (110.0000, -5.9730, 3.6500), (110.0000, -6.3068, 3.0372), (110.0000, -6.5778, 2.3941), (110.0000, -6.7835, 1.7273), (110.0000, -6.9218, 1.0433), (110.0000, -6.9913, 0.3489), (110.0000, -6.9913, -0.3489), (110.0000, -6.9218, -1.0433), (110.0000, -6.7835, -1.7273), (110.0000, -6.5778, -2.3941), (110.0000, -6.3068, -3.0372), (110.0000, -5.9730, -3.6500), (110.0000, -5.5799, -4.2266), (110.0000, -5.1314, -4.7612), (110.0000, -4.6318, -5.2485), (110.0000, -4.0862, -5.6836), (110.0000, -3.5000, -6.0622), (110.0000, -2.8790, -6.3805), (110.0000, -2.2294, -6.6355), (110.0000, -1.5576, -6.8245), (110.0000, -0.8704, -6.9457), (110.0000, -0.1745, -6.9978), (110.0000, 0.5231, -6.9804), (110.0000, 1.2155, -6.8937), (110.0000, 1.8959, -6.7384), (110.0000, 2.5574, -6.5161), (110.0000, 3.1935, -6.2291), (110.0000, 3.7978, -5.8802), (110.0000, 4.3644, -5.4728), (110.0000, 4.8877, -5.0111), (110.0000, 5.3623, -4.4995), (110.0000, 5.7837, -3.9432), (110.0000, 6.1476, -3.3478), (110.0000, 6.4503, -2.7190), (110.0000, 6.6890, -2.0633), (110.0000, 6.8612, -1.3870), (110.0000, 6.9652, -0.6970), (110.0000, 6.6500, 0.0000), (110.0000, 6.6170, 0.6621), (110.0000, 6.5181, 1.3177), (110.0000, 6.3546, 1.9601), (110.0000, 6.1278, 2.5831), (110.0000, 5.8402, 3.1804), (110.0000, 5.4945, 3.7461), (110.0000, 5.0942, 4.2745), (110.0000, 4.6433, 4.7605), (110.0000, 4.1462, 5.1992), (110.0000, 3.6079, 5.5862), (110.0000, 3.0338, 5.9176), (110.0000, 2.4295, 6.1903), (110.0000, 1.8011, 6.4015), (110.0000, 1.1548, 6.5490), (110.0000, 0.4970, 6.6314), (110.0000, -0.1658, 6.6479), (110.0000, -0.8269, 6.5984), (110.0000, -1.4798, 6.4833), (110.0000, -2.1179, 6.3037), (110.0000, -2.7351, 6.0615), (110.0000, -3.3250, 5.7591), (110.0000, -3.8819, 5.3994), (110.0000, -4.4002, 4.9860), (110.0000, -4.8748, 4.5231), (110.0000, -5.3009, 4.0153), (110.0000, -5.6744, 3.4675), (110.0000, -5.9914, 2.8853), (110.0000, -6.2490, 2.2744), (110.0000, -6.4444, 1.6409), (110.0000, -6.5757, 0.9911), (110.0000, -6.6417, 0.3315), (110.0000, -6.6417, -0.3315), (110.0000, -6.5757, -0.9911), (110.0000, -6.4444, -1.6409), (110.0000, -6.2490, -2.2744), (110.0000, -5.9914, -2.8853), (110.0000, -5.6744, -3.4675), (110.0000, -5.3009, -4.0153), (110.0000, -4.8748, -4.5231), (110.0000, -4.4002, -4.9860), (110.0000, -3.8819, -5.3994), (110.0000, -3.3250, -5.7591), (110.0000, -2.7351, -6.0615), (110.0000, -2.1179, -6.3037), (110.0000, -1.4798, -6.4833), (110.0000, -0.8269, -6.5984), (110.0000, -0.1658, -6.6479), (110.0000, 0.4970, -6.6314), (110.0000, 1.1548, -6.5490), (110.0000, 1.8011, -6.4015), (110.0000, 2.4295, -6.1903), (110.0000, 3.0338, -5.9176), (110.0000, 3.6079, -5.5862), (110.0000, 4.1462, -5.1992), (110.0000, 4.6433, -4.7605), (110.0000, 5.0942, -4.2745), (110.0000, 5.4945, -3.7461), (110.0000, 5.8402, -3.1804), (110.0000, 6.1278, -2.5831), (110.0000, 6.3546, -1.9601), (110.0000, 6.5181, -1.3177), (110.0000, 6.6170, -0.6621), (110.0000, 6.6500, 0.0000), (110.0000, 6.6170, 0.6621), (110.0000, 6.5181, 1.3177), (110.0000, 6.3546, 1.9601), (110.0000, 6.1278, 2.5831), (110.0000, 5.8402, 3.1804), (110.0000, 5.4945, 3.7461), (110.0000, 5.0942, 4.2745), (110.0000, 4.6433, 4.7605), (110.0000, 4.1462, 5.1992), (110.0000, 3.6079, 5.5862), (110.0000, 3.0338, 5.9176), (110.0000, 2.4295, 6.1903), (110.0000, 1.8011, 6.4015), (110.0000, 1.1548, 6.5490), (110.0000, 0.4970, 6.6314), (110.0000, -0.1658, 6.6479), (110.0000, -0.8269, 6.5984), (110.0000, -1.4798, 6.4833), (110.0000, -2.1179, 6.3037), (110.0000, -2.7351, 6.0615), (110.0000, -3.3250, 5.7591), (110.0000, -3.8819, 5.3994), (110.0000, -4.4002, 4.9860), (110.0000, -4.8748, 4.5231), (110.0000, -5.3009, 4.0153), (110.0000, -5.6744, 3.4675), (110.0000, -5.9914, 2.8853), (110.0000, -6.2490, 2.2744), (110.0000, -6.4444, 1.6409), (110.0000, -6.5757, 0.9911), (110.0000, -6.6417, 0.3315), (110.0000, -6.6417, -0.3315), (110.0000, -6.5757, -0.9911), (110.0000, -6.4444, -1.6409), (110.0000, -6.2490, -2.2744), (110.0000, -5.9914, -2.8853), (110.0000, -5.6744, -3.4675), (110.0000, -5.3009, -4.0153), (110.0000, -4.8748, -4.5231), (110.0000, -4.4002, -4.9860), (110.0000, -3.8819, -5.3994), (110.0000, -3.3250, -5.7591), (110.0000, -2.7351, -6.0615), (110.0000, -2.1179, -6.3037), (110.0000, -1.4798, -6.4833), (110.0000, -0.8269, -6.5984), (110.0000, -0.1658, -6.6479), (110.0000, 0.4970, -6.6314), (110.0000, 1.1548, -6.5490), (110.0000, 1.8011, -6.4015), (110.0000, 2.4295, -6.1903), (110.0000, 3.0338, -5.9176), (110.0000, 3.6079, -5.5862), (110.0000, 4.1462, -5.1992), (110.0000, 4.6433, -4.7605), (110.0000, 5.0942, -4.2745), (110.0000, 5.4945, -3.7461), (110.0000, 5.8402, -3.1804), (110.0000, 6.1278, -2.5831), (110.0000, 6.3546, -1.9601), (110.0000, 6.5181, -1.3177), (110.0000, 6.6170, -0.6621), (110.0000, 6.6500, 0.0000), (111.1000, 6.6500, 0.0000), (111.1000, 6.6500, 0.0000), (111.1000, 6.6170, 0.6621), (111.1000, 6.5181, 1.3177), (111.1000, 6.3546, 1.9601), (111.1000, 6.1278, 2.5831), (111.1000, 5.8402, 3.1804), (111.1000, 5.4945, 3.7461), (111.1000, 5.0942, 4.2745), (111.1000, 4.6433, 4.7605), (111.1000, 4.1462, 5.1992), (111.1000, 3.6079, 5.5862), (111.1000, 3.0338, 5.9176), (111.1000, 2.4295, 6.1903), (111.1000, 1.8011, 6.4015), (111.1000, 1.1548, 6.5490), (111.1000, 0.4970, 6.6314), (111.1000, -0.1658, 6.6479), (111.1000, -0.8269, 6.5984), (111.1000, -1.4798, 6.4833), (111.1000, -2.1179, 6.3037), (111.1000, -2.7351, 6.0615), (111.1000, -3.3250, 5.7591), (111.1000, -3.8819, 5.3994), (111.1000, -4.4002, 4.9860), (111.1000, -4.8748, 4.5231), (111.1000, -5.3009, 4.0153), (111.1000, -5.6744, 3.4675), (111.1000, -5.9914, 2.8853), (111.1000, -6.2490, 2.2744), (111.1000, -6.4444, 1.6409), (111.1000, -6.5757, 0.9911), (111.1000, -6.6417, 0.3315), (111.1000, -6.6417, -0.3315), (111.1000, -6.5757, -0.9911), (111.1000, -6.4444, -1.6409), (111.1000, -6.2490, -2.2744), (111.1000, -5.9914, -2.8853), (111.1000, -5.6744, -3.4675), (111.1000, -5.3009, -4.0153), (111.1000, -4.8748, -4.5231), (111.1000, -4.4002, -4.9860), (111.1000, -3.8819, -5.3994), (111.1000, -3.3250, -5.7591), (111.1000, -2.7351, -6.0615), (111.1000, -2.1179, -6.3037), (111.1000, -1.4798, -6.4833), (111.1000, -0.8269, -6.5984), (111.1000, -0.1658, -6.6479), (111.1000, 0.4970, -6.6314), (111.1000, 1.1548, -6.5490), (111.1000, 1.8011, -6.4015), (111.1000, 2.4295, -6.1903), (111.1000, 3.0338, -5.9176), (111.1000, 3.6079, -5.5862), (111.1000, 4.1462, -5.1992), (111.1000, 4.6433, -4.7605), (111.1000, 5.0942, -4.2745), (111.1000, 5.4945, -3.7461), (111.1000, 5.8402, -3.1804), (111.1000, 6.1278, -2.5831), (111.1000, 6.3546, -1.9601), (111.1000, 6.5181, -1.3177), (111.1000, 6.6170, -0.6621), (111.1000, 7.0000, 0.0000), (111.1000, 6.9652, 0.6970), (111.1000, 6.8612, 1.3870), (111.1000, 6.6890, 2.0633), (111.1000, 6.4503, 2.7190), (111.1000, 6.1476, 3.3478), (111.1000, 5.7837, 3.9432), (111.1000, 5.3623, 4.4995), (111.1000, 4.8877, 5.0111), (111.1000, 4.3644, 5.4728), (111.1000, 3.7978, 5.8802), (111.1000, 3.1935, 6.2291), (111.1000, 2.5574, 6.5161), (111.1000, 1.8959, 6.7384), (111.1000, 1.2155, 6.8937), (111.1000, 0.5231, 6.9804), (111.1000, -0.1745, 6.9978), (111.1000, -0.8704, 6.9457), (111.1000, -1.5576, 6.8245), (111.1000, -2.2294, 6.6355), (111.1000, -2.8790, 6.3805), (111.1000, -3.5000, 6.0622), (111.1000, -4.0862, 5.6836), (111.1000, -4.6318, 5.2485), (111.1000, -5.1314, 4.7612), (111.1000, -5.5799, 4.2266), (111.1000, -5.9730, 3.6500), (111.1000, -6.3068, 3.0372), (111.1000, -6.5778, 2.3941), (111.1000, -6.7835, 1.7273), (111.1000, -6.9218, 1.0433), (111.1000, -6.9913, 0.3489), (111.1000, -6.9913, -0.3489), (111.1000, -6.9218, -1.0433), (111.1000, -6.7835, -1.7273), (111.1000, -6.5778, -2.3941), (111.1000, -6.3068, -3.0372), (111.1000, -5.9730, -3.6500), (111.1000, -5.5799, -4.2266), (111.1000, -5.1314, -4.7612), (111.1000, -4.6318, -5.2485), (111.1000, -4.0862, -5.6836), (111.1000, -3.5000, -6.0622), (111.1000, -2.8790, -6.3805), (111.1000, -2.2294, -6.6355), (111.1000, -1.5576, -6.8245), (111.1000, -0.8704, -6.9457), (111.1000, -0.1745, -6.9978), (111.1000, 0.5231, -6.9804), (111.1000, 1.2155, -6.8937), (111.1000, 1.8959, -6.7384), (111.1000, 2.5574, -6.5161), (111.1000, 3.1935, -6.2291), (111.1000, 3.7978, -5.8802), (111.1000, 4.3644, -5.4728), (111.1000, 4.8877, -5.0111), (111.1000, 5.3623, -4.4995), (111.1000, 5.7837, -3.9432), (111.1000, 6.1476, -3.3478), (111.1000, 6.4503, -2.7190), (111.1000, 6.6890, -2.0633), (111.1000, 6.8612, -1.3870), (111.1000, 6.9652, -0.6970), (111.1000, 6.6500, 0.0000), (111.1000, 6.6170, 0.6621), (111.1000, 6.5181, 1.3177), (111.1000, 6.3546, 1.9601), (111.1000, 6.1278, 2.5831), (111.1000, 5.8402, 3.1804), (111.1000, 5.4945, 3.7461), (111.1000, 5.0942, 4.2745), (111.1000, 4.6433, 4.7605), (111.1000, 4.1462, 5.1992), (111.1000, 3.6079, 5.5862), (111.1000, 3.0338, 5.9176), (111.1000, 2.4295, 6.1903), (111.1000, 1.8011, 6.4015), (111.1000, 1.1548, 6.5490), (111.1000, 0.4970, 6.6314), (111.1000, -0.1658, 6.6479), (111.1000, -0.8269, 6.5984), (111.1000, -1.4798, 6.4833), (111.1000, -2.1179, 6.3037), (111.1000, -2.7351, 6.0615), (111.1000, -3.3250, 5.7591), (111.1000, -3.8819, 5.3994), (111.1000, -4.4002, 4.9860), (111.1000, -4.8748, 4.5231), (111.1000, -5.3009, 4.0153), (111.1000, -5.6744, 3.4675), (111.1000, -5.9914, 2.8853), (111.1000, -6.2490, 2.2744), (111.1000, -6.4444, 1.6409), (111.1000, -6.5757, 0.9911), (111.1000, -6.6417, 0.3315), (111.1000, -6.6417, -0.3315), (111.1000, -6.5757, -0.9911), (111.1000, -6.4444, -1.6409), (111.1000, -6.2490, -2.2744), (111.1000, -5.9914, -2.8853), (111.1000, -5.6744, -3.4675), (111.1000, -5.3009, -4.0153), (111.1000, -4.8748, -4.5231), (111.1000, -4.4002, -4.9860), (111.1000, -3.8819, -5.3994), (111.1000, -3.3250, -5.7591), (111.1000, -2.7351, -6.0615), (111.1000, -2.1179, -6.3037), (111.1000, -1.4798, -6.4833), (111.1000, -0.8269, -6.5984), (111.1000, -0.1658, -6.6479), (111.1000, 0.4970, -6.6314), (111.1000, 1.1548, -6.5490), (111.1000, 1.8011, -6.4015), (111.1000, 2.4295, -6.1903), (111.1000, 3.0338, -5.9176), (111.1000, 3.6079, -5.5862), (111.1000, 4.1462, -5.1992), (111.1000, 4.6433, -4.7605), (111.1000, 5.0942, -4.2745), (111.1000, 5.4945, -3.7461), (111.1000, 5.8402, -3.1804), (111.1000, 6.1278, -2.5831), (111.1000, 6.3546, -1.9601), (111.1000, 6.5181, -1.3177), (111.1000, 6.6170, -0.6621), (111.1000, 7.0000, 0.0000), (111.1000, 6.9652, 0.6970), (111.1000, 6.8612, 1.3870), (111.1000, 6.6890, 2.0633), (111.1000, 6.4503, 2.7190), (111.1000, 6.1476, 3.3478), (111.1000, 5.7837, 3.9432), (111.1000, 5.3623, 4.4995), (111.1000, 4.8877, 5.0111), (111.1000, 4.3644, 5.4728), (111.1000, 3.7978, 5.8802), (111.1000, 3.1935, 6.2291), (111.1000, 2.5574, 6.5161), (111.1000, 1.8959, 6.7384), (111.1000, 1.2155, 6.8937), (111.1000, 0.5231, 6.9804), (111.1000, -0.1745, 6.9978), (111.1000, -0.8704, 6.9457), (111.1000, -1.5576, 6.8245), (111.1000, -2.2294, 6.6355), (111.1000, -2.8790, 6.3805), (111.1000, -3.5000, 6.0622), (111.1000, -4.0862, 5.6836), (111.1000, -4.6318, 5.2485), (111.1000, -5.1314, 4.7612), (111.1000, -5.5799, 4.2266), (111.1000, -5.9730, 3.6500), (111.1000, -6.3068, 3.0372), (111.1000, -6.5778, 2.3941), (111.1000, -6.7835, 1.7273), (111.1000, -6.9218, 1.0433), (111.1000, -6.9913, 0.3489), (111.1000, -6.9913, -0.3489), (111.1000, -6.9218, -1.0433), (111.1000, -6.7835, -1.7273), (111.1000, -6.5778, -2.3941), (111.1000, -6.3068, -3.0372), (111.1000, -5.9730, -3.6500), (111.1000, -5.5799, -4.2266), (111.1000, -5.1314, -4.7612), (111.1000, -4.6318, -5.2485), (111.1000, -4.0862, -5.6836), (111.1000, -3.5000, -6.0622), (111.1000, -2.8790, -6.3805), (111.1000, -2.2294, -6.6355), (111.1000, -1.5576, -6.8245), (111.1000, -0.8704, -6.9457), (111.1000, -0.1745, -6.9978), (111.1000, 0.5231, -6.9804), (111.1000, 1.2155, -6.8937), (111.1000, 1.8959, -6.7384), (111.1000, 2.5574, -6.5161), (111.1000, 3.1935, -6.2291), (111.1000, 3.7978, -5.8802), (111.1000, 4.3644, -5.4728), (111.1000, 4.8877, -5.0111), (111.1000, 5.3623, -4.4995), (111.1000, 5.7837, -3.9432), (111.1000, 6.1476, -3.3478), (111.1000, 6.4503, -2.7190), (111.1000, 6.6890, -2.0633), (111.1000, 6.8612, -1.3870), (111.1000, 6.9652, -0.6970), (111.1000, 7.0000, 0.0000), (118.5000, 7.0000, 0.0000), (118.5000, 7.0000, 0.0000), (118.5000, 6.9652, 0.6970), (118.5000, 6.8612, 1.3870), (118.5000, 6.6890, 2.0633), (118.5000, 6.4503, 2.7190), (118.5000, 6.1476, 3.3478), (118.5000, 5.7837, 3.9432), (118.5000, 5.3623, 4.4995), (118.5000, 4.8877, 5.0111), (118.5000, 4.3644, 5.4728), (118.5000, 3.7978, 5.8802), (118.5000, 3.1935, 6.2291), (118.5000, 2.5574, 6.5161), (118.5000, 1.8959, 6.7384), (118.5000, 1.2155, 6.8937), (118.5000, 0.5231, 6.9804), (118.5000, -0.1745, 6.9978), (118.5000, -0.8704, 6.9457), (118.5000, -1.5576, 6.8245), (118.5000, -2.2294, 6.6355), (118.5000, -2.8790, 6.3805), (118.5000, -3.5000, 6.0622), (118.5000, -4.0862, 5.6836), (118.5000, -4.6318, 5.2485), (118.5000, -5.1314, 4.7612), (118.5000, -5.5799, 4.2266), (118.5000, -5.9730, 3.6500), (118.5000, -6.3068, 3.0372), (118.5000, -6.5778, 2.3941), (118.5000, -6.7835, 1.7273), (118.5000, -6.9218, 1.0433), (118.5000, -6.9913, 0.3489), (118.5000, -6.9913, -0.3489), (118.5000, -6.9218, -1.0433), (118.5000, -6.7835, -1.7273), (118.5000, -6.5778, -2.3941), (118.5000, -6.3068, -3.0372), (118.5000, -5.9730, -3.6500), (118.5000, -5.5799, -4.2266), (118.5000, -5.1314, -4.7612), (118.5000, -4.6318, -5.2485), (118.5000, -4.0862, -5.6836), (118.5000, -3.5000, -6.0622), (118.5000, -2.8790, -6.3805), (118.5000, -2.2294, -6.6355), (118.5000, -1.5576, -6.8245), (118.5000, -0.8704, -6.9457), (118.5000, -0.1745, -6.9978), (118.5000, 0.5231, -6.9804), (118.5000, 1.2155, -6.8937), (118.5000, 1.8959, -6.7384), (118.5000, 2.5574, -6.5161), (118.5000, 3.1935, -6.2291), (118.5000, 3.7978, -5.8802), (118.5000, 4.3644, -5.4728), (118.5000, 4.8877, -5.0111), (118.5000, 5.3623, -4.4995), (118.5000, 5.7837, -3.9432), (118.5000, 6.1476, -3.3478), (118.5000, 6.4503, -2.7190), (118.5000, 6.6890, -2.0633), (118.5000, 6.8612, -1.3870), (118.5000, 6.9652, -0.6970), (118.5000, 7.0000, 0.0000), (118.5000, 6.9652, 0.6970), (118.5000, 6.8612, 1.3870), (118.5000, 6.6890, 2.0633), (118.5000, 6.4503, 2.7190), (118.5000, 6.1476, 3.3478), (118.5000, 5.7837, 3.9432), (118.5000, 5.3623, 4.4995), (118.5000, 4.8877, 5.0111), (118.5000, 4.3644, 5.4728), (118.5000, 3.7978, 5.8802), (118.5000, 3.1935, 6.2291), (118.5000, 2.5574, 6.5161), (118.5000, 1.8959, 6.7384), (118.5000, 1.2155, 6.8937), (118.5000, 0.5231, 6.9804), (118.5000, -0.1745, 6.9978), (118.5000, -0.8704, 6.9457), (118.5000, -1.5576, 6.8245), (118.5000, -2.2294, 6.6355), (118.5000, -2.8790, 6.3805), (118.5000, -3.5000, 6.0622), (118.5000, -4.0862, 5.6836), (118.5000, -4.6318, 5.2485), (118.5000, -5.1314, 4.7612), (118.5000, -5.5799, 4.2266), (118.5000, -5.9730, 3.6500), (118.5000, -6.3068, 3.0372), (118.5000, -6.5778, 2.3941), (118.5000, -6.7835, 1.7273), (118.5000, -6.9218, 1.0433), (118.5000, -6.9913, 0.3489), (118.5000, -6.9913, -0.3489), (118.5000, -6.9218, -1.0433), (118.5000, -6.7835, -1.7273), (118.5000, -6.5778, -2.3941), (118.5000, -6.3068, -3.0372), (118.5000, -5.9730, -3.6500), (118.5000, -5.5799, -4.2266), (118.5000, -5.1314, -4.7612), (118.5000, -4.6318, -5.2485), (118.5000, -4.0862, -5.6836), (118.5000, -3.5000, -6.0622), (118.5000, -2.8790, -6.3805), (118.5000, -2.2294, -6.6355), (118.5000, -1.5576, -6.8245), (118.5000, -0.8704, -6.9457), (118.5000, -0.1745, -6.9978), (118.5000, 0.5231, -6.9804), (118.5000, 1.2155, -6.8937), (118.5000, 1.8959, -6.7384), (118.5000, 2.5574, -6.5161), (118.5000, 3.1935, -6.2291), (118.5000, 3.7978, -5.8802), (118.5000, 4.3644, -5.4728), (118.5000, 4.8877, -5.0111), (118.5000, 5.3623, -4.4995), (118.5000, 5.7837, -3.9432), (118.5000, 6.1476, -3.3478), (118.5000, 6.4503, -2.7190), (118.5000, 6.6890, -2.0633), (118.5000, 6.8612, -1.3870), (118.5000, 6.9652, -0.6970), (118.5000, 7.0000, 0.0000), (119.0000, 6.5000, 0.0000), (119.0000, 6.5000, 0.0000), (119.0000, 6.4677, 0.6472), (119.0000, 6.3711, 1.2879), (119.0000, 6.2112, 1.9159), (119.0000, 5.9896, 2.5248), (119.0000, 5.7084, 3.1087), (119.0000, 5.3706, 3.6616), (119.0000, 4.9793, 4.1781), (119.0000, 4.5385, 4.6531), (119.0000, 4.0527, 5.0819), (119.0000, 3.5266, 5.4602), (119.0000, 2.9654, 5.7842), (119.0000, 2.3747, 6.0507), (119.0000, 1.7605, 6.2571), (119.0000, 1.1287, 6.4013), (119.0000, 0.4857, 6.4818), (119.0000, -0.1620, 6.4980), (119.0000, -0.8082, 6.4496), (119.0000, -1.4464, 6.3370), (119.0000, -2.0702, 6.1615), (119.0000, -2.6734, 5.9248), (119.0000, -3.2500, 5.6292), (119.0000, -3.7943, 5.2776), (119.0000, -4.3010, 4.8736), (119.0000, -4.7648, 4.4211), (119.0000, -5.1814, 3.9247), (119.0000, -5.5464, 3.3893), (119.0000, -5.8563, 2.8202), (119.0000, -6.1080, 2.2231), (119.0000, -6.2990, 1.6039), (119.0000, -6.4274, 0.9688), (119.0000, -6.4919, 0.3240), (119.0000, -6.4919, -0.3240), (119.0000, -6.4274, -0.9688), (119.0000, -6.2990, -1.6039), (119.0000, -6.1080, -2.2231), (119.0000, -5.8563, -2.8202), (119.0000, -5.5464, -3.3893), (119.0000, -5.1814, -3.9247), (119.0000, -4.7648, -4.4211), (119.0000, -4.3010, -4.8736), (119.0000, -3.7943, -5.2776), (119.0000, -3.2500, -5.6292), (119.0000, -2.6734, -5.9248), (119.0000, -2.0702, -6.1615), (119.0000, -1.4464, -6.3370), (119.0000, -0.8082, -6.4496), (119.0000, -0.1620, -6.4980), (119.0000, 0.4857, -6.4818), (119.0000, 1.1287, -6.4013), (119.0000, 1.7605, -6.2571), (119.0000, 2.3747, -6.0507), (119.0000, 2.9654, -5.7842), (119.0000, 3.5266, -5.4602), (119.0000, 4.0527, -5.0819), (119.0000, 4.5385, -4.6531), (119.0000, 4.9793, -4.1781), (119.0000, 5.3706, -3.6616), (119.0000, 5.7084, -3.1087), (119.0000, 5.9896, -2.5248), (119.0000, 6.2112, -1.9159), (119.0000, 6.3711, -1.2879), (119.0000, 6.4677, -0.6472), (119.0000, 6.5000, 0.0000), (119.0000, 6.4677, 0.6472), (119.0000, 6.3711, 1.2879), (119.0000, 6.2112, 1.9159), (119.0000, 5.9896, 2.5248), (119.0000, 5.7084, 3.1087), (119.0000, 5.3706, 3.6616), (119.0000, 4.9793, 4.1781), (119.0000, 4.5385, 4.6531), (119.0000, 4.0527, 5.0819), (119.0000, 3.5266, 5.4602), (119.0000, 2.9654, 5.7842), (119.0000, 2.3747, 6.0507), (119.0000, 1.7605, 6.2571), (119.0000, 1.1287, 6.4013), (119.0000, 0.4857, 6.4818), (119.0000, -0.1620, 6.4980), (119.0000, -0.8082, 6.4496), (119.0000, -1.4464, 6.3370), (119.0000, -2.0702, 6.1615), (119.0000, -2.6734, 5.9248), (119.0000, -3.2500, 5.6292), (119.0000, -3.7943, 5.2776), (119.0000, -4.3010, 4.8736), (119.0000, -4.7648, 4.4211), (119.0000, -5.1814, 3.9247), (119.0000, -5.5464, 3.3893), (119.0000, -5.8563, 2.8202), (119.0000, -6.1080, 2.2231), (119.0000, -6.2990, 1.6039), (119.0000, -6.4274, 0.9688), (119.0000, -6.4919, 0.3240), (119.0000, -6.4919, -0.3240), (119.0000, -6.4274, -0.9688), (119.0000, -6.2990, -1.6039), (119.0000, -6.1080, -2.2231), (119.0000, -5.8563, -2.8202), (119.0000, -5.5464, -3.3893), (119.0000, -5.1814, -3.9247), (119.0000, -4.7648, -4.4211), (119.0000, -4.3010, -4.8736), (119.0000, -3.7943, -5.2776), (119.0000, -3.2500, -5.6292), (119.0000, -2.6734, -5.9248), (119.0000, -2.0702, -6.1615), (119.0000, -1.4464, -6.3370), (119.0000, -0.8082, -6.4496), (119.0000, -0.1620, -6.4980), (119.0000, 0.4857, -6.4818), (119.0000, 1.1287, -6.4013), (119.0000, 1.7605, -6.2571), (119.0000, 2.3747, -6.0507), (119.0000, 2.9654, -5.7842), (119.0000, 3.5266, -5.4602), (119.0000, 4.0527, -5.0819), (119.0000, 4.5385, -4.6531), (119.0000, 4.9793, -4.1781), (119.0000, 5.3706, -3.6616), (119.0000, 5.7084, -3.1087), (119.0000, 5.9896, -2.5248), (119.0000, 6.2112, -1.9159), (119.0000, 6.3711, -1.2879), (119.0000, 6.4677, -0.6472), (119.0000, 2.1250, 0.0000), (119.0000, 2.1144, 0.2116), (119.0000, 2.0829, 0.4211), (119.0000, 2.0306, 0.6264), (119.0000, 1.9581, 0.8254), (119.0000, 1.8662, 1.0163), (119.0000, 1.7558, 1.1971), (119.0000, 1.6278, 1.3659), (119.0000, 1.4838, 1.5212), (119.0000, 1.3249, 1.6614), (119.0000, 1.1529, 1.7851), (119.0000, 0.9694, 1.8910), (119.0000, 0.7763, 1.9781), (119.0000, 0.5755, 2.0456), (119.0000, 0.3690, 2.0927), (119.0000, 0.1588, 2.1191), (119.0000, -0.0530, 2.1243), (119.0000, -0.2642, 2.1085), (119.0000, -0.4729, 2.0717), (119.0000, -0.6768, 2.0143), (119.0000, -0.8740, 1.9369), (119.0000, -1.0625, 1.8403), (119.0000, -1.2405, 1.7254), (119.0000, -1.4061, 1.5933), (119.0000, -1.5577, 1.4454), (119.0000, -1.6939, 1.2831), (119.0000, -1.8132, 1.1080), (119.0000, -1.9146, 0.9220), (119.0000, -1.9968, 0.7268), (119.0000, -2.0593, 0.5244), (119.0000, -2.1013, 0.3167), (119.0000, -2.1224, 0.1059), (119.0000, -2.1224, -0.1059), (119.0000, -2.1013, -0.3167), (119.0000, -2.0593, -0.5244), (119.0000, -1.9968, -0.7268), (119.0000, -1.9146, -0.9220), (119.0000, -1.8132, -1.1080), (119.0000, -1.6939, -1.2831), (119.0000, -1.5577, -1.4454), (119.0000, -1.4061, -1.5933), (119.0000, -1.2405, -1.7254), (119.0000, -1.0625, -1.8403), (119.0000, -0.8740, -1.9369), (119.0000, -0.6768, -2.0143), (119.0000, -0.4729, -2.0717), (119.0000, -0.2642, -2.1085), (119.0000, -0.0530, -2.1243), (119.0000, 0.1588, -2.1191), (119.0000, 0.3690, -2.0927), (119.0000, 0.5755, -2.0456), (119.0000, 0.7763, -1.9781), (119.0000, 0.9694, -1.8910), (119.0000, 1.1529, -1.7851), (119.0000, 1.3249, -1.6614), (119.0000, 1.4838, -1.5212), (119.0000, 1.6278, -1.3659), (119.0000, 1.7558, -1.1971), (119.0000, 1.8662, -1.0163), (119.0000, 1.9581, -0.8254), (119.0000, 2.0306, -0.6264), (119.0000, 2.0829, -0.4211), (119.0000, 2.1144, -0.2116), (119.0000, 2.1250, 0.0000), (119.0000, 2.1144, 0.2116), (119.0000, 2.0829, 0.4211), (119.0000, 2.0306, 0.6264), (119.0000, 1.9581, 0.8254), (119.0000, 1.8662, 1.0163), (119.0000, 1.7558, 1.1971), (119.0000, 1.6278, 1.3659), (119.0000, 1.4838, 1.5212), (119.0000, 1.3249, 1.6614), (119.0000, 1.1529, 1.7851), (119.0000, 0.9694, 1.8910), (119.0000, 0.7763, 1.9781), (119.0000, 0.5755, 2.0456), (119.0000, 0.3690, 2.0927), (119.0000, 0.1588, 2.1191), (119.0000, -0.0530, 2.1243), (119.0000, -0.2642, 2.1085), (119.0000, -0.4729, 2.0717), (119.0000, -0.6768, 2.0143), (119.0000, -0.8740, 1.9369), (119.0000, -1.0625, 1.8403), (119.0000, -1.2405, 1.7254), (119.0000, -1.4061, 1.5933), (119.0000, -1.5577, 1.4454), (119.0000, -1.6939, 1.2831), (119.0000, -1.8132, 1.1080), (119.0000, -1.9146, 0.9220), (119.0000, -1.9968, 0.7268), (119.0000, -2.0593, 0.5244), (119.0000, -2.1013, 0.3167), (119.0000, -2.1224, 0.1059), (119.0000, -2.1224, -0.1059), (119.0000, -2.1013, -0.3167), (119.0000, -2.0593, -0.5244), (119.0000, -1.9968, -0.7268), (119.0000, -1.9146, -0.9220), (119.0000, -1.8132, -1.1080), (119.0000, -1.6939, -1.2831), (119.0000, -1.5577, -1.4454), (119.0000, -1.4061, -1.5933), (119.0000, -1.2405, -1.7254), (119.0000, -1.0625, -1.8403), (119.0000, -0.8740, -1.9369), (119.0000, -0.6768, -2.0143), (119.0000, -0.4729, -2.0717), (119.0000, -0.2642, -2.1085), (119.0000, -0.0530, -2.1243), (119.0000, 0.1588, -2.1191), (119.0000, 0.3690, -2.0927), (119.0000, 0.5755, -2.0456), (119.0000, 0.7763, -1.9781), (119.0000, 0.9694, -1.8910), (119.0000, 1.1529, -1.7851), (119.0000, 1.3249, -1.6614), (119.0000, 1.4838, -1.5212), (119.0000, 1.6278, -1.3659), (119.0000, 1.7558, -1.1971), (119.0000, 1.8662, -1.0163), (119.0000, 1.9581, -0.8254), (119.0000, 2.0306, -0.6264), (119.0000, 2.0829, -0.4211), (119.0000, 2.1144, -0.2116), (119.0000, 2.1250, 0.0000), (118.5127, 1.8438, 0.0000), (118.0255, 1.5625, 0.0000), (117.5383, 1.2812, 0.0000), (117.0510, 1.0000, 0.0000), (117.0510, 1.0000, 0.0000), (117.0510, 0.9950, 0.0996), (117.0510, 0.9802, 0.1981), (117.0510, 0.9556, 0.2948), (117.0510, 0.9215, 0.3884), (117.0510, 0.8782, 0.4783), (117.0510, 0.8262, 0.5633), (117.0510, 0.7660, 0.6428), (117.0510, 0.6982, 0.7159), (117.0510, 0.6235, 0.7818), (117.0510, 0.5425, 0.8400), (117.0510, 0.4562, 0.8899), (117.0510, 0.3653, 0.9309), (117.0510, 0.2708, 0.9626), (117.0510, 0.1736, 0.9848), (117.0510, 0.0747, 0.9972), (117.0510, -0.0249, 0.9997), (117.0510, -0.1243, 0.9922), (117.0510, -0.2225, 0.9749), (117.0510, -0.3185, 0.9479), (117.0510, -0.4113, 0.9115), (117.0510, -0.5000, 0.8660), (117.0510, -0.5837, 0.8119), (117.0510, -0.6617, 0.7498), (117.0510, -0.7331, 0.6802), (117.0510, -0.7971, 0.6038), (117.0510, -0.8533, 0.5214), (117.0510, -0.9010, 0.4339), (117.0510, -0.9397, 0.3420), (117.0510, -0.9691, 0.2468), (117.0510, -0.9888, 0.1490), (117.0510, -0.9988, 0.0498), (117.0510, -0.9988, -0.0498), (117.0510, -0.9888, -0.1490), (117.0510, -0.9691, -0.2468), (117.0510, -0.9397, -0.3420), (117.0510, -0.9010, -0.4339), (117.0510, -0.8533, -0.5214), (117.0510, -0.7971, -0.6038), (117.0510, -0.7331, -0.6802), (117.0510, -0.6617, -0.7498), (117.0510, -0.5837, -0.8119), (117.0510, -0.5000, -0.8660), (117.0510, -0.4113, -0.9115), (117.0510, -0.3185, -0.9479), (117.0510, -0.2225, -0.9749), (117.0510, -0.1243, -0.9922), (117.0510, -0.0249, -0.9997), (117.0510, 0.0747, -0.9972), (117.0510, 0.1736, -0.9848), (117.0510, 0.2708, -0.9626), (117.0510, 0.3653, -0.9309), (117.0510, 0.4562, -0.8899), (117.0510, 0.5425, -0.8400), (117.0510, 0.6235, -0.7818), (117.0510, 0.6982, -0.7159), (117.0510, 0.7660, -0.6428), (117.0510, 0.8262, -0.5633), (117.0510, 0.8782, -0.4783), (117.0510, 0.9215, -0.3884), (117.0510, 0.9556, -0.2948), (117.0510, 0.9802, -0.1981), (117.0510, 0.9950, -0.0996), (118.5127, 1.8438, 0.0000), (118.0255, 1.5625, 0.0000), (117.5383, 1.2812, 0.0000), (118.5127, 1.8083, 0.3597), (118.5127, 1.7034, 0.7056), (118.0255, 1.5325, 0.3048), (118.5127, 1.5330, 1.0243), (118.0255, 1.4436, 0.5979), (118.5127, 1.3037, 1.3037), (117.5383, 1.2566, 0.2500), (118.0255, 1.2992, 0.8681), (118.5127, 1.0243, 1.5330), (117.5383, 1.1837, 0.4903), (118.0255, 1.1049, 1.1049), (118.5127, 0.7056, 1.7034), (117.5383, 1.0653, 0.7118), (118.0255, 0.8681, 1.2992), (118.5127, 0.3597, 1.8083), (117.5383, 0.9060, 0.9060), (118.0255, 0.5979, 1.4436), (118.5127, 0.0000, 1.8438), (117.5383, 0.7118, 1.0653), (118.0255, 0.3048, 1.5325), (118.5127, -0.3597, 1.8083), (117.5383, 0.4903, 1.1837), (118.0255, 0.0000, 1.5625), (118.5127, -0.7056, 1.7034), (117.5383, 0.2500, 1.2566), (118.0255, -0.3048, 1.5325), (118.5127, -1.0243, 1.5330), (117.5383, 0.0000, 1.2812), (118.0255, -0.5979, 1.4436), (118.5127, -1.3037, 1.3037), (117.5383, -0.2500, 1.2566), (118.0255, -0.8681, 1.2992), (118.5127, -1.5330, 1.0243), (117.5383, -0.4903, 1.1837), (118.0255, -1.1049, 1.1049), (118.5127, -1.7034, 0.7056), (117.5383, -0.7118, 1.0653), (118.0255, -1.2992, 0.8681), (118.5127, -1.8083, 0.3597), (117.5383, -0.9060, 0.9060), (118.0255, -1.4436, 0.5979), (118.5127, -1.8438, -0.0000), (117.5383, -1.0653, 0.7118), (118.0255, -1.5325, 0.3048), (118.5127, -1.8083, -0.3597), (117.5383, -1.1837, 0.4903), (118.0255, -1.5625, -0.0000), (118.5127, -1.7034, -0.7056), (117.5383, -1.2566, 0.2500), (118.0255, -1.5325, -0.3048), (118.5127, -1.5330, -1.0243), (117.5383, -1.2812, -0.0000), (118.0255, -1.4436, -0.5979), (118.5127, -1.3037, -1.3037), (117.5383, -1.2566, -0.2500), (118.0255, -1.2992, -0.8681), (118.5127, -1.0243, -1.5330), (117.5383, -1.1837, -0.4903), (118.0255, -1.1049, -1.1049), (118.5127, -0.7056, -1.7034), (117.5383, -1.0653, -0.7118), (118.0255, -0.8681, -1.2992), (118.5127, -0.3597, -1.8083), (117.5383, -0.9060, -0.9060), (118.0255, -0.5979, -1.4436), (118.5127, 0.0000, -1.8438), (117.5383, -0.7118, -1.0653), (118.0255, -0.3048, -1.5325), (118.5127, 0.3597, -1.8083), (117.5383, -0.4903, -1.1837), (118.0255, 0.0000, -1.5625), (118.5127, 0.7056, -1.7034), (117.5383, -0.2500, -1.2566), (118.0255, 0.3048, -1.5325), (118.5127, 1.0243, -1.5330), (117.5383, 0.0000, -1.2812), (118.0255, 0.5979, -1.4436), (118.5127, 1.3037, -1.3037), (117.5383, 0.2500, -1.2566), (118.0255, 0.8681, -1.2992), (118.5127, 1.5330, -1.0243), (117.5383, 0.4903, -1.1837), (118.0255, 1.1049, -1.1049), (118.5127, 1.7034, -0.7056), (117.5383, 0.7118, -1.0653), (118.0255, 1.2992, -0.8681), (118.5127, 1.8083, -0.3597), (117.5383, 0.9060, -0.9060), (118.0255, 1.4436, -0.5979), (117.5383, 1.0653, -0.7118), (118.0255, 1.5325, -0.3048), (117.5383, 1.1837, -0.4903), (117.5383, 1.2566, -0.2500), (117.0510, 1.0000, 0.0000), (117.0510, 0.9950, 0.0996), (117.0510, 0.9802, 0.1981), (117.0510, 0.9556, 0.2948), (117.0510, 0.9215, 0.3884), (117.0510, 0.8782, 0.4783), (117.0510, 0.8262, 0.5633), (117.0510, 0.7660, 0.6428), (117.0510, 0.6982, 0.7159), (117.0510, 0.6235, 0.7818), (117.0510, 0.5425, 0.8400), (117.0510, 0.4562, 0.8899), (117.0510, 0.3653, 0.9309), (117.0510, 0.2708, 0.9626), (117.0510, 0.1736, 0.9848), (117.0510, 0.0747, 0.9972), (117.0510, -0.0249, 0.9997), (117.0510, -0.1243, 0.9922), (117.0510, -0.2225, 0.9749), (117.0510, -0.3185, 0.9479), (117.0510, -0.4113, 0.9115), (117.0510, -0.5000, 0.8660), (117.0510, -0.5837, 0.8119), (117.0510, -0.6617, 0.7498), (117.0510, -0.7331, 0.6802), (117.0510, -0.7971, 0.6038), (117.0510, -0.8533, 0.5214), (117.0510, -0.9010, 0.4339), (117.0510, -0.9397, 0.3420), (117.0510, -0.9691, 0.2468), (117.0510, -0.9888, 0.1490), (117.0510, -0.9988, 0.0498), (117.0510, -0.9988, -0.0498), (117.0510, -0.9888, -0.1490), (117.0510, -0.9691, -0.2468), (117.0510, -0.9397, -0.3420), (117.0510, -0.9010, -0.4339), (117.0510, -0.8533, -0.5214), (117.0510, -0.7971, -0.6038), (117.0510, -0.7331, -0.6802), (117.0510, -0.6617, -0.7498), (117.0510, -0.5837, -0.8119), (117.0510, -0.5000, -0.8660), (117.0510, -0.4113, -0.9115), (117.0510, -0.3185, -0.9479), (117.0510, -0.2225, -0.9749), (117.0510, -0.1243, -0.9922), (117.0510, -0.0249, -0.9997), (117.0510, 0.0747, -0.9972), (117.0510, 0.1736, -0.9848), (117.0510, 0.2708, -0.9626), (117.0510, 0.3653, -0.9309), (117.0510, 0.4562, -0.8899), (117.0510, 0.5425, -0.8400), (117.0510, 0.6235, -0.7818), (117.0510, 0.6982, -0.7159), (117.0510, 0.7660, -0.6428), (117.0510, 0.8262, -0.5633), (117.0510, 0.8782, -0.4783), (117.0510, 0.9215, -0.3884), (117.0510, 0.9556, -0.2948), (117.0510, 0.9802, -0.1981), (117.0510, 0.9950, -0.0996), (117.0510, 1.0000, 0.0000), (113.0510, 1.0000, 0.0000), (113.0510, 1.0000, 0.0000), (113.0510, 0.9950, 0.0996), (113.0510, 0.9802, 0.1981), (113.0510, 0.9556, 0.2948), (113.0510, 0.9215, 0.3884), (113.0510, 0.8782, 0.4783), (113.0510, 0.8262, 0.5633), (113.0510, 0.7660, 0.6428), (113.0510, 0.6982, 0.7159), (113.0510, 0.6235, 0.7818), (113.0510, 0.5425, 0.8400), (113.0510, 0.4562, 0.8899), (113.0510, 0.3653, 0.9309), (113.0510, 0.2708, 0.9626), (113.0510, 0.1736, 0.9848), (113.0510, 0.0747, 0.9972), (113.0510, -0.0249, 0.9997), (113.0510, -0.1243, 0.9922), (113.0510, -0.2225, 0.9749), (113.0510, -0.3185, 0.9479), (113.0510, -0.4113, 0.9115), (113.0510, -0.5000, 0.8660), (113.0510, -0.5837, 0.8119), (113.0510, -0.6617, 0.7498), (113.0510, -0.7331, 0.6802), (113.0510, -0.7971, 0.6038), (113.0510, -0.8533, 0.5214), (113.0510, -0.9010, 0.4339), (113.0510, -0.9397, 0.3420), (113.0510, -0.9691, 0.2468), (113.0510, -0.9888, 0.1490), (113.0510, -0.9988, 0.0498), (113.0510, -0.9988, -0.0498), (113.0510, -0.9888, -0.1490), (113.0510, -0.9691, -0.2468), (113.0510, -0.9397, -0.3420), (113.0510, -0.9010, -0.4339), (113.0510, -0.8533, -0.5214), (113.0510, -0.7971, -0.6038), (113.0510, -0.7331, -0.6802), (113.0510, -0.6617, -0.7498), (113.0510, -0.5837, -0.8119), (113.0510, -0.5000, -0.8660), (113.0510, -0.4113, -0.9115), (113.0510, -0.3185, -0.9479), (113.0510, -0.2225, -0.9749), (113.0510, -0.1243, -0.9922), (113.0510, -0.0249, -0.9997), (113.0510, 0.0747, -0.9972), (113.0510, 0.1736, -0.9848), (113.0510, 0.2708, -0.9626), (113.0510, 0.3653, -0.9309), (113.0510, 0.4562, -0.8899), (113.0510, 0.5425, -0.8400), (113.0510, 0.6235, -0.7818), (113.0510, 0.6982, -0.7159), (113.0510, 0.7660, -0.6428), (113.0510, 0.8262, -0.5633), (113.0510, 0.8782, -0.4783), (113.0510, 0.9215, -0.3884), (113.0510, 0.9556, -0.2948), (113.0510, 0.9802, -0.1981), (113.0510, 0.9950, -0.0996), (113.0510, 1.0000, 0.0000), (113.0510, 0.9950, 0.0996), (113.0510, 0.9802, 0.1981), (113.0510, 0.9556, 0.2948), (113.0510, 0.9215, 0.3884), (113.0510, 0.8782, 0.4783), (113.0510, 0.8262, 0.5633), (113.0510, 0.7660, 0.6428), (113.0510, 0.6982, 0.7159), (113.0510, 0.6235, 0.7818), (113.0510, 0.5425, 0.8400), (113.0510, 0.4562, 0.8899), (113.0510, 0.3653, 0.9309), (113.0510, 0.2708, 0.9626), (113.0510, 0.1736, 0.9848), (113.0510, 0.0747, 0.9972), (113.0510, -0.0249, 0.9997), (113.0510, -0.1243, 0.9922), (113.0510, -0.2225, 0.9749), (113.0510, -0.3185, 0.9479), (113.0510, -0.4113, 0.9115), (113.0510, -0.5000, 0.8660), (113.0510, -0.5837, 0.8119), (113.0510, -0.6617, 0.7498), (113.0510, -0.7331, 0.6802), (113.0510, -0.7971, 0.6038), (113.0510, -0.8533, 0.5214), (113.0510, -0.9010, 0.4339), (113.0510, -0.9397, 0.3420), (113.0510, -0.9691, 0.2468), (113.0510, -0.9888, 0.1490), (113.0510, -0.9988, 0.0498), (113.0510, -0.9988, -0.0498), (113.0510, -0.9888, -0.1490), (113.0510, -0.9691, -0.2468), (113.0510, -0.9397, -0.3420), (113.0510, -0.9010, -0.4339), (113.0510, -0.8533, -0.5214), (113.0510, -0.7971, -0.6038), (113.0510, -0.7331, -0.6802), (113.0510, -0.6617, -0.7498), (113.0510, -0.5837, -0.8119), (113.0510, -0.5000, -0.8660), (113.0510, -0.4113, -0.9115), (113.0510, -0.3185, -0.9479), (113.0510, -0.2225, -0.9749), (113.0510, -0.1243, -0.9922), (113.0510, -0.0249, -0.9997), (113.0510, 0.0747, -0.9972), (113.0510, 0.1736, -0.9848), (113.0510, 0.2708, -0.9626), (113.0510, 0.3653, -0.9309), (113.0510, 0.4562, -0.8899), (113.0510, 0.5425, -0.8400), (113.0510, 0.6235, -0.7818), (113.0510, 0.6982, -0.7159), (113.0510, 0.7660, -0.6428), (113.0510, 0.8262, -0.5633), (113.0510, 0.8782, -0.4783), (113.0510, 0.9215, -0.3884), (113.0510, 0.9556, -0.2948), (113.0510, 0.9802, -0.1981), (113.0510, 0.9950, -0.0996), (113.0510, 1.0000, 0.0000), (112.9008, 0.7500, 0.0000), (112.7506, 0.5000, 0.0000), (112.6004, 0.2500, 0.0000), (112.4501, 0.0000, 0.0000), (112.4501, 0.0000, 0.0000), (112.9008, 0.7500, 0.0000), (112.7506, 0.5000, 0.0000), (112.6004, 0.2500, 0.0000), (112.9008, 0.7356, 0.1463), (112.9008, 0.6929, 0.2870), (112.9008, 0.6236, 0.4167), (112.7506, 0.4904, 0.0975), (112.9008, 0.5303, 0.5303), (112.7506, 0.4619, 0.1913), (112.9008, 0.4167, 0.6236), (112.7506, 0.4157, 0.2778), (112.9008, 0.2870, 0.6929), (112.6004, 0.2452, 0.0488), (112.7506, 0.3536, 0.3536), (112.9008, 0.1463, 0.7356), (112.6004, 0.2310, 0.0957), (112.7506, 0.2778, 0.4157), (112.9008, 0.0000, 0.7500), (112.6004, 0.2079, 0.1389), (112.7506, 0.1913, 0.4619), (112.9008, -0.1463, 0.7356), (112.6004, 0.1768, 0.1768), (112.7506, 0.0975, 0.4904), (112.9008, -0.2870, 0.6929), (112.6004, 0.1389, 0.2079), (112.7506, 0.0000, 0.5000), (112.9008, -0.4167, 0.6236), (112.6004, 0.0957, 0.2310), (112.7506, -0.0975, 0.4904), (112.9008, -0.5303, 0.5303), (112.6004, 0.0488, 0.2452), (112.7506, -0.1913, 0.4619), (112.9008, -0.6236, 0.4167), (112.6004, 0.0000, 0.2500), (112.7506, -0.2778, 0.4157), (112.9008, -0.6929, 0.2870), (112.6004, -0.0488, 0.2452), (112.7506, -0.3536, 0.3536), (112.9008, -0.7356, 0.1463), (112.6004, -0.0957, 0.2310), (112.7506, -0.4157, 0.2778), (112.9008, -0.7500, -0.0000), (112.6004, -0.1389, 0.2079), (112.7506, -0.4619, 0.1913), (112.9008, -0.7356, -0.1463), (112.6004, -0.1768, 0.1768), (112.7506, -0.4904, 0.0975), (112.9008, -0.6929, -0.2870), (112.6004, -0.2079, 0.1389), (112.7506, -0.5000, -0.0000), (112.9008, -0.6236, -0.4167), (112.6004, -0.2310, 0.0957), (112.7506, -0.4904, -0.0975), (112.9008, -0.5303, -0.5303), (112.6004, -0.2452, 0.0488), (112.7506, -0.4619, -0.1913), (112.9008, -0.4167, -0.6236), (112.6004, -0.2500, -0.0000), (112.7506, -0.4157, -0.2778), (112.9008, -0.2870, -0.6929), (112.6004, -0.2452, -0.0488), (112.7506, -0.3536, -0.3536), (112.9008, -0.1463, -0.7356), (112.6004, -0.2310, -0.0957), (112.7506, -0.2778, -0.4157), (112.9008, 0.0000, -0.7500), (112.6004, -0.2079, -0.1389), (112.7506, -0.1913, -0.4619), (112.9008, 0.1463, -0.7356), (112.6004, -0.1768, -0.1768), (112.7506, -0.0975, -0.4904), (112.9008, 0.2870, -0.6929), (112.6004, -0.1389, -0.2079), (112.7506, 0.0000, -0.5000), (112.9008, 0.4167, -0.6236), (112.6004, -0.0957, -0.2310), (112.7506, 0.0975, -0.4904), (112.9008, 0.5303, -0.5303), (112.6004, -0.0488, -0.2452), (112.7506, 0.1913, -0.4619), (112.9008, 0.6236, -0.4167), (112.6004, 0.0000, -0.2500), (112.7506, 0.2778, -0.4157), (112.9008, 0.6929, -0.2870), (112.6004, 0.0488, -0.2452), (112.7506, 0.3536, -0.3536), (112.9008, 0.7356, -0.1463), (112.6004, 0.0957, -0.2310), (112.7506, 0.4157, -0.2778), (112.6004, 0.1389, -0.2079), (112.7506, 0.4619, -0.1913), (112.6004, 0.1768, -0.1768), (112.7506, 0.4904, -0.0975), (112.6004, 0.2079, -0.1389), (112.6004, 0.2310, -0.0957), (112.6004, 0.2452, -0.0488)]
        uniform token subdivisionScheme = "none"
        color3f[] primvars:displayColor = [(0.72, 0.74, 0.77)]
    }
}
