ISO-10303-21;
HEADER;
FILE_DESCRIPTION(('Open CASCADE Model'),'2;1');
FILE_NAME('Open CASCADE Shape Model','2026-08-16T09:23:00',('Author'),(
    'Open CASCADE'),'Open CASCADE STEP processor 7.9','Open CASCADE 7.9'
  ,'Unknown');
FILE_SCHEMA(('AUTOMOTIVE_DESIGN { 1 0 10303 214 1 1 1 1 }'));
ENDSEC;
DATA;
#1 = APPLICATION_PROTOCOL_DEFINITION('international standard',
  'automotive_design',2000,#2);
#2 = APPLICATION_CONTEXT(
  'core data for automotive mechanical design processes');
#3 = SHAPE_DEFINITION_REPRESENTATION(#4,#10);
#4 = PRODUCT_DEFINITION_SHAPE('','',#5);
#5 = PRODUCT_DEFINITION('design','',#6,#9);
#6 = PRODUCT_DEFINITION_FORMATION('','',#7);
#7 = PRODUCT('Open CASCADE STEP translator 7.9 13',
  'Open CASCADE STEP translator 7.9 13','',(#8));
#8 = PRODUCT_CONTEXT('',#2,'mechanical');
#9 = PRODUCT_DEFINITION_CONTEXT('part definition',#2,'design');
#10 = ADVANCED_BREP_SHAPE_REPRESENTATION('',(#11,#15),#3880);
#11 = AXIS2_PLACEMENT_3D('',#12,#13,#14);
#12 = CARTESIAN_POINT('',(0.,0.,0.));
#13 = DIRECTION('',(0.,0.,1.));
#14 = DIRECTION('',(1.,0.,-0.));
#15 = MANIFOLD_SOLID_BREP('',#16);
#16 = CLOSED_SHELL('',(#17,#105,#109,#164,#199,#254,#289,#344,#399,#454,
    #509,#564,#619,#674,#729,#784,#839,#894,#949,#1004,#1059,#1114,#1169
    ,#1224,#1279,#1334,#1389,#1444,#1499,#1534,#2017,#2052,#2129,#2178,
    #2228,#2255,#2310,#2317,#2372,#2427,#2482,#2537,#2592,#2647,#2702,
    #2757,#2812,#2867,#2922,#2977,#3032,#3087,#3142,#3197,#3252,#3307,
    #3362,#3417,#3472,#3507,#3562,#3597,#3652,#3707,#3742,#3797,#3852));
#17 = ADVANCED_FACE('',(#18),#31,.T.);
#18 = FACE_BOUND('',#19,.T.);
#19 = EDGE_LOOP('',(#20,#54,#77,#104));
#20 = ORIENTED_EDGE('',*,*,#21,.T.);
#21 = EDGE_CURVE('',#22,#22,#24,.T.);
#22 = VERTEX_POINT('',#23);
#23 = CARTESIAN_POINT('',(0.,5.,0.));
#24 = SURFACE_CURVE('',#25,(#30,#42),.PCURVE_S1.);
#25 = CIRCLE('',#26,5.);
#26 = AXIS2_PLACEMENT_3D('',#27,#28,#29);
#27 = CARTESIAN_POINT('',(0.,0.,0.));
#28 = DIRECTION('',(1.,0.,0.));
#29 = DIRECTION('',(-0.,1.,0.));
#30 = PCURVE('',#31,#36);
#31 = CONICAL_SURFACE('',#32,5.,0.785398163397);
#32 = AXIS2_PLACEMENT_3D('',#33,#34,#35);
#33 = CARTESIAN_POINT('',(0.,0.,0.));
#34 = DIRECTION('',(1.,0.,0.));
#35 = DIRECTION('',(-0.,1.,0.));
#36 = DEFINITIONAL_REPRESENTATION('',(#37),#41);
#37 = LINE('',#38,#39);
#38 = CARTESIAN_POINT('',(0.,0.));
#39 = VECTOR('',#40,1.);
#40 = DIRECTION('',(1.,0.));
#41 = ( GEOMETRIC_REPRESENTATION_CONTEXT(2) 
PARAMETRIC_REPRESENTATION_CONTEXT() REPRESENTATION_CONTEXT('2D SPACE',''
  ) );
#42 = PCURVE('',#43,#48);
#43 = PLANE('',#44);
#44 = AXIS2_PLACEMENT_3D('',#45,#46,#47);
#45 = CARTESIAN_POINT('',(0.,0.,0.));
#46 = DIRECTION('',(1.,0.,0.));
#47 = DIRECTION('',(-0.,1.,0.));
#48 = DEFINITIONAL_REPRESENTATION('',(#49),#53);
#49 = CIRCLE('',#50,5.);
#50 = AXIS2_PLACEMENT_2D('',#51,#52);
#51 = CARTESIAN_POINT('',(0.,0.));
#52 = DIRECTION('',(1.,-0.));
#53 = ( GEOMETRIC_REPRESENTATION_CONTEXT(2) 
PARAMETRIC_REPRESENTATION_CONTEXT() REPRESENTATION_CONTEXT('2D SPACE',''
  ) );
#54 = ORIENTED_EDGE('',*,*,#55,.T.);
#55 = EDGE_CURVE('',#22,#56,#58,.T.);
#56 = VERTEX_POINT('',#57);
#57 = CARTESIAN_POINT('',(1.,6.,0.));
#58 = SEAM_CURVE('',#59,(#63,#70),.PCURVE_S1.);
#59 = LINE('',#60,#61);
#60 = CARTESIAN_POINT('',(0.,5.,0.));
#61 = VECTOR('',#62,1.);
#62 = DIRECTION('',(0.707106781187,0.707106781187,0.));
#63 = PCURVE('',#31,#64);
#64 = DEFINITIONAL_REPRESENTATION('',(#65),#69);
#65 = LINE('',#66,#67);
#66 = CARTESIAN_POINT('',(0.,0.));
#67 = VECTOR('',#68,1.);
#68 = DIRECTION('',(0.,1.));
#69 = ( GEOMETRIC_REPRESENTATION_CONTEXT(2) 
PARAMETRIC_REPRESENTATION_CONTEXT() REPRESENTATION_CONTEXT('2D SPACE',''
  ) );
#70 = PCURVE('',#31,#71);
#71 = DEFINITIONAL_REPRESENTATION('',(#72),#76);
#72 = LINE('',#73,#74);
#73 = CARTESIAN_POINT('',(6.28318530718,0.));
#74 = VECTOR('',#75,1.);
#75 = DIRECTION('',(0.,1.));
#76 = ( GEOMETRIC_REPRESENTATION_CONTEXT(2) 
PARAMETRIC_REPRESENTATION_CONTEXT() REPRESENTATION_CONTEXT('2D SPACE',''
  ) );
#77 = ORIENTED_EDGE('',*,*,#78,.F.);
#78 = EDGE_CURVE('',#56,#56,#79,.T.);
#79 = SURFACE_CURVE('',#80,(#85,#92),.PCURVE_S1.);
#80 = CIRCLE('',#81,6.);
#81 = AXIS2_PLACEMENT_3D('',#82,#83,#84);
#82 = CARTESIAN_POINT('',(1.,0.,0.));
#83 = DIRECTION('',(1.,0.,0.));
#84 = DIRECTION('',(-0.,1.,0.));
#85 = PCURVE('',#31,#86);
#86 = DEFINITIONAL_REPRESENTATION('',(#87),#91);
#87 = LINE('',#88,#89);
#88 = CARTESIAN_POINT('',(0.,1.));
#89 = VECTOR('',#90,1.);
#90 = DIRECTION('',(1.,0.));
#91 = ( GEOMETRIC_REPRESENTATION_CONTEXT(2) 
PARAMETRIC_REPRESENTATION_CONTEXT() REPRESENTATION_CONTEXT('2D SPACE',''
  ) );
#92 = PCURVE('',#93,#98);
#93 = CYLINDRICAL_SURFACE('',#94,6.);
#94 = AXIS2_PLACEMENT_3D('',#95,#96,#97);
#95 = CARTESIAN_POINT('',(1.,0.,0.));
#96 = DIRECTION('',(1.,0.,0.));
#97 = DIRECTION('',(-0.,1.,0.));
#98 = DEFINITIONAL_REPRESENTATION('',(#99),#103);
#99 = LINE('',#100,#101);
#100 = CARTESIAN_POINT('',(0.,0.));
#101 = VECTOR('',#102,1.);
#102 = DIRECTION('',(1.,0.));
#103 = ( GEOMETRIC_REPRESENTATION_CONTEXT(2) 
PARAMETRIC_REPRESENTATION_CONTEXT() REPRESENTATION_CONTEXT('2D SPACE',''
  ) );
#104 = ORIENTED_EDGE('',*,*,#55,.F.);
#105 = ADVANCED_FACE('',(#106),#43,.F.);
#106 = FACE_BOUND('',#107,.T.);
#107 = EDGE_LOOP('',(#108));
#108 = ORIENTED_EDGE('',*,*,#21,.F.);
#109 = ADVANCED_FACE('',(#110),#93,.T.);
#110 = FACE_BOUND('',#111,.T.);
#111 = EDGE_LOOP('',(#112,#113,#136,#163));
#112 = ORIENTED_EDGE('',*,*,#78,.T.);
#113 = ORIENTED_EDGE('',*,*,#114,.T.);
#114 = EDGE_CURVE('',#56,#115,#117,.T.);
#115 = VERTEX_POINT('',#116);
#116 = CARTESIAN_POINT('',(11.,6.,0.));
#117 = SEAM_CURVE('',#118,(#122,#129),.PCURVE_S1.);
#118 = LINE('',#119,#120);
#119 = CARTESIAN_POINT('',(1.,6.,0.));
#120 = VECTOR('',#121,1.);
#121 = DIRECTION('',(1.,0.,0.));
#122 = PCURVE('',#93,#123);
#123 = DEFINITIONAL_REPRESENTATION('',(#124),#128);
#124 = LINE('',#125,#126);
#125 = CARTESIAN_POINT('',(0.,0.));
#126 = VECTOR('',#127,1.);
#127 = DIRECTION('',(0.,1.));
#128 = ( GEOMETRIC_REPRESENTATION_CONTEXT(2) 
PARAMETRIC_REPRESENTATION_CONTEXT() REPRESENTATION_CONTEXT('2D SPACE',''
  ) );
#129 = PCURVE('',#93,#130);
#130 = DEFINITIONAL_REPRESENTATION('',(#131),#135);
#131 = LINE('',#132,#133);
#132 = CARTESIAN_POINT('',(6.28318530718,0.));
#133 = VECTOR('',#134,1.);
#134 = DIRECTION('',(0.,1.));
#135 = ( GEOMETRIC_REPRESENTATION_CONTEXT(2) 
PARAMETRIC_REPRESENTATION_CONTEXT() REPRESENTATION_CONTEXT('2D SPACE',''
  ) );
#136 = ORIENTED_EDGE('',*,*,#137,.F.);
#137 = EDGE_CURVE('',#115,#115,#138,.T.);
#138 = SURFACE_CURVE('',#139,(#144,#151),.PCURVE_S1.);
#139 = CIRCLE('',#140,6.);
#140 = AXIS2_PLACEMENT_3D('',#141,#142,#143);
#141 = CARTESIAN_POINT('',(11.,0.,0.));
#142 = DIRECTION('',(1.,0.,0.));
#143 = DIRECTION('',(-0.,1.,0.));
#144 = PCURVE('',#93,#145);
#145 = DEFINITIONAL_REPRESENTATION('',(#146),#150);
#146 = LINE('',#147,#148);
#147 = CARTESIAN_POINT('',(0.,10.));
#148 = VECTOR('',#149,1.);
#149 = DIRECTION('',(1.,0.));
#150 = ( GEOMETRIC_REPRESENTATION_CONTEXT(2) 
PARAMETRIC_REPRESENTATION_CONTEXT() REPRESENTATION_CONTEXT('2D SPACE',''
  ) );
#151 = PCURVE('',#152,#157);
#152 = PLANE('',#153);
#153 = AXIS2_PLACEMENT_3D('',#154,#155,#156);
#154 = CARTESIAN_POINT('',(11.,0.,0.));
#155 = DIRECTION('',(1.,0.,0.));
#156 = DIRECTION('',(-0.,1.,0.));
#157 = DEFINITIONAL_REPRESENTATION('',(#158),#162);
#158 = CIRCLE('',#159,6.);
#159 = AXIS2_PLACEMENT_2D('',#160,#161);
#160 = CARTESIAN_POINT('',(0.,0.));
#161 = DIRECTION('',(1.,0.));
#162 = ( GEOMETRIC_REPRESENTATION_CONTEXT(2) 
PARAMETRIC_REPRESENTATION_CONTEXT() REPRESENTATION_CONTEXT('2D SPACE',''
  ) );
#163 = ORIENTED_EDGE('',*,*,#114,.F.);
#164 = ADVANCED_FACE('',(#165,#168),#152,.T.);
#165 = FACE_BOUND('',#166,.T.);
#166 = EDGE_LOOP('',(#167));
#167 = ORIENTED_EDGE('',*,*,#137,.T.);
#168 = FACE_BOUND('',#169,.T.);
#169 = EDGE_LOOP('',(#170));
#170 = ORIENTED_EDGE('',*,*,#171,.F.);
#171 = EDGE_CURVE('',#172,#172,#174,.T.);
#172 = VERTEX_POINT('',#173);
#173 = CARTESIAN_POINT('',(11.,5.25,0.));
#174 = SURFACE_CURVE('',#175,(#180,#187),.PCURVE_S1.);
#175 = CIRCLE('',#176,5.25);
#176 = AXIS2_PLACEMENT_3D('',#177,#178,#179);
#177 = CARTESIAN_POINT('',(11.,0.,0.));
#178 = DIRECTION('',(1.,0.,0.));
#179 = DIRECTION('',(-0.,1.,0.));
#180 = PCURVE('',#152,#181);
#181 = DEFINITIONAL_REPRESENTATION('',(#182),#186);
#182 = CIRCLE('',#183,5.25);
#183 = AXIS2_PLACEMENT_2D('',#184,#185);
#184 = CARTESIAN_POINT('',(0.,0.));
#185 = DIRECTION('',(1.,0.));
#186 = ( GEOMETRIC_REPRESENTATION_CONTEXT(2) 
PARAMETRIC_REPRESENTATION_CONTEXT() REPRESENTATION_CONTEXT('2D SPACE',''
  ) );
#187 = PCURVE('',#188,#193);
#188 = CYLINDRICAL_SURFACE('',#189,5.25);
#189 = AXIS2_PLACEMENT_3D('',#190,#191,#192);
#190 = CARTESIAN_POINT('',(11.,0.,0.));
#191 = DIRECTION('',(1.,0.,0.));
#192 = DIRECTION('',(-0.,1.,0.));
#193 = DEFINITIONAL_REPRESENTATION('',(#194),#198);
#194 = LINE('',#195,#196);
#195 = CARTESIAN_POINT('',(0.,0.));
#196 = VECTOR('',#197,1.);
#197 = DIRECTION('',(1.,0.));
#198 = ( GEOMETRIC_REPRESENTATION_CONTEXT(2) 
PARAMETRIC_REPRESENTATION_CONTEXT() REPRESENTATION_CONTEXT('2D SPACE',''
  ) );
#199 = ADVANCED_FACE('',(#200),#188,.T.);
#200 = FACE_BOUND('',#201,.T.);
#201 = EDGE_LOOP('',(#202,#203,#226,#253));
#202 = ORIENTED_EDGE('',*,*,#171,.T.);
#203 = ORIENTED_EDGE('',*,*,#204,.T.);
#204 = EDGE_CURVE('',#172,#205,#207,.T.);
#205 = VERTEX_POINT('',#206);
#206 = CARTESIAN_POINT('',(14.,5.25,0.));
#207 = SEAM_CURVE('',#208,(#212,#219),.PCURVE_S1.);
#208 = LINE('',#209,#210);
#209 = CARTESIAN_POINT('',(11.,5.25,0.));
#210 = VECTOR('',#211,1.);
#211 = DIRECTION('',(1.,0.,0.));
#212 = PCURVE('',#188,#213);
#213 = DEFINITIONAL_REPRESENTATION('',(#214),#218);
#214 = LINE('',#215,#216);
#215 = CARTESIAN_POINT('',(0.,0.));
#216 = VECTOR('',#217,1.);
#217 = DIRECTION('',(0.,1.));
#218 = ( GEOMETRIC_REPRESENTATION_CONTEXT(2) 
PARAMETRIC_REPRESENTATION_CONTEXT() REPRESENTATION_CONTEXT('2D SPACE',''
  ) );
#219 = PCURVE('',#188,#220);
#220 = DEFINITIONAL_REPRESENTATION('',(#221),#225);
#221 = LINE('',#222,#223);
#222 = CARTESIAN_POINT('',(6.28318530718,0.));
#223 = VECTOR('',#224,1.);
#224 = DIRECTION('',(0.,1.));
#225 = ( GEOMETRIC_REPRESENTATION_CONTEXT(2) 
PARAMETRIC_REPRESENTATION_CONTEXT() REPRESENTATION_CONTEXT('2D SPACE',''
  ) );
#226 = ORIENTED_EDGE('',*,*,#227,.F.);
#227 = EDGE_CURVE('',#205,#205,#228,.T.);
#228 = SURFACE_CURVE('',#229,(#234,#241),.PCURVE_S1.);
#229 = CIRCLE('',#230,5.25);
#230 = AXIS2_PLACEMENT_3D('',#231,#232,#233);
#231 = CARTESIAN_POINT('',(14.,0.,0.));
#232 = DIRECTION('',(1.,0.,0.));
#233 = DIRECTION('',(-0.,1.,0.));
#234 = PCURVE('',#188,#235);
#235 = DEFINITIONAL_REPRESENTATION('',(#236),#240);
#236 = LINE('',#237,#238);
#237 = CARTESIAN_POINT('',(0.,3.));
#238 = VECTOR('',#239,1.);
#239 = DIRECTION('',(1.,0.));
#240 = ( GEOMETRIC_REPRESENTATION_CONTEXT(2) 
PARAMETRIC_REPRESENTATION_CONTEXT() REPRESENTATION_CONTEXT('2D SPACE',''
  ) );
#241 = PCURVE('',#242,#247);
#242 = PLANE('',#243);
#243 = AXIS2_PLACEMENT_3D('',#244,#245,#246);
#244 = CARTESIAN_POINT('',(14.,0.,0.));
#245 = DIRECTION('',(1.,0.,0.));
#246 = DIRECTION('',(-0.,1.,0.));
#247 = DEFINITIONAL_REPRESENTATION('',(#248),#252);
#248 = CIRCLE('',#249,5.25);
#249 = AXIS2_PLACEMENT_2D('',#250,#251);
#250 = CARTESIAN_POINT('',(0.,0.));
#251 = DIRECTION('',(1.,-0.));
#252 = ( GEOMETRIC_REPRESENTATION_CONTEXT(2) 
PARAMETRIC_REPRESENTATION_CONTEXT() REPRESENTATION_CONTEXT('2D SPACE',''
  ) );
#253 = ORIENTED_EDGE('',*,*,#204,.F.);
#254 = ADVANCED_FACE('',(#255,#258),#242,.F.);
#255 = FACE_BOUND('',#256,.T.);
#256 = EDGE_LOOP('',(#257));
#257 = ORIENTED_EDGE('',*,*,#227,.T.);
#258 = FACE_BOUND('',#259,.T.);
#259 = EDGE_LOOP('',(#260));
#260 = ORIENTED_EDGE('',*,*,#261,.F.);
#261 = EDGE_CURVE('',#262,#262,#264,.T.);
#262 = VERTEX_POINT('',#263);
#263 = CARTESIAN_POINT('',(14.,7.,0.));
#264 = SURFACE_CURVE('',#265,(#270,#277),.PCURVE_S1.);
#265 = CIRCLE('',#266,7.);
#266 = AXIS2_PLACEMENT_3D('',#267,#268,#269);
#267 = CARTESIAN_POINT('',(14.,0.,0.));
#268 = DIRECTION('',(1.,0.,0.));
#269 = DIRECTION('',(-0.,1.,0.));
#270 = PCURVE('',#242,#271);
#271 = DEFINITIONAL_REPRESENTATION('',(#272),#276);
#272 = CIRCLE('',#273,7.);
#273 = AXIS2_PLACEMENT_2D('',#274,#275);
#274 = CARTESIAN_POINT('',(0.,0.));
#275 = DIRECTION('',(1.,-0.));
#276 = ( GEOMETRIC_REPRESENTATION_CONTEXT(2) 
PARAMETRIC_REPRESENTATION_CONTEXT() REPRESENTATION_CONTEXT('2D SPACE',''
  ) );
#277 = PCURVE('',#278,#283);
#278 = CYLINDRICAL_SURFACE('',#279,7.);
#279 = AXIS2_PLACEMENT_3D('',#280,#281,#282);
#280 = CARTESIAN_POINT('',(14.,0.,0.));
#281 = DIRECTION('',(1.,0.,0.));
#282 = DIRECTION('',(-0.,1.,0.));
#283 = DEFINITIONAL_REPRESENTATION('',(#284),#288);
#284 = LINE('',#285,#286);
#285 = CARTESIAN_POINT('',(0.,0.));
#286 = VECTOR('',#287,1.);
#287 = DIRECTION('',(1.,0.));
#288 = ( GEOMETRIC_REPRESENTATION_CONTEXT(2) 
PARAMETRIC_REPRESENTATION_CONTEXT() REPRESENTATION_CONTEXT('2D SPACE',''
  ) );
#289 = ADVANCED_FACE('',(#290),#278,.T.);
#290 = FACE_BOUND('',#291,.T.);
#291 = EDGE_LOOP('',(#292,#293,#316,#343));
#292 = ORIENTED_EDGE('',*,*,#261,.T.);
#293 = ORIENTED_EDGE('',*,*,#294,.T.);
#294 = EDGE_CURVE('',#262,#295,#297,.T.);
#295 = VERTEX_POINT('',#296);
#296 = CARTESIAN_POINT('',(21.5,7.,0.));
#297 = SEAM_CURVE('',#298,(#302,#309),.PCURVE_S1.);
#298 = LINE('',#299,#300);
#299 = CARTESIAN_POINT('',(14.,7.,0.));
#300 = VECTOR('',#301,1.);
#301 = DIRECTION('',(1.,0.,0.));
#302 = PCURVE('',#278,#303);
#303 = DEFINITIONAL_REPRESENTATION('',(#304),#308);
#304 = LINE('',#305,#306);
#305 = CARTESIAN_POINT('',(0.,0.));
#306 = VECTOR('',#307,1.);
#307 = DIRECTION('',(0.,1.));
#308 = ( GEOMETRIC_REPRESENTATION_CONTEXT(2) 
PARAMETRIC_REPRESENTATION_CONTEXT() REPRESENTATION_CONTEXT('2D SPACE',''
  ) );
#309 = PCURVE('',#278,#310);
#310 = DEFINITIONAL_REPRESENTATION('',(#311),#315);
#311 = LINE('',#312,#313);
#312 = CARTESIAN_POINT('',(6.28318530718,0.));
#313 = VECTOR('',#314,1.);
#314 = DIRECTION('',(0.,1.));
#315 = ( GEOMETRIC_REPRESENTATION_CONTEXT(2) 
PARAMETRIC_REPRESENTATION_CONTEXT() REPRESENTATION_CONTEXT('2D SPACE',''
  ) );
#316 = ORIENTED_EDGE('',*,*,#317,.F.);
#317 = EDGE_CURVE('',#295,#295,#318,.T.);
#318 = SURFACE_CURVE('',#319,(#324,#331),.PCURVE_S1.);
#319 = CIRCLE('',#320,7.);
#320 = AXIS2_PLACEMENT_3D('',#321,#322,#323);
#321 = CARTESIAN_POINT('',(21.5,0.,0.));
#322 = DIRECTION('',(1.,0.,0.));
#323 = DIRECTION('',(-0.,1.,0.));
#324 = PCURVE('',#278,#325);
#325 = DEFINITIONAL_REPRESENTATION('',(#326),#330);
#326 = LINE('',#327,#328);
#327 = CARTESIAN_POINT('',(0.,7.5));
#328 = VECTOR('',#329,1.);
#329 = DIRECTION('',(1.,0.));
#330 = ( GEOMETRIC_REPRESENTATION_CONTEXT(2) 
PARAMETRIC_REPRESENTATION_CONTEXT() REPRESENTATION_CONTEXT('2D SPACE',''
  ) );
#331 = PCURVE('',#332,#337);
#332 = CONICAL_SURFACE('',#333,7.,7.853981633974E-02);
#333 = AXIS2_PLACEMENT_3D('',#334,#335,#336);
#334 = CARTESIAN_POINT('',(21.5,0.,0.));
#335 = DIRECTION('',(1.,0.,0.));
#336 = DIRECTION('',(-0.,1.,0.));
#337 = DEFINITIONAL_REPRESENTATION('',(#338),#342);
#338 = LINE('',#339,#340);
#339 = CARTESIAN_POINT('',(0.,0.));
#340 = VECTOR('',#341,1.);
#341 = DIRECTION('',(1.,0.));
#342 = ( GEOMETRIC_REPRESENTATION_CONTEXT(2) 
PARAMETRIC_REPRESENTATION_CONTEXT() REPRESENTATION_CONTEXT('2D SPACE',''
  ) );
#343 = ORIENTED_EDGE('',*,*,#294,.F.);
#344 = ADVANCED_FACE('',(#345),#332,.T.);
#345 = FACE_BOUND('',#346,.T.);
#346 = EDGE_LOOP('',(#347,#348,#371,#398));
#347 = ORIENTED_EDGE('',*,*,#317,.T.);
#348 = ORIENTED_EDGE('',*,*,#349,.T.);
#349 = EDGE_CURVE('',#295,#350,#352,.T.);
#350 = VERTEX_POINT('',#351);
#351 = CARTESIAN_POINT('',(21.57821723252,7.006155829702,0.));
#352 = SEAM_CURVE('',#353,(#357,#364),.PCURVE_S1.);
#353 = LINE('',#354,#355);
#354 = CARTESIAN_POINT('',(21.5,7.,0.));
#355 = VECTOR('',#356,1.);
#356 = DIRECTION('',(0.996917333733,7.845909572784E-02,0.));
#357 = PCURVE('',#332,#358);
#358 = DEFINITIONAL_REPRESENTATION('',(#359),#363);
#359 = LINE('',#360,#361);
#360 = CARTESIAN_POINT('',(0.,0.));
#361 = VECTOR('',#362,1.);
#362 = DIRECTION('',(0.,1.));
#363 = ( GEOMETRIC_REPRESENTATION_CONTEXT(2) 
PARAMETRIC_REPRESENTATION_CONTEXT() REPRESENTATION_CONTEXT('2D SPACE',''
  ) );
#364 = PCURVE('',#332,#365);
#365 = DEFINITIONAL_REPRESENTATION('',(#366),#370);
#366 = LINE('',#367,#368);
#367 = CARTESIAN_POINT('',(6.28318530718,0.));
#368 = VECTOR('',#369,1.);
#369 = DIRECTION('',(0.,1.));
#370 = ( GEOMETRIC_REPRESENTATION_CONTEXT(2) 
PARAMETRIC_REPRESENTATION_CONTEXT() REPRESENTATION_CONTEXT('2D SPACE',''
  ) );
#371 = ORIENTED_EDGE('',*,*,#372,.F.);
#372 = EDGE_CURVE('',#350,#350,#373,.T.);
#373 = SURFACE_CURVE('',#374,(#379,#386),.PCURVE_S1.);
#374 = CIRCLE('',#375,7.006155829702);
#375 = AXIS2_PLACEMENT_3D('',#376,#377,#378);
#376 = CARTESIAN_POINT('',(21.57821723252,0.,0.));
#377 = DIRECTION('',(1.,0.,0.));
#378 = DIRECTION('',(-0.,1.,0.));
#379 = PCURVE('',#332,#380);
#380 = DEFINITIONAL_REPRESENTATION('',(#381),#385);
#381 = LINE('',#382,#383);
#382 = CARTESIAN_POINT('',(0.,7.821723252011E-02));
#383 = VECTOR('',#384,1.);
#384 = DIRECTION('',(1.,0.));
#385 = ( GEOMETRIC_REPRESENTATION_CONTEXT(2) 
PARAMETRIC_REPRESENTATION_CONTEXT() REPRESENTATION_CONTEXT('2D SPACE',''
  ) );
#386 = PCURVE('',#387,#392);
#387 = CONICAL_SURFACE('',#388,7.006155829702,0.235619449019);
#388 = AXIS2_PLACEMENT_3D('',#389,#390,#391);
#389 = CARTESIAN_POINT('',(21.57821723252,0.,0.));
#390 = DIRECTION('',(1.,0.,0.));
#391 = DIRECTION('',(-0.,1.,0.));
#392 = DEFINITIONAL_REPRESENTATION('',(#393),#397);
#393 = LINE('',#394,#395);
#394 = CARTESIAN_POINT('',(0.,0.));
#395 = VECTOR('',#396,1.);
#396 = DIRECTION('',(1.,0.));
#397 = ( GEOMETRIC_REPRESENTATION_CONTEXT(2) 
PARAMETRIC_REPRESENTATION_CONTEXT() REPRESENTATION_CONTEXT('2D SPACE',''
  ) );
#398 = ORIENTED_EDGE('',*,*,#349,.F.);
#399 = ADVANCED_FACE('',(#400),#387,.T.);
#400 = FACE_BOUND('',#401,.T.);
#401 = EDGE_LOOP('',(#402,#403,#426,#453));
#402 = ORIENTED_EDGE('',*,*,#372,.T.);
#403 = ORIENTED_EDGE('',*,*,#404,.T.);
#404 = EDGE_CURVE('',#350,#405,#407,.T.);
#405 = VERTEX_POINT('',#406);
#406 = CARTESIAN_POINT('',(21.654508497187,7.024471741852,0.));
#407 = SEAM_CURVE('',#408,(#412,#419),.PCURVE_S1.);
#408 = LINE('',#409,#410);
#409 = CARTESIAN_POINT('',(21.57821723252,7.006155829702,0.));
#410 = VECTOR('',#411,1.);
#411 = DIRECTION('',(0.972369920398,0.233445363856,0.));
#412 = PCURVE('',#387,#413);
#413 = DEFINITIONAL_REPRESENTATION('',(#414),#418);
#414 = LINE('',#415,#416);
#415 = CARTESIAN_POINT('',(0.,0.));
#416 = VECTOR('',#417,1.);
#417 = DIRECTION('',(0.,1.));
#418 = ( GEOMETRIC_REPRESENTATION_CONTEXT(2) 
PARAMETRIC_REPRESENTATION_CONTEXT() REPRESENTATION_CONTEXT('2D SPACE',''
  ) );
#419 = PCURVE('',#387,#420);
#420 = DEFINITIONAL_REPRESENTATION('',(#421),#425);
#421 = LINE('',#422,#423);
#422 = CARTESIAN_POINT('',(6.28318530718,0.));
#423 = VECTOR('',#424,1.);
#424 = DIRECTION('',(0.,1.));
#425 = ( GEOMETRIC_REPRESENTATION_CONTEXT(2) 
PARAMETRIC_REPRESENTATION_CONTEXT() REPRESENTATION_CONTEXT('2D SPACE',''
  ) );
#426 = ORIENTED_EDGE('',*,*,#427,.F.);
#427 = EDGE_CURVE('',#405,#405,#428,.T.);
#428 = SURFACE_CURVE('',#429,(#434,#441),.PCURVE_S1.);
#429 = CIRCLE('',#430,7.024471741852);
#430 = AXIS2_PLACEMENT_3D('',#431,#432,#433);
#431 = CARTESIAN_POINT('',(21.654508497187,0.,0.));
#432 = DIRECTION('',(1.,0.,0.));
#433 = DIRECTION('',(-0.,1.,0.));
#434 = PCURVE('',#387,#435);
#435 = DEFINITIONAL_REPRESENTATION('',(#436),#440);
#436 = LINE('',#437,#438);
#437 = CARTESIAN_POINT('',(0.,7.629126466736E-02));
#438 = VECTOR('',#439,1.);
#439 = DIRECTION('',(1.,0.));
#440 = ( GEOMETRIC_REPRESENTATION_CONTEXT(2) 
PARAMETRIC_REPRESENTATION_CONTEXT() REPRESENTATION_CONTEXT('2D SPACE',''
  ) );
#441 = PCURVE('',#442,#447);
#442 = CONICAL_SURFACE('',#443,7.024471741852,0.392699081699);
#443 = AXIS2_PLACEMENT_3D('',#444,#445,#446);
#444 = CARTESIAN_POINT('',(21.654508497187,0.,0.));
#445 = DIRECTION('',(1.,0.,0.));
#446 = DIRECTION('',(-0.,1.,0.));
#447 = DEFINITIONAL_REPRESENTATION('',(#448),#452);
#448 = LINE('',#449,#450);
#449 = CARTESIAN_POINT('',(0.,0.));
#450 = VECTOR('',#451,1.);
#451 = DIRECTION('',(1.,0.));
#452 = ( GEOMETRIC_REPRESENTATION_CONTEXT(2) 
PARAMETRIC_REPRESENTATION_CONTEXT() REPRESENTATION_CONTEXT('2D SPACE',''
  ) );
#453 = ORIENTED_EDGE('',*,*,#404,.F.);
#454 = ADVANCED_FACE('',(#455),#442,.T.);
#455 = FACE_BOUND('',#456,.T.);
#456 = EDGE_LOOP('',(#457,#458,#481,#508));
#457 = ORIENTED_EDGE('',*,*,#427,.T.);
#458 = ORIENTED_EDGE('',*,*,#459,.T.);
#459 = EDGE_CURVE('',#405,#460,#462,.T.);
#460 = VERTEX_POINT('',#461);
#461 = CARTESIAN_POINT('',(21.72699524987,7.054496737906,0.));
#462 = SEAM_CURVE('',#463,(#467,#474),.PCURVE_S1.);
#463 = LINE('',#464,#465);
#464 = CARTESIAN_POINT('',(21.654508497187,7.024471741852,0.));
#465 = VECTOR('',#466,1.);
#466 = DIRECTION('',(0.923879532511,0.382683432365,0.));
#467 = PCURVE('',#442,#468);
#468 = DEFINITIONAL_REPRESENTATION('',(#469),#473);
#469 = LINE('',#470,#471);
#470 = CARTESIAN_POINT('',(0.,0.));
#471 = VECTOR('',#472,1.);
#472 = DIRECTION('',(0.,1.));
#473 = ( GEOMETRIC_REPRESENTATION_CONTEXT(2) 
PARAMETRIC_REPRESENTATION_CONTEXT() REPRESENTATION_CONTEXT('2D SPACE',''
  ) );
#474 = PCURVE('',#442,#475);
#475 = DEFINITIONAL_REPRESENTATION('',(#476),#480);
#476 = LINE('',#477,#478);
#477 = CARTESIAN_POINT('',(6.28318530718,0.));
#478 = VECTOR('',#479,1.);
#479 = DIRECTION('',(0.,1.));
#480 = ( GEOMETRIC_REPRESENTATION_CONTEXT(2) 
PARAMETRIC_REPRESENTATION_CONTEXT() REPRESENTATION_CONTEXT('2D SPACE',''
  ) );
#481 = ORIENTED_EDGE('',*,*,#482,.F.);
#482 = EDGE_CURVE('',#460,#460,#483,.T.);
#483 = SURFACE_CURVE('',#484,(#489,#496),.PCURVE_S1.);
#484 = CIRCLE('',#485,7.054496737906);
#485 = AXIS2_PLACEMENT_3D('',#486,#487,#488);
#486 = CARTESIAN_POINT('',(21.72699524987,0.,0.));
#487 = DIRECTION('',(1.,0.,0.));
#488 = DIRECTION('',(-0.,1.,0.));
#489 = PCURVE('',#442,#490);
#490 = DEFINITIONAL_REPRESENTATION('',(#491),#495);
#491 = LINE('',#492,#493);
#492 = CARTESIAN_POINT('',(0.,7.24867526823E-02));
#493 = VECTOR('',#494,1.);
#494 = DIRECTION('',(1.,0.));
#495 = ( GEOMETRIC_REPRESENTATION_CONTEXT(2) 
PARAMETRIC_REPRESENTATION_CONTEXT() REPRESENTATION_CONTEXT('2D SPACE',''
  ) );
#496 = PCURVE('',#497,#502);
#497 = CONICAL_SURFACE('',#498,7.054496737906,0.549778714378);
#498 = AXIS2_PLACEMENT_3D('',#499,#500,#501);
#499 = CARTESIAN_POINT('',(21.72699524987,0.,0.));
#500 = DIRECTION('',(1.,0.,0.));
#501 = DIRECTION('',(-0.,1.,0.));
#502 = DEFINITIONAL_REPRESENTATION('',(#503),#507);
#503 = LINE('',#504,#505);
#504 = CARTESIAN_POINT('',(0.,0.));
#505 = VECTOR('',#506,1.);
#506 = DIRECTION('',(1.,0.));
#507 = ( GEOMETRIC_REPRESENTATION_CONTEXT(2) 
PARAMETRIC_REPRESENTATION_CONTEXT() REPRESENTATION_CONTEXT('2D SPACE',''
  ) );
#508 = ORIENTED_EDGE('',*,*,#459,.F.);
#509 = ADVANCED_FACE('',(#510),#497,.T.);
#510 = FACE_BOUND('',#511,.T.);
#511 = EDGE_LOOP('',(#512,#513,#536,#563));
#512 = ORIENTED_EDGE('',*,*,#482,.T.);
#513 = ORIENTED_EDGE('',*,*,#514,.T.);
#514 = EDGE_CURVE('',#460,#515,#517,.T.);
#515 = VERTEX_POINT('',#516);
#516 = CARTESIAN_POINT('',(21.793892626146,7.095491502813,0.));
#517 = SEAM_CURVE('',#518,(#522,#529),.PCURVE_S1.);
#518 = LINE('',#519,#520);
#519 = CARTESIAN_POINT('',(21.72699524987,7.054496737906,0.));
#520 = VECTOR('',#521,1.);
#521 = DIRECTION('',(0.852640164354,0.522498564716,0.));
#522 = PCURVE('',#497,#523);
#523 = DEFINITIONAL_REPRESENTATION('',(#524),#528);
#524 = LINE('',#525,#526);
#525 = CARTESIAN_POINT('',(0.,0.));
#526 = VECTOR('',#527,1.);
#527 = DIRECTION('',(0.,1.));
#528 = ( GEOMETRIC_REPRESENTATION_CONTEXT(2) 
PARAMETRIC_REPRESENTATION_CONTEXT() REPRESENTATION_CONTEXT('2D SPACE',''
  ) );
#529 = PCURVE('',#497,#530);
#530 = DEFINITIONAL_REPRESENTATION('',(#531),#535);
#531 = LINE('',#532,#533);
#532 = CARTESIAN_POINT('',(6.28318530718,0.));
#533 = VECTOR('',#534,1.);
#534 = DIRECTION('',(0.,1.));
#535 = ( GEOMETRIC_REPRESENTATION_CONTEXT(2) 
PARAMETRIC_REPRESENTATION_CONTEXT() REPRESENTATION_CONTEXT('2D SPACE',''
  ) );
#536 = ORIENTED_EDGE('',*,*,#537,.F.);
#537 = EDGE_CURVE('',#515,#515,#538,.T.);
#538 = SURFACE_CURVE('',#539,(#544,#551),.PCURVE_S1.);
#539 = CIRCLE('',#540,7.095491502813);
#540 = AXIS2_PLACEMENT_3D('',#541,#542,#543);
#541 = CARTESIAN_POINT('',(21.793892626146,0.,0.));
#542 = DIRECTION('',(1.,0.,0.));
#543 = DIRECTION('',(-0.,1.,0.));
#544 = PCURVE('',#497,#545);
#545 = DEFINITIONAL_REPRESENTATION('',(#546),#550);
#546 = LINE('',#547,#548);
#547 = CARTESIAN_POINT('',(0.,6.689737627646E-02));
#548 = VECTOR('',#549,1.);
#549 = DIRECTION('',(1.,0.));
#550 = ( GEOMETRIC_REPRESENTATION_CONTEXT(2) 
PARAMETRIC_REPRESENTATION_CONTEXT() REPRESENTATION_CONTEXT('2D SPACE',''
  ) );
#551 = PCURVE('',#552,#557);
#552 = CONICAL_SURFACE('',#553,7.095491502813,0.706858347058);
#553 = AXIS2_PLACEMENT_3D('',#554,#555,#556);
#554 = CARTESIAN_POINT('',(21.793892626146,0.,0.));
#555 = DIRECTION('',(1.,0.,0.));
#556 = DIRECTION('',(-0.,1.,0.));
#557 = DEFINITIONAL_REPRESENTATION('',(#558),#562);
#558 = LINE('',#559,#560);
#559 = CARTESIAN_POINT('',(0.,0.));
#560 = VECTOR('',#561,1.);
#561 = DIRECTION('',(1.,0.));
#562 = ( GEOMETRIC_REPRESENTATION_CONTEXT(2) 
PARAMETRIC_REPRESENTATION_CONTEXT() REPRESENTATION_CONTEXT('2D SPACE',''
  ) );
#563 = ORIENTED_EDGE('',*,*,#514,.F.);
#564 = ADVANCED_FACE('',(#565),#552,.T.);
#565 = FACE_BOUND('',#566,.T.);
#566 = EDGE_LOOP('',(#567,#568,#591,#618));
#567 = ORIENTED_EDGE('',*,*,#537,.T.);
#568 = ORIENTED_EDGE('',*,*,#569,.T.);
#569 = EDGE_CURVE('',#515,#570,#572,.T.);
#570 = VERTEX_POINT('',#571);
#571 = CARTESIAN_POINT('',(21.853553390593,7.146446609407,0.));
#572 = SEAM_CURVE('',#573,(#577,#584),.PCURVE_S1.);
#573 = LINE('',#574,#575);
#574 = CARTESIAN_POINT('',(21.793892626146,7.095491502813,0.));
#575 = VECTOR('',#576,1.);
#576 = DIRECTION('',(0.7604059656,0.64944804833,0.));
#577 = PCURVE('',#552,#578);
#578 = DEFINITIONAL_REPRESENTATION('',(#579),#583);
#579 = LINE('',#580,#581);
#580 = CARTESIAN_POINT('',(0.,0.));
#581 = VECTOR('',#582,1.);
#582 = DIRECTION('',(0.,1.));
#583 = ( GEOMETRIC_REPRESENTATION_CONTEXT(2) 
PARAMETRIC_REPRESENTATION_CONTEXT() REPRESENTATION_CONTEXT('2D SPACE',''
  ) );
#584 = PCURVE('',#552,#585);
#585 = DEFINITIONAL_REPRESENTATION('',(#586),#590);
#586 = LINE('',#587,#588);
#587 = CARTESIAN_POINT('',(6.28318530718,0.));
#588 = VECTOR('',#589,1.);
#589 = DIRECTION('',(0.,1.));
#590 = ( GEOMETRIC_REPRESENTATION_CONTEXT(2) 
PARAMETRIC_REPRESENTATION_CONTEXT() REPRESENTATION_CONTEXT('2D SPACE',''
  ) );
#591 = ORIENTED_EDGE('',*,*,#592,.F.);
#592 = EDGE_CURVE('',#570,#570,#593,.T.);
#593 = SURFACE_CURVE('',#594,(#599,#606),.PCURVE_S1.);
#594 = CIRCLE('',#595,7.146446609407);
#595 = AXIS2_PLACEMENT_3D('',#596,#597,#598);
#596 = CARTESIAN_POINT('',(21.853553390593,0.,0.));
#597 = DIRECTION('',(1.,0.,0.));
#598 = DIRECTION('',(-0.,1.,0.));
#599 = PCURVE('',#552,#600);
#600 = DEFINITIONAL_REPRESENTATION('',(#601),#605);
#601 = LINE('',#602,#603);
#602 = CARTESIAN_POINT('',(0.,5.966076444704E-02));
#603 = VECTOR('',#604,1.);
#604 = DIRECTION('',(1.,0.));
#605 = ( GEOMETRIC_REPRESENTATION_CONTEXT(2) 
PARAMETRIC_REPRESENTATION_CONTEXT() REPRESENTATION_CONTEXT('2D SPACE',''
  ) );
#606 = PCURVE('',#607,#612);
#607 = CONICAL_SURFACE('',#608,7.146446609407,0.863937979737);
#608 = AXIS2_PLACEMENT_3D('',#609,#610,#611);
#609 = CARTESIAN_POINT('',(21.853553390593,0.,0.));
#610 = DIRECTION('',(1.,0.,0.));
#611 = DIRECTION('',(-0.,1.,0.));
#612 = DEFINITIONAL_REPRESENTATION('',(#613),#617);
#613 = LINE('',#614,#615);
#614 = CARTESIAN_POINT('',(0.,0.));
#615 = VECTOR('',#616,1.);
#616 = DIRECTION('',(1.,0.));
#617 = ( GEOMETRIC_REPRESENTATION_CONTEXT(2) 
PARAMETRIC_REPRESENTATION_CONTEXT() REPRESENTATION_CONTEXT('2D SPACE',''
  ) );
#618 = ORIENTED_EDGE('',*,*,#569,.F.);
#619 = ADVANCED_FACE('',(#620),#607,.T.);
#620 = FACE_BOUND('',#621,.T.);
#621 = EDGE_LOOP('',(#622,#623,#646,#673));
#622 = ORIENTED_EDGE('',*,*,#592,.T.);
#623 = ORIENTED_EDGE('',*,*,#624,.T.);
#624 = EDGE_CURVE('',#570,#625,#627,.T.);
#625 = VERTEX_POINT('',#626);
#626 = CARTESIAN_POINT('',(21.904508497187,7.206107373854,0.));
#627 = SEAM_CURVE('',#628,(#632,#639),.PCURVE_S1.);
#628 = LINE('',#629,#630);
#629 = CARTESIAN_POINT('',(21.853553390593,7.146446609407,0.));
#630 = VECTOR('',#631,1.);
#631 = DIRECTION('',(0.64944804833,0.7604059656,0.));
#632 = PCURVE('',#607,#633);
#633 = DEFINITIONAL_REPRESENTATION('',(#634),#638);
#634 = LINE('',#635,#636);
#635 = CARTESIAN_POINT('',(0.,0.));
#636 = VECTOR('',#637,1.);
#637 = DIRECTION('',(0.,1.));
#638 = ( GEOMETRIC_REPRESENTATION_CONTEXT(2) 
PARAMETRIC_REPRESENTATION_CONTEXT() REPRESENTATION_CONTEXT('2D SPACE',''
  ) );
#639 = PCURVE('',#607,#640);
#640 = DEFINITIONAL_REPRESENTATION('',(#641),#645);
#641 = LINE('',#642,#643);
#642 = CARTESIAN_POINT('',(6.28318530718,0.));
#643 = VECTOR('',#644,1.);
#644 = DIRECTION('',(0.,1.));
#645 = ( GEOMETRIC_REPRESENTATION_CONTEXT(2) 
PARAMETRIC_REPRESENTATION_CONTEXT() REPRESENTATION_CONTEXT('2D SPACE',''
  ) );
#646 = ORIENTED_EDGE('',*,*,#647,.F.);
#647 = EDGE_CURVE('',#625,#625,#648,.T.);
#648 = SURFACE_CURVE('',#649,(#654,#661),.PCURVE_S1.);
#649 = CIRCLE('',#650,7.206107373854);
#650 = AXIS2_PLACEMENT_3D('',#651,#652,#653);
#651 = CARTESIAN_POINT('',(21.904508497187,0.,0.));
#652 = DIRECTION('',(1.,0.,0.));
#653 = DIRECTION('',(-0.,1.,0.));
#654 = PCURVE('',#607,#655);
#655 = DEFINITIONAL_REPRESENTATION('',(#656),#660);
#656 = LINE('',#657,#658);
#657 = CARTESIAN_POINT('',(0.,5.09551065942E-02));
#658 = VECTOR('',#659,1.);
#659 = DIRECTION('',(1.,0.));
#660 = ( GEOMETRIC_REPRESENTATION_CONTEXT(2) 
PARAMETRIC_REPRESENTATION_CONTEXT() REPRESENTATION_CONTEXT('2D SPACE',''
  ) );
#661 = PCURVE('',#662,#667);
#662 = CONICAL_SURFACE('',#663,7.206107373854,1.021017612417);
#663 = AXIS2_PLACEMENT_3D('',#664,#665,#666);
#664 = CARTESIAN_POINT('',(21.904508497187,0.,0.));
#665 = DIRECTION('',(1.,0.,0.));
#666 = DIRECTION('',(-0.,1.,0.));
#667 = DEFINITIONAL_REPRESENTATION('',(#668),#672);
#668 = LINE('',#669,#670);
#669 = CARTESIAN_POINT('',(0.,0.));
#670 = VECTOR('',#671,1.);
#671 = DIRECTION('',(1.,0.));
#672 = ( GEOMETRIC_REPRESENTATION_CONTEXT(2) 
PARAMETRIC_REPRESENTATION_CONTEXT() REPRESENTATION_CONTEXT('2D SPACE',''
  ) );
#673 = ORIENTED_EDGE('',*,*,#624,.F.);
#674 = ADVANCED_FACE('',(#675),#662,.T.);
#675 = FACE_BOUND('',#676,.T.);
#676 = EDGE_LOOP('',(#677,#678,#701,#728));
#677 = ORIENTED_EDGE('',*,*,#647,.T.);
#678 = ORIENTED_EDGE('',*,*,#679,.T.);
#679 = EDGE_CURVE('',#625,#680,#682,.T.);
#680 = VERTEX_POINT('',#681);
#681 = CARTESIAN_POINT('',(21.945503262094,7.27300475013,0.));
#682 = SEAM_CURVE('',#683,(#687,#694),.PCURVE_S1.);
#683 = LINE('',#684,#685);
#684 = CARTESIAN_POINT('',(21.904508497187,7.206107373854,0.));
#685 = VECTOR('',#686,1.);
#686 = DIRECTION('',(0.522498564716,0.852640164354,0.));
#687 = PCURVE('',#662,#688);
#688 = DEFINITIONAL_REPRESENTATION('',(#689),#693);
#689 = LINE('',#690,#691);
#690 = CARTESIAN_POINT('',(0.,0.));
#691 = VECTOR('',#692,1.);
#692 = DIRECTION('',(0.,1.));
#693 = ( GEOMETRIC_REPRESENTATION_CONTEXT(2) 
PARAMETRIC_REPRESENTATION_CONTEXT() REPRESENTATION_CONTEXT('2D SPACE',''
  ) );
#694 = PCURVE('',#662,#695);
#695 = DEFINITIONAL_REPRESENTATION('',(#696),#700);
#696 = LINE('',#697,#698);
#697 = CARTESIAN_POINT('',(6.28318530718,0.));
#698 = VECTOR('',#699,1.);
#699 = DIRECTION('',(0.,1.));
#700 = ( GEOMETRIC_REPRESENTATION_CONTEXT(2) 
PARAMETRIC_REPRESENTATION_CONTEXT() REPRESENTATION_CONTEXT('2D SPACE',''
  ) );
#701 = ORIENTED_EDGE('',*,*,#702,.F.);
#702 = EDGE_CURVE('',#680,#680,#703,.T.);
#703 = SURFACE_CURVE('',#704,(#709,#716),.PCURVE_S1.);
#704 = CIRCLE('',#705,7.27300475013);
#705 = AXIS2_PLACEMENT_3D('',#706,#707,#708);
#706 = CARTESIAN_POINT('',(21.945503262094,0.,0.));
#707 = DIRECTION('',(1.,0.,0.));
#708 = DIRECTION('',(-0.,1.,0.));
#709 = PCURVE('',#662,#710);
#710 = DEFINITIONAL_REPRESENTATION('',(#711),#715);
#711 = LINE('',#712,#713);
#712 = CARTESIAN_POINT('',(0.,4.099476490671E-02));
#713 = VECTOR('',#714,1.);
#714 = DIRECTION('',(1.,0.));
#715 = ( GEOMETRIC_REPRESENTATION_CONTEXT(2) 
PARAMETRIC_REPRESENTATION_CONTEXT() REPRESENTATION_CONTEXT('2D SPACE',''
  ) );
#716 = PCURVE('',#717,#722);
#717 = CONICAL_SURFACE('',#718,7.27300475013,1.178097245096);
#718 = AXIS2_PLACEMENT_3D('',#719,#720,#721);
#719 = CARTESIAN_POINT('',(21.945503262094,0.,0.));
#720 = DIRECTION('',(1.,0.,0.));
#721 = DIRECTION('',(-0.,1.,0.));
#722 = DEFINITIONAL_REPRESENTATION('',(#723),#727);
#723 = LINE('',#724,#725);
#724 = CARTESIAN_POINT('',(0.,0.));
#725 = VECTOR('',#726,1.);
#726 = DIRECTION('',(1.,0.));
#727 = ( GEOMETRIC_REPRESENTATION_CONTEXT(2) 
PARAMETRIC_REPRESENTATION_CONTEXT() REPRESENTATION_CONTEXT('2D SPACE',''
  ) );
#728 = ORIENTED_EDGE('',*,*,#679,.F.);
#729 = ADVANCED_FACE('',(#730),#717,.T.);
#730 = FACE_BOUND('',#731,.T.);
#731 = EDGE_LOOP('',(#732,#733,#756,#783));
#732 = ORIENTED_EDGE('',*,*,#702,.T.);
#733 = ORIENTED_EDGE('',*,*,#734,.T.);
#734 = EDGE_CURVE('',#680,#735,#737,.T.);
#735 = VERTEX_POINT('',#736);
#736 = CARTESIAN_POINT('',(21.975528258148,7.345491502813,0.));
#737 = SEAM_CURVE('',#738,(#742,#749),.PCURVE_S1.);
#738 = LINE('',#739,#740);
#739 = CARTESIAN_POINT('',(21.945503262094,7.27300475013,0.));
#740 = VECTOR('',#741,1.);
#741 = DIRECTION('',(0.382683432365,0.923879532511,0.));
#742 = PCURVE('',#717,#743);
#743 = DEFINITIONAL_REPRESENTATION('',(#744),#748);
#744 = LINE('',#745,#746);
#745 = CARTESIAN_POINT('',(0.,0.));
#746 = VECTOR('',#747,1.);
#747 = DIRECTION('',(0.,1.));
#748 = ( GEOMETRIC_REPRESENTATION_CONTEXT(2) 
PARAMETRIC_REPRESENTATION_CONTEXT() REPRESENTATION_CONTEXT('2D SPACE',''
  ) );
#749 = PCURVE('',#717,#750);
#750 = DEFINITIONAL_REPRESENTATION('',(#751),#755);
#751 = LINE('',#752,#753);
#752 = CARTESIAN_POINT('',(6.28318530718,0.));
#753 = VECTOR('',#754,1.);
#754 = DIRECTION('',(0.,1.));
#755 = ( GEOMETRIC_REPRESENTATION_CONTEXT(2) 
PARAMETRIC_REPRESENTATION_CONTEXT() REPRESENTATION_CONTEXT('2D SPACE',''
  ) );
#756 = ORIENTED_EDGE('',*,*,#757,.F.);
#757 = EDGE_CURVE('',#735,#735,#758,.T.);
#758 = SURFACE_CURVE('',#759,(#764,#771),.PCURVE_S1.);
#759 = CIRCLE('',#760,7.345491502813);
#760 = AXIS2_PLACEMENT_3D('',#761,#762,#763);
#761 = CARTESIAN_POINT('',(21.975528258148,0.,0.));
#762 = DIRECTION('',(1.,0.,0.));
#763 = DIRECTION('',(-0.,1.,0.));
#764 = PCURVE('',#717,#765);
#765 = DEFINITIONAL_REPRESENTATION('',(#766),#770);
#766 = LINE('',#767,#768);
#767 = CARTESIAN_POINT('',(0.,3.002499605339E-02));
#768 = VECTOR('',#769,1.);
#769 = DIRECTION('',(1.,0.));
#770 = ( GEOMETRIC_REPRESENTATION_CONTEXT(2) 
PARAMETRIC_REPRESENTATION_CONTEXT() REPRESENTATION_CONTEXT('2D SPACE',''
  ) );
#771 = PCURVE('',#772,#777);
#772 = CONICAL_SURFACE('',#773,7.345491502813,1.335176877776);
#773 = AXIS2_PLACEMENT_3D('',#774,#775,#776);
#774 = CARTESIAN_POINT('',(21.975528258148,0.,0.));
#775 = DIRECTION('',(1.,0.,0.));
#776 = DIRECTION('',(-0.,1.,0.));
#777 = DEFINITIONAL_REPRESENTATION('',(#778),#782);
#778 = LINE('',#779,#780);
#779 = CARTESIAN_POINT('',(0.,0.));
#780 = VECTOR('',#781,1.);
#781 = DIRECTION('',(1.,0.));
#782 = ( GEOMETRIC_REPRESENTATION_CONTEXT(2) 
PARAMETRIC_REPRESENTATION_CONTEXT() REPRESENTATION_CONTEXT('2D SPACE',''
  ) );
#783 = ORIENTED_EDGE('',*,*,#734,.F.);
#784 = ADVANCED_FACE('',(#785),#772,.T.);
#785 = FACE_BOUND('',#786,.T.);
#786 = EDGE_LOOP('',(#787,#788,#811,#838));
#787 = ORIENTED_EDGE('',*,*,#757,.T.);
#788 = ORIENTED_EDGE('',*,*,#789,.T.);
#789 = EDGE_CURVE('',#735,#790,#792,.T.);
#790 = VERTEX_POINT('',#791);
#791 = CARTESIAN_POINT('',(21.993844170298,7.42178276748,0.));
#792 = SEAM_CURVE('',#793,(#797,#804),.PCURVE_S1.);
#793 = LINE('',#794,#795);
#794 = CARTESIAN_POINT('',(21.975528258148,7.345491502813,0.));
#795 = VECTOR('',#796,1.);
#796 = DIRECTION('',(0.233445363856,0.972369920398,0.));
#797 = PCURVE('',#772,#798);
#798 = DEFINITIONAL_REPRESENTATION('',(#799),#803);
#799 = LINE('',#800,#801);
#800 = CARTESIAN_POINT('',(0.,0.));
#801 = VECTOR('',#802,1.);
#802 = DIRECTION('',(0.,1.));
#803 = ( GEOMETRIC_REPRESENTATION_CONTEXT(2) 
PARAMETRIC_REPRESENTATION_CONTEXT() REPRESENTATION_CONTEXT('2D SPACE',''
  ) );
#804 = PCURVE('',#772,#805);
#805 = DEFINITIONAL_REPRESENTATION('',(#806),#810);
#806 = LINE('',#807,#808);
#807 = CARTESIAN_POINT('',(6.28318530718,0.));
#808 = VECTOR('',#809,1.);
#809 = DIRECTION('',(0.,1.));
#810 = ( GEOMETRIC_REPRESENTATION_CONTEXT(2) 
PARAMETRIC_REPRESENTATION_CONTEXT() REPRESENTATION_CONTEXT('2D SPACE',''
  ) );
#811 = ORIENTED_EDGE('',*,*,#812,.F.);
#812 = EDGE_CURVE('',#790,#790,#813,.T.);
#813 = SURFACE_CURVE('',#814,(#819,#826),.PCURVE_S1.);
#814 = CIRCLE('',#815,7.42178276748);
#815 = AXIS2_PLACEMENT_3D('',#816,#817,#818);
#816 = CARTESIAN_POINT('',(21.993844170298,0.,0.));
#817 = DIRECTION('',(1.,0.,0.));
#818 = DIRECTION('',(-0.,1.,0.));
#819 = PCURVE('',#772,#820);
#820 = DEFINITIONAL_REPRESENTATION('',(#821),#825);
#821 = LINE('',#822,#823);
#822 = CARTESIAN_POINT('',(0.,1.831591214999E-02));
#823 = VECTOR('',#824,1.);
#824 = DIRECTION('',(1.,0.));
#825 = ( GEOMETRIC_REPRESENTATION_CONTEXT(2) 
PARAMETRIC_REPRESENTATION_CONTEXT() REPRESENTATION_CONTEXT('2D SPACE',''
  ) );
#826 = PCURVE('',#827,#832);
#827 = CONICAL_SURFACE('',#828,7.42178276748,1.492256510455);
#828 = AXIS2_PLACEMENT_3D('',#829,#830,#831);
#829 = CARTESIAN_POINT('',(21.993844170298,0.,0.));
#830 = DIRECTION('',(1.,0.,0.));
#831 = DIRECTION('',(-0.,1.,0.));
#832 = DEFINITIONAL_REPRESENTATION('',(#833),#837);
#833 = LINE('',#834,#835);
#834 = CARTESIAN_POINT('',(0.,0.));
#835 = VECTOR('',#836,1.);
#836 = DIRECTION('',(1.,0.));
#837 = ( GEOMETRIC_REPRESENTATION_CONTEXT(2) 
PARAMETRIC_REPRESENTATION_CONTEXT() REPRESENTATION_CONTEXT('2D SPACE',''
  ) );
#838 = ORIENTED_EDGE('',*,*,#789,.F.);
#839 = ADVANCED_FACE('',(#840),#827,.T.);
#840 = FACE_BOUND('',#841,.T.);
#841 = EDGE_LOOP('',(#842,#843,#866,#893));
#842 = ORIENTED_EDGE('',*,*,#812,.T.);
#843 = ORIENTED_EDGE('',*,*,#844,.T.);
#844 = EDGE_CURVE('',#790,#845,#847,.T.);
#845 = VERTEX_POINT('',#846);
#846 = CARTESIAN_POINT('',(22.,7.5,0.));
#847 = SEAM_CURVE('',#848,(#852,#859),.PCURVE_S1.);
#848 = LINE('',#849,#850);
#849 = CARTESIAN_POINT('',(21.993844170298,7.42178276748,0.));
#850 = VECTOR('',#851,1.);
#851 = DIRECTION('',(7.845909572786E-02,0.996917333733,0.));
#852 = PCURVE('',#827,#853);
#853 = DEFINITIONAL_REPRESENTATION('',(#854),#858);
#854 = LINE('',#855,#856);
#855 = CARTESIAN_POINT('',(0.,0.));
#856 = VECTOR('',#857,1.);
#857 = DIRECTION('',(0.,1.));
#858 = ( GEOMETRIC_REPRESENTATION_CONTEXT(2) 
PARAMETRIC_REPRESENTATION_CONTEXT() REPRESENTATION_CONTEXT('2D SPACE',''
  ) );
#859 = PCURVE('',#827,#860);
#860 = DEFINITIONAL_REPRESENTATION('',(#861),#865);
#861 = LINE('',#862,#863);
#862 = CARTESIAN_POINT('',(6.28318530718,0.));
#863 = VECTOR('',#864,1.);
#864 = DIRECTION('',(0.,1.));
#865 = ( GEOMETRIC_REPRESENTATION_CONTEXT(2) 
PARAMETRIC_REPRESENTATION_CONTEXT() REPRESENTATION_CONTEXT('2D SPACE',''
  ) );
#866 = ORIENTED_EDGE('',*,*,#867,.F.);
#867 = EDGE_CURVE('',#845,#845,#868,.T.);
#868 = SURFACE_CURVE('',#869,(#874,#881),.PCURVE_S1.);
#869 = CIRCLE('',#870,7.5);
#870 = AXIS2_PLACEMENT_3D('',#871,#872,#873);
#871 = CARTESIAN_POINT('',(22.,0.,0.));
#872 = DIRECTION('',(1.,0.,0.));
#873 = DIRECTION('',(-0.,1.,0.));
#874 = PCURVE('',#827,#875);
#875 = DEFINITIONAL_REPRESENTATION('',(#876),#880);
#876 = LINE('',#877,#878);
#877 = CARTESIAN_POINT('',(0.,6.155829702433E-03));
#878 = VECTOR('',#879,1.);
#879 = DIRECTION('',(1.,0.));
#880 = ( GEOMETRIC_REPRESENTATION_CONTEXT(2) 
PARAMETRIC_REPRESENTATION_CONTEXT() REPRESENTATION_CONTEXT('2D SPACE',''
  ) );
#881 = PCURVE('',#882,#887);
#882 = CYLINDRICAL_SURFACE('',#883,7.5);
#883 = AXIS2_PLACEMENT_3D('',#884,#885,#886);
#884 = CARTESIAN_POINT('',(22.,0.,0.));
#885 = DIRECTION('',(1.,0.,0.));
#886 = DIRECTION('',(-0.,1.,0.));
#887 = DEFINITIONAL_REPRESENTATION('',(#888),#892);
#888 = LINE('',#889,#890);
#889 = CARTESIAN_POINT('',(0.,0.));
#890 = VECTOR('',#891,1.);
#891 = DIRECTION('',(1.,0.));
#892 = ( GEOMETRIC_REPRESENTATION_CONTEXT(2) 
PARAMETRIC_REPRESENTATION_CONTEXT() REPRESENTATION_CONTEXT('2D SPACE',''
  ) );
#893 = ORIENTED_EDGE('',*,*,#844,.F.);
#894 = ADVANCED_FACE('',(#895),#882,.T.);
#895 = FACE_BOUND('',#896,.T.);
#896 = EDGE_LOOP('',(#897,#898,#921,#948));
#897 = ORIENTED_EDGE('',*,*,#867,.T.);
#898 = ORIENTED_EDGE('',*,*,#899,.T.);
#899 = EDGE_CURVE('',#845,#900,#902,.T.);
#900 = VERTEX_POINT('',#901);
#901 = CARTESIAN_POINT('',(41.5,7.5,0.));
#902 = SEAM_CURVE('',#903,(#907,#914),.PCURVE_S1.);
#903 = LINE('',#904,#905);
#904 = CARTESIAN_POINT('',(22.,7.5,0.));
#905 = VECTOR('',#906,1.);
#906 = DIRECTION('',(1.,0.,0.));
#907 = PCURVE('',#882,#908);
#908 = DEFINITIONAL_REPRESENTATION('',(#909),#913);
#909 = LINE('',#910,#911);
#910 = CARTESIAN_POINT('',(0.,0.));
#911 = VECTOR('',#912,1.);
#912 = DIRECTION('',(0.,1.));
#913 = ( GEOMETRIC_REPRESENTATION_CONTEXT(2) 
PARAMETRIC_REPRESENTATION_CONTEXT() REPRESENTATION_CONTEXT('2D SPACE',''
  ) );
#914 = PCURVE('',#882,#915);
#915 = DEFINITIONAL_REPRESENTATION('',(#916),#920);
#916 = LINE('',#917,#918);
#917 = CARTESIAN_POINT('',(6.28318530718,0.));
#918 = VECTOR('',#919,1.);
#919 = DIRECTION('',(0.,1.));
#920 = ( GEOMETRIC_REPRESENTATION_CONTEXT(2) 
PARAMETRIC_REPRESENTATION_CONTEXT() REPRESENTATION_CONTEXT('2D SPACE',''
  ) );
#921 = ORIENTED_EDGE('',*,*,#922,.F.);
#922 = EDGE_CURVE('',#900,#900,#923,.T.);
#923 = SURFACE_CURVE('',#924,(#929,#936),.PCURVE_S1.);
#924 = CIRCLE('',#925,7.5);
#925 = AXIS2_PLACEMENT_3D('',#926,#927,#928);
#926 = CARTESIAN_POINT('',(41.5,0.,0.));
#927 = DIRECTION('',(1.,0.,0.));
#928 = DIRECTION('',(-0.,1.,0.));
#929 = PCURVE('',#882,#930);
#930 = DEFINITIONAL_REPRESENTATION('',(#931),#935);
#931 = LINE('',#932,#933);
#932 = CARTESIAN_POINT('',(0.,19.5));
#933 = VECTOR('',#934,1.);
#934 = DIRECTION('',(1.,0.));
#935 = ( GEOMETRIC_REPRESENTATION_CONTEXT(2) 
PARAMETRIC_REPRESENTATION_CONTEXT() REPRESENTATION_CONTEXT('2D SPACE',''
  ) );
#936 = PCURVE('',#937,#942);
#937 = CONICAL_SURFACE('',#938,7.5,7.853981633974E-02);
#938 = AXIS2_PLACEMENT_3D('',#939,#940,#941);
#939 = CARTESIAN_POINT('',(41.5,0.,0.));
#940 = DIRECTION('',(1.,0.,0.));
#941 = DIRECTION('',(-0.,1.,0.));
#942 = DEFINITIONAL_REPRESENTATION('',(#943),#947);
#943 = LINE('',#944,#945);
#944 = CARTESIAN_POINT('',(0.,0.));
#945 = VECTOR('',#946,1.);
#946 = DIRECTION('',(1.,0.));
#947 = ( GEOMETRIC_REPRESENTATION_CONTEXT(2) 
PARAMETRIC_REPRESENTATION_CONTEXT() REPRESENTATION_CONTEXT('2D SPACE',''
  ) );
#948 = ORIENTED_EDGE('',*,*,#899,.F.);
#949 = ADVANCED_FACE('',(#950),#937,.T.);
#950 = FACE_BOUND('',#951,.T.);
#951 = EDGE_LOOP('',(#952,#953,#976,#1003));
#952 = ORIENTED_EDGE('',*,*,#922,.T.);
#953 = ORIENTED_EDGE('',*,*,#954,.T.);
#954 = EDGE_CURVE('',#900,#955,#957,.T.);
#955 = VERTEX_POINT('',#956);
#956 = CARTESIAN_POINT('',(41.57821723252,7.506155829702,0.));
#957 = SEAM_CURVE('',#958,(#962,#969),.PCURVE_S1.);
#958 = LINE('',#959,#960);
#959 = CARTESIAN_POINT('',(41.5,7.5,0.));
#960 = VECTOR('',#961,1.);
#961 = DIRECTION('',(0.996917333733,7.845909572784E-02,0.));
#962 = PCURVE('',#937,#963);
#963 = DEFINITIONAL_REPRESENTATION('',(#964),#968);
#964 = LINE('',#965,#966);
#965 = CARTESIAN_POINT('',(0.,0.));
#966 = VECTOR('',#967,1.);
#967 = DIRECTION('',(0.,1.));
#968 = ( GEOMETRIC_REPRESENTATION_CONTEXT(2) 
PARAMETRIC_REPRESENTATION_CONTEXT() REPRESENTATION_CONTEXT('2D SPACE',''
  ) );
#969 = PCURVE('',#937,#970);
#970 = DEFINITIONAL_REPRESENTATION('',(#971),#975);
#971 = LINE('',#972,#973);
#972 = CARTESIAN_POINT('',(6.28318530718,0.));
#973 = VECTOR('',#974,1.);
#974 = DIRECTION('',(0.,1.));
#975 = ( GEOMETRIC_REPRESENTATION_CONTEXT(2) 
PARAMETRIC_REPRESENTATION_CONTEXT() REPRESENTATION_CONTEXT('2D SPACE',''
  ) );
#976 = ORIENTED_EDGE('',*,*,#977,.F.);
#977 = EDGE_CURVE('',#955,#955,#978,.T.);
#978 = SURFACE_CURVE('',#979,(#984,#991),.PCURVE_S1.);
#979 = CIRCLE('',#980,7.506155829702);
#980 = AXIS2_PLACEMENT_3D('',#981,#982,#983);
#981 = CARTESIAN_POINT('',(41.57821723252,0.,0.));
#982 = DIRECTION('',(1.,0.,0.));
#983 = DIRECTION('',(-0.,1.,0.));
#984 = PCURVE('',#937,#985);
#985 = DEFINITIONAL_REPRESENTATION('',(#986),#990);
#986 = LINE('',#987,#988);
#987 = CARTESIAN_POINT('',(0.,7.821723252012E-02));
#988 = VECTOR('',#989,1.);
#989 = DIRECTION('',(1.,0.));
#990 = ( GEOMETRIC_REPRESENTATION_CONTEXT(2) 
PARAMETRIC_REPRESENTATION_CONTEXT() REPRESENTATION_CONTEXT('2D SPACE',''
  ) );
#991 = PCURVE('',#992,#997);
#992 = CONICAL_SURFACE('',#993,7.506155829702,0.235619449019);
#993 = AXIS2_PLACEMENT_3D('',#994,#995,#996);
#994 = CARTESIAN_POINT('',(41.57821723252,0.,0.));
#995 = DIRECTION('',(1.,0.,0.));
#996 = DIRECTION('',(-0.,1.,0.));
#997 = DEFINITIONAL_REPRESENTATION('',(#998),#1002);
#998 = LINE('',#999,#1000);
#999 = CARTESIAN_POINT('',(0.,0.));
#1000 = VECTOR('',#1001,1.);
#1001 = DIRECTION('',(1.,0.));
#1002 = ( GEOMETRIC_REPRESENTATION_CONTEXT(2) 
PARAMETRIC_REPRESENTATION_CONTEXT() REPRESENTATION_CONTEXT('2D SPACE',''
  ) );
#1003 = ORIENTED_EDGE('',*,*,#954,.F.);
#1004 = ADVANCED_FACE('',(#1005),#992,.T.);
#1005 = FACE_BOUND('',#1006,.T.);
#1006 = EDGE_LOOP('',(#1007,#1008,#1031,#1058));
#1007 = ORIENTED_EDGE('',*,*,#977,.T.);
#1008 = ORIENTED_EDGE('',*,*,#1009,.T.);
#1009 = EDGE_CURVE('',#955,#1010,#1012,.T.);
#1010 = VERTEX_POINT('',#1011);
#1011 = CARTESIAN_POINT('',(41.654508497187,7.524471741852,0.));
#1012 = SEAM_CURVE('',#1013,(#1017,#1024),.PCURVE_S1.);
#1013 = LINE('',#1014,#1015);
#1014 = CARTESIAN_POINT('',(41.57821723252,7.506155829702,0.));
#1015 = VECTOR('',#1016,1.);
#1016 = DIRECTION('',(0.972369920398,0.233445363856,0.));
#1017 = PCURVE('',#992,#1018);
#1018 = DEFINITIONAL_REPRESENTATION('',(#1019),#1023);
#1019 = LINE('',#1020,#1021);
#1020 = CARTESIAN_POINT('',(0.,0.));
#1021 = VECTOR('',#1022,1.);
#1022 = DIRECTION('',(0.,1.));
#1023 = ( GEOMETRIC_REPRESENTATION_CONTEXT(2) 
PARAMETRIC_REPRESENTATION_CONTEXT() REPRESENTATION_CONTEXT('2D SPACE',''
  ) );
#1024 = PCURVE('',#992,#1025);
#1025 = DEFINITIONAL_REPRESENTATION('',(#1026),#1030);
#1026 = LINE('',#1027,#1028);
#1027 = CARTESIAN_POINT('',(6.28318530718,0.));
#1028 = VECTOR('',#1029,1.);
#1029 = DIRECTION('',(0.,1.));
#1030 = ( GEOMETRIC_REPRESENTATION_CONTEXT(2) 
PARAMETRIC_REPRESENTATION_CONTEXT() REPRESENTATION_CONTEXT('2D SPACE',''
  ) );
#1031 = ORIENTED_EDGE('',*,*,#1032,.F.);
#1032 = EDGE_CURVE('',#1010,#1010,#1033,.T.);
#1033 = SURFACE_CURVE('',#1034,(#1039,#1046),.PCURVE_S1.);
#1034 = CIRCLE('',#1035,7.524471741852);
#1035 = AXIS2_PLACEMENT_3D('',#1036,#1037,#1038);
#1036 = CARTESIAN_POINT('',(41.654508497187,0.,0.));
#1037 = DIRECTION('',(1.,0.,0.));
#1038 = DIRECTION('',(-0.,1.,0.));
#1039 = PCURVE('',#992,#1040);
#1040 = DEFINITIONAL_REPRESENTATION('',(#1041),#1045);
#1041 = LINE('',#1042,#1043);
#1042 = CARTESIAN_POINT('',(0.,7.629126466735E-02));
#1043 = VECTOR('',#1044,1.);
#1044 = DIRECTION('',(1.,0.));
#1045 = ( GEOMETRIC_REPRESENTATION_CONTEXT(2) 
PARAMETRIC_REPRESENTATION_CONTEXT() REPRESENTATION_CONTEXT('2D SPACE',''
  ) );
#1046 = PCURVE('',#1047,#1052);
#1047 = CONICAL_SURFACE('',#1048,7.524471741852,0.392699081699);
#1048 = AXIS2_PLACEMENT_3D('',#1049,#1050,#1051);
#1049 = CARTESIAN_POINT('',(41.654508497187,0.,0.));
#1050 = DIRECTION('',(1.,0.,0.));
#1051 = DIRECTION('',(-0.,1.,0.));
#1052 = DEFINITIONAL_REPRESENTATION('',(#1053),#1057);
#1053 = LINE('',#1054,#1055);
#1054 = CARTESIAN_POINT('',(0.,0.));
#1055 = VECTOR('',#1056,1.);
#1056 = DIRECTION('',(1.,0.));
#1057 = ( GEOMETRIC_REPRESENTATION_CONTEXT(2) 
PARAMETRIC_REPRESENTATION_CONTEXT() REPRESENTATION_CONTEXT('2D SPACE',''
  ) );
#1058 = ORIENTED_EDGE('',*,*,#1009,.F.);
#1059 = ADVANCED_FACE('',(#1060),#1047,.T.);
#1060 = FACE_BOUND('',#1061,.T.);
#1061 = EDGE_LOOP('',(#1062,#1063,#1086,#1113));
#1062 = ORIENTED_EDGE('',*,*,#1032,.T.);
#1063 = ORIENTED_EDGE('',*,*,#1064,.T.);
#1064 = EDGE_CURVE('',#1010,#1065,#1067,.T.);
#1065 = VERTEX_POINT('',#1066);
#1066 = CARTESIAN_POINT('',(41.72699524987,7.554496737906,0.));
#1067 = SEAM_CURVE('',#1068,(#1072,#1079),.PCURVE_S1.);
#1068 = LINE('',#1069,#1070);
#1069 = CARTESIAN_POINT('',(41.654508497187,7.524471741852,0.));
#1070 = VECTOR('',#1071,1.);
#1071 = DIRECTION('',(0.923879532511,0.382683432365,0.));
#1072 = PCURVE('',#1047,#1073);
#1073 = DEFINITIONAL_REPRESENTATION('',(#1074),#1078);
#1074 = LINE('',#1075,#1076);
#1075 = CARTESIAN_POINT('',(0.,0.));
#1076 = VECTOR('',#1077,1.);
#1077 = DIRECTION('',(0.,1.));
#1078 = ( GEOMETRIC_REPRESENTATION_CONTEXT(2) 
PARAMETRIC_REPRESENTATION_CONTEXT() REPRESENTATION_CONTEXT('2D SPACE',''
  ) );
#1079 = PCURVE('',#1047,#1080);
#1080 = DEFINITIONAL_REPRESENTATION('',(#1081),#1085);
#1081 = LINE('',#1082,#1083);
#1082 = CARTESIAN_POINT('',(6.28318530718,0.));
#1083 = VECTOR('',#1084,1.);
#1084 = DIRECTION('',(0.,1.));
#1085 = ( GEOMETRIC_REPRESENTATION_CONTEXT(2) 
PARAMETRIC_REPRESENTATION_CONTEXT() REPRESENTATION_CONTEXT('2D SPACE',''
  ) );
#1086 = ORIENTED_EDGE('',*,*,#1087,.F.);
#1087 = EDGE_CURVE('',#1065,#1065,#1088,.T.);
#1088 = SURFACE_CURVE('',#1089,(#1094,#1101),.PCURVE_S1.);
#1089 = CIRCLE('',#1090,7.554496737906);
#1090 = AXIS2_PLACEMENT_3D('',#1091,#1092,#1093);
#1091 = CARTESIAN_POINT('',(41.72699524987,0.,0.));
#1092 = DIRECTION('',(1.,0.,0.));
#1093 = DIRECTION('',(-0.,1.,0.));
#1094 = PCURVE('',#1047,#1095);
#1095 = DEFINITIONAL_REPRESENTATION('',(#1096),#1100);
#1096 = LINE('',#1097,#1098);
#1097 = CARTESIAN_POINT('',(0.,7.24867526823E-02));
#1098 = VECTOR('',#1099,1.);
#1099 = DIRECTION('',(1.,0.));
#1100 = ( GEOMETRIC_REPRESENTATION_CONTEXT(2) 
PARAMETRIC_REPRESENTATION_CONTEXT() REPRESENTATION_CONTEXT('2D SPACE',''
  ) );
#1101 = PCURVE('',#1102,#1107);
#1102 = CONICAL_SURFACE('',#1103,7.554496737906,0.549778714378);
#1103 = AXIS2_PLACEMENT_3D('',#1104,#1105,#1106);
#1104 = CARTESIAN_POINT('',(41.72699524987,0.,0.));
#1105 = DIRECTION('',(1.,0.,0.));
#1106 = DIRECTION('',(-0.,1.,0.));
#1107 = DEFINITIONAL_REPRESENTATION('',(#1108),#1112);
#1108 = LINE('',#1109,#1110);
#1109 = CARTESIAN_POINT('',(0.,0.));
#1110 = VECTOR('',#1111,1.);
#1111 = DIRECTION('',(1.,0.));
#1112 = ( GEOMETRIC_REPRESENTATION_CONTEXT(2) 
PARAMETRIC_REPRESENTATION_CONTEXT() REPRESENTATION_CONTEXT('2D SPACE',''
  ) );
#1113 = ORIENTED_EDGE('',*,*,#1064,.F.);
#1114 = ADVANCED_FACE('',(#1115),#1102,.T.);
#1115 = FACE_BOUND('',#1116,.T.);
#1116 = EDGE_LOOP('',(#1117,#1118,#1141,#1168));
#1117 = ORIENTED_EDGE('',*,*,#1087,.T.);
#1118 = ORIENTED_EDGE('',*,*,#1119,.T.);
#1119 = EDGE_CURVE('',#1065,#1120,#1122,.T.);
#1120 = VERTEX_POINT('',#1121);
#1121 = CARTESIAN_POINT('',(41.793892626146,7.595491502813,0.));
#1122 = SEAM_CURVE('',#1123,(#1127,#1134),.PCURVE_S1.);
#1123 = LINE('',#1124,#1125);
#1124 = CARTESIAN_POINT('',(41.72699524987,7.554496737906,0.));
#1125 = VECTOR('',#1126,1.);
#1126 = DIRECTION('',(0.852640164354,0.522498564716,0.));
#1127 = PCURVE('',#1102,#1128);
#1128 = DEFINITIONAL_REPRESENTATION('',(#1129),#1133);
#1129 = LINE('',#1130,#1131);
#1130 = CARTESIAN_POINT('',(0.,0.));
#1131 = VECTOR('',#1132,1.);
#1132 = DIRECTION('',(0.,1.));
#1133 = ( GEOMETRIC_REPRESENTATION_CONTEXT(2) 
PARAMETRIC_REPRESENTATION_CONTEXT() REPRESENTATION_CONTEXT('2D SPACE',''
  ) );
#1134 = PCURVE('',#1102,#1135);
#1135 = DEFINITIONAL_REPRESENTATION('',(#1136),#1140);
#1136 = LINE('',#1137,#1138);
#1137 = CARTESIAN_POINT('',(6.28318530718,0.));
#1138 = VECTOR('',#1139,1.);
#1139 = DIRECTION('',(0.,1.));
#1140 = ( GEOMETRIC_REPRESENTATION_CONTEXT(2) 
PARAMETRIC_REPRESENTATION_CONTEXT() REPRESENTATION_CONTEXT('2D SPACE',''
  ) );
#1141 = ORIENTED_EDGE('',*,*,#1142,.F.);
#1142 = EDGE_CURVE('',#1120,#1120,#1143,.T.);
#1143 = SURFACE_CURVE('',#1144,(#1149,#1156),.PCURVE_S1.);
#1144 = CIRCLE('',#1145,7.595491502813);
#1145 = AXIS2_PLACEMENT_3D('',#1146,#1147,#1148);
#1146 = CARTESIAN_POINT('',(41.793892626146,0.,0.));
#1147 = DIRECTION('',(1.,0.,0.));
#1148 = DIRECTION('',(-0.,1.,0.));
#1149 = PCURVE('',#1102,#1150);
#1150 = DEFINITIONAL_REPRESENTATION('',(#1151),#1155);
#1151 = LINE('',#1152,#1153);
#1152 = CARTESIAN_POINT('',(0.,6.689737627647E-02));
#1153 = VECTOR('',#1154,1.);
#1154 = DIRECTION('',(1.,0.));
#1155 = ( GEOMETRIC_REPRESENTATION_CONTEXT(2) 
PARAMETRIC_REPRESENTATION_CONTEXT() REPRESENTATION_CONTEXT('2D SPACE',''
  ) );
#1156 = PCURVE('',#1157,#1162);
#1157 = CONICAL_SURFACE('',#1158,7.595491502813,0.706858347058);
#1158 = AXIS2_PLACEMENT_3D('',#1159,#1160,#1161);
#1159 = CARTESIAN_POINT('',(41.793892626146,0.,0.));
#1160 = DIRECTION('',(1.,0.,0.));
#1161 = DIRECTION('',(-0.,1.,0.));
#1162 = DEFINITIONAL_REPRESENTATION('',(#1163),#1167);
#1163 = LINE('',#1164,#1165);
#1164 = CARTESIAN_POINT('',(0.,0.));
#1165 = VECTOR('',#1166,1.);
#1166 = DIRECTION('',(1.,0.));
#1167 = ( GEOMETRIC_REPRESENTATION_CONTEXT(2) 
PARAMETRIC_REPRESENTATION_CONTEXT() REPRESENTATION_CONTEXT('2D SPACE',''
  ) );
#1168 = ORIENTED_EDGE('',*,*,#1119,.F.);
#1169 = ADVANCED_FACE('',(#1170),#1157,.T.);
#1170 = FACE_BOUND('',#1171,.T.);
#1171 = EDGE_LOOP('',(#1172,#1173,#1196,#1223));
#1172 = ORIENTED_EDGE('',*,*,#1142,.T.);
#1173 = ORIENTED_EDGE('',*,*,#1174,.T.);
#1174 = EDGE_CURVE('',#1120,#1175,#1177,.T.);
#1175 = VERTEX_POINT('',#1176);
#1176 = CARTESIAN_POINT('',(41.853553390593,7.646446609407,0.));
#1177 = SEAM_CURVE('',#1178,(#1182,#1189),.PCURVE_S1.);
#1178 = LINE('',#1179,#1180);
#1179 = CARTESIAN_POINT('',(41.793892626146,7.595491502813,0.));
#1180 = VECTOR('',#1181,1.);
#1181 = DIRECTION('',(0.7604059656,0.64944804833,0.));
#1182 = PCURVE('',#1157,#1183);
#1183 = DEFINITIONAL_REPRESENTATION('',(#1184),#1188);
#1184 = LINE('',#1185,#1186);
#1185 = CARTESIAN_POINT('',(0.,0.));
#1186 = VECTOR('',#1187,1.);
#1187 = DIRECTION('',(0.,1.));
#1188 = ( GEOMETRIC_REPRESENTATION_CONTEXT(2) 
PARAMETRIC_REPRESENTATION_CONTEXT() REPRESENTATION_CONTEXT('2D SPACE',''
  ) );
#1189 = PCURVE('',#1157,#1190);
#1190 = DEFINITIONAL_REPRESENTATION('',(#1191),#1195);
#1191 = LINE('',#1192,#1193);
#1192 = CARTESIAN_POINT('',(6.28318530718,0.));
#1193 = VECTOR('',#1194,1.);
#1194 = DIRECTION('',(0.,1.));
#1195 = ( GEOMETRIC_REPRESENTATION_CONTEXT(2) 
PARAMETRIC_REPRESENTATION_CONTEXT() REPRESENTATION_CONTEXT('2D SPACE',''
  ) );
#1196 = ORIENTED_EDGE('',*,*,#1197,.F.);
#1197 = EDGE_CURVE('',#1175,#1175,#1198,.T.);
#1198 = SURFACE_CURVE('',#1199,(#1204,#1211),.PCURVE_S1.);
#1199 = CIRCLE('',#1200,7.646446609407);
#1200 = AXIS2_PLACEMENT_3D('',#1201,#1202,#1203);
#1201 = CARTESIAN_POINT('',(41.853553390593,0.,0.));
#1202 = DIRECTION('',(1.,0.,0.));
#1203 = DIRECTION('',(-0.,1.,0.));
#1204 = PCURVE('',#1157,#1205);
#1205 = DEFINITIONAL_REPRESENTATION('',(#1206),#1210);
#1206 = LINE('',#1207,#1208);
#1207 = CARTESIAN_POINT('',(0.,5.966076444704E-02));
#1208 = VECTOR('',#1209,1.);
#1209 = DIRECTION('',(1.,0.));
#1210 = ( GEOMETRIC_REPRESENTATION_CONTEXT(2) 
PARAMETRIC_REPRESENTATION_CONTEXT() REPRESENTATION_CONTEXT('2D SPACE',''
  ) );
#1211 = PCURVE('',#1212,#1217);
#1212 = CONICAL_SURFACE('',#1213,7.646446609407,0.863937979737);
#1213 = AXIS2_PLACEMENT_3D('',#1214,#1215,#1216);
#1214 = CARTESIAN_POINT('',(41.853553390593,0.,0.));
#1215 = DIRECTION('',(1.,0.,0.));
#1216 = DIRECTION('',(-0.,1.,0.));
#1217 = DEFINITIONAL_REPRESENTATION('',(#1218),#1222);
#1218 = LINE('',#1219,#1220);
#1219 = CARTESIAN_POINT('',(0.,0.));
#1220 = VECTOR('',#1221,1.);
#1221 = DIRECTION('',(1.,0.));
#1222 = ( GEOMETRIC_REPRESENTATION_CONTEXT(2) 
PARAMETRIC_REPRESENTATION_CONTEXT() REPRESENTATION_CONTEXT('2D SPACE',''
  ) );
#1223 = ORIENTED_EDGE('',*,*,#1174,.F.);
#1224 = ADVANCED_FACE('',(#1225),#1212,.T.);
#1225 = FACE_BOUND('',#1226,.T.);
#1226 = EDGE_LOOP('',(#1227,#1228,#1251,#1278));
#1227 = ORIENTED_EDGE('',*,*,#1197,.T.);
#1228 = ORIENTED_EDGE('',*,*,#1229,.T.);
#1229 = EDGE_CURVE('',#1175,#1230,#1232,.T.);
#1230 = VERTEX_POINT('',#1231);
#1231 = CARTESIAN_POINT('',(41.904508497187,7.706107373854,0.));
#1232 = SEAM_CURVE('',#1233,(#1237,#1244),.PCURVE_S1.);
#1233 = LINE('',#1234,#1235);
#1234 = CARTESIAN_POINT('',(41.853553390593,7.646446609407,0.));
#1235 = VECTOR('',#1236,1.);
#1236 = DIRECTION('',(0.64944804833,0.7604059656,0.));
#1237 = PCURVE('',#1212,#1238);
#1238 = DEFINITIONAL_REPRESENTATION('',(#1239),#1243);
#1239 = LINE('',#1240,#1241);
#1240 = CARTESIAN_POINT('',(0.,0.));
#1241 = VECTOR('',#1242,1.);
#1242 = DIRECTION('',(0.,1.));
#1243 = ( GEOMETRIC_REPRESENTATION_CONTEXT(2) 
PARAMETRIC_REPRESENTATION_CONTEXT() REPRESENTATION_CONTEXT('2D SPACE',''
  ) );
#1244 = PCURVE('',#1212,#1245);
#1245 = DEFINITIONAL_REPRESENTATION('',(#1246),#1250);
#1246 = LINE('',#1247,#1248);
#1247 = CARTESIAN_POINT('',(6.28318530718,0.));
#1248 = VECTOR('',#1249,1.);
#1249 = DIRECTION('',(0.,1.));
#1250 = ( GEOMETRIC_REPRESENTATION_CONTEXT(2) 
PARAMETRIC_REPRESENTATION_CONTEXT() REPRESENTATION_CONTEXT('2D SPACE',''
  ) );
#1251 = ORIENTED_EDGE('',*,*,#1252,.F.);
#1252 = EDGE_CURVE('',#1230,#1230,#1253,.T.);
#1253 = SURFACE_CURVE('',#1254,(#1259,#1266),.PCURVE_S1.);
#1254 = CIRCLE('',#1255,7.706107373854);
#1255 = AXIS2_PLACEMENT_3D('',#1256,#1257,#1258);
#1256 = CARTESIAN_POINT('',(41.904508497187,0.,0.));
#1257 = DIRECTION('',(1.,0.,0.));
#1258 = DIRECTION('',(-0.,1.,0.));
#1259 = PCURVE('',#1212,#1260);
#1260 = DEFINITIONAL_REPRESENTATION('',(#1261),#1265);
#1261 = LINE('',#1262,#1263);
#1262 = CARTESIAN_POINT('',(0.,5.095510659419E-02));
#1263 = VECTOR('',#1264,1.);
#1264 = DIRECTION('',(1.,0.));
#1265 = ( GEOMETRIC_REPRESENTATION_CONTEXT(2) 
PARAMETRIC_REPRESENTATION_CONTEXT() REPRESENTATION_CONTEXT('2D SPACE',''
  ) );
#1266 = PCURVE('',#1267,#1272);
#1267 = CONICAL_SURFACE('',#1268,7.706107373854,1.021017612417);
#1268 = AXIS2_PLACEMENT_3D('',#1269,#1270,#1271);
#1269 = CARTESIAN_POINT('',(41.904508497187,0.,0.));
#1270 = DIRECTION('',(1.,0.,0.));
#1271 = DIRECTION('',(-0.,1.,0.));
#1272 = DEFINITIONAL_REPRESENTATION('',(#1273),#1277);
#1273 = LINE('',#1274,#1275);
#1274 = CARTESIAN_POINT('',(0.,0.));
#1275 = VECTOR('',#1276,1.);
#1276 = DIRECTION('',(1.,0.));
#1277 = ( GEOMETRIC_REPRESENTATION_CONTEXT(2) 
PARAMETRIC_REPRESENTATION_CONTEXT() REPRESENTATION_CONTEXT('2D SPACE',''
  ) );
#1278 = ORIENTED_EDGE('',*,*,#1229,.F.);
#1279 = ADVANCED_FACE('',(#1280),#1267,.T.);
#1280 = FACE_BOUND('',#1281,.T.);
#1281 = EDGE_LOOP('',(#1282,#1283,#1306,#1333));
#1282 = ORIENTED_EDGE('',*,*,#1252,.T.);
#1283 = ORIENTED_EDGE('',*,*,#1284,.T.);
#1284 = EDGE_CURVE('',#1230,#1285,#1287,.T.);
#1285 = VERTEX_POINT('',#1286);
#1286 = CARTESIAN_POINT('',(41.945503262094,7.77300475013,0.));
#1287 = SEAM_CURVE('',#1288,(#1292,#1299),.PCURVE_S1.);
#1288 = LINE('',#1289,#1290);
#1289 = CARTESIAN_POINT('',(41.904508497187,7.706107373854,0.));
#1290 = VECTOR('',#1291,1.);
#1291 = DIRECTION('',(0.522498564716,0.852640164354,0.));
#1292 = PCURVE('',#1267,#1293);
#1293 = DEFINITIONAL_REPRESENTATION('',(#1294),#1298);
#1294 = LINE('',#1295,#1296);
#1295 = CARTESIAN_POINT('',(0.,0.));
#1296 = VECTOR('',#1297,1.);
#1297 = DIRECTION('',(0.,1.));
#1298 = ( GEOMETRIC_REPRESENTATION_CONTEXT(2) 
PARAMETRIC_REPRESENTATION_CONTEXT() REPRESENTATION_CONTEXT('2D SPACE',''
  ) );
#1299 = PCURVE('',#1267,#1300);
#1300 = DEFINITIONAL_REPRESENTATION('',(#1301),#1305);
#1301 = LINE('',#1302,#1303);
#1302 = CARTESIAN_POINT('',(6.28318530718,0.));
#1303 = VECTOR('',#1304,1.);
#1304 = DIRECTION('',(0.,1.));
#1305 = ( GEOMETRIC_REPRESENTATION_CONTEXT(2) 
PARAMETRIC_REPRESENTATION_CONTEXT() REPRESENTATION_CONTEXT('2D SPACE',''
  ) );
#1306 = ORIENTED_EDGE('',*,*,#1307,.F.);
#1307 = EDGE_CURVE('',#1285,#1285,#1308,.T.);
#1308 = SURFACE_CURVE('',#1309,(#1314,#1321),.PCURVE_S1.);
#1309 = CIRCLE('',#1310,7.77300475013);
#1310 = AXIS2_PLACEMENT_3D('',#1311,#1312,#1313);
#1311 = CARTESIAN_POINT('',(41.945503262094,0.,0.));
#1312 = DIRECTION('',(1.,0.,0.));
#1313 = DIRECTION('',(-0.,1.,0.));
#1314 = PCURVE('',#1267,#1315);
#1315 = DEFINITIONAL_REPRESENTATION('',(#1316),#1320);
#1316 = LINE('',#1317,#1318);
#1317 = CARTESIAN_POINT('',(0.,4.099476490671E-02));
#1318 = VECTOR('',#1319,1.);
#1319 = DIRECTION('',(1.,0.));
#1320 = ( GEOMETRIC_REPRESENTATION_CONTEXT(2) 
PARAMETRIC_REPRESENTATION_CONTEXT() REPRESENTATION_CONTEXT('2D SPACE',''
  ) );
#1321 = PCURVE('',#1322,#1327);
#1322 = CONICAL_SURFACE('',#1323,7.77300475013,1.178097245096);
#1323 = AXIS2_PLACEMENT_3D('',#1324,#1325,#1326);
#1324 = CARTESIAN_POINT('',(41.945503262094,0.,0.));
#1325 = DIRECTION('',(1.,0.,0.));
#1326 = DIRECTION('',(-0.,1.,0.));
#1327 = DEFINITIONAL_REPRESENTATION('',(#1328),#1332);
#1328 = LINE('',#1329,#1330);
#1329 = CARTESIAN_POINT('',(0.,0.));
#1330 = VECTOR('',#1331,1.);
#1331 = DIRECTION('',(1.,0.));
#1332 = ( GEOMETRIC_REPRESENTATION_CONTEXT(2) 
PARAMETRIC_REPRESENTATION_CONTEXT() REPRESENTATION_CONTEXT('2D SPACE',''
  ) );
#1333 = ORIENTED_EDGE('',*,*,#1284,.F.);
#1334 = ADVANCED_FACE('',(#1335),#1322,.T.);
#1335 = FACE_BOUND('',#1336,.T.);
#1336 = EDGE_LOOP('',(#1337,#1338,#1361,#1388));
#1337 = ORIENTED_EDGE('',*,*,#1307,.T.);
#1338 = ORIENTED_EDGE('',*,*,#1339,.T.);
#1339 = EDGE_CURVE('',#1285,#1340,#1342,.T.);
#1340 = VERTEX_POINT('',#1341);
#1341 = CARTESIAN_POINT('',(41.975528258148,7.845491502813,0.));
#1342 = SEAM_CURVE('',#1343,(#1347,#1354),.PCURVE_S1.);
#1343 = LINE('',#1344,#1345);
#1344 = CARTESIAN_POINT('',(41.945503262094,7.77300475013,0.));
#1345 = VECTOR('',#1346,1.);
#1346 = DIRECTION('',(0.382683432365,0.923879532511,0.));
#1347 = PCURVE('',#1322,#1348);
#1348 = DEFINITIONAL_REPRESENTATION('',(#1349),#1353);
#1349 = LINE('',#1350,#1351);
#1350 = CARTESIAN_POINT('',(0.,0.));
#1351 = VECTOR('',#1352,1.);
#1352 = DIRECTION('',(0.,1.));
#1353 = ( GEOMETRIC_REPRESENTATION_CONTEXT(2) 
PARAMETRIC_REPRESENTATION_CONTEXT() REPRESENTATION_CONTEXT('2D SPACE',''
  ) );
#1354 = PCURVE('',#1322,#1355);
#1355 = DEFINITIONAL_REPRESENTATION('',(#1356),#1360);
#1356 = LINE('',#1357,#1358);
#1357 = CARTESIAN_POINT('',(6.28318530718,0.));
#1358 = VECTOR('',#1359,1.);
#1359 = DIRECTION('',(0.,1.));
#1360 = ( GEOMETRIC_REPRESENTATION_CONTEXT(2) 
PARAMETRIC_REPRESENTATION_CONTEXT() REPRESENTATION_CONTEXT('2D SPACE',''
  ) );
#1361 = ORIENTED_EDGE('',*,*,#1362,.F.);
#1362 = EDGE_CURVE('',#1340,#1340,#1363,.T.);
#1363 = SURFACE_CURVE('',#1364,(#1369,#1376),.PCURVE_S1.);
#1364 = CIRCLE('',#1365,7.845491502813);
#1365 = AXIS2_PLACEMENT_3D('',#1366,#1367,#1368);
#1366 = CARTESIAN_POINT('',(41.975528258148,0.,0.));
#1367 = DIRECTION('',(1.,0.,0.));
#1368 = DIRECTION('',(-0.,1.,0.));
#1369 = PCURVE('',#1322,#1370);
#1370 = DEFINITIONAL_REPRESENTATION('',(#1371),#1375);
#1371 = LINE('',#1372,#1373);
#1372 = CARTESIAN_POINT('',(0.,3.002499605339E-02));
#1373 = VECTOR('',#1374,1.);
#1374 = DIRECTION('',(1.,0.));
#1375 = ( GEOMETRIC_REPRESENTATION_CONTEXT(2) 
PARAMETRIC_REPRESENTATION_CONTEXT() REPRESENTATION_CONTEXT('2D SPACE',''
  ) );
#1376 = PCURVE('',#1377,#1382);
#1377 = CONICAL_SURFACE('',#1378,7.845491502813,1.335176877776);
#1378 = AXIS2_PLACEMENT_3D('',#1379,#1380,#1381);
#1379 = CARTESIAN_POINT('',(41.975528258148,0.,0.));
#1380 = DIRECTION('',(1.,0.,0.));
#1381 = DIRECTION('',(-0.,1.,0.));
#1382 = DEFINITIONAL_REPRESENTATION('',(#1383),#1387);
#1383 = LINE('',#1384,#1385);
#1384 = CARTESIAN_POINT('',(0.,0.));
#1385 = VECTOR('',#1386,1.);
#1386 = DIRECTION('',(1.,0.));
#1387 = ( GEOMETRIC_REPRESENTATION_CONTEXT(2) 
PARAMETRIC_REPRESENTATION_CONTEXT() REPRESENTATION_CONTEXT('2D SPACE',''
  ) );
#1388 = ORIENTED_EDGE('',*,*,#1339,.F.);
#1389 = ADVANCED_FACE('',(#1390),#1377,.T.);
#1390 = FACE_BOUND('',#1391,.T.);
#1391 = EDGE_LOOP('',(#1392,#1393,#1416,#1443));
#1392 = ORIENTED_EDGE('',*,*,#1362,.T.);
#1393 = ORIENTED_EDGE('',*,*,#1394,.T.);
#1394 = EDGE_CURVE('',#1340,#1395,#1397,.T.);
#1395 = VERTEX_POINT('',#1396);
#1396 = CARTESIAN_POINT('',(41.993844170298,7.92178276748,0.));
#1397 = SEAM_CURVE('',#1398,(#1402,#1409),.PCURVE_S1.);
#1398 = LINE('',#1399,#1400);
#1399 = CARTESIAN_POINT('',(41.975528258148,7.845491502813,0.));
#1400 = VECTOR('',#1401,1.);
#1401 = DIRECTION('',(0.233445363856,0.972369920398,0.));
#1402 = PCURVE('',#1377,#1403);
#1403 = DEFINITIONAL_REPRESENTATION('',(#1404),#1408);
#1404 = LINE('',#1405,#1406);
#1405 = CARTESIAN_POINT('',(0.,0.));
#1406 = VECTOR('',#1407,1.);
#1407 = DIRECTION('',(0.,1.));
#1408 = ( GEOMETRIC_REPRESENTATION_CONTEXT(2) 
PARAMETRIC_REPRESENTATION_CONTEXT() REPRESENTATION_CONTEXT('2D SPACE',''
  ) );
#1409 = PCURVE('',#1377,#1410);
#1410 = DEFINITIONAL_REPRESENTATION('',(#1411),#1415);
#1411 = LINE('',#1412,#1413);
#1412 = CARTESIAN_POINT('',(6.28318530718,0.));
#1413 = VECTOR('',#1414,1.);
#1414 = DIRECTION('',(0.,1.));
#1415 = ( GEOMETRIC_REPRESENTATION_CONTEXT(2) 
PARAMETRIC_REPRESENTATION_CONTEXT() REPRESENTATION_CONTEXT('2D SPACE',''
  ) );
#1416 = ORIENTED_EDGE('',*,*,#1417,.F.);
#1417 = EDGE_CURVE('',#1395,#1395,#1418,.T.);
#1418 = SURFACE_CURVE('',#1419,(#1424,#1431),.PCURVE_S1.);
#1419 = CIRCLE('',#1420,7.92178276748);
#1420 = AXIS2_PLACEMENT_3D('',#1421,#1422,#1423);
#1421 = CARTESIAN_POINT('',(41.993844170298,0.,0.));
#1422 = DIRECTION('',(1.,0.,0.));
#1423 = DIRECTION('',(-0.,1.,0.));
#1424 = PCURVE('',#1377,#1425);
#1425 = DEFINITIONAL_REPRESENTATION('',(#1426),#1430);
#1426 = LINE('',#1427,#1428);
#1427 = CARTESIAN_POINT('',(0.,1.831591214999E-02));
#1428 = VECTOR('',#1429,1.);
#1429 = DIRECTION('',(1.,0.));
#1430 = ( GEOMETRIC_REPRESENTATION_CONTEXT(2) 
PARAMETRIC_REPRESENTATION_CONTEXT() REPRESENTATION_CONTEXT('2D SPACE',''
  ) );
#1431 = PCURVE('',#1432,#1437);
#1432 = CONICAL_SURFACE('',#1433,7.92178276748,1.492256510455);
#1433 = AXIS2_PLACEMENT_3D('',#1434,#1435,#1436);
#1434 = CARTESIAN_POINT('',(41.993844170298,0.,0.));
#1435 = DIRECTION('',(1.,0.,0.));
#1436 = DIRECTION('',(-0.,1.,0.));
#1437 = DEFINITIONAL_REPRESENTATION('',(#1438),#1442);
#1438 = LINE('',#1439,#1440);
#1439 = CARTESIAN_POINT('',(0.,0.));
#1440 = VECTOR('',#1441,1.);
#1441 = DIRECTION('',(1.,0.));
#1442 = ( GEOMETRIC_REPRESENTATION_CONTEXT(2) 
PARAMETRIC_REPRESENTATION_CONTEXT() REPRESENTATION_CONTEXT('2D SPACE',''
  ) );
#1443 = ORIENTED_EDGE('',*,*,#1394,.F.);
#1444 = ADVANCED_FACE('',(#1445),#1432,.T.);
#1445 = FACE_BOUND('',#1446,.T.);
#1446 = EDGE_LOOP('',(#1447,#1448,#1471,#1498));
#1447 = ORIENTED_EDGE('',*,*,#1417,.T.);
#1448 = ORIENTED_EDGE('',*,*,#1449,.T.);
#1449 = EDGE_CURVE('',#1395,#1450,#1452,.T.);
#1450 = VERTEX_POINT('',#1451);
#1451 = CARTESIAN_POINT('',(42.,8.,0.));
#1452 = SEAM_CURVE('',#1453,(#1457,#1464),.PCURVE_S1.);
#1453 = LINE('',#1454,#1455);
#1454 = CARTESIAN_POINT('',(41.993844170298,7.92178276748,0.));
#1455 = VECTOR('',#1456,1.);
#1456 = DIRECTION('',(7.845909572782E-02,0.996917333733,0.));
#1457 = PCURVE('',#1432,#1458);
#1458 = DEFINITIONAL_REPRESENTATION('',(#1459),#1463);
#1459 = LINE('',#1460,#1461);
#1460 = CARTESIAN_POINT('',(0.,0.));
#1461 = VECTOR('',#1462,1.);
#1462 = DIRECTION('',(0.,1.));
#1463 = ( GEOMETRIC_REPRESENTATION_CONTEXT(2) 
PARAMETRIC_REPRESENTATION_CONTEXT() REPRESENTATION_CONTEXT('2D SPACE',''
  ) );
#1464 = PCURVE('',#1432,#1465);
#1465 = DEFINITIONAL_REPRESENTATION('',(#1466),#1470);
#1466 = LINE('',#1467,#1468);
#1467 = CARTESIAN_POINT('',(6.28318530718,0.));
#1468 = VECTOR('',#1469,1.);
#1469 = DIRECTION('',(0.,1.));
#1470 = ( GEOMETRIC_REPRESENTATION_CONTEXT(2) 
PARAMETRIC_REPRESENTATION_CONTEXT() REPRESENTATION_CONTEXT('2D SPACE',''
  ) );
#1471 = ORIENTED_EDGE('',*,*,#1472,.F.);
#1472 = EDGE_CURVE('',#1450,#1450,#1473,.T.);
#1473 = SURFACE_CURVE('',#1474,(#1479,#1486),.PCURVE_S1.);
#1474 = CIRCLE('',#1475,8.);
#1475 = AXIS2_PLACEMENT_3D('',#1476,#1477,#1478);
#1476 = CARTESIAN_POINT('',(42.,0.,0.));
#1477 = DIRECTION('',(1.,0.,0.));
#1478 = DIRECTION('',(-0.,1.,0.));
#1479 = PCURVE('',#1432,#1480);
#1480 = DEFINITIONAL_REPRESENTATION('',(#1481),#1485);
#1481 = LINE('',#1482,#1483);
#1482 = CARTESIAN_POINT('',(0.,6.155829702429E-03));
#1483 = VECTOR('',#1484,1.);
#1484 = DIRECTION('',(1.,0.));
#1485 = ( GEOMETRIC_REPRESENTATION_CONTEXT(2) 
PARAMETRIC_REPRESENTATION_CONTEXT() REPRESENTATION_CONTEXT('2D SPACE',''
  ) );
#1486 = PCURVE('',#1487,#1492);
#1487 = PLANE('',#1488);
#1488 = AXIS2_PLACEMENT_3D('',#1489,#1490,#1491);
#1489 = CARTESIAN_POINT('',(42.,0.,0.));
#1490 = DIRECTION('',(1.,0.,0.));
#1491 = DIRECTION('',(-0.,1.,0.));
#1492 = DEFINITIONAL_REPRESENTATION('',(#1493),#1497);
#1493 = CIRCLE('',#1494,8.);
#1494 = AXIS2_PLACEMENT_2D('',#1495,#1496);
#1495 = CARTESIAN_POINT('',(0.,0.));
#1496 = DIRECTION('',(1.,-0.));
#1497 = ( GEOMETRIC_REPRESENTATION_CONTEXT(2) 
PARAMETRIC_REPRESENTATION_CONTEXT() REPRESENTATION_CONTEXT('2D SPACE',''
  ) );
#1498 = ORIENTED_EDGE('',*,*,#1449,.F.);
#1499 = ADVANCED_FACE('',(#1500,#1503),#1487,.F.);
#1500 = FACE_BOUND('',#1501,.T.);
#1501 = EDGE_LOOP('',(#1502));
#1502 = ORIENTED_EDGE('',*,*,#1472,.T.);
#1503 = FACE_BOUND('',#1504,.T.);
#1504 = EDGE_LOOP('',(#1505));
#1505 = ORIENTED_EDGE('',*,*,#1506,.F.);
#1506 = EDGE_CURVE('',#1507,#1507,#1509,.T.);
#1507 = VERTEX_POINT('',#1508);
#1508 = CARTESIAN_POINT('',(42.,9.,0.));
#1509 = SURFACE_CURVE('',#1510,(#1515,#1522),.PCURVE_S1.);
#1510 = CIRCLE('',#1511,9.);
#1511 = AXIS2_PLACEMENT_3D('',#1512,#1513,#1514);
#1512 = CARTESIAN_POINT('',(42.,0.,0.));
#1513 = DIRECTION('',(1.,0.,0.));
#1514 = DIRECTION('',(-0.,1.,0.));
#1515 = PCURVE('',#1487,#1516);
#1516 = DEFINITIONAL_REPRESENTATION('',(#1517),#1521);
#1517 = CIRCLE('',#1518,9.);
#1518 = AXIS2_PLACEMENT_2D('',#1519,#1520);
#1519 = CARTESIAN_POINT('',(0.,0.));
#1520 = DIRECTION('',(1.,-0.));
#1521 = ( GEOMETRIC_REPRESENTATION_CONTEXT(2) 
PARAMETRIC_REPRESENTATION_CONTEXT() REPRESENTATION_CONTEXT('2D SPACE',''
  ) );
#1522 = PCURVE('',#1523,#1528);
#1523 = CYLINDRICAL_SURFACE('',#1524,9.);
#1524 = AXIS2_PLACEMENT_3D('',#1525,#1526,#1527);
#1525 = CARTESIAN_POINT('',(42.,0.,0.));
#1526 = DIRECTION('',(1.,0.,0.));
#1527 = DIRECTION('',(-0.,1.,0.));
#1528 = DEFINITIONAL_REPRESENTATION('',(#1529),#1533);
#1529 = LINE('',#1530,#1531);
#1530 = CARTESIAN_POINT('',(0.,0.));
#1531 = VECTOR('',#1532,1.);
#1532 = DIRECTION('',(1.,0.));
#1533 = ( GEOMETRIC_REPRESENTATION_CONTEXT(2) 
PARAMETRIC_REPRESENTATION_CONTEXT() REPRESENTATION_CONTEXT('2D SPACE',''
  ) );
#1534 = ADVANCED_FACE('',(#1535,#1589),#1523,.T.);
#1535 = FACE_BOUND('',#1536,.T.);
#1536 = EDGE_LOOP('',(#1537,#1560,#1561,#1562));
#1537 = ORIENTED_EDGE('',*,*,#1538,.F.);
#1538 = EDGE_CURVE('',#1507,#1539,#1541,.T.);
#1539 = VERTEX_POINT('',#1540);
#1540 = CARTESIAN_POINT('',(87.,9.,0.));
#1541 = SEAM_CURVE('',#1542,(#1546,#1553),.PCURVE_S1.);
#1542 = LINE('',#1543,#1544);
#1543 = CARTESIAN_POINT('',(42.,9.,0.));
#1544 = VECTOR('',#1545,1.);
#1545 = DIRECTION('',(1.,0.,0.));
#1546 = PCURVE('',#1523,#1547);
#1547 = DEFINITIONAL_REPRESENTATION('',(#1548),#1552);
#1548 = LINE('',#1549,#1550);
#1549 = CARTESIAN_POINT('',(0.,0.));
#1550 = VECTOR('',#1551,1.);
#1551 = DIRECTION('',(0.,1.));
#1552 = ( GEOMETRIC_REPRESENTATION_CONTEXT(2) 
PARAMETRIC_REPRESENTATION_CONTEXT() REPRESENTATION_CONTEXT('2D SPACE',''
  ) );
#1553 = PCURVE('',#1523,#1554);
#1554 = DEFINITIONAL_REPRESENTATION('',(#1555),#1559);
#1555 = LINE('',#1556,#1557);
#1556 = CARTESIAN_POINT('',(6.28318530718,0.));
#1557 = VECTOR('',#1558,1.);
#1558 = DIRECTION('',(0.,1.));
#1559 = ( GEOMETRIC_REPRESENTATION_CONTEXT(2) 
PARAMETRIC_REPRESENTATION_CONTEXT() REPRESENTATION_CONTEXT('2D SPACE',''
  ) );
#1560 = ORIENTED_EDGE('',*,*,#1506,.T.);
#1561 = ORIENTED_EDGE('',*,*,#1538,.T.);
#1562 = ORIENTED_EDGE('',*,*,#1563,.F.);
#1563 = EDGE_CURVE('',#1539,#1539,#1564,.T.);
#1564 = SURFACE_CURVE('',#1565,(#1570,#1577),.PCURVE_S1.);
#1565 = CIRCLE('',#1566,9.);
#1566 = AXIS2_PLACEMENT_3D('',#1567,#1568,#1569);
#1567 = CARTESIAN_POINT('',(87.,0.,0.));
#1568 = DIRECTION('',(1.,0.,0.));
#1569 = DIRECTION('',(-0.,1.,0.));
#1570 = PCURVE('',#1523,#1571);
#1571 = DEFINITIONAL_REPRESENTATION('',(#1572),#1576);
#1572 = LINE('',#1573,#1574);
#1573 = CARTESIAN_POINT('',(0.,45.));
#1574 = VECTOR('',#1575,1.);
#1575 = DIRECTION('',(1.,0.));
#1576 = ( GEOMETRIC_REPRESENTATION_CONTEXT(2) 
PARAMETRIC_REPRESENTATION_CONTEXT() REPRESENTATION_CONTEXT('2D SPACE',''
  ) );
#1577 = PCURVE('',#1578,#1583);
#1578 = PLANE('',#1579);
#1579 = AXIS2_PLACEMENT_3D('',#1580,#1581,#1582);
#1580 = CARTESIAN_POINT('',(87.,0.,0.));
#1581 = DIRECTION('',(1.,0.,0.));
#1582 = DIRECTION('',(-0.,1.,0.));
#1583 = DEFINITIONAL_REPRESENTATION('',(#1584),#1588);
#1584 = CIRCLE('',#1585,9.);
#1585 = AXIS2_PLACEMENT_2D('',#1586,#1587);
#1586 = CARTESIAN_POINT('',(0.,0.));
#1587 = DIRECTION('',(1.,0.));
#1588 = ( GEOMETRIC_REPRESENTATION_CONTEXT(2) 
PARAMETRIC_REPRESENTATION_CONTEXT() REPRESENTATION_CONTEXT('2D SPACE',''
  ) );
#1589 = FACE_BOUND('',#1590,.T.);
#1590 = EDGE_LOOP('',(#1591,#1780,#1806,#1993));
#1591 = ORIENTED_EDGE('',*,*,#1592,.T.);
#1592 = EDGE_CURVE('',#1593,#1595,#1597,.T.);
#1593 = VERTEX_POINT('',#1594);
#1594 = CARTESIAN_POINT('',(57.,-3.,8.485281374239));
#1595 = VERTEX_POINT('',#1596);
#1596 = CARTESIAN_POINT('',(57.,3.,8.485281374239));
#1597 = SURFACE_CURVE('',#1598,(#1655,#1715),.PCURVE_S1.);
#1598 = B_SPLINE_CURVE_WITH_KNOTS('',7,(#1599,#1600,#1601,#1602,#1603,
    #1604,#1605,#1606,#1607,#1608,#1609,#1610,#1611,#1612,#1613,#1614,
    #1615,#1616,#1617,#1618,#1619,#1620,#1621,#1622,#1623,#1624,#1625,
    #1626,#1627,#1628,#1629,#1630,#1631,#1632,#1633,#1634,#1635,#1636,
    #1637,#1638,#1639,#1640,#1641,#1642,#1643,#1644,#1645,#1646,#1647,
    #1648,#1649,#1650,#1651,#1652,#1653,#1654),.UNSPECIFIED.,.F.,.F.,(8,
    6,6,6,6,6,6,6,6,8),(0.,0.231963982684,0.289531103342,0.361810085595,
    0.445716641851,0.554303899659,0.638210455947,0.707934425751,
    0.765108165743,1.),.UNSPECIFIED.);
#1599 = CARTESIAN_POINT('',(57.,-3.,8.485281374239));
#1600 = CARTESIAN_POINT('',(56.725601572586,-3.,8.485281374239));
#1601 = CARTESIAN_POINT('',(56.451594746228,-2.970719156757,
    8.495633746839));
#1602 = CARTESIAN_POINT('',(56.180062083576,-2.912305347515,
    8.516285979135));
#1603 = CARTESIAN_POINT('',(55.91317870677,-2.824450764167,
    8.546631617028));
#1604 = CARTESIAN_POINT('',(55.653437105414,-2.706487890587,
    8.585492165667));
#1605 = CARTESIAN_POINT('',(55.403946668237,-2.557475067343,
    8.631024798514));
#1606 = CARTESIAN_POINT('',(55.110544047815,-2.331390163993,
    8.692916198554));
#1607 = CARTESIAN_POINT('',(55.053076650028,-2.284445209917,
    8.705475549082));
#1608 = CARTESIAN_POINT('',(54.996538436849,-2.235484522551,
    8.718249975968));
#1609 = CARTESIAN_POINT('',(54.940995827555,-2.184485489765,
    8.731197419867));
#1610 = CARTESIAN_POINT('',(54.886521968043,-2.131425855626,
    8.744272243714));
#1611 = CARTESIAN_POINT('',(54.833196730833,-2.076283720395,
    8.757425232724));
#1612 = CARTESIAN_POINT('',(54.715704567411,-1.947161518744,
    8.78714982005));
#1613 = CARTESIAN_POINT('',(54.652234928448,-1.871952619581,
    8.803739650874));
#1614 = CARTESIAN_POINT('',(54.590887359517,-1.793383213687,
    8.820264457885));
#1615 = CARTESIAN_POINT('',(54.531867550674,-1.711434342786,
    8.836605323931));
#1616 = CARTESIAN_POINT('',(54.475397627544,-1.62609617677,
    8.852633900756));
#1617 = CARTESIAN_POINT('',(54.42171645817,-1.537368470782,
    8.868213266085));
#1618 = CARTESIAN_POINT('',(54.312297530164,-1.338336179614,
    8.900595026271));
#1619 = CARTESIAN_POINT('',(54.257535397362,-1.226705369442,
    8.917215643063));
#1620 = CARTESIAN_POINT('',(54.207359727094,-1.110624797304,
    8.932787398673));
#1621 = CARTESIAN_POINT('',(54.162291958129,-0.990392133943,
    8.947039538623));
#1622 = CARTESIAN_POINT('',(54.122811279721,-0.866345639315,
    8.959713654305));
#1623 = CARTESIAN_POINT('',(54.089357108963,-0.738863286575,
    8.970573550925));
#1624 = CARTESIAN_POINT('',(54.027356597163,-0.439474139351,
    8.99085738277));
#1625 = CARTESIAN_POINT('',(54.00318106644,-0.265689960503,
    8.998908459363));
#1626 = CARTESIAN_POINT('',(53.990839137437,-8.890091660489E-02,
    9.003071587097));
#1627 = CARTESIAN_POINT('',(53.990839137437,8.890091660474E-02,
    9.003071587097));
#1628 = CARTESIAN_POINT('',(54.00318106644,0.265689960503,8.998908459363
    ));
#1629 = CARTESIAN_POINT('',(54.027356597163,0.439474139351,8.99085738277
    ));
#1630 = CARTESIAN_POINT('',(54.089357108974,0.738863286625,
    8.970573550921));
#1631 = CARTESIAN_POINT('',(54.122811279727,0.866345639318,
    8.959713654303));
#1632 = CARTESIAN_POINT('',(54.162291958119,0.990392133905,
    8.947039538626));
#1633 = CARTESIAN_POINT('',(54.207359727078,1.11062479727,8.932787398678
    ));
#1634 = CARTESIAN_POINT('',(54.25753539736,1.226705369449,8.917215643063
    ));
#1635 = CARTESIAN_POINT('',(54.312297530186,1.338336179655,
    8.900595026264));
#1636 = CARTESIAN_POINT('',(54.419926492649,1.534112535585,
    8.868742993759));
#1637 = CARTESIAN_POINT('',(54.471607928142,1.619822049623,
    8.853734108965));
#1638 = CARTESIAN_POINT('',(54.525894171966,1.702379176177,
    8.838302085704));
#1639 = CARTESIAN_POINT('',(54.582569640309,1.781782428748,
    8.822570300966));
#1640 = CARTESIAN_POINT('',(54.641433005629,1.858038853331,
    8.806654786461));
#1641 = CARTESIAN_POINT('',(54.702296942356,1.931163659182,
    8.790663465733));
#1642 = CARTESIAN_POINT('',(54.816394511593,2.058593210807,
    8.761601550808));
#1643 = CARTESIAN_POINT('',(54.869038953055,2.1139266274,8.748521033383)
  );
#1644 = CARTESIAN_POINT('',(54.922834926633,2.167200868472,
    8.735506271697));
#1645 = CARTESIAN_POINT('',(54.977702843747,2.218437190232,
    8.722606171898));
#1646 = CARTESIAN_POINT('',(55.03356979758,2.267657335978,8.709866113581
    ));
#1647 = CARTESIAN_POINT('',(55.090369563075,2.314883536097,8.69732794979
    ));
#1648 = CARTESIAN_POINT('',(55.384985723535,2.546063434039,
    8.634505302201));
#1649 = CARTESIAN_POINT('',(55.636988325616,2.698965893674,
    8.587967936832));
#1650 = CARTESIAN_POINT('',(55.899655628992,2.819968978319,
    8.548179064054));
#1651 = CARTESIAN_POINT('',(56.169736695458,2.910068083237,
    8.517076965159));
#1652 = CARTESIAN_POINT('',(56.444640059997,2.969969849536,8.49589866836
    ));
#1653 = CARTESIAN_POINT('',(56.722112648832,3.,8.485281374239));
#1654 = CARTESIAN_POINT('',(57.,3.,8.485281374239));
#1655 = PCURVE('',#1523,#1656);
#1656 = DEFINITIONAL_REPRESENTATION('',(#1657),#1714);
#1657 = B_SPLINE_CURVE_WITH_KNOTS('',7,(#1658,#1659,#1660,#1661,#1662,
    #1663,#1664,#1665,#1666,#1667,#1668,#1669,#1670,#1671,#1672,#1673,
    #1674,#1675,#1676,#1677,#1678,#1679,#1680,#1681,#1682,#1683,#1684,
    #1685,#1686,#1687,#1688,#1689,#1690,#1691,#1692,#1693,#1694,#1695,
    #1696,#1697,#1698,#1699,#1700,#1701,#1702,#1703,#1704,#1705,#1706,
    #1707,#1708,#1709,#1710,#1711,#1712,#1713),.UNSPECIFIED.,.F.,.F.,(8,
    6,6,6,6,6,6,6,6,8),(0.,0.231963982684,0.289531103342,0.361810085595,
    0.445716641851,0.554303899659,0.638210455947,0.707934425751,
    0.765108165743,1.),.UNSPECIFIED.);
#1658 = CARTESIAN_POINT('',(1.910633236249,15.));
#1659 = CARTESIAN_POINT('',(1.910633236249,14.725601572586));
#1660 = CARTESIAN_POINT('',(1.90718245668,14.451594746228));
#1661 = CARTESIAN_POINT('',(1.900298318018,14.180062083576));
#1662 = CARTESIAN_POINT('',(1.889971095953,13.91317870677));
#1663 = CARTESIAN_POINT('',(1.876174343751,13.653437105414));
#1664 = CARTESIAN_POINT('',(1.858869114969,13.403946668237));
#1665 = CARTESIAN_POINT('',(1.832824298674,13.110544047815));
#1666 = CARTESIAN_POINT('',(1.827424828045,13.053076650028));
#1667 = CARTESIAN_POINT('',(1.821802814556,12.996538436849));
#1668 = CARTESIAN_POINT('',(1.815956749038,12.940995827555));
#1669 = CARTESIAN_POINT('',(1.809885144852,12.886521968043));
#1670 = CARTESIAN_POINT('',(1.803586537886,12.833196730833));
#1671 = CARTESIAN_POINT('',(1.788864381051,12.715704567411));
#1672 = CARTESIAN_POINT('',(1.780307307861,12.652234928448));
#1673 = CARTESIAN_POINT('',(1.771387083792,12.590887359517));
#1674 = CARTESIAN_POINT('',(1.762103364607,12.531867550674));
#1675 = CARTESIAN_POINT('',(1.752456588696,12.475397627544));
#1676 = CARTESIAN_POINT('',(1.742447920738,12.42171645817));
#1677 = CARTESIAN_POINT('',(1.720042445404,12.312297530164));
#1678 = CARTESIAN_POINT('',(1.707503420003,12.257535397362));
#1679 = CARTESIAN_POINT('',(1.694492302506,12.207359727094));
#1680 = CARTESIAN_POINT('',(1.681042581629,12.162291958129));
#1681 = CARTESIAN_POINT('',(1.667190928031,12.122811279721));
#1682 = CARTESIAN_POINT('',(1.652977070865,12.089357108963));
#1683 = CARTESIAN_POINT('',(1.619635350566,12.027356597163));
#1684 = CARTESIAN_POINT('',(1.600309672496,12.00318106644));
#1685 = CARTESIAN_POINT('',(1.580669310819,11.990839137437));
#1686 = CARTESIAN_POINT('',(1.560923342771,11.990839137437));
#1687 = CARTESIAN_POINT('',(1.541282981094,12.00318106644));
#1688 = CARTESIAN_POINT('',(1.521957303024,12.027356597163));
#1689 = CARTESIAN_POINT('',(1.48861558272,12.089357108974));
#1690 = CARTESIAN_POINT('',(1.474401725558,12.122811279727));
#1691 = CARTESIAN_POINT('',(1.460550071965,12.162291958119));
#1692 = CARTESIAN_POINT('',(1.447100351087,12.207359727078));
#1693 = CARTESIAN_POINT('',(1.434089233586,12.25753539736));
#1694 = CARTESIAN_POINT('',(1.421550208181,12.312297530186));
#1695 = CARTESIAN_POINT('',(1.399511260189,12.419926492649));
#1696 = CARTESIAN_POINT('',(1.389843773684,12.471607928142));
#1697 = CARTESIAN_POINT('',(1.380512822311,12.525894171966));
#1698 = CARTESIAN_POINT('',(1.371519628701,12.582569640309));
#1699 = CARTESIAN_POINT('',(1.36286476546,12.641433005629));
#1700 = CARTESIAN_POINT('',(1.35454810612,12.702296942356));
#1701 = CARTESIAN_POINT('',(1.340025715775,12.816394511593));
#1702 = CARTESIAN_POINT('',(1.33370829232,12.869038953055));
#1703 = CARTESIAN_POINT('',(1.327615122478,12.922834926633));
#1704 = CARTESIAN_POINT('',(1.321744788048,12.977702843747));
#1705 = CARTESIAN_POINT('',(1.31609583588,13.03356979758));
#1706 = CARTESIAN_POINT('',(1.310666777877,13.090369563075));
#1707 = CARTESIAN_POINT('',(1.284048574169,13.384985723535));
#1708 = CARTESIAN_POINT('',(1.266297991015,13.636988325616));
#1709 = CARTESIAN_POINT('',(1.252148364152,13.899655628992));
#1710 = CARTESIAN_POINT('',(1.241558000459,14.169736695458));
#1711 = CARTESIAN_POINT('',(1.234498503456,14.444640059997));
#1712 = CARTESIAN_POINT('',(1.230959417341,14.722112648832));
#1713 = CARTESIAN_POINT('',(1.230959417341,15.));
#1714 = ( GEOMETRIC_REPRESENTATION_CONTEXT(2) 
PARAMETRIC_REPRESENTATION_CONTEXT() REPRESENTATION_CONTEXT('2D SPACE',''
  ) );
#1715 = PCURVE('',#1716,#1721);
#1716 = CYLINDRICAL_SURFACE('',#1717,3.);
#1717 = AXIS2_PLACEMENT_3D('',#1718,#1719,#1720);
#1718 = CARTESIAN_POINT('',(57.,0.,5.5));
#1719 = DIRECTION('',(0.,0.,-1.));
#1720 = DIRECTION('',(0.,-1.,0.));
#1721 = DEFINITIONAL_REPRESENTATION('',(#1722),#1779);
#1722 = B_SPLINE_CURVE_WITH_KNOTS('',7,(#1723,#1724,#1725,#1726,#1727,
    #1728,#1729,#1730,#1731,#1732,#1733,#1734,#1735,#1736,#1737,#1738,
    #1739,#1740,#1741,#1742,#1743,#1744,#1745,#1746,#1747,#1748,#1749,
    #1750,#1751,#1752,#1753,#1754,#1755,#1756,#1757,#1758,#1759,#1760,
    #1761,#1762,#1763,#1764,#1765,#1766,#1767,#1768,#1769,#1770,#1771,
    #1772,#1773,#1774,#1775,#1776,#1777,#1778),.UNSPECIFIED.,.F.,.F.,(8,
    6,6,6,6,6,6,6,6,8),(0.,0.231963982684,0.289531103342,0.361810085595,
    0.445716641851,0.554303899659,0.638210455947,0.707934425751,
    0.765108165743,1.),.UNSPECIFIED.);
#1723 = CARTESIAN_POINT('',(0.,-2.985281374239));
#1724 = CARTESIAN_POINT('',(9.146614247134E-02,-2.985281374239));
#1725 = CARTESIAN_POINT('',(0.182801682173,-2.995633746839));
#1726 = CARTESIAN_POINT('',(0.27456273238,-3.016285979135));
#1727 = CARTESIAN_POINT('',(0.367256730126,-3.046631617028));
#1728 = CARTESIAN_POINT('',(0.461419474991,-3.085492165667));
#1729 = CARTESIAN_POINT('',(0.557612288283,-3.131024798514));
#1730 = CARTESIAN_POINT('',(0.681080449358,-3.192916198554));
#1731 = CARTESIAN_POINT('',(0.705805510363,-3.205475549082));
#1732 = CARTESIAN_POINT('',(0.730719277854,-3.218249975968));
#1733 = CARTESIAN_POINT('',(0.755834629252,-3.231197419867));
#1734 = CARTESIAN_POINT('',(0.781164648119,-3.244272243714));
#1735 = CARTESIAN_POINT('',(0.806722624155,-3.257425232724));
#1736 = CARTESIAN_POINT('',(0.864914788027,-3.28714982005));
#1737 = CARTESIAN_POINT('',(0.897695663812,-3.303739650874));
#1738 = CARTESIAN_POINT('',(0.930884571776,-3.320264457885));
#1739 = CARTESIAN_POINT('',(0.964501454301,-3.336605323931));
#1740 = CARTESIAN_POINT('',(0.998567322158,-3.352633900756));
#1741 = CARTESIAN_POINT('',(1.033105271726,-3.368213266085));
#1742 = CARTESIAN_POINT('',(1.108814037352,-3.400595026271));
#1743 = CARTESIAN_POINT('',(1.150215551623,-3.417215643063));
#1744 = CARTESIAN_POINT('',(1.192290369653,-3.432787398673));
#1745 = CARTESIAN_POINT('',(1.234995184264,-3.447039538623));
#1746 = CARTESIAN_POINT('',(1.278296711025,-3.459713654305));
#1747 = CARTESIAN_POINT('',(1.322169342804,-3.470573550925));
#1748 = CARTESIAN_POINT('',(1.424083208908,-3.49085738277));
#1749 = CARTESIAN_POINT('',(1.482441810092,-3.498908459363));
#1750 = CARTESIAN_POINT('',(1.541291853994,-3.503071587097));
#1751 = CARTESIAN_POINT('',(1.600300799596,-3.503071587097));
#1752 = CARTESIAN_POINT('',(1.659150843498,-3.498908459363));
#1753 = CARTESIAN_POINT('',(1.717509444682,-3.49085738277));
#1754 = CARTESIAN_POINT('',(1.819423310803,-3.470573550921));
#1755 = CARTESIAN_POINT('',(1.863295942566,-3.459713654303));
#1756 = CARTESIAN_POINT('',(1.906597469312,-3.447039538626));
#1757 = CARTESIAN_POINT('',(1.949302283924,-3.432787398678));
#1758 = CARTESIAN_POINT('',(1.991377101969,-3.417215643063));
#1759 = CARTESIAN_POINT('',(2.032778616253,-3.400595026264));
#1760 = CARTESIAN_POINT('',(2.10724887512,-3.368742993759));
#1761 = CARTESIAN_POINT('',(2.140584073124,-3.353734108965));
#1762 = CARTESIAN_POINT('',(2.173479747179,-3.338302085704));
#1763 = CARTESIAN_POINT('',(2.205956237494,-3.322570300966));
#1764 = CARTESIAN_POINT('',(2.238032064028,-3.306654786461));
#1765 = CARTESIAN_POINT('',(2.26972476783,-3.290663465733));
#1766 = CARTESIAN_POINT('',(2.326739917798,-3.261601550808));
#1767 = CARTESIAN_POINT('',(2.352186966013,-3.248521033383));
#1768 = CARTESIAN_POINT('',(2.377406131768,-3.235506271697));
#1769 = CARTESIAN_POINT('',(2.402410465241,-3.222606171898));
#1770 = CARTESIAN_POINT('',(2.427212832045,-3.209866113581));
#1771 = CARTESIAN_POINT('',(2.45182591323,-3.19732794979));
#1772 = CARTESIAN_POINT('',(2.576655943101,-3.134505302201));
#1773 = CARTESIAN_POINT('',(2.674203759513,-3.087967936832));
#1774 = CARTESIAN_POINT('',(2.769636528338,-3.048179064054));
#1775 = CARTESIAN_POINT('',(2.863539810521,-3.017076965159));
#1776 = CARTESIAN_POINT('',(2.956472751222,-2.99589866836));
#1777 = CARTESIAN_POINT('',(3.048963536534,-2.985281374239));
#1778 = CARTESIAN_POINT('',(3.14159265359,-2.985281374239));
#1779 = ( GEOMETRIC_REPRESENTATION_CONTEXT(2) 
PARAMETRIC_REPRESENTATION_CONTEXT() REPRESENTATION_CONTEXT('2D SPACE',''
  ) );
#1780 = ORIENTED_EDGE('',*,*,#1781,.T.);
#1781 = EDGE_CURVE('',#1595,#1782,#1784,.T.);
#1782 = VERTEX_POINT('',#1783);
#1783 = CARTESIAN_POINT('',(71.,3.,8.485281374239));
#1784 = SURFACE_CURVE('',#1785,(#1789,#1795),.PCURVE_S1.);
#1785 = LINE('',#1786,#1787);
#1786 = CARTESIAN_POINT('',(42.,3.,8.485281374239));
#1787 = VECTOR('',#1788,1.);
#1788 = DIRECTION('',(1.,0.,0.));
#1789 = PCURVE('',#1523,#1790);
#1790 = DEFINITIONAL_REPRESENTATION('',(#1791),#1794);
#1791 = B_SPLINE_CURVE_WITH_KNOTS('',1,(#1792,#1793),.UNSPECIFIED.,.F.,
  .F.,(2,2),(13.6,30.4),.PIECEWISE_BEZIER_KNOTS.);
#1792 = CARTESIAN_POINT('',(1.230959417341,13.6));
#1793 = CARTESIAN_POINT('',(1.230959417341,30.4));
#1794 = ( GEOMETRIC_REPRESENTATION_CONTEXT(2) 
PARAMETRIC_REPRESENTATION_CONTEXT() REPRESENTATION_CONTEXT('2D SPACE',''
  ) );
#1795 = PCURVE('',#1796,#1801);
#1796 = PLANE('',#1797);
#1797 = AXIS2_PLACEMENT_3D('',#1798,#1799,#1800);
#1798 = CARTESIAN_POINT('',(57.,3.,5.5));
#1799 = DIRECTION('',(0.,1.,0.));
#1800 = DIRECTION('',(1.,0.,0.));
#1801 = DEFINITIONAL_REPRESENTATION('',(#1802),#1805);
#1802 = B_SPLINE_CURVE_WITH_KNOTS('',1,(#1803,#1804),.UNSPECIFIED.,.F.,
  .F.,(2,2),(13.6,30.4),.PIECEWISE_BEZIER_KNOTS.);
#1803 = CARTESIAN_POINT('',(-1.4,-2.985281374239));
#1804 = CARTESIAN_POINT('',(15.4,-2.985281374239));
#1805 = ( GEOMETRIC_REPRESENTATION_CONTEXT(2) 
PARAMETRIC_REPRESENTATION_CONTEXT() REPRESENTATION_CONTEXT('2D SPACE',''
  ) );
#1806 = ORIENTED_EDGE('',*,*,#1807,.T.);
#1807 = EDGE_CURVE('',#1782,#1808,#1810,.T.);
#1808 = VERTEX_POINT('',#1809);
#1809 = CARTESIAN_POINT('',(71.,-3.,8.485281374239));
#1810 = SURFACE_CURVE('',#1811,(#1868,#1928),.PCURVE_S1.);
#1811 = B_SPLINE_CURVE_WITH_KNOTS('',7,(#1812,#1813,#1814,#1815,#1816,
    #1817,#1818,#1819,#1820,#1821,#1822,#1823,#1824,#1825,#1826,#1827,
    #1828,#1829,#1830,#1831,#1832,#1833,#1834,#1835,#1836,#1837,#1838,
    #1839,#1840,#1841,#1842,#1843,#1844,#1845,#1846,#1847,#1848,#1849,
    #1850,#1851,#1852,#1853,#1854,#1855,#1856,#1857,#1858,#1859,#1860,
    #1861,#1862,#1863,#1864,#1865,#1866,#1867),.UNSPECIFIED.,.F.,.F.,(8,
    6,6,6,6,6,6,6,6,8),(0.,0.232300195324,0.289950754771,0.416148085424,
    0.500464240746,0.584789353449,0.638601423379,0.708249845463,
    0.76536183999,1.),.UNSPECIFIED.);
#1812 = CARTESIAN_POINT('',(71.,3.,8.485281374239));
#1813 = CARTESIAN_POINT('',(71.274398427414,3.,8.485281374239));
#1814 = CARTESIAN_POINT('',(71.548405253771,2.970719156758,
    8.495633746839));
#1815 = CARTESIAN_POINT('',(71.819937916425,2.912305347515,
    8.516285979135));
#1816 = CARTESIAN_POINT('',(72.086821293229,2.824450764167,
    8.546631617028));
#1817 = CARTESIAN_POINT('',(72.346562894587,2.706487890587,
    8.585492165667));
#1818 = CARTESIAN_POINT('',(72.596053331763,2.557475067343,
    8.631024798514));
#1819 = CARTESIAN_POINT('',(72.889455952185,2.331390163993,
    8.692916198554));
#1820 = CARTESIAN_POINT('',(72.946923349972,2.284445209917,
    8.705475549082));
#1821 = CARTESIAN_POINT('',(73.003461563151,2.235484522551,
    8.718249975968));
#1822 = CARTESIAN_POINT('',(73.059004172445,2.184485489765,
    8.731197419867));
#1823 = CARTESIAN_POINT('',(73.113478031957,2.131425855626,
    8.744272243714));
#1824 = CARTESIAN_POINT('',(73.166803269167,2.076283720395,
    8.757425232724));
#1825 = CARTESIAN_POINT('',(73.332918560784,1.893725398574,
    8.799451086603));
#1826 = CARTESIAN_POINT('',(73.441312535427,1.758015151778,
    8.828492765372));
#1827 = CARTESIAN_POINT('',(73.542841345285,1.611888984499,
    8.857105970559));
#1828 = CARTESIAN_POINT('',(73.636209147247,1.455437835509,
    8.884578209872));
#1829 = CARTESIAN_POINT('',(73.72004588276,1.288877749479,8.910123878836
    ));
#1830 = CARTESIAN_POINT('',(73.792890487823,1.112570856993,8.93291513475
    ));
#1831 = CARTESIAN_POINT('',(73.893443765851,0.803099688598,
    8.964962887571));
#1832 = CARTESIAN_POINT('',(73.928092848063,0.675084535151,
    8.976195938164));
#1833 = CARTESIAN_POINT('',(73.956481863275,0.54370355694,8.985527167356
    ));
#1834 = CARTESIAN_POINT('',(73.978127931162,0.409707232934,
    8.992709280917));
#1835 = CARTESIAN_POINT('',(73.992696446348,0.273883404893,
    8.997565494652));
#1836 = CARTESIAN_POINT('',(74.,0.137042063118,9.));
#1837 = CARTESIAN_POINT('',(74.,-0.13705662187,9.));
#1838 = CARTESIAN_POINT('',(73.992694893095,-0.273899014625,
    8.997564978101));
#1839 = CARTESIAN_POINT('',(73.978125872109,-0.409715692122,
    8.992708593893));
#1840 = CARTESIAN_POINT('',(73.956481209966,-0.543701945851,
    8.985526961538));
#1841 = CARTESIAN_POINT('',(73.928094764528,-0.675075040206,
    8.976196582752));
#1842 = CARTESIAN_POINT('',(73.893447146282,-0.803089284701,
    8.964963964963));
#1843 = CARTESIAN_POINT('',(73.827466400461,-1.006157139884,
    8.943934967455));
#1844 = CARTESIAN_POINT('',(73.799447508676,-1.083683756495,
    8.935082301445));
#1845 = CARTESIAN_POINT('',(73.769233217969,-1.159556935257,
    8.925632671918));
#1846 = CARTESIAN_POINT('',(73.73694633919,-1.233709169694,
    8.915652057884));
#1847 = CARTESIAN_POINT('',(73.702712376316,-1.306079345109,
    8.905207775691));
#1848 = CARTESIAN_POINT('',(73.666659753168,-1.376612739137,
    8.894367582654));
#1849 = CARTESIAN_POINT('',(73.580073908281,-1.534111806296,
    8.868743112411));
#1850 = CARTESIAN_POINT('',(73.5283926026,-1.619821214812,8.853734262303
    ));
#1851 = CARTESIAN_POINT('',(73.474106263438,-1.702378590984,
    8.838302205862));
#1852 = CARTESIAN_POINT('',(73.417430551176,-1.781782227548,
    8.822570348802));
#1853 = CARTESIAN_POINT('',(73.358566910383,-1.858038984872,
    8.806654760722));
#1854 = CARTESIAN_POINT('',(73.297702833982,-1.931163908978,
    8.790663408764));
#1855 = CARTESIAN_POINT('',(73.183605488407,-2.058593210807,
    8.761601550808));
#1856 = CARTESIAN_POINT('',(73.130961046945,-2.1139266274,8.748521033382
    ));
#1857 = CARTESIAN_POINT('',(73.077165073367,-2.167200868472,
    8.735506271697));
#1858 = CARTESIAN_POINT('',(73.022297156252,-2.218437190232,
    8.722606171898));
#1859 = CARTESIAN_POINT('',(72.96643020242,-2.267657335978,
    8.709866113581));
#1860 = CARTESIAN_POINT('',(72.909630436925,-2.314883536097,
    8.69732794979));
#1861 = CARTESIAN_POINT('',(72.615014276465,-2.546063434039,
    8.634505302201));
#1862 = CARTESIAN_POINT('',(72.363011674383,-2.698965893675,
    8.587967936832));
#1863 = CARTESIAN_POINT('',(72.100344371009,-2.819968978319,
    8.548179064055));
#1864 = CARTESIAN_POINT('',(71.83026330454,-2.910068083238,
    8.517076965159));
#1865 = CARTESIAN_POINT('',(71.555359940003,-2.969969849536,
    8.49589866836));
#1866 = CARTESIAN_POINT('',(71.277887351168,-3.,8.485281374239));
#1867 = CARTESIAN_POINT('',(71.,-3.,8.485281374239));
#1868 = PCURVE('',#1523,#1869);
#1869 = DEFINITIONAL_REPRESENTATION('',(#1870),#1927);
#1870 = B_SPLINE_CURVE_WITH_KNOTS('',7,(#1871,#1872,#1873,#1874,#1875,
    #1876,#1877,#1878,#1879,#1880,#1881,#1882,#1883,#1884,#1885,#1886,
    #1887,#1888,#1889,#1890,#1891,#1892,#1893,#1894,#1895,#1896,#1897,
    #1898,#1899,#1900,#1901,#1902,#1903,#1904,#1905,#1906,#1907,#1908,
    #1909,#1910,#1911,#1912,#1913,#1914,#1915,#1916,#1917,#1918,#1919,
    #1920,#1921,#1922,#1923,#1924,#1925,#1926),.UNSPECIFIED.,.F.,.F.,(8,
    6,6,6,6,6,6,6,6,8),(0.,0.232300195324,0.289950754771,0.416148085424,
    0.500464240746,0.584789353449,0.638601423379,0.708249845463,
    0.76536183999,1.),.UNSPECIFIED.);
#1871 = CARTESIAN_POINT('',(1.230959417341,29.));
#1872 = CARTESIAN_POINT('',(1.230959417341,29.274398427414));
#1873 = CARTESIAN_POINT('',(1.23441019691,29.548405253771));
#1874 = CARTESIAN_POINT('',(1.241294335572,29.819937916425));
#1875 = CARTESIAN_POINT('',(1.251621557636,30.086821293229));
#1876 = CARTESIAN_POINT('',(1.265418309839,30.346562894587));
#1877 = CARTESIAN_POINT('',(1.282723538621,30.596053331763));
#1878 = CARTESIAN_POINT('',(1.308768354915,30.889455952185));
#1879 = CARTESIAN_POINT('',(1.314167825544,30.946923349972));
#1880 = CARTESIAN_POINT('',(1.319789839034,31.003461563151));
#1881 = CARTESIAN_POINT('',(1.325635904551,31.059004172445));
#1882 = CARTESIAN_POINT('',(1.331707508737,31.113478031957));
#1883 = CARTESIAN_POINT('',(1.338006115704,31.166803269167));
#1884 = CARTESIAN_POINT('',(1.358820911386,31.332918560784));
#1885 = CARTESIAN_POINT('',(1.374239386761,31.441312535427));
#1886 = CARTESIAN_POINT('',(1.390779800574,31.542841345285));
#1887 = CARTESIAN_POINT('',(1.40842262116,31.636209147247));
#1888 = CARTESIAN_POINT('',(1.42713778926,31.72004588276));
#1889 = CARTESIAN_POINT('',(1.446884082885,31.792890487823));
#1890 = CARTESIAN_POINT('',(1.48145365177,31.893443765851));
#1891 = CARTESIAN_POINT('',(1.495730462766,31.928092848063));
#1892 = CARTESIAN_POINT('',(1.510361824369,31.956481863275));
#1893 = CARTESIAN_POINT('',(1.525267540275,31.978127931162));
#1894 = CARTESIAN_POINT('',(1.540364835116,31.992696446348));
#1895 = CARTESIAN_POINT('',(1.555569430893,32.));
#1896 = CARTESIAN_POINT('',(1.586024840336,32.));
#1897 = CARTESIAN_POINT('',(1.601229553102,31.992694893095));
#1898 = CARTESIAN_POINT('',(1.616326054902,31.978125872109));
#1899 = CARTESIAN_POINT('',(1.631230652102,31.956481209966));
#1900 = CARTESIAN_POINT('',(1.645861134338,31.928094764528));
#1901 = CARTESIAN_POINT('',(1.660137839649,31.893447146282));
#1902 = CARTESIAN_POINT('',(1.682821594794,31.827466400461));
#1903 = CARTESIAN_POINT('',(1.691491161685,31.799447508676));
#1904 = CARTESIAN_POINT('',(1.699985952147,31.769233217969));
#1905 = CARTESIAN_POINT('',(1.708298681537,31.73694633919));
#1906 = CARTESIAN_POINT('',(1.716422561879,31.702712376316));
#1907 = CARTESIAN_POINT('',(1.724351316619,31.666659753168));
#1908 = CARTESIAN_POINT('',(1.742081311303,31.580073908281));
#1909 = CARTESIAN_POINT('',(1.751748785609,31.5283926026));
#1910 = CARTESIAN_POINT('',(1.761079764922,31.474106263438));
#1911 = CARTESIAN_POINT('',(1.770073001924,31.417430551176));
#1912 = CARTESIAN_POINT('',(1.778727903008,31.358566910383));
#1913 = CARTESIAN_POINT('',(1.787044575938,31.297702833982));
#1914 = CARTESIAN_POINT('',(1.801566937814,31.183605488407));
#1915 = CARTESIAN_POINT('',(1.80788436127,31.130961046945));
#1916 = CARTESIAN_POINT('',(1.813977531112,31.077165073367));
#1917 = CARTESIAN_POINT('',(1.819847865542,31.022297156252));
#1918 = CARTESIAN_POINT('',(1.825496817709,30.96643020242));
#1919 = CARTESIAN_POINT('',(1.830925875713,30.909630436925));
#1920 = CARTESIAN_POINT('',(1.857544079421,30.615014276465));
#1921 = CARTESIAN_POINT('',(1.875294662575,30.363011674383));
#1922 = CARTESIAN_POINT('',(1.889444289438,30.100344371009));
#1923 = CARTESIAN_POINT('',(1.900034653131,29.83026330454));
#1924 = CARTESIAN_POINT('',(1.907094150134,29.555359940003));
#1925 = CARTESIAN_POINT('',(1.910633236249,29.277887351168));
#1926 = CARTESIAN_POINT('',(1.910633236249,29.));
#1927 = ( GEOMETRIC_REPRESENTATION_CONTEXT(2) 
PARAMETRIC_REPRESENTATION_CONTEXT() REPRESENTATION_CONTEXT('2D SPACE',''
  ) );
#1928 = PCURVE('',#1929,#1934);
#1929 = CYLINDRICAL_SURFACE('',#1930,3.);
#1930 = AXIS2_PLACEMENT_3D('',#1931,#1932,#1933);
#1931 = CARTESIAN_POINT('',(71.,0.,5.5));
#1932 = DIRECTION('',(0.,0.,-1.));
#1933 = DIRECTION('',(0.,1.,0.));
#1934 = DEFINITIONAL_REPRESENTATION('',(#1935),#1992);
#1935 = B_SPLINE_CURVE_WITH_KNOTS('',7,(#1936,#1937,#1938,#1939,#1940,
    #1941,#1942,#1943,#1944,#1945,#1946,#1947,#1948,#1949,#1950,#1951,
    #1952,#1953,#1954,#1955,#1956,#1957,#1958,#1959,#1960,#1961,#1962,
    #1963,#1964,#1965,#1966,#1967,#1968,#1969,#1970,#1971,#1972,#1973,
    #1974,#1975,#1976,#1977,#1978,#1979,#1980,#1981,#1982,#1983,#1984,
    #1985,#1986,#1987,#1988,#1989,#1990,#1991),.UNSPECIFIED.,.F.,.F.,(8,
    6,6,6,6,6,6,6,6,8),(0.,0.232300195324,0.289950754771,0.416148085424,
    0.500464240746,0.584789353449,0.638601423379,0.708249845463,
    0.76536183999,1.),.UNSPECIFIED.);
#1936 = CARTESIAN_POINT('',(0.,-2.985281374239));
#1937 = CARTESIAN_POINT('',(9.146614247139E-02,-2.985281374239));
#1938 = CARTESIAN_POINT('',(0.182801682173,-2.995633746839));
#1939 = CARTESIAN_POINT('',(0.27456273238,-3.016285979135));
#1940 = CARTESIAN_POINT('',(0.367256730126,-3.046631617028));
#1941 = CARTESIAN_POINT('',(0.461419474991,-3.085492165667));
#1942 = CARTESIAN_POINT('',(0.557612288283,-3.131024798514));
#1943 = CARTESIAN_POINT('',(0.681080449358,-3.192916198554));
#1944 = CARTESIAN_POINT('',(0.705805510363,-3.205475549082));
#1945 = CARTESIAN_POINT('',(0.730719277854,-3.218249975968));
#1946 = CARTESIAN_POINT('',(0.755834629252,-3.231197419867));
#1947 = CARTESIAN_POINT('',(0.781164648119,-3.244272243714));
#1948 = CARTESIAN_POINT('',(0.806722624155,-3.257425232724));
#1949 = CARTESIAN_POINT('',(0.888997117958,-3.299451086603));
#1950 = CARTESIAN_POINT('',(0.946772512163,-3.328492765372));
#1951 = CARTESIAN_POINT('',(1.005869738124,-3.357105970559));
#1952 = CARTESIAN_POINT('',(1.066331458807,-3.384578209872));
#1953 = CARTESIAN_POINT('',(1.128218615108,-3.410123878836));
#1954 = CARTESIAN_POINT('',(1.191614681697,-3.43291513475));
#1955 = CARTESIAN_POINT('',(1.300080429383,-3.464962887571));
#1956 = CARTESIAN_POINT('',(1.344232691565,-3.476195938164));
#1957 = CARTESIAN_POINT('',(1.388941101292,-3.485527167356));
#1958 = CARTESIAN_POINT('',(1.434071541365,-3.492709280917));
#1959 = CARTESIAN_POINT('',(1.479501863238,-3.497565494652));
#1960 = CARTESIAN_POINT('',(1.525115639089,-3.5));
#1961 = CARTESIAN_POINT('',(1.616481867418,-3.5));
#1962 = CARTESIAN_POINT('',(1.662095993095,-3.497564978101));
#1963 = CARTESIAN_POINT('',(1.707523982143,-3.492708593894));
#1964 = CARTESIAN_POINT('',(1.752651075605,-3.485526961538));
#1965 = CARTESIAN_POINT('',(1.797356753967,-3.476196582752));
#1966 = CARTESIAN_POINT('',(1.841508577772,-3.464963964963));
#1967 = CARTESIAN_POINT('',(1.912681304,-3.443934967455));
#1968 = CARTESIAN_POINT('',(1.940144811031,-3.435082301445));
#1969 = CARTESIAN_POINT('',(1.967345084343,-3.425632671918));
#1970 = CARTESIAN_POINT('',(1.994279942759,-3.415652057884));
#1971 = CARTESIAN_POINT('',(2.020945968001,-3.405207775691));
#1972 = CARTESIAN_POINT('',(2.04733841986,-3.394367582654));
#1973 = CARTESIAN_POINT('',(2.10724859771,-3.368743112411));
#1974 = CARTESIAN_POINT('',(2.14058374375,-3.353734262303));
#1975 = CARTESIAN_POINT('',(2.173479504721,-3.338302205862));
#1976 = CARTESIAN_POINT('',(2.205956145876,-3.322570348802));
#1977 = CARTESIAN_POINT('',(2.238032115779,-3.306654760722));
#1978 = CARTESIAN_POINT('',(2.269724879595,-3.290663408764));
#1979 = CARTESIAN_POINT('',(2.326739917798,-3.261601550808));
#1980 = CARTESIAN_POINT('',(2.352186966013,-3.248521033382));
#1981 = CARTESIAN_POINT('',(2.377406131768,-3.235506271697));
#1982 = CARTESIAN_POINT('',(2.402410465241,-3.222606171898));
#1983 = CARTESIAN_POINT('',(2.427212832045,-3.209866113581));
#1984 = CARTESIAN_POINT('',(2.451825913231,-3.19732794979));
#1985 = CARTESIAN_POINT('',(2.5766559431,-3.134505302201));
#1986 = CARTESIAN_POINT('',(2.674203759514,-3.087967936832));
#1987 = CARTESIAN_POINT('',(2.769636528338,-3.048179064055));
#1988 = CARTESIAN_POINT('',(2.863539810521,-3.017076965159));
#1989 = CARTESIAN_POINT('',(2.956472751222,-2.99589866836));
#1990 = CARTESIAN_POINT('',(3.048963536534,-2.985281374239));
#1991 = CARTESIAN_POINT('',(3.14159265359,-2.985281374239));
#1992 = ( GEOMETRIC_REPRESENTATION_CONTEXT(2) 
PARAMETRIC_REPRESENTATION_CONTEXT() REPRESENTATION_CONTEXT('2D SPACE',''
  ) );
#1993 = ORIENTED_EDGE('',*,*,#1994,.F.);
#1994 = EDGE_CURVE('',#1593,#1808,#1995,.T.);
#1995 = SURFACE_CURVE('',#1996,(#2000,#2006),.PCURVE_S1.);
#1996 = LINE('',#1997,#1998);
#1997 = CARTESIAN_POINT('',(42.,-3.,8.485281374239));
#1998 = VECTOR('',#1999,1.);
#1999 = DIRECTION('',(1.,0.,0.));
#2000 = PCURVE('',#1523,#2001);
#2001 = DEFINITIONAL_REPRESENTATION('',(#2002),#2005);
#2002 = B_SPLINE_CURVE_WITH_KNOTS('',1,(#2003,#2004),.UNSPECIFIED.,.F.,
  .F.,(2,2),(13.6,30.4),.PIECEWISE_BEZIER_KNOTS.);
#2003 = CARTESIAN_POINT('',(1.910633236249,13.6));
#2004 = CARTESIAN_POINT('',(1.910633236249,30.4));
#2005 = ( GEOMETRIC_REPRESENTATION_CONTEXT(2) 
PARAMETRIC_REPRESENTATION_CONTEXT() REPRESENTATION_CONTEXT('2D SPACE',''
  ) );
#2006 = PCURVE('',#2007,#2012);
#2007 = PLANE('',#2008);
#2008 = AXIS2_PLACEMENT_3D('',#2009,#2010,#2011);
#2009 = CARTESIAN_POINT('',(71.,-3.,5.5));
#2010 = DIRECTION('',(0.,-1.,0.));
#2011 = DIRECTION('',(-1.,0.,0.));
#2012 = DEFINITIONAL_REPRESENTATION('',(#2013),#2016);
#2013 = B_SPLINE_CURVE_WITH_KNOTS('',1,(#2014,#2015),.UNSPECIFIED.,.F.,
  .F.,(2,2),(13.6,30.4),.PIECEWISE_BEZIER_KNOTS.);
#2014 = CARTESIAN_POINT('',(15.4,-2.985281374239));
#2015 = CARTESIAN_POINT('',(-1.4,-2.985281374239));
#2016 = ( GEOMETRIC_REPRESENTATION_CONTEXT(2) 
PARAMETRIC_REPRESENTATION_CONTEXT() REPRESENTATION_CONTEXT('2D SPACE',''
  ) );
#2017 = ADVANCED_FACE('',(#2018,#2021),#1578,.T.);
#2018 = FACE_BOUND('',#2019,.T.);
#2019 = EDGE_LOOP('',(#2020));
#2020 = ORIENTED_EDGE('',*,*,#1563,.T.);
#2021 = FACE_BOUND('',#2022,.T.);
#2022 = EDGE_LOOP('',(#2023));
#2023 = ORIENTED_EDGE('',*,*,#2024,.F.);
#2024 = EDGE_CURVE('',#2025,#2025,#2027,.T.);
#2025 = VERTEX_POINT('',#2026);
#2026 = CARTESIAN_POINT('',(87.,8.,0.));
#2027 = SURFACE_CURVE('',#2028,(#2033,#2040),.PCURVE_S1.);
#2028 = CIRCLE('',#2029,8.);
#2029 = AXIS2_PLACEMENT_3D('',#2030,#2031,#2032);
#2030 = CARTESIAN_POINT('',(87.,0.,0.));
#2031 = DIRECTION('',(1.,0.,0.));
#2032 = DIRECTION('',(-0.,1.,0.));
#2033 = PCURVE('',#1578,#2034);
#2034 = DEFINITIONAL_REPRESENTATION('',(#2035),#2039);
#2035 = CIRCLE('',#2036,8.);
#2036 = AXIS2_PLACEMENT_2D('',#2037,#2038);
#2037 = CARTESIAN_POINT('',(0.,0.));
#2038 = DIRECTION('',(1.,0.));
#2039 = ( GEOMETRIC_REPRESENTATION_CONTEXT(2) 
PARAMETRIC_REPRESENTATION_CONTEXT() REPRESENTATION_CONTEXT('2D SPACE',''
  ) );
#2040 = PCURVE('',#2041,#2046);
#2041 = CONICAL_SURFACE('',#2042,8.,1.492256510455);
#2042 = AXIS2_PLACEMENT_3D('',#2043,#2044,#2045);
#2043 = CARTESIAN_POINT('',(87.,0.,0.));
#2044 = DIRECTION('',(-1.,-0.,-0.));
#2045 = DIRECTION('',(-0.,1.,0.));
#2046 = DEFINITIONAL_REPRESENTATION('',(#2047),#2051);
#2047 = LINE('',#2048,#2049);
#2048 = CARTESIAN_POINT('',(-0.,-0.));
#2049 = VECTOR('',#2050,1.);
#2050 = DIRECTION('',(-1.,-0.));
#2051 = ( GEOMETRIC_REPRESENTATION_CONTEXT(2) 
PARAMETRIC_REPRESENTATION_CONTEXT() REPRESENTATION_CONTEXT('2D SPACE',''
  ) );
#2052 = ADVANCED_FACE('',(#2053),#1716,.F.);
#2053 = FACE_BOUND('',#2054,.F.);
#2054 = EDGE_LOOP('',(#2055,#2086,#2107,#2108));
#2055 = ORIENTED_EDGE('',*,*,#2056,.F.);
#2056 = EDGE_CURVE('',#2057,#2059,#2061,.T.);
#2057 = VERTEX_POINT('',#2058);
#2058 = CARTESIAN_POINT('',(57.,-3.,5.5));
#2059 = VERTEX_POINT('',#2060);
#2060 = CARTESIAN_POINT('',(57.,3.,5.5));
#2061 = SURFACE_CURVE('',#2062,(#2067,#2074),.PCURVE_S1.);
#2062 = CIRCLE('',#2063,3.);
#2063 = AXIS2_PLACEMENT_3D('',#2064,#2065,#2066);
#2064 = CARTESIAN_POINT('',(57.,0.,5.5));
#2065 = DIRECTION('',(-0.,-0.,-1.));
#2066 = DIRECTION('',(0.,-1.,0.));
#2067 = PCURVE('',#1716,#2068);
#2068 = DEFINITIONAL_REPRESENTATION('',(#2069),#2073);
#2069 = LINE('',#2070,#2071);
#2070 = CARTESIAN_POINT('',(0.,0.));
#2071 = VECTOR('',#2072,1.);
#2072 = DIRECTION('',(1.,0.));
#2073 = ( GEOMETRIC_REPRESENTATION_CONTEXT(2) 
PARAMETRIC_REPRESENTATION_CONTEXT() REPRESENTATION_CONTEXT('2D SPACE',''
  ) );
#2074 = PCURVE('',#2075,#2080);
#2075 = PLANE('',#2076);
#2076 = AXIS2_PLACEMENT_3D('',#2077,#2078,#2079);
#2077 = CARTESIAN_POINT('',(64.,-1.930822651522E-17,5.5));
#2078 = DIRECTION('',(-0.,-0.,-1.));
#2079 = DIRECTION('',(-1.,0.,0.));
#2080 = DEFINITIONAL_REPRESENTATION('',(#2081),#2085);
#2081 = CIRCLE('',#2082,3.);
#2082 = AXIS2_PLACEMENT_2D('',#2083,#2084);
#2083 = CARTESIAN_POINT('',(7.,1.930822651522E-17));
#2084 = DIRECTION('',(0.,-1.));
#2085 = ( GEOMETRIC_REPRESENTATION_CONTEXT(2) 
PARAMETRIC_REPRESENTATION_CONTEXT() REPRESENTATION_CONTEXT('2D SPACE',''
  ) );
#2086 = ORIENTED_EDGE('',*,*,#2087,.T.);
#2087 = EDGE_CURVE('',#2057,#1593,#2088,.T.);
#2088 = SURFACE_CURVE('',#2089,(#2093,#2100),.PCURVE_S1.);
#2089 = LINE('',#2090,#2091);
#2090 = CARTESIAN_POINT('',(57.,-3.,5.5));
#2091 = VECTOR('',#2092,1.);
#2092 = DIRECTION('',(0.,0.,1.));
#2093 = PCURVE('',#1716,#2094);
#2094 = DEFINITIONAL_REPRESENTATION('',(#2095),#2099);
#2095 = LINE('',#2096,#2097);
#2096 = CARTESIAN_POINT('',(0.,0.));
#2097 = VECTOR('',#2098,1.);
#2098 = DIRECTION('',(0.,-1.));
#2099 = ( GEOMETRIC_REPRESENTATION_CONTEXT(2) 
PARAMETRIC_REPRESENTATION_CONTEXT() REPRESENTATION_CONTEXT('2D SPACE',''
  ) );
#2100 = PCURVE('',#2007,#2101);
#2101 = DEFINITIONAL_REPRESENTATION('',(#2102),#2106);
#2102 = LINE('',#2103,#2104);
#2103 = CARTESIAN_POINT('',(14.,0.));
#2104 = VECTOR('',#2105,1.);
#2105 = DIRECTION('',(0.,-1.));
#2106 = ( GEOMETRIC_REPRESENTATION_CONTEXT(2) 
PARAMETRIC_REPRESENTATION_CONTEXT() REPRESENTATION_CONTEXT('2D SPACE',''
  ) );
#2107 = ORIENTED_EDGE('',*,*,#1592,.T.);
#2108 = ORIENTED_EDGE('',*,*,#2109,.F.);
#2109 = EDGE_CURVE('',#2059,#1595,#2110,.T.);
#2110 = SURFACE_CURVE('',#2111,(#2115,#2122),.PCURVE_S1.);
#2111 = LINE('',#2112,#2113);
#2112 = CARTESIAN_POINT('',(57.,3.,5.5));
#2113 = VECTOR('',#2114,1.);
#2114 = DIRECTION('',(0.,0.,1.));
#2115 = PCURVE('',#1716,#2116);
#2116 = DEFINITIONAL_REPRESENTATION('',(#2117),#2121);
#2117 = LINE('',#2118,#2119);
#2118 = CARTESIAN_POINT('',(3.14159265359,0.));
#2119 = VECTOR('',#2120,1.);
#2120 = DIRECTION('',(0.,-1.));
#2121 = ( GEOMETRIC_REPRESENTATION_CONTEXT(2) 
PARAMETRIC_REPRESENTATION_CONTEXT() REPRESENTATION_CONTEXT('2D SPACE',''
  ) );
#2122 = PCURVE('',#1796,#2123);
#2123 = DEFINITIONAL_REPRESENTATION('',(#2124),#2128);
#2124 = LINE('',#2125,#2126);
#2125 = CARTESIAN_POINT('',(0.,0.));
#2126 = VECTOR('',#2127,1.);
#2127 = DIRECTION('',(0.,-1.));
#2128 = ( GEOMETRIC_REPRESENTATION_CONTEXT(2) 
PARAMETRIC_REPRESENTATION_CONTEXT() REPRESENTATION_CONTEXT('2D SPACE',''
  ) );
#2129 = ADVANCED_FACE('',(#2130),#2007,.F.);
#2130 = FACE_BOUND('',#2131,.F.);
#2131 = EDGE_LOOP('',(#2132,#2155,#2176,#2177));
#2132 = ORIENTED_EDGE('',*,*,#2133,.F.);
#2133 = EDGE_CURVE('',#2134,#2057,#2136,.T.);
#2134 = VERTEX_POINT('',#2135);
#2135 = CARTESIAN_POINT('',(71.,-3.,5.5));
#2136 = SURFACE_CURVE('',#2137,(#2141,#2148),.PCURVE_S1.);
#2137 = LINE('',#2138,#2139);
#2138 = CARTESIAN_POINT('',(71.,-3.,5.5));
#2139 = VECTOR('',#2140,1.);
#2140 = DIRECTION('',(-1.,0.,0.));
#2141 = PCURVE('',#2007,#2142);
#2142 = DEFINITIONAL_REPRESENTATION('',(#2143),#2147);
#2143 = LINE('',#2144,#2145);
#2144 = CARTESIAN_POINT('',(0.,-0.));
#2145 = VECTOR('',#2146,1.);
#2146 = DIRECTION('',(1.,0.));
#2147 = ( GEOMETRIC_REPRESENTATION_CONTEXT(2) 
PARAMETRIC_REPRESENTATION_CONTEXT() REPRESENTATION_CONTEXT('2D SPACE',''
  ) );
#2148 = PCURVE('',#2075,#2149);
#2149 = DEFINITIONAL_REPRESENTATION('',(#2150),#2154);
#2150 = LINE('',#2151,#2152);
#2151 = CARTESIAN_POINT('',(-7.,-3.));
#2152 = VECTOR('',#2153,1.);
#2153 = DIRECTION('',(1.,0.));
#2154 = ( GEOMETRIC_REPRESENTATION_CONTEXT(2) 
PARAMETRIC_REPRESENTATION_CONTEXT() REPRESENTATION_CONTEXT('2D SPACE',''
  ) );
#2155 = ORIENTED_EDGE('',*,*,#2156,.T.);
#2156 = EDGE_CURVE('',#2134,#1808,#2157,.T.);
#2157 = SURFACE_CURVE('',#2158,(#2162,#2169),.PCURVE_S1.);
#2158 = LINE('',#2159,#2160);
#2159 = CARTESIAN_POINT('',(71.,-3.,5.5));
#2160 = VECTOR('',#2161,1.);
#2161 = DIRECTION('',(0.,0.,1.));
#2162 = PCURVE('',#2007,#2163);
#2163 = DEFINITIONAL_REPRESENTATION('',(#2164),#2168);
#2164 = LINE('',#2165,#2166);
#2165 = CARTESIAN_POINT('',(0.,-0.));
#2166 = VECTOR('',#2167,1.);
#2167 = DIRECTION('',(0.,-1.));
#2168 = ( GEOMETRIC_REPRESENTATION_CONTEXT(2) 
PARAMETRIC_REPRESENTATION_CONTEXT() REPRESENTATION_CONTEXT('2D SPACE',''
  ) );
#2169 = PCURVE('',#1929,#2170);
#2170 = DEFINITIONAL_REPRESENTATION('',(#2171),#2175);
#2171 = LINE('',#2172,#2173);
#2172 = CARTESIAN_POINT('',(3.14159265359,0.));
#2173 = VECTOR('',#2174,1.);
#2174 = DIRECTION('',(0.,-1.));
#2175 = ( GEOMETRIC_REPRESENTATION_CONTEXT(2) 
PARAMETRIC_REPRESENTATION_CONTEXT() REPRESENTATION_CONTEXT('2D SPACE',''
  ) );
#2176 = ORIENTED_EDGE('',*,*,#1994,.F.);
#2177 = ORIENTED_EDGE('',*,*,#2087,.F.);
#2178 = ADVANCED_FACE('',(#2179),#1929,.F.);
#2179 = FACE_BOUND('',#2180,.F.);
#2180 = EDGE_LOOP('',(#2181,#2205,#2226,#2227));
#2181 = ORIENTED_EDGE('',*,*,#2182,.F.);
#2182 = EDGE_CURVE('',#2183,#2134,#2185,.T.);
#2183 = VERTEX_POINT('',#2184);
#2184 = CARTESIAN_POINT('',(71.,3.,5.5));
#2185 = SURFACE_CURVE('',#2186,(#2191,#2198),.PCURVE_S1.);
#2186 = CIRCLE('',#2187,3.);
#2187 = AXIS2_PLACEMENT_3D('',#2188,#2189,#2190);
#2188 = CARTESIAN_POINT('',(71.,0.,5.5));
#2189 = DIRECTION('',(0.,0.,-1.));
#2190 = DIRECTION('',(0.,1.,0.));
#2191 = PCURVE('',#1929,#2192);
#2192 = DEFINITIONAL_REPRESENTATION('',(#2193),#2197);
#2193 = LINE('',#2194,#2195);
#2194 = CARTESIAN_POINT('',(0.,0.));
#2195 = VECTOR('',#2196,1.);
#2196 = DIRECTION('',(1.,0.));
#2197 = ( GEOMETRIC_REPRESENTATION_CONTEXT(2) 
PARAMETRIC_REPRESENTATION_CONTEXT() REPRESENTATION_CONTEXT('2D SPACE',''
  ) );
#2198 = PCURVE('',#2075,#2199);
#2199 = DEFINITIONAL_REPRESENTATION('',(#2200),#2204);
#2200 = CIRCLE('',#2201,3.);
#2201 = AXIS2_PLACEMENT_2D('',#2202,#2203);
#2202 = CARTESIAN_POINT('',(-7.,1.930822651522E-17));
#2203 = DIRECTION('',(0.,1.));
#2204 = ( GEOMETRIC_REPRESENTATION_CONTEXT(2) 
PARAMETRIC_REPRESENTATION_CONTEXT() REPRESENTATION_CONTEXT('2D SPACE',''
  ) );
#2205 = ORIENTED_EDGE('',*,*,#2206,.T.);
#2206 = EDGE_CURVE('',#2183,#1782,#2207,.T.);
#2207 = SURFACE_CURVE('',#2208,(#2212,#2219),.PCURVE_S1.);
#2208 = LINE('',#2209,#2210);
#2209 = CARTESIAN_POINT('',(71.,3.,5.5));
#2210 = VECTOR('',#2211,1.);
#2211 = DIRECTION('',(0.,0.,1.));
#2212 = PCURVE('',#1929,#2213);
#2213 = DEFINITIONAL_REPRESENTATION('',(#2214),#2218);
#2214 = LINE('',#2215,#2216);
#2215 = CARTESIAN_POINT('',(0.,0.));
#2216 = VECTOR('',#2217,1.);
#2217 = DIRECTION('',(0.,-1.));
#2218 = ( GEOMETRIC_REPRESENTATION_CONTEXT(2) 
PARAMETRIC_REPRESENTATION_CONTEXT() REPRESENTATION_CONTEXT('2D SPACE',''
  ) );
#2219 = PCURVE('',#1796,#2220);
#2220 = DEFINITIONAL_REPRESENTATION('',(#2221),#2225);
#2221 = LINE('',#2222,#2223);
#2222 = CARTESIAN_POINT('',(14.,0.));
#2223 = VECTOR('',#2224,1.);
#2224 = DIRECTION('',(0.,-1.));
#2225 = ( GEOMETRIC_REPRESENTATION_CONTEXT(2) 
PARAMETRIC_REPRESENTATION_CONTEXT() REPRESENTATION_CONTEXT('2D SPACE',''
  ) );
#2226 = ORIENTED_EDGE('',*,*,#1807,.T.);
#2227 = ORIENTED_EDGE('',*,*,#2156,.F.);
#2228 = ADVANCED_FACE('',(#2229),#1796,.F.);
#2229 = FACE_BOUND('',#2230,.F.);
#2230 = EDGE_LOOP('',(#2231,#2252,#2253,#2254));
#2231 = ORIENTED_EDGE('',*,*,#2232,.F.);
#2232 = EDGE_CURVE('',#2059,#2183,#2233,.T.);
#2233 = SURFACE_CURVE('',#2234,(#2238,#2245),.PCURVE_S1.);
#2234 = LINE('',#2235,#2236);
#2235 = CARTESIAN_POINT('',(57.,3.,5.5));
#2236 = VECTOR('',#2237,1.);
#2237 = DIRECTION('',(1.,0.,0.));
#2238 = PCURVE('',#1796,#2239);
#2239 = DEFINITIONAL_REPRESENTATION('',(#2240),#2244);
#2240 = LINE('',#2241,#2242);
#2241 = CARTESIAN_POINT('',(0.,0.));
#2242 = VECTOR('',#2243,1.);
#2243 = DIRECTION('',(1.,0.));
#2244 = ( GEOMETRIC_REPRESENTATION_CONTEXT(2) 
PARAMETRIC_REPRESENTATION_CONTEXT() REPRESENTATION_CONTEXT('2D SPACE',''
  ) );
#2245 = PCURVE('',#2075,#2246);
#2246 = DEFINITIONAL_REPRESENTATION('',(#2247),#2251);
#2247 = LINE('',#2248,#2249);
#2248 = CARTESIAN_POINT('',(7.,3.));
#2249 = VECTOR('',#2250,1.);
#2250 = DIRECTION('',(-1.,0.));
#2251 = ( GEOMETRIC_REPRESENTATION_CONTEXT(2) 
PARAMETRIC_REPRESENTATION_CONTEXT() REPRESENTATION_CONTEXT('2D SPACE',''
  ) );
#2252 = ORIENTED_EDGE('',*,*,#2109,.T.);
#2253 = ORIENTED_EDGE('',*,*,#1781,.T.);
#2254 = ORIENTED_EDGE('',*,*,#2206,.F.);
#2255 = ADVANCED_FACE('',(#2256),#2041,.T.);
#2256 = FACE_BOUND('',#2257,.T.);
#2257 = EDGE_LOOP('',(#2258,#2259,#2282,#2309));
#2258 = ORIENTED_EDGE('',*,*,#2024,.T.);
#2259 = ORIENTED_EDGE('',*,*,#2260,.T.);
#2260 = EDGE_CURVE('',#2025,#2261,#2263,.T.);
#2261 = VERTEX_POINT('',#2262);
#2262 = CARTESIAN_POINT('',(87.006155829702,7.92178276748,0.));
#2263 = SEAM_CURVE('',#2264,(#2268,#2275),.PCURVE_S1.);
#2264 = LINE('',#2265,#2266);
#2265 = CARTESIAN_POINT('',(87.,8.,0.));
#2266 = VECTOR('',#2267,1.);
#2267 = DIRECTION('',(7.845909572791E-02,-0.996917333733,0.));
#2268 = PCURVE('',#2041,#2269);
#2269 = DEFINITIONAL_REPRESENTATION('',(#2270),#2274);
#2270 = LINE('',#2271,#2272);
#2271 = CARTESIAN_POINT('',(-0.,-0.));
#2272 = VECTOR('',#2273,1.);
#2273 = DIRECTION('',(-0.,-1.));
#2274 = ( GEOMETRIC_REPRESENTATION_CONTEXT(2) 
PARAMETRIC_REPRESENTATION_CONTEXT() REPRESENTATION_CONTEXT('2D SPACE',''
  ) );
#2275 = PCURVE('',#2041,#2276);
#2276 = DEFINITIONAL_REPRESENTATION('',(#2277),#2281);
#2277 = LINE('',#2278,#2279);
#2278 = CARTESIAN_POINT('',(-6.28318530718,-0.));
#2279 = VECTOR('',#2280,1.);
#2280 = DIRECTION('',(-0.,-1.));
#2281 = ( GEOMETRIC_REPRESENTATION_CONTEXT(2) 
PARAMETRIC_REPRESENTATION_CONTEXT() REPRESENTATION_CONTEXT('2D SPACE',''
  ) );
#2282 = ORIENTED_EDGE('',*,*,#2283,.F.);
#2283 = EDGE_CURVE('',#2261,#2261,#2284,.T.);
#2284 = SURFACE_CURVE('',#2285,(#2290,#2297),.PCURVE_S1.);
#2285 = CIRCLE('',#2286,7.92178276748);
#2286 = AXIS2_PLACEMENT_3D('',#2287,#2288,#2289);
#2287 = CARTESIAN_POINT('',(87.006155829702,0.,0.));
#2288 = DIRECTION('',(1.,0.,0.));
#2289 = DIRECTION('',(-0.,1.,0.));
#2290 = PCURVE('',#2041,#2291);
#2291 = DEFINITIONAL_REPRESENTATION('',(#2292),#2296);
#2292 = LINE('',#2293,#2294);
#2293 = CARTESIAN_POINT('',(-0.,-6.155829702436E-03));
#2294 = VECTOR('',#2295,1.);
#2295 = DIRECTION('',(-1.,-0.));
#2296 = ( GEOMETRIC_REPRESENTATION_CONTEXT(2) 
PARAMETRIC_REPRESENTATION_CONTEXT() REPRESENTATION_CONTEXT('2D SPACE',''
  ) );
#2297 = PCURVE('',#2298,#2303);
#2298 = CONICAL_SURFACE('',#2299,7.92178276748,1.335176877776);
#2299 = AXIS2_PLACEMENT_3D('',#2300,#2301,#2302);
#2300 = CARTESIAN_POINT('',(87.006155829702,0.,0.));
#2301 = DIRECTION('',(-1.,-0.,-0.));
#2302 = DIRECTION('',(-0.,1.,0.));
#2303 = DEFINITIONAL_REPRESENTATION('',(#2304),#2308);
#2304 = LINE('',#2305,#2306);
#2305 = CARTESIAN_POINT('',(-0.,-0.));
#2306 = VECTOR('',#2307,1.);
#2307 = DIRECTION('',(-1.,-0.));
#2308 = ( GEOMETRIC_REPRESENTATION_CONTEXT(2) 
PARAMETRIC_REPRESENTATION_CONTEXT() REPRESENTATION_CONTEXT('2D SPACE',''
  ) );
#2309 = ORIENTED_EDGE('',*,*,#2260,.F.);
#2310 = ADVANCED_FACE('',(#2311),#2075,.F.);
#2311 = FACE_BOUND('',#2312,.F.);
#2312 = EDGE_LOOP('',(#2313,#2314,#2315,#2316));
#2313 = ORIENTED_EDGE('',*,*,#2232,.T.);
#2314 = ORIENTED_EDGE('',*,*,#2182,.T.);
#2315 = ORIENTED_EDGE('',*,*,#2133,.T.);
#2316 = ORIENTED_EDGE('',*,*,#2056,.T.);
#2317 = ADVANCED_FACE('',(#2318),#2298,.T.);
#2318 = FACE_BOUND('',#2319,.T.);
#2319 = EDGE_LOOP('',(#2320,#2321,#2344,#2371));
#2320 = ORIENTED_EDGE('',*,*,#2283,.T.);
#2321 = ORIENTED_EDGE('',*,*,#2322,.T.);
#2322 = EDGE_CURVE('',#2261,#2323,#2325,.T.);
#2323 = VERTEX_POINT('',#2324);
#2324 = CARTESIAN_POINT('',(87.024471741852,7.845491502813,0.));
#2325 = SEAM_CURVE('',#2326,(#2330,#2337),.PCURVE_S1.);
#2326 = LINE('',#2327,#2328);
#2327 = CARTESIAN_POINT('',(87.006155829702,7.92178276748,0.));
#2328 = VECTOR('',#2329,1.);
#2329 = DIRECTION('',(0.233445363856,-0.972369920398,0.));
#2330 = PCURVE('',#2298,#2331);
#2331 = DEFINITIONAL_REPRESENTATION('',(#2332),#2336);
#2332 = LINE('',#2333,#2334);
#2333 = CARTESIAN_POINT('',(-0.,-0.));
#2334 = VECTOR('',#2335,1.);
#2335 = DIRECTION('',(-0.,-1.));
#2336 = ( GEOMETRIC_REPRESENTATION_CONTEXT(2) 
PARAMETRIC_REPRESENTATION_CONTEXT() REPRESENTATION_CONTEXT('2D SPACE',''
  ) );
#2337 = PCURVE('',#2298,#2338);
#2338 = DEFINITIONAL_REPRESENTATION('',(#2339),#2343);
#2339 = LINE('',#2340,#2341);
#2340 = CARTESIAN_POINT('',(-6.28318530718,-0.));
#2341 = VECTOR('',#2342,1.);
#2342 = DIRECTION('',(-0.,-1.));
#2343 = ( GEOMETRIC_REPRESENTATION_CONTEXT(2) 
PARAMETRIC_REPRESENTATION_CONTEXT() REPRESENTATION_CONTEXT('2D SPACE',''
  ) );
#2344 = ORIENTED_EDGE('',*,*,#2345,.F.);
#2345 = EDGE_CURVE('',#2323,#2323,#2346,.T.);
#2346 = SURFACE_CURVE('',#2347,(#2352,#2359),.PCURVE_S1.);
#2347 = CIRCLE('',#2348,7.845491502813);
#2348 = AXIS2_PLACEMENT_3D('',#2349,#2350,#2351);
#2349 = CARTESIAN_POINT('',(87.024471741852,0.,0.));
#2350 = DIRECTION('',(1.,0.,0.));
#2351 = DIRECTION('',(-0.,1.,0.));
#2352 = PCURVE('',#2298,#2353);
#2353 = DEFINITIONAL_REPRESENTATION('',(#2354),#2358);
#2354 = LINE('',#2355,#2356);
#2355 = CARTESIAN_POINT('',(-0.,-1.831591214999E-02));
#2356 = VECTOR('',#2357,1.);
#2357 = DIRECTION('',(-1.,-0.));
#2358 = ( GEOMETRIC_REPRESENTATION_CONTEXT(2) 
PARAMETRIC_REPRESENTATION_CONTEXT() REPRESENTATION_CONTEXT('2D SPACE',''
  ) );
#2359 = PCURVE('',#2360,#2365);
#2360 = CONICAL_SURFACE('',#2361,7.845491502813,1.178097245096);
#2361 = AXIS2_PLACEMENT_3D('',#2362,#2363,#2364);
#2362 = CARTESIAN_POINT('',(87.024471741852,0.,0.));
#2363 = DIRECTION('',(-1.,-0.,-0.));
#2364 = DIRECTION('',(-0.,1.,0.));
#2365 = DEFINITIONAL_REPRESENTATION('',(#2366),#2370);
#2366 = LINE('',#2367,#2368);
#2367 = CARTESIAN_POINT('',(-0.,-0.));
#2368 = VECTOR('',#2369,1.);
#2369 = DIRECTION('',(-1.,-0.));
#2370 = ( GEOMETRIC_REPRESENTATION_CONTEXT(2) 
PARAMETRIC_REPRESENTATION_CONTEXT() REPRESENTATION_CONTEXT('2D SPACE',''
  ) );
#2371 = ORIENTED_EDGE('',*,*,#2322,.F.);
#2372 = ADVANCED_FACE('',(#2373),#2360,.T.);
#2373 = FACE_BOUND('',#2374,.T.);
#2374 = EDGE_LOOP('',(#2375,#2376,#2399,#2426));
#2375 = ORIENTED_EDGE('',*,*,#2345,.T.);
#2376 = ORIENTED_EDGE('',*,*,#2377,.T.);
#2377 = EDGE_CURVE('',#2323,#2378,#2380,.T.);
#2378 = VERTEX_POINT('',#2379);
#2379 = CARTESIAN_POINT('',(87.054496737906,7.77300475013,0.));
#2380 = SEAM_CURVE('',#2381,(#2385,#2392),.PCURVE_S1.);
#2381 = LINE('',#2382,#2383);
#2382 = CARTESIAN_POINT('',(87.024471741852,7.845491502813,0.));
#2383 = VECTOR('',#2384,1.);
#2384 = DIRECTION('',(0.382683432365,-0.923879532511,0.));
#2385 = PCURVE('',#2360,#2386);
#2386 = DEFINITIONAL_REPRESENTATION('',(#2387),#2391);
#2387 = LINE('',#2388,#2389);
#2388 = CARTESIAN_POINT('',(-0.,-0.));
#2389 = VECTOR('',#2390,1.);
#2390 = DIRECTION('',(-0.,-1.));
#2391 = ( GEOMETRIC_REPRESENTATION_CONTEXT(2) 
PARAMETRIC_REPRESENTATION_CONTEXT() REPRESENTATION_CONTEXT('2D SPACE',''
  ) );
#2392 = PCURVE('',#2360,#2393);
#2393 = DEFINITIONAL_REPRESENTATION('',(#2394),#2398);
#2394 = LINE('',#2395,#2396);
#2395 = CARTESIAN_POINT('',(-6.28318530718,-0.));
#2396 = VECTOR('',#2397,1.);
#2397 = DIRECTION('',(-0.,-1.));
#2398 = ( GEOMETRIC_REPRESENTATION_CONTEXT(2) 
PARAMETRIC_REPRESENTATION_CONTEXT() REPRESENTATION_CONTEXT('2D SPACE',''
  ) );
#2399 = ORIENTED_EDGE('',*,*,#2400,.F.);
#2400 = EDGE_CURVE('',#2378,#2378,#2401,.T.);
#2401 = SURFACE_CURVE('',#2402,(#2407,#2414),.PCURVE_S1.);
#2402 = CIRCLE('',#2403,7.77300475013);
#2403 = AXIS2_PLACEMENT_3D('',#2404,#2405,#2406);
#2404 = CARTESIAN_POINT('',(87.054496737906,0.,0.));
#2405 = DIRECTION('',(1.,0.,0.));
#2406 = DIRECTION('',(-0.,1.,0.));
#2407 = PCURVE('',#2360,#2408);
#2408 = DEFINITIONAL_REPRESENTATION('',(#2409),#2413);
#2409 = LINE('',#2410,#2411);
#2410 = CARTESIAN_POINT('',(-0.,-3.00249960534E-02));
#2411 = VECTOR('',#2412,1.);
#2412 = DIRECTION('',(-1.,-0.));
#2413 = ( GEOMETRIC_REPRESENTATION_CONTEXT(2) 
PARAMETRIC_REPRESENTATION_CONTEXT() REPRESENTATION_CONTEXT('2D SPACE',''
  ) );
#2414 = PCURVE('',#2415,#2420);
#2415 = CONICAL_SURFACE('',#2416,7.77300475013,1.021017612417);
#2416 = AXIS2_PLACEMENT_3D('',#2417,#2418,#2419);
#2417 = CARTESIAN_POINT('',(87.054496737906,0.,0.));
#2418 = DIRECTION('',(-1.,-0.,-0.));
#2419 = DIRECTION('',(-0.,1.,0.));
#2420 = DEFINITIONAL_REPRESENTATION('',(#2421),#2425);
#2421 = LINE('',#2422,#2423);
#2422 = CARTESIAN_POINT('',(-0.,-0.));
#2423 = VECTOR('',#2424,1.);
#2424 = DIRECTION('',(-1.,-0.));
#2425 = ( GEOMETRIC_REPRESENTATION_CONTEXT(2) 
PARAMETRIC_REPRESENTATION_CONTEXT() REPRESENTATION_CONTEXT('2D SPACE',''
  ) );
#2426 = ORIENTED_EDGE('',*,*,#2377,.F.);
#2427 = ADVANCED_FACE('',(#2428),#2415,.T.);
#2428 = FACE_BOUND('',#2429,.T.);
#2429 = EDGE_LOOP('',(#2430,#2431,#2454,#2481));
#2430 = ORIENTED_EDGE('',*,*,#2400,.T.);
#2431 = ORIENTED_EDGE('',*,*,#2432,.T.);
#2432 = EDGE_CURVE('',#2378,#2433,#2435,.T.);
#2433 = VERTEX_POINT('',#2434);
#2434 = CARTESIAN_POINT('',(87.095491502813,7.706107373854,0.));
#2435 = SEAM_CURVE('',#2436,(#2440,#2447),.PCURVE_S1.);
#2436 = LINE('',#2437,#2438);
#2437 = CARTESIAN_POINT('',(87.054496737906,7.77300475013,0.));
#2438 = VECTOR('',#2439,1.);
#2439 = DIRECTION('',(0.522498564716,-0.852640164354,0.));
#2440 = PCURVE('',#2415,#2441);
#2441 = DEFINITIONAL_REPRESENTATION('',(#2442),#2446);
#2442 = LINE('',#2443,#2444);
#2443 = CARTESIAN_POINT('',(-0.,-0.));
#2444 = VECTOR('',#2445,1.);
#2445 = DIRECTION('',(-0.,-1.));
#2446 = ( GEOMETRIC_REPRESENTATION_CONTEXT(2) 
PARAMETRIC_REPRESENTATION_CONTEXT() REPRESENTATION_CONTEXT('2D SPACE',''
  ) );
#2447 = PCURVE('',#2415,#2448);
#2448 = DEFINITIONAL_REPRESENTATION('',(#2449),#2453);
#2449 = LINE('',#2450,#2451);
#2450 = CARTESIAN_POINT('',(-6.28318530718,-0.));
#2451 = VECTOR('',#2452,1.);
#2452 = DIRECTION('',(-0.,-1.));
#2453 = ( GEOMETRIC_REPRESENTATION_CONTEXT(2) 
PARAMETRIC_REPRESENTATION_CONTEXT() REPRESENTATION_CONTEXT('2D SPACE',''
  ) );
#2454 = ORIENTED_EDGE('',*,*,#2455,.F.);
#2455 = EDGE_CURVE('',#2433,#2433,#2456,.T.);
#2456 = SURFACE_CURVE('',#2457,(#2462,#2469),.PCURVE_S1.);
#2457 = CIRCLE('',#2458,7.706107373854);
#2458 = AXIS2_PLACEMENT_3D('',#2459,#2460,#2461);
#2459 = CARTESIAN_POINT('',(87.095491502813,0.,0.));
#2460 = DIRECTION('',(1.,0.,0.));
#2461 = DIRECTION('',(-0.,1.,0.));
#2462 = PCURVE('',#2415,#2463);
#2463 = DEFINITIONAL_REPRESENTATION('',(#2464),#2468);
#2464 = LINE('',#2465,#2466);
#2465 = CARTESIAN_POINT('',(-0.,-4.09947649067E-02));
#2466 = VECTOR('',#2467,1.);
#2467 = DIRECTION('',(-1.,-0.));
#2468 = ( GEOMETRIC_REPRESENTATION_CONTEXT(2) 
PARAMETRIC_REPRESENTATION_CONTEXT() REPRESENTATION_CONTEXT('2D SPACE',''
  ) );
#2469 = PCURVE('',#2470,#2475);
#2470 = CONICAL_SURFACE('',#2471,7.706107373854,0.863937979737);
#2471 = AXIS2_PLACEMENT_3D('',#2472,#2473,#2474);
#2472 = CARTESIAN_POINT('',(87.095491502813,0.,0.));
#2473 = DIRECTION('',(-1.,-0.,-0.));
#2474 = DIRECTION('',(-0.,1.,0.));
#2475 = DEFINITIONAL_REPRESENTATION('',(#2476),#2480);
#2476 = LINE('',#2477,#2478);
#2477 = CARTESIAN_POINT('',(-0.,-0.));
#2478 = VECTOR('',#2479,1.);
#2479 = DIRECTION('',(-1.,-0.));
#2480 = ( GEOMETRIC_REPRESENTATION_CONTEXT(2) 
PARAMETRIC_REPRESENTATION_CONTEXT() REPRESENTATION_CONTEXT('2D SPACE',''
  ) );
#2481 = ORIENTED_EDGE('',*,*,#2432,.F.);
#2482 = ADVANCED_FACE('',(#2483),#2470,.T.);
#2483 = FACE_BOUND('',#2484,.T.);
#2484 = EDGE_LOOP('',(#2485,#2486,#2509,#2536));
#2485 = ORIENTED_EDGE('',*,*,#2455,.T.);
#2486 = ORIENTED_EDGE('',*,*,#2487,.T.);
#2487 = EDGE_CURVE('',#2433,#2488,#2490,.T.);
#2488 = VERTEX_POINT('',#2489);
#2489 = CARTESIAN_POINT('',(87.146446609407,7.646446609407,0.));
#2490 = SEAM_CURVE('',#2491,(#2495,#2502),.PCURVE_S1.);
#2491 = LINE('',#2492,#2493);
#2492 = CARTESIAN_POINT('',(87.095491502813,7.706107373854,0.));
#2493 = VECTOR('',#2494,1.);
#2494 = DIRECTION('',(0.64944804833,-0.7604059656,0.));
#2495 = PCURVE('',#2470,#2496);
#2496 = DEFINITIONAL_REPRESENTATION('',(#2497),#2501);
#2497 = LINE('',#2498,#2499);
#2498 = CARTESIAN_POINT('',(-0.,-0.));
#2499 = VECTOR('',#2500,1.);
#2500 = DIRECTION('',(-0.,-1.));
#2501 = ( GEOMETRIC_REPRESENTATION_CONTEXT(2) 
PARAMETRIC_REPRESENTATION_CONTEXT() REPRESENTATION_CONTEXT('2D SPACE',''
  ) );
#2502 = PCURVE('',#2470,#2503);
#2503 = DEFINITIONAL_REPRESENTATION('',(#2504),#2508);
#2504 = LINE('',#2505,#2506);
#2505 = CARTESIAN_POINT('',(-6.28318530718,-0.));
#2506 = VECTOR('',#2507,1.);
#2507 = DIRECTION('',(-0.,-1.));
#2508 = ( GEOMETRIC_REPRESENTATION_CONTEXT(2) 
PARAMETRIC_REPRESENTATION_CONTEXT() REPRESENTATION_CONTEXT('2D SPACE',''
  ) );
#2509 = ORIENTED_EDGE('',*,*,#2510,.F.);
#2510 = EDGE_CURVE('',#2488,#2488,#2511,.T.);
#2511 = SURFACE_CURVE('',#2512,(#2517,#2524),.PCURVE_S1.);
#2512 = CIRCLE('',#2513,7.646446609407);
#2513 = AXIS2_PLACEMENT_3D('',#2514,#2515,#2516);
#2514 = CARTESIAN_POINT('',(87.146446609407,0.,0.));
#2515 = DIRECTION('',(1.,0.,0.));
#2516 = DIRECTION('',(-0.,1.,0.));
#2517 = PCURVE('',#2470,#2518);
#2518 = DEFINITIONAL_REPRESENTATION('',(#2519),#2523);
#2519 = LINE('',#2520,#2521);
#2520 = CARTESIAN_POINT('',(-0.,-5.09551065942E-02));
#2521 = VECTOR('',#2522,1.);
#2522 = DIRECTION('',(-1.,-0.));
#2523 = ( GEOMETRIC_REPRESENTATION_CONTEXT(2) 
PARAMETRIC_REPRESENTATION_CONTEXT() REPRESENTATION_CONTEXT('2D SPACE',''
  ) );
#2524 = PCURVE('',#2525,#2530);
#2525 = CONICAL_SURFACE('',#2526,7.646446609407,0.706858347058);
#2526 = AXIS2_PLACEMENT_3D('',#2527,#2528,#2529);
#2527 = CARTESIAN_POINT('',(87.146446609407,0.,0.));
#2528 = DIRECTION('',(-1.,-0.,-0.));
#2529 = DIRECTION('',(-0.,1.,0.));
#2530 = DEFINITIONAL_REPRESENTATION('',(#2531),#2535);
#2531 = LINE('',#2532,#2533);
#2532 = CARTESIAN_POINT('',(-0.,-0.));
#2533 = VECTOR('',#2534,1.);
#2534 = DIRECTION('',(-1.,-0.));
#2535 = ( GEOMETRIC_REPRESENTATION_CONTEXT(2) 
PARAMETRIC_REPRESENTATION_CONTEXT() REPRESENTATION_CONTEXT('2D SPACE',''
  ) );
#2536 = ORIENTED_EDGE('',*,*,#2487,.F.);
#2537 = ADVANCED_FACE('',(#2538),#2525,.T.);
#2538 = FACE_BOUND('',#2539,.T.);
#2539 = EDGE_LOOP('',(#2540,#2541,#2564,#2591));
#2540 = ORIENTED_EDGE('',*,*,#2510,.T.);
#2541 = ORIENTED_EDGE('',*,*,#2542,.T.);
#2542 = EDGE_CURVE('',#2488,#2543,#2545,.T.);
#2543 = VERTEX_POINT('',#2544);
#2544 = CARTESIAN_POINT('',(87.206107373854,7.595491502813,0.));
#2545 = SEAM_CURVE('',#2546,(#2550,#2557),.PCURVE_S1.);
#2546 = LINE('',#2547,#2548);
#2547 = CARTESIAN_POINT('',(87.146446609407,7.646446609407,0.));
#2548 = VECTOR('',#2549,1.);
#2549 = DIRECTION('',(0.7604059656,-0.64944804833,0.));
#2550 = PCURVE('',#2525,#2551);
#2551 = DEFINITIONAL_REPRESENTATION('',(#2552),#2556);
#2552 = LINE('',#2553,#2554);
#2553 = CARTESIAN_POINT('',(-0.,-0.));
#2554 = VECTOR('',#2555,1.);
#2555 = DIRECTION('',(-0.,-1.));
#2556 = ( GEOMETRIC_REPRESENTATION_CONTEXT(2) 
PARAMETRIC_REPRESENTATION_CONTEXT() REPRESENTATION_CONTEXT('2D SPACE',''
  ) );
#2557 = PCURVE('',#2525,#2558);
#2558 = DEFINITIONAL_REPRESENTATION('',(#2559),#2563);
#2559 = LINE('',#2560,#2561);
#2560 = CARTESIAN_POINT('',(-6.28318530718,-0.));
#2561 = VECTOR('',#2562,1.);
#2562 = DIRECTION('',(-0.,-1.));
#2563 = ( GEOMETRIC_REPRESENTATION_CONTEXT(2) 
PARAMETRIC_REPRESENTATION_CONTEXT() REPRESENTATION_CONTEXT('2D SPACE',''
  ) );
#2564 = ORIENTED_EDGE('',*,*,#2565,.F.);
#2565 = EDGE_CURVE('',#2543,#2543,#2566,.T.);
#2566 = SURFACE_CURVE('',#2567,(#2572,#2579),.PCURVE_S1.);
#2567 = CIRCLE('',#2568,7.595491502813);
#2568 = AXIS2_PLACEMENT_3D('',#2569,#2570,#2571);
#2569 = CARTESIAN_POINT('',(87.206107373854,0.,0.));
#2570 = DIRECTION('',(1.,0.,0.));
#2571 = DIRECTION('',(-0.,1.,0.));
#2572 = PCURVE('',#2525,#2573);
#2573 = DEFINITIONAL_REPRESENTATION('',(#2574),#2578);
#2574 = LINE('',#2575,#2576);
#2575 = CARTESIAN_POINT('',(-0.,-5.966076444705E-02));
#2576 = VECTOR('',#2577,1.);
#2577 = DIRECTION('',(-1.,-0.));
#2578 = ( GEOMETRIC_REPRESENTATION_CONTEXT(2) 
PARAMETRIC_REPRESENTATION_CONTEXT() REPRESENTATION_CONTEXT('2D SPACE',''
  ) );
#2579 = PCURVE('',#2580,#2585);
#2580 = CONICAL_SURFACE('',#2581,7.595491502813,0.549778714378);
#2581 = AXIS2_PLACEMENT_3D('',#2582,#2583,#2584);
#2582 = CARTESIAN_POINT('',(87.206107373854,0.,0.));
#2583 = DIRECTION('',(-1.,-0.,-0.));
#2584 = DIRECTION('',(-0.,1.,0.));
#2585 = DEFINITIONAL_REPRESENTATION('',(#2586),#2590);
#2586 = LINE('',#2587,#2588);
#2587 = CARTESIAN_POINT('',(-0.,-0.));
#2588 = VECTOR('',#2589,1.);
#2589 = DIRECTION('',(-1.,-0.));
#2590 = ( GEOMETRIC_REPRESENTATION_CONTEXT(2) 
PARAMETRIC_REPRESENTATION_CONTEXT() REPRESENTATION_CONTEXT('2D SPACE',''
  ) );
#2591 = ORIENTED_EDGE('',*,*,#2542,.F.);
#2592 = ADVANCED_FACE('',(#2593),#2580,.T.);
#2593 = FACE_BOUND('',#2594,.T.);
#2594 = EDGE_LOOP('',(#2595,#2596,#2619,#2646));
#2595 = ORIENTED_EDGE('',*,*,#2565,.T.);
#2596 = ORIENTED_EDGE('',*,*,#2597,.T.);
#2597 = EDGE_CURVE('',#2543,#2598,#2600,.T.);
#2598 = VERTEX_POINT('',#2599);
#2599 = CARTESIAN_POINT('',(87.27300475013,7.554496737906,0.));
#2600 = SEAM_CURVE('',#2601,(#2605,#2612),.PCURVE_S1.);
#2601 = LINE('',#2602,#2603);
#2602 = CARTESIAN_POINT('',(87.206107373854,7.595491502813,0.));
#2603 = VECTOR('',#2604,1.);
#2604 = DIRECTION('',(0.852640164354,-0.522498564716,0.));
#2605 = PCURVE('',#2580,#2606);
#2606 = DEFINITIONAL_REPRESENTATION('',(#2607),#2611);
#2607 = LINE('',#2608,#2609);
#2608 = CARTESIAN_POINT('',(-0.,-0.));
#2609 = VECTOR('',#2610,1.);
#2610 = DIRECTION('',(-0.,-1.));
#2611 = ( GEOMETRIC_REPRESENTATION_CONTEXT(2) 
PARAMETRIC_REPRESENTATION_CONTEXT() REPRESENTATION_CONTEXT('2D SPACE',''
  ) );
#2612 = PCURVE('',#2580,#2613);
#2613 = DEFINITIONAL_REPRESENTATION('',(#2614),#2618);
#2614 = LINE('',#2615,#2616);
#2615 = CARTESIAN_POINT('',(-6.28318530718,-0.));
#2616 = VECTOR('',#2617,1.);
#2617 = DIRECTION('',(-0.,-1.));
#2618 = ( GEOMETRIC_REPRESENTATION_CONTEXT(2) 
PARAMETRIC_REPRESENTATION_CONTEXT() REPRESENTATION_CONTEXT('2D SPACE',''
  ) );
#2619 = ORIENTED_EDGE('',*,*,#2620,.F.);
#2620 = EDGE_CURVE('',#2598,#2598,#2621,.T.);
#2621 = SURFACE_CURVE('',#2622,(#2627,#2634),.PCURVE_S1.);
#2622 = CIRCLE('',#2623,7.554496737906);
#2623 = AXIS2_PLACEMENT_3D('',#2624,#2625,#2626);
#2624 = CARTESIAN_POINT('',(87.27300475013,0.,0.));
#2625 = DIRECTION('',(1.,0.,0.));
#2626 = DIRECTION('',(-0.,1.,0.));
#2627 = PCURVE('',#2580,#2628);
#2628 = DEFINITIONAL_REPRESENTATION('',(#2629),#2633);
#2629 = LINE('',#2630,#2631);
#2630 = CARTESIAN_POINT('',(-0.,-6.689737627646E-02));
#2631 = VECTOR('',#2632,1.);
#2632 = DIRECTION('',(-1.,-0.));
#2633 = ( GEOMETRIC_REPRESENTATION_CONTEXT(2) 
PARAMETRIC_REPRESENTATION_CONTEXT() REPRESENTATION_CONTEXT('2D SPACE',''
  ) );
#2634 = PCURVE('',#2635,#2640);
#2635 = CONICAL_SURFACE('',#2636,7.554496737906,0.392699081699);
#2636 = AXIS2_PLACEMENT_3D('',#2637,#2638,#2639);
#2637 = CARTESIAN_POINT('',(87.27300475013,0.,0.));
#2638 = DIRECTION('',(-1.,-0.,-0.));
#2639 = DIRECTION('',(-0.,1.,0.));
#2640 = DEFINITIONAL_REPRESENTATION('',(#2641),#2645);
#2641 = LINE('',#2642,#2643);
#2642 = CARTESIAN_POINT('',(-0.,-0.));
#2643 = VECTOR('',#2644,1.);
#2644 = DIRECTION('',(-1.,-0.));
#2645 = ( GEOMETRIC_REPRESENTATION_CONTEXT(2) 
PARAMETRIC_REPRESENTATION_CONTEXT() REPRESENTATION_CONTEXT('2D SPACE',''
  ) );
#2646 = ORIENTED_EDGE('',*,*,#2597,.F.);
#2647 = ADVANCED_FACE('',(#2648),#2635,.T.);
#2648 = FACE_BOUND('',#2649,.T.);
#2649 = EDGE_LOOP('',(#2650,#2651,#2674,#2701));
#2650 = ORIENTED_EDGE('',*,*,#2620,.T.);
#2651 = ORIENTED_EDGE('',*,*,#2652,.T.);
#2652 = EDGE_CURVE('',#2598,#2653,#2655,.T.);
#2653 = VERTEX_POINT('',#2654);
#2654 = CARTESIAN_POINT('',(87.345491502813,7.524471741852,0.));
#2655 = SEAM_CURVE('',#2656,(#2660,#2667),.PCURVE_S1.);
#2656 = LINE('',#2657,#2658);
#2657 = CARTESIAN_POINT('',(87.27300475013,7.554496737906,0.));
#2658 = VECTOR('',#2659,1.);
#2659 = DIRECTION('',(0.923879532511,-0.382683432365,0.));
#2660 = PCURVE('',#2635,#2661);
#2661 = DEFINITIONAL_REPRESENTATION('',(#2662),#2666);
#2662 = LINE('',#2663,#2664);
#2663 = CARTESIAN_POINT('',(-0.,-0.));
#2664 = VECTOR('',#2665,1.);
#2665 = DIRECTION('',(-0.,-1.));
#2666 = ( GEOMETRIC_REPRESENTATION_CONTEXT(2) 
PARAMETRIC_REPRESENTATION_CONTEXT() REPRESENTATION_CONTEXT('2D SPACE',''
  ) );
#2667 = PCURVE('',#2635,#2668);
#2668 = DEFINITIONAL_REPRESENTATION('',(#2669),#2673);
#2669 = LINE('',#2670,#2671);
#2670 = CARTESIAN_POINT('',(-6.28318530718,-0.));
#2671 = VECTOR('',#2672,1.);
#2672 = DIRECTION('',(-0.,-1.));
#2673 = ( GEOMETRIC_REPRESENTATION_CONTEXT(2) 
PARAMETRIC_REPRESENTATION_CONTEXT() REPRESENTATION_CONTEXT('2D SPACE',''
  ) );
#2674 = ORIENTED_EDGE('',*,*,#2675,.F.);
#2675 = EDGE_CURVE('',#2653,#2653,#2676,.T.);
#2676 = SURFACE_CURVE('',#2677,(#2682,#2689),.PCURVE_S1.);
#2677 = CIRCLE('',#2678,7.524471741852);
#2678 = AXIS2_PLACEMENT_3D('',#2679,#2680,#2681);
#2679 = CARTESIAN_POINT('',(87.345491502813,0.,0.));
#2680 = DIRECTION('',(1.,0.,0.));
#2681 = DIRECTION('',(-0.,1.,0.));
#2682 = PCURVE('',#2635,#2683);
#2683 = DEFINITIONAL_REPRESENTATION('',(#2684),#2688);
#2684 = LINE('',#2685,#2686);
#2685 = CARTESIAN_POINT('',(-0.,-7.248675268229E-02));
#2686 = VECTOR('',#2687,1.);
#2687 = DIRECTION('',(-1.,-0.));
#2688 = ( GEOMETRIC_REPRESENTATION_CONTEXT(2) 
PARAMETRIC_REPRESENTATION_CONTEXT() REPRESENTATION_CONTEXT('2D SPACE',''
  ) );
#2689 = PCURVE('',#2690,#2695);
#2690 = CONICAL_SURFACE('',#2691,7.524471741852,0.235619449019);
#2691 = AXIS2_PLACEMENT_3D('',#2692,#2693,#2694);
#2692 = CARTESIAN_POINT('',(87.345491502813,0.,0.));
#2693 = DIRECTION('',(-1.,-0.,-0.));
#2694 = DIRECTION('',(-0.,1.,0.));
#2695 = DEFINITIONAL_REPRESENTATION('',(#2696),#2700);
#2696 = LINE('',#2697,#2698);
#2697 = CARTESIAN_POINT('',(-0.,-0.));
#2698 = VECTOR('',#2699,1.);
#2699 = DIRECTION('',(-1.,-0.));
#2700 = ( GEOMETRIC_REPRESENTATION_CONTEXT(2) 
PARAMETRIC_REPRESENTATION_CONTEXT() REPRESENTATION_CONTEXT('2D SPACE',''
  ) );
#2701 = ORIENTED_EDGE('',*,*,#2652,.F.);
#2702 = ADVANCED_FACE('',(#2703),#2690,.T.);
#2703 = FACE_BOUND('',#2704,.T.);
#2704 = EDGE_LOOP('',(#2705,#2706,#2729,#2756));
#2705 = ORIENTED_EDGE('',*,*,#2675,.T.);
#2706 = ORIENTED_EDGE('',*,*,#2707,.T.);
#2707 = EDGE_CURVE('',#2653,#2708,#2710,.T.);
#2708 = VERTEX_POINT('',#2709);
#2709 = CARTESIAN_POINT('',(87.42178276748,7.506155829702,0.));
#2710 = SEAM_CURVE('',#2711,(#2715,#2722),.PCURVE_S1.);
#2711 = LINE('',#2712,#2713);
#2712 = CARTESIAN_POINT('',(87.345491502813,7.524471741852,0.));
#2713 = VECTOR('',#2714,1.);
#2714 = DIRECTION('',(0.972369920398,-0.233445363856,0.));
#2715 = PCURVE('',#2690,#2716);
#2716 = DEFINITIONAL_REPRESENTATION('',(#2717),#2721);
#2717 = LINE('',#2718,#2719);
#2718 = CARTESIAN_POINT('',(-0.,-0.));
#2719 = VECTOR('',#2720,1.);
#2720 = DIRECTION('',(-0.,-1.));
#2721 = ( GEOMETRIC_REPRESENTATION_CONTEXT(2) 
PARAMETRIC_REPRESENTATION_CONTEXT() REPRESENTATION_CONTEXT('2D SPACE',''
  ) );
#2722 = PCURVE('',#2690,#2723);
#2723 = DEFINITIONAL_REPRESENTATION('',(#2724),#2728);
#2724 = LINE('',#2725,#2726);
#2725 = CARTESIAN_POINT('',(-6.28318530718,-0.));
#2726 = VECTOR('',#2727,1.);
#2727 = DIRECTION('',(-0.,-1.));
#2728 = ( GEOMETRIC_REPRESENTATION_CONTEXT(2) 
PARAMETRIC_REPRESENTATION_CONTEXT() REPRESENTATION_CONTEXT('2D SPACE',''
  ) );
#2729 = ORIENTED_EDGE('',*,*,#2730,.F.);
#2730 = EDGE_CURVE('',#2708,#2708,#2731,.T.);
#2731 = SURFACE_CURVE('',#2732,(#2737,#2744),.PCURVE_S1.);
#2732 = CIRCLE('',#2733,7.506155829702);
#2733 = AXIS2_PLACEMENT_3D('',#2734,#2735,#2736);
#2734 = CARTESIAN_POINT('',(87.42178276748,0.,0.));
#2735 = DIRECTION('',(1.,0.,0.));
#2736 = DIRECTION('',(-0.,1.,0.));
#2737 = PCURVE('',#2690,#2738);
#2738 = DEFINITIONAL_REPRESENTATION('',(#2739),#2743);
#2739 = LINE('',#2740,#2741);
#2740 = CARTESIAN_POINT('',(-0.,-7.629126466736E-02));
#2741 = VECTOR('',#2742,1.);
#2742 = DIRECTION('',(-1.,-0.));
#2743 = ( GEOMETRIC_REPRESENTATION_CONTEXT(2) 
PARAMETRIC_REPRESENTATION_CONTEXT() REPRESENTATION_CONTEXT('2D SPACE',''
  ) );
#2744 = PCURVE('',#2745,#2750);
#2745 = CONICAL_SURFACE('',#2746,7.506155829702,7.853981633974E-02);
#2746 = AXIS2_PLACEMENT_3D('',#2747,#2748,#2749);
#2747 = CARTESIAN_POINT('',(87.42178276748,0.,0.));
#2748 = DIRECTION('',(-1.,-0.,-0.));
#2749 = DIRECTION('',(-0.,1.,0.));
#2750 = DEFINITIONAL_REPRESENTATION('',(#2751),#2755);
#2751 = LINE('',#2752,#2753);
#2752 = CARTESIAN_POINT('',(-0.,-0.));
#2753 = VECTOR('',#2754,1.);
#2754 = DIRECTION('',(-1.,-0.));
#2755 = ( GEOMETRIC_REPRESENTATION_CONTEXT(2) 
PARAMETRIC_REPRESENTATION_CONTEXT() REPRESENTATION_CONTEXT('2D SPACE',''
  ) );
#2756 = ORIENTED_EDGE('',*,*,#2707,.F.);
#2757 = ADVANCED_FACE('',(#2758),#2745,.T.);
#2758 = FACE_BOUND('',#2759,.T.);
#2759 = EDGE_LOOP('',(#2760,#2761,#2784,#2811));
#2760 = ORIENTED_EDGE('',*,*,#2730,.T.);
#2761 = ORIENTED_EDGE('',*,*,#2762,.T.);
#2762 = EDGE_CURVE('',#2708,#2763,#2765,.T.);
#2763 = VERTEX_POINT('',#2764);
#2764 = CARTESIAN_POINT('',(87.5,7.5,0.));
#2765 = SEAM_CURVE('',#2766,(#2770,#2777),.PCURVE_S1.);
#2766 = LINE('',#2767,#2768);
#2767 = CARTESIAN_POINT('',(87.42178276748,7.506155829702,0.));
#2768 = VECTOR('',#2769,1.);
#2769 = DIRECTION('',(0.996917333733,-7.845909572784E-02,0.));
#2770 = PCURVE('',#2745,#2771);
#2771 = DEFINITIONAL_REPRESENTATION('',(#2772),#2776);
#2772 = LINE('',#2773,#2774);
#2773 = CARTESIAN_POINT('',(-0.,-0.));
#2774 = VECTOR('',#2775,1.);
#2775 = DIRECTION('',(-0.,-1.));
#2776 = ( GEOMETRIC_REPRESENTATION_CONTEXT(2) 
PARAMETRIC_REPRESENTATION_CONTEXT() REPRESENTATION_CONTEXT('2D SPACE',''
  ) );
#2777 = PCURVE('',#2745,#2778);
#2778 = DEFINITIONAL_REPRESENTATION('',(#2779),#2783);
#2779 = LINE('',#2780,#2781);
#2780 = CARTESIAN_POINT('',(-6.28318530718,-0.));
#2781 = VECTOR('',#2782,1.);
#2782 = DIRECTION('',(-0.,-1.));
#2783 = ( GEOMETRIC_REPRESENTATION_CONTEXT(2) 
PARAMETRIC_REPRESENTATION_CONTEXT() REPRESENTATION_CONTEXT('2D SPACE',''
  ) );
#2784 = ORIENTED_EDGE('',*,*,#2785,.F.);
#2785 = EDGE_CURVE('',#2763,#2763,#2786,.T.);
#2786 = SURFACE_CURVE('',#2787,(#2792,#2799),.PCURVE_S1.);
#2787 = CIRCLE('',#2788,7.5);
#2788 = AXIS2_PLACEMENT_3D('',#2789,#2790,#2791);
#2789 = CARTESIAN_POINT('',(87.5,0.,0.));
#2790 = DIRECTION('',(1.,0.,0.));
#2791 = DIRECTION('',(-0.,1.,0.));
#2792 = PCURVE('',#2745,#2793);
#2793 = DEFINITIONAL_REPRESENTATION('',(#2794),#2798);
#2794 = LINE('',#2795,#2796);
#2795 = CARTESIAN_POINT('',(-0.,-7.821723252012E-02));
#2796 = VECTOR('',#2797,1.);
#2797 = DIRECTION('',(-1.,-0.));
#2798 = ( GEOMETRIC_REPRESENTATION_CONTEXT(2) 
PARAMETRIC_REPRESENTATION_CONTEXT() REPRESENTATION_CONTEXT('2D SPACE',''
  ) );
#2799 = PCURVE('',#2800,#2805);
#2800 = CYLINDRICAL_SURFACE('',#2801,7.5);
#2801 = AXIS2_PLACEMENT_3D('',#2802,#2803,#2804);
#2802 = CARTESIAN_POINT('',(87.5,0.,0.));
#2803 = DIRECTION('',(1.,0.,0.));
#2804 = DIRECTION('',(-0.,1.,0.));
#2805 = DEFINITIONAL_REPRESENTATION('',(#2806),#2810);
#2806 = LINE('',#2807,#2808);
#2807 = CARTESIAN_POINT('',(0.,0.));
#2808 = VECTOR('',#2809,1.);
#2809 = DIRECTION('',(1.,0.));
#2810 = ( GEOMETRIC_REPRESENTATION_CONTEXT(2) 
PARAMETRIC_REPRESENTATION_CONTEXT() REPRESENTATION_CONTEXT('2D SPACE',''
  ) );
#2811 = ORIENTED_EDGE('',*,*,#2762,.F.);
#2812 = ADVANCED_FACE('',(#2813),#2800,.T.);
#2813 = FACE_BOUND('',#2814,.T.);
#2814 = EDGE_LOOP('',(#2815,#2816,#2839,#2866));
#2815 = ORIENTED_EDGE('',*,*,#2785,.T.);
#2816 = ORIENTED_EDGE('',*,*,#2817,.T.);
#2817 = EDGE_CURVE('',#2763,#2818,#2820,.T.);
#2818 = VERTEX_POINT('',#2819);
#2819 = CARTESIAN_POINT('',(107.,7.5,0.));
#2820 = SEAM_CURVE('',#2821,(#2825,#2832),.PCURVE_S1.);
#2821 = LINE('',#2822,#2823);
#2822 = CARTESIAN_POINT('',(87.5,7.5,0.));
#2823 = VECTOR('',#2824,1.);
#2824 = DIRECTION('',(1.,0.,0.));
#2825 = PCURVE('',#2800,#2826);
#2826 = DEFINITIONAL_REPRESENTATION('',(#2827),#2831);
#2827 = LINE('',#2828,#2829);
#2828 = CARTESIAN_POINT('',(0.,0.));
#2829 = VECTOR('',#2830,1.);
#2830 = DIRECTION('',(0.,1.));
#2831 = ( GEOMETRIC_REPRESENTATION_CONTEXT(2) 
PARAMETRIC_REPRESENTATION_CONTEXT() REPRESENTATION_CONTEXT('2D SPACE',''
  ) );
#2832 = PCURVE('',#2800,#2833);
#2833 = DEFINITIONAL_REPRESENTATION('',(#2834),#2838);
#2834 = LINE('',#2835,#2836);
#2835 = CARTESIAN_POINT('',(6.28318530718,0.));
#2836 = VECTOR('',#2837,1.);
#2837 = DIRECTION('',(0.,1.));
#2838 = ( GEOMETRIC_REPRESENTATION_CONTEXT(2) 
PARAMETRIC_REPRESENTATION_CONTEXT() REPRESENTATION_CONTEXT('2D SPACE',''
  ) );
#2839 = ORIENTED_EDGE('',*,*,#2840,.F.);
#2840 = EDGE_CURVE('',#2818,#2818,#2841,.T.);
#2841 = SURFACE_CURVE('',#2842,(#2847,#2854),.PCURVE_S1.);
#2842 = CIRCLE('',#2843,7.5);
#2843 = AXIS2_PLACEMENT_3D('',#2844,#2845,#2846);
#2844 = CARTESIAN_POINT('',(107.,0.,0.));
#2845 = DIRECTION('',(1.,0.,0.));
#2846 = DIRECTION('',(-0.,1.,0.));
#2847 = PCURVE('',#2800,#2848);
#2848 = DEFINITIONAL_REPRESENTATION('',(#2849),#2853);
#2849 = LINE('',#2850,#2851);
#2850 = CARTESIAN_POINT('',(0.,19.5));
#2851 = VECTOR('',#2852,1.);
#2852 = DIRECTION('',(1.,0.));
#2853 = ( GEOMETRIC_REPRESENTATION_CONTEXT(2) 
PARAMETRIC_REPRESENTATION_CONTEXT() REPRESENTATION_CONTEXT('2D SPACE',''
  ) );
#2854 = PCURVE('',#2855,#2860);
#2855 = CONICAL_SURFACE('',#2856,7.5,1.492256510455);
#2856 = AXIS2_PLACEMENT_3D('',#2857,#2858,#2859);
#2857 = CARTESIAN_POINT('',(107.,0.,0.));
#2858 = DIRECTION('',(-1.,-0.,-0.));
#2859 = DIRECTION('',(-0.,1.,0.));
#2860 = DEFINITIONAL_REPRESENTATION('',(#2861),#2865);
#2861 = LINE('',#2862,#2863);
#2862 = CARTESIAN_POINT('',(-0.,-0.));
#2863 = VECTOR('',#2864,1.);
#2864 = DIRECTION('',(-1.,-0.));
#2865 = ( GEOMETRIC_REPRESENTATION_CONTEXT(2) 
PARAMETRIC_REPRESENTATION_CONTEXT() REPRESENTATION_CONTEXT('2D SPACE',''
  ) );
#2866 = ORIENTED_EDGE('',*,*,#2817,.F.);
#2867 = ADVANCED_FACE('',(#2868),#2855,.T.);
#2868 = FACE_BOUND('',#2869,.T.);
#2869 = EDGE_LOOP('',(#2870,#2871,#2894,#2921));
#2870 = ORIENTED_EDGE('',*,*,#2840,.T.);
#2871 = ORIENTED_EDGE('',*,*,#2872,.T.);
#2872 = EDGE_CURVE('',#2818,#2873,#2875,.T.);
#2873 = VERTEX_POINT('',#2874);
#2874 = CARTESIAN_POINT('',(107.0061558297,7.42178276748,0.));
#2875 = SEAM_CURVE('',#2876,(#2880,#2887),.PCURVE_S1.);
#2876 = LINE('',#2877,#2878);
#2877 = CARTESIAN_POINT('',(107.,7.5,0.));
#2878 = VECTOR('',#2879,1.);
#2879 = DIRECTION('',(7.845909572791E-02,-0.996917333733,0.));
#2880 = PCURVE('',#2855,#2881);
#2881 = DEFINITIONAL_REPRESENTATION('',(#2882),#2886);
#2882 = LINE('',#2883,#2884);
#2883 = CARTESIAN_POINT('',(-0.,-0.));
#2884 = VECTOR('',#2885,1.);
#2885 = DIRECTION('',(-0.,-1.));
#2886 = ( GEOMETRIC_REPRESENTATION_CONTEXT(2) 
PARAMETRIC_REPRESENTATION_CONTEXT() REPRESENTATION_CONTEXT('2D SPACE',''
  ) );
#2887 = PCURVE('',#2855,#2888);
#2888 = DEFINITIONAL_REPRESENTATION('',(#2889),#2893);
#2889 = LINE('',#2890,#2891);
#2890 = CARTESIAN_POINT('',(-6.28318530718,-0.));
#2891 = VECTOR('',#2892,1.);
#2892 = DIRECTION('',(-0.,-1.));
#2893 = ( GEOMETRIC_REPRESENTATION_CONTEXT(2) 
PARAMETRIC_REPRESENTATION_CONTEXT() REPRESENTATION_CONTEXT('2D SPACE',''
  ) );
#2894 = ORIENTED_EDGE('',*,*,#2895,.F.);
#2895 = EDGE_CURVE('',#2873,#2873,#2896,.T.);
#2896 = SURFACE_CURVE('',#2897,(#2902,#2909),.PCURVE_S1.);
#2897 = CIRCLE('',#2898,7.42178276748);
#2898 = AXIS2_PLACEMENT_3D('',#2899,#2900,#2901);
#2899 = CARTESIAN_POINT('',(107.0061558297,0.,0.));
#2900 = DIRECTION('',(1.,0.,0.));
#2901 = DIRECTION('',(-0.,1.,0.));
#2902 = PCURVE('',#2855,#2903);
#2903 = DEFINITIONAL_REPRESENTATION('',(#2904),#2908);
#2904 = LINE('',#2905,#2906);
#2905 = CARTESIAN_POINT('',(-0.,-6.155829702436E-03));
#2906 = VECTOR('',#2907,1.);
#2907 = DIRECTION('',(-1.,-0.));
#2908 = ( GEOMETRIC_REPRESENTATION_CONTEXT(2) 
PARAMETRIC_REPRESENTATION_CONTEXT() REPRESENTATION_CONTEXT('2D SPACE',''
  ) );
#2909 = PCURVE('',#2910,#2915);
#2910 = CONICAL_SURFACE('',#2911,7.42178276748,1.335176877776);
#2911 = AXIS2_PLACEMENT_3D('',#2912,#2913,#2914);
#2912 = CARTESIAN_POINT('',(107.0061558297,0.,0.));
#2913 = DIRECTION('',(-1.,-0.,-0.));
#2914 = DIRECTION('',(-0.,1.,0.));
#2915 = DEFINITIONAL_REPRESENTATION('',(#2916),#2920);
#2916 = LINE('',#2917,#2918);
#2917 = CARTESIAN_POINT('',(-0.,-0.));
#2918 = VECTOR('',#2919,1.);
#2919 = DIRECTION('',(-1.,-0.));
#2920 = ( GEOMETRIC_REPRESENTATION_CONTEXT(2) 
PARAMETRIC_REPRESENTATION_CONTEXT() REPRESENTATION_CONTEXT('2D SPACE',''
  ) );
#2921 = ORIENTED_EDGE('',*,*,#2872,.F.);
#2922 = ADVANCED_FACE('',(#2923),#2910,.T.);
#2923 = FACE_BOUND('',#2924,.T.);
#2924 = EDGE_LOOP('',(#2925,#2926,#2949,#2976));
#2925 = ORIENTED_EDGE('',*,*,#2895,.T.);
#2926 = ORIENTED_EDGE('',*,*,#2927,.T.);
#2927 = EDGE_CURVE('',#2873,#2928,#2930,.T.);
#2928 = VERTEX_POINT('',#2929);
#2929 = CARTESIAN_POINT('',(107.02447174185,7.345491502813,0.));
#2930 = SEAM_CURVE('',#2931,(#2935,#2942),.PCURVE_S1.);
#2931 = LINE('',#2932,#2933);
#2932 = CARTESIAN_POINT('',(107.0061558297,7.42178276748,0.));
#2933 = VECTOR('',#2934,1.);
#2934 = DIRECTION('',(0.233445363856,-0.972369920398,0.));
#2935 = PCURVE('',#2910,#2936);
#2936 = DEFINITIONAL_REPRESENTATION('',(#2937),#2941);
#2937 = LINE('',#2938,#2939);
#2938 = CARTESIAN_POINT('',(-0.,-0.));
#2939 = VECTOR('',#2940,1.);
#2940 = DIRECTION('',(-0.,-1.));
#2941 = ( GEOMETRIC_REPRESENTATION_CONTEXT(2) 
PARAMETRIC_REPRESENTATION_CONTEXT() REPRESENTATION_CONTEXT('2D SPACE',''
  ) );
#2942 = PCURVE('',#2910,#2943);
#2943 = DEFINITIONAL_REPRESENTATION('',(#2944),#2948);
#2944 = LINE('',#2945,#2946);
#2945 = CARTESIAN_POINT('',(-6.28318530718,-0.));
#2946 = VECTOR('',#2947,1.);
#2947 = DIRECTION('',(-0.,-1.));
#2948 = ( GEOMETRIC_REPRESENTATION_CONTEXT(2) 
PARAMETRIC_REPRESENTATION_CONTEXT() REPRESENTATION_CONTEXT('2D SPACE',''
  ) );
#2949 = ORIENTED_EDGE('',*,*,#2950,.F.);
#2950 = EDGE_CURVE('',#2928,#2928,#2951,.T.);
#2951 = SURFACE_CURVE('',#2952,(#2957,#2964),.PCURVE_S1.);
#2952 = CIRCLE('',#2953,7.345491502813);
#2953 = AXIS2_PLACEMENT_3D('',#2954,#2955,#2956);
#2954 = CARTESIAN_POINT('',(107.02447174185,0.,0.));
#2955 = DIRECTION('',(1.,0.,0.));
#2956 = DIRECTION('',(-0.,1.,0.));
#2957 = PCURVE('',#2910,#2958);
#2958 = DEFINITIONAL_REPRESENTATION('',(#2959),#2963);
#2959 = LINE('',#2960,#2961);
#2960 = CARTESIAN_POINT('',(-0.,-1.831591214999E-02));
#2961 = VECTOR('',#2962,1.);
#2962 = DIRECTION('',(-1.,-0.));
#2963 = ( GEOMETRIC_REPRESENTATION_CONTEXT(2) 
PARAMETRIC_REPRESENTATION_CONTEXT() REPRESENTATION_CONTEXT('2D SPACE',''
  ) );
#2964 = PCURVE('',#2965,#2970);
#2965 = CONICAL_SURFACE('',#2966,7.345491502813,1.178097245096);
#2966 = AXIS2_PLACEMENT_3D('',#2967,#2968,#2969);
#2967 = CARTESIAN_POINT('',(107.02447174185,0.,0.));
#2968 = DIRECTION('',(-1.,-0.,-0.));
#2969 = DIRECTION('',(-0.,1.,0.));
#2970 = DEFINITIONAL_REPRESENTATION('',(#2971),#2975);
#2971 = LINE('',#2972,#2973);
#2972 = CARTESIAN_POINT('',(-0.,-0.));
#2973 = VECTOR('',#2974,1.);
#2974 = DIRECTION('',(-1.,-0.));
#2975 = ( GEOMETRIC_REPRESENTATION_CONTEXT(2) 
PARAMETRIC_REPRESENTATION_CONTEXT() REPRESENTATION_CONTEXT('2D SPACE',''
  ) );
#2976 = ORIENTED_EDGE('',*,*,#2927,.F.);
#2977 = ADVANCED_FACE('',(#2978),#2965,.T.);
#2978 = FACE_BOUND('',#2979,.T.);
#2979 = EDGE_LOOP('',(#2980,#2981,#3004,#3031));
#2980 = ORIENTED_EDGE('',*,*,#2950,.T.);
#2981 = ORIENTED_EDGE('',*,*,#2982,.T.);
#2982 = EDGE_CURVE('',#2928,#2983,#2985,.T.);
#2983 = VERTEX_POINT('',#2984);
#2984 = CARTESIAN_POINT('',(107.0544967379,7.27300475013,0.));
#2985 = SEAM_CURVE('',#2986,(#2990,#2997),.PCURVE_S1.);
#2986 = LINE('',#2987,#2988);
#2987 = CARTESIAN_POINT('',(107.02447174185,7.345491502813,0.));
#2988 = VECTOR('',#2989,1.);
#2989 = DIRECTION('',(0.382683432365,-0.923879532511,0.));
#2990 = PCURVE('',#2965,#2991);
#2991 = DEFINITIONAL_REPRESENTATION('',(#2992),#2996);
#2992 = LINE('',#2993,#2994);
#2993 = CARTESIAN_POINT('',(-0.,-0.));
#2994 = VECTOR('',#2995,1.);
#2995 = DIRECTION('',(-0.,-1.));
#2996 = ( GEOMETRIC_REPRESENTATION_CONTEXT(2) 
PARAMETRIC_REPRESENTATION_CONTEXT() REPRESENTATION_CONTEXT('2D SPACE',''
  ) );
#2997 = PCURVE('',#2965,#2998);
#2998 = DEFINITIONAL_REPRESENTATION('',(#2999),#3003);
#2999 = LINE('',#3000,#3001);
#3000 = CARTESIAN_POINT('',(-6.28318530718,-0.));
#3001 = VECTOR('',#3002,1.);
#3002 = DIRECTION('',(-0.,-1.));
#3003 = ( GEOMETRIC_REPRESENTATION_CONTEXT(2) 
PARAMETRIC_REPRESENTATION_CONTEXT() REPRESENTATION_CONTEXT('2D SPACE',''
  ) );
#3004 = ORIENTED_EDGE('',*,*,#3005,.F.);
#3005 = EDGE_CURVE('',#2983,#2983,#3006,.T.);
#3006 = SURFACE_CURVE('',#3007,(#3012,#3019),.PCURVE_S1.);
#3007 = CIRCLE('',#3008,7.27300475013);
#3008 = AXIS2_PLACEMENT_3D('',#3009,#3010,#3011);
#3009 = CARTESIAN_POINT('',(107.0544967379,0.,0.));
#3010 = DIRECTION('',(1.,0.,0.));
#3011 = DIRECTION('',(-0.,1.,0.));
#3012 = PCURVE('',#2965,#3013);
#3013 = DEFINITIONAL_REPRESENTATION('',(#3014),#3018);
#3014 = LINE('',#3015,#3016);
#3015 = CARTESIAN_POINT('',(-0.,-3.00249960534E-02));
#3016 = VECTOR('',#3017,1.);
#3017 = DIRECTION('',(-1.,-0.));
#3018 = ( GEOMETRIC_REPRESENTATION_CONTEXT(2) 
PARAMETRIC_REPRESENTATION_CONTEXT() REPRESENTATION_CONTEXT('2D SPACE',''
  ) );
#3019 = PCURVE('',#3020,#3025);
#3020 = CONICAL_SURFACE('',#3021,7.27300475013,1.021017612417);
#3021 = AXIS2_PLACEMENT_3D('',#3022,#3023,#3024);
#3022 = CARTESIAN_POINT('',(107.0544967379,0.,0.));
#3023 = DIRECTION('',(-1.,-0.,-0.));
#3024 = DIRECTION('',(-0.,1.,0.));
#3025 = DEFINITIONAL_REPRESENTATION('',(#3026),#3030);
#3026 = LINE('',#3027,#3028);
#3027 = CARTESIAN_POINT('',(-0.,-0.));
#3028 = VECTOR('',#3029,1.);
#3029 = DIRECTION('',(-1.,-0.));
#3030 = ( GEOMETRIC_REPRESENTATION_CONTEXT(2) 
PARAMETRIC_REPRESENTATION_CONTEXT() REPRESENTATION_CONTEXT('2D SPACE',''
  ) );
#3031 = ORIENTED_EDGE('',*,*,#2982,.F.);
#3032 = ADVANCED_FACE('',(#3033),#3020,.T.);
#3033 = FACE_BOUND('',#3034,.T.);
#3034 = EDGE_LOOP('',(#3035,#3036,#3059,#3086));
#3035 = ORIENTED_EDGE('',*,*,#3005,.T.);
#3036 = ORIENTED_EDGE('',*,*,#3037,.T.);
#3037 = EDGE_CURVE('',#2983,#3038,#3040,.T.);
#3038 = VERTEX_POINT('',#3039);
#3039 = CARTESIAN_POINT('',(107.09549150281,7.206107373854,0.));
#3040 = SEAM_CURVE('',#3041,(#3045,#3052),.PCURVE_S1.);
#3041 = LINE('',#3042,#3043);
#3042 = CARTESIAN_POINT('',(107.0544967379,7.27300475013,0.));
#3043 = VECTOR('',#3044,1.);
#3044 = DIRECTION('',(0.522498564716,-0.852640164354,0.));
#3045 = PCURVE('',#3020,#3046);
#3046 = DEFINITIONAL_REPRESENTATION('',(#3047),#3051);
#3047 = LINE('',#3048,#3049);
#3048 = CARTESIAN_POINT('',(-0.,-0.));
#3049 = VECTOR('',#3050,1.);
#3050 = DIRECTION('',(-0.,-1.));
#3051 = ( GEOMETRIC_REPRESENTATION_CONTEXT(2) 
PARAMETRIC_REPRESENTATION_CONTEXT() REPRESENTATION_CONTEXT('2D SPACE',''
  ) );
#3052 = PCURVE('',#3020,#3053);
#3053 = DEFINITIONAL_REPRESENTATION('',(#3054),#3058);
#3054 = LINE('',#3055,#3056);
#3055 = CARTESIAN_POINT('',(-6.28318530718,-0.));
#3056 = VECTOR('',#3057,1.);
#3057 = DIRECTION('',(-0.,-1.));
#3058 = ( GEOMETRIC_REPRESENTATION_CONTEXT(2) 
PARAMETRIC_REPRESENTATION_CONTEXT() REPRESENTATION_CONTEXT('2D SPACE',''
  ) );
#3059 = ORIENTED_EDGE('',*,*,#3060,.F.);
#3060 = EDGE_CURVE('',#3038,#3038,#3061,.T.);
#3061 = SURFACE_CURVE('',#3062,(#3067,#3074),.PCURVE_S1.);
#3062 = CIRCLE('',#3063,7.206107373854);
#3063 = AXIS2_PLACEMENT_3D('',#3064,#3065,#3066);
#3064 = CARTESIAN_POINT('',(107.09549150281,0.,0.));
#3065 = DIRECTION('',(1.,0.,0.));
#3066 = DIRECTION('',(-0.,1.,0.));
#3067 = PCURVE('',#3020,#3068);
#3068 = DEFINITIONAL_REPRESENTATION('',(#3069),#3073);
#3069 = LINE('',#3070,#3071);
#3070 = CARTESIAN_POINT('',(-0.,-4.09947649067E-02));
#3071 = VECTOR('',#3072,1.);
#3072 = DIRECTION('',(-1.,-0.));
#3073 = ( GEOMETRIC_REPRESENTATION_CONTEXT(2) 
PARAMETRIC_REPRESENTATION_CONTEXT() REPRESENTATION_CONTEXT('2D SPACE',''
  ) );
#3074 = PCURVE('',#3075,#3080);
#3075 = CONICAL_SURFACE('',#3076,7.206107373854,0.863937979737);
#3076 = AXIS2_PLACEMENT_3D('',#3077,#3078,#3079);
#3077 = CARTESIAN_POINT('',(107.09549150281,0.,0.));
#3078 = DIRECTION('',(-1.,-0.,-0.));
#3079 = DIRECTION('',(-0.,1.,0.));
#3080 = DEFINITIONAL_REPRESENTATION('',(#3081),#3085);
#3081 = LINE('',#3082,#3083);
#3082 = CARTESIAN_POINT('',(-0.,-0.));
#3083 = VECTOR('',#3084,1.);
#3084 = DIRECTION('',(-1.,-0.));
#3085 = ( GEOMETRIC_REPRESENTATION_CONTEXT(2) 
PARAMETRIC_REPRESENTATION_CONTEXT() REPRESENTATION_CONTEXT('2D SPACE',''
  ) );
#3086 = ORIENTED_EDGE('',*,*,#3037,.F.);
#3087 = ADVANCED_FACE('',(#3088),#3075,.T.);
#3088 = FACE_BOUND('',#3089,.T.);
#3089 = EDGE_LOOP('',(#3090,#3091,#3114,#3141));
#3090 = ORIENTED_EDGE('',*,*,#3060,.T.);
#3091 = ORIENTED_EDGE('',*,*,#3092,.T.);
#3092 = EDGE_CURVE('',#3038,#3093,#3095,.T.);
#3093 = VERTEX_POINT('',#3094);
#3094 = CARTESIAN_POINT('',(107.1464466094,7.146446609407,0.));
#3095 = SEAM_CURVE('',#3096,(#3100,#3107),.PCURVE_S1.);
#3096 = LINE('',#3097,#3098);
#3097 = CARTESIAN_POINT('',(107.09549150281,7.206107373854,0.));
#3098 = VECTOR('',#3099,1.);
#3099 = DIRECTION('',(0.64944804833,-0.7604059656,0.));
#3100 = PCURVE('',#3075,#3101);
#3101 = DEFINITIONAL_REPRESENTATION('',(#3102),#3106);
#3102 = LINE('',#3103,#3104);
#3103 = CARTESIAN_POINT('',(-0.,-0.));
#3104 = VECTOR('',#3105,1.);
#3105 = DIRECTION('',(-0.,-1.));
#3106 = ( GEOMETRIC_REPRESENTATION_CONTEXT(2) 
PARAMETRIC_REPRESENTATION_CONTEXT() REPRESENTATION_CONTEXT('2D SPACE',''
  ) );
#3107 = PCURVE('',#3075,#3108);
#3108 = DEFINITIONAL_REPRESENTATION('',(#3109),#3113);
#3109 = LINE('',#3110,#3111);
#3110 = CARTESIAN_POINT('',(-6.28318530718,-0.));
#3111 = VECTOR('',#3112,1.);
#3112 = DIRECTION('',(-0.,-1.));
#3113 = ( GEOMETRIC_REPRESENTATION_CONTEXT(2) 
PARAMETRIC_REPRESENTATION_CONTEXT() REPRESENTATION_CONTEXT('2D SPACE',''
  ) );
#3114 = ORIENTED_EDGE('',*,*,#3115,.F.);
#3115 = EDGE_CURVE('',#3093,#3093,#3116,.T.);
#3116 = SURFACE_CURVE('',#3117,(#3122,#3129),.PCURVE_S1.);
#3117 = CIRCLE('',#3118,7.146446609407);
#3118 = AXIS2_PLACEMENT_3D('',#3119,#3120,#3121);
#3119 = CARTESIAN_POINT('',(107.1464466094,0.,0.));
#3120 = DIRECTION('',(1.,0.,0.));
#3121 = DIRECTION('',(-0.,1.,0.));
#3122 = PCURVE('',#3075,#3123);
#3123 = DEFINITIONAL_REPRESENTATION('',(#3124),#3128);
#3124 = LINE('',#3125,#3126);
#3125 = CARTESIAN_POINT('',(-0.,-5.09551065942E-02));
#3126 = VECTOR('',#3127,1.);
#3127 = DIRECTION('',(-1.,-0.));
#3128 = ( GEOMETRIC_REPRESENTATION_CONTEXT(2) 
PARAMETRIC_REPRESENTATION_CONTEXT() REPRESENTATION_CONTEXT('2D SPACE',''
  ) );
#3129 = PCURVE('',#3130,#3135);
#3130 = CONICAL_SURFACE('',#3131,7.146446609407,0.706858347058);
#3131 = AXIS2_PLACEMENT_3D('',#3132,#3133,#3134);
#3132 = CARTESIAN_POINT('',(107.1464466094,0.,0.));
#3133 = DIRECTION('',(-1.,-0.,-0.));
#3134 = DIRECTION('',(-0.,1.,0.));
#3135 = DEFINITIONAL_REPRESENTATION('',(#3136),#3140);
#3136 = LINE('',#3137,#3138);
#3137 = CARTESIAN_POINT('',(-0.,-0.));
#3138 = VECTOR('',#3139,1.);
#3139 = DIRECTION('',(-1.,-0.));
#3140 = ( GEOMETRIC_REPRESENTATION_CONTEXT(2) 
PARAMETRIC_REPRESENTATION_CONTEXT() REPRESENTATION_CONTEXT('2D SPACE',''
  ) );
#3141 = ORIENTED_EDGE('',*,*,#3092,.F.);
#3142 = ADVANCED_FACE('',(#3143),#3130,.T.);
#3143 = FACE_BOUND('',#3144,.T.);
#3144 = EDGE_LOOP('',(#3145,#3146,#3169,#3196));
#3145 = ORIENTED_EDGE('',*,*,#3115,.T.);
#3146 = ORIENTED_EDGE('',*,*,#3147,.T.);
#3147 = EDGE_CURVE('',#3093,#3148,#3150,.T.);
#3148 = VERTEX_POINT('',#3149);
#3149 = CARTESIAN_POINT('',(107.20610737385,7.095491502813,0.));
#3150 = SEAM_CURVE('',#3151,(#3155,#3162),.PCURVE_S1.);
#3151 = LINE('',#3152,#3153);
#3152 = CARTESIAN_POINT('',(107.1464466094,7.146446609407,0.));
#3153 = VECTOR('',#3154,1.);
#3154 = DIRECTION('',(0.7604059656,-0.64944804833,0.));
#3155 = PCURVE('',#3130,#3156);
#3156 = DEFINITIONAL_REPRESENTATION('',(#3157),#3161);
#3157 = LINE('',#3158,#3159);
#3158 = CARTESIAN_POINT('',(-0.,-0.));
#3159 = VECTOR('',#3160,1.);
#3160 = DIRECTION('',(-0.,-1.));
#3161 = ( GEOMETRIC_REPRESENTATION_CONTEXT(2) 
PARAMETRIC_REPRESENTATION_CONTEXT() REPRESENTATION_CONTEXT('2D SPACE',''
  ) );
#3162 = PCURVE('',#3130,#3163);
#3163 = DEFINITIONAL_REPRESENTATION('',(#3164),#3168);
#3164 = LINE('',#3165,#3166);
#3165 = CARTESIAN_POINT('',(-6.28318530718,-0.));
#3166 = VECTOR('',#3167,1.);
#3167 = DIRECTION('',(-0.,-1.));
#3168 = ( GEOMETRIC_REPRESENTATION_CONTEXT(2) 
PARAMETRIC_REPRESENTATION_CONTEXT() REPRESENTATION_CONTEXT('2D SPACE',''
  ) );
#3169 = ORIENTED_EDGE('',*,*,#3170,.F.);
#3170 = EDGE_CURVE('',#3148,#3148,#3171,.T.);
#3171 = SURFACE_CURVE('',#3172,(#3177,#3184),.PCURVE_S1.);
#3172 = CIRCLE('',#3173,7.095491502813);
#3173 = AXIS2_PLACEMENT_3D('',#3174,#3175,#3176);
#3174 = CARTESIAN_POINT('',(107.20610737385,0.,0.));
#3175 = DIRECTION('',(1.,0.,0.));
#3176 = DIRECTION('',(-0.,1.,0.));
#3177 = PCURVE('',#3130,#3178);
#3178 = DEFINITIONAL_REPRESENTATION('',(#3179),#3183);
#3179 = LINE('',#3180,#3181);
#3180 = CARTESIAN_POINT('',(-0.,-5.966076444705E-02));
#3181 = VECTOR('',#3182,1.);
#3182 = DIRECTION('',(-1.,-0.));
#3183 = ( GEOMETRIC_REPRESENTATION_CONTEXT(2) 
PARAMETRIC_REPRESENTATION_CONTEXT() REPRESENTATION_CONTEXT('2D SPACE',''
  ) );
#3184 = PCURVE('',#3185,#3190);
#3185 = CONICAL_SURFACE('',#3186,7.095491502813,0.549778714378);
#3186 = AXIS2_PLACEMENT_3D('',#3187,#3188,#3189);
#3187 = CARTESIAN_POINT('',(107.20610737385,0.,0.));
#3188 = DIRECTION('',(-1.,-0.,-0.));
#3189 = DIRECTION('',(-0.,1.,0.));
#3190 = DEFINITIONAL_REPRESENTATION('',(#3191),#3195);
#3191 = LINE('',#3192,#3193);
#3192 = CARTESIAN_POINT('',(-0.,-0.));
#3193 = VECTOR('',#3194,1.);
#3194 = DIRECTION('',(-1.,-0.));
#3195 = ( GEOMETRIC_REPRESENTATION_CONTEXT(2) 
PARAMETRIC_REPRESENTATION_CONTEXT() REPRESENTATION_CONTEXT('2D SPACE',''
  ) );
#3196 = ORIENTED_EDGE('',*,*,#3147,.F.);
#3197 = ADVANCED_FACE('',(#3198),#3185,.T.);
#3198 = FACE_BOUND('',#3199,.T.);
#3199 = EDGE_LOOP('',(#3200,#3201,#3224,#3251));
#3200 = ORIENTED_EDGE('',*,*,#3170,.T.);
#3201 = ORIENTED_EDGE('',*,*,#3202,.T.);
#3202 = EDGE_CURVE('',#3148,#3203,#3205,.T.);
#3203 = VERTEX_POINT('',#3204);
#3204 = CARTESIAN_POINT('',(107.27300475013,7.054496737906,0.));
#3205 = SEAM_CURVE('',#3206,(#3210,#3217),.PCURVE_S1.);
#3206 = LINE('',#3207,#3208);
#3207 = CARTESIAN_POINT('',(107.20610737385,7.095491502813,0.));
#3208 = VECTOR('',#3209,1.);
#3209 = DIRECTION('',(0.852640164354,-0.522498564716,0.));
#3210 = PCURVE('',#3185,#3211);
#3211 = DEFINITIONAL_REPRESENTATION('',(#3212),#3216);
#3212 = LINE('',#3213,#3214);
#3213 = CARTESIAN_POINT('',(-0.,-0.));
#3214 = VECTOR('',#3215,1.);
#3215 = DIRECTION('',(-0.,-1.));
#3216 = ( GEOMETRIC_REPRESENTATION_CONTEXT(2) 
PARAMETRIC_REPRESENTATION_CONTEXT() REPRESENTATION_CONTEXT('2D SPACE',''
  ) );
#3217 = PCURVE('',#3185,#3218);
#3218 = DEFINITIONAL_REPRESENTATION('',(#3219),#3223);
#3219 = LINE('',#3220,#3221);
#3220 = CARTESIAN_POINT('',(-6.28318530718,-0.));
#3221 = VECTOR('',#3222,1.);
#3222 = DIRECTION('',(-0.,-1.));
#3223 = ( GEOMETRIC_REPRESENTATION_CONTEXT(2) 
PARAMETRIC_REPRESENTATION_CONTEXT() REPRESENTATION_CONTEXT('2D SPACE',''
  ) );
#3224 = ORIENTED_EDGE('',*,*,#3225,.F.);
#3225 = EDGE_CURVE('',#3203,#3203,#3226,.T.);
#3226 = SURFACE_CURVE('',#3227,(#3232,#3239),.PCURVE_S1.);
#3227 = CIRCLE('',#3228,7.054496737906);
#3228 = AXIS2_PLACEMENT_3D('',#3229,#3230,#3231);
#3229 = CARTESIAN_POINT('',(107.27300475013,0.,0.));
#3230 = DIRECTION('',(1.,0.,0.));
#3231 = DIRECTION('',(-0.,1.,0.));
#3232 = PCURVE('',#3185,#3233);
#3233 = DEFINITIONAL_REPRESENTATION('',(#3234),#3238);
#3234 = LINE('',#3235,#3236);
#3235 = CARTESIAN_POINT('',(-0.,-6.689737627646E-02));
#3236 = VECTOR('',#3237,1.);
#3237 = DIRECTION('',(-1.,-0.));
#3238 = ( GEOMETRIC_REPRESENTATION_CONTEXT(2) 
PARAMETRIC_REPRESENTATION_CONTEXT() REPRESENTATION_CONTEXT('2D SPACE',''
  ) );
#3239 = PCURVE('',#3240,#3245);
#3240 = CONICAL_SURFACE('',#3241,7.054496737906,0.392699081699);
#3241 = AXIS2_PLACEMENT_3D('',#3242,#3243,#3244);
#3242 = CARTESIAN_POINT('',(107.27300475013,0.,0.));
#3243 = DIRECTION('',(-1.,-0.,-0.));
#3244 = DIRECTION('',(-0.,1.,0.));
#3245 = DEFINITIONAL_REPRESENTATION('',(#3246),#3250);
#3246 = LINE('',#3247,#3248);
#3247 = CARTESIAN_POINT('',(-0.,-0.));
#3248 = VECTOR('',#3249,1.);
#3249 = DIRECTION('',(-1.,-0.));
#3250 = ( GEOMETRIC_REPRESENTATION_CONTEXT(2) 
PARAMETRIC_REPRESENTATION_CONTEXT() REPRESENTATION_CONTEXT('2D SPACE',''
  ) );
#3251 = ORIENTED_EDGE('',*,*,#3202,.F.);
#3252 = ADVANCED_FACE('',(#3253),#3240,.T.);
#3253 = FACE_BOUND('',#3254,.T.);
#3254 = EDGE_LOOP('',(#3255,#3256,#3279,#3306));
#3255 = ORIENTED_EDGE('',*,*,#3225,.T.);
#3256 = ORIENTED_EDGE('',*,*,#3257,.T.);
#3257 = EDGE_CURVE('',#3203,#3258,#3260,.T.);
#3258 = VERTEX_POINT('',#3259);
#3259 = CARTESIAN_POINT('',(107.34549150281,7.024471741852,0.));
#3260 = SEAM_CURVE('',#3261,(#3265,#3272),.PCURVE_S1.);
#3261 = LINE('',#3262,#3263);
#3262 = CARTESIAN_POINT('',(107.27300475013,7.054496737906,0.));
#3263 = VECTOR('',#3264,1.);
#3264 = DIRECTION('',(0.923879532511,-0.382683432365,0.));
#3265 = PCURVE('',#3240,#3266);
#3266 = DEFINITIONAL_REPRESENTATION('',(#3267),#3271);
#3267 = LINE('',#3268,#3269);
#3268 = CARTESIAN_POINT('',(-0.,-0.));
#3269 = VECTOR('',#3270,1.);
#3270 = DIRECTION('',(-0.,-1.));
#3271 = ( GEOMETRIC_REPRESENTATION_CONTEXT(2) 
PARAMETRIC_REPRESENTATION_CONTEXT() REPRESENTATION_CONTEXT('2D SPACE',''
  ) );
#3272 = PCURVE('',#3240,#3273);
#3273 = DEFINITIONAL_REPRESENTATION('',(#3274),#3278);
#3274 = LINE('',#3275,#3276);
#3275 = CARTESIAN_POINT('',(-6.28318530718,-0.));
#3276 = VECTOR('',#3277,1.);
#3277 = DIRECTION('',(-0.,-1.));
#3278 = ( GEOMETRIC_REPRESENTATION_CONTEXT(2) 
PARAMETRIC_REPRESENTATION_CONTEXT() REPRESENTATION_CONTEXT('2D SPACE',''
  ) );
#3279 = ORIENTED_EDGE('',*,*,#3280,.F.);
#3280 = EDGE_CURVE('',#3258,#3258,#3281,.T.);
#3281 = SURFACE_CURVE('',#3282,(#3287,#3294),.PCURVE_S1.);
#3282 = CIRCLE('',#3283,7.024471741852);
#3283 = AXIS2_PLACEMENT_3D('',#3284,#3285,#3286);
#3284 = CARTESIAN_POINT('',(107.34549150281,0.,0.));
#3285 = DIRECTION('',(1.,0.,0.));
#3286 = DIRECTION('',(-0.,1.,0.));
#3287 = PCURVE('',#3240,#3288);
#3288 = DEFINITIONAL_REPRESENTATION('',(#3289),#3293);
#3289 = LINE('',#3290,#3291);
#3290 = CARTESIAN_POINT('',(-0.,-7.248675268229E-02));
#3291 = VECTOR('',#3292,1.);
#3292 = DIRECTION('',(-1.,-0.));
#3293 = ( GEOMETRIC_REPRESENTATION_CONTEXT(2) 
PARAMETRIC_REPRESENTATION_CONTEXT() REPRESENTATION_CONTEXT('2D SPACE',''
  ) );
#3294 = PCURVE('',#3295,#3300);
#3295 = CONICAL_SURFACE('',#3296,7.024471741852,0.235619449019);
#3296 = AXIS2_PLACEMENT_3D('',#3297,#3298,#3299);
#3297 = CARTESIAN_POINT('',(107.34549150281,0.,0.));
#3298 = DIRECTION('',(-1.,-0.,-0.));
#3299 = DIRECTION('',(-0.,1.,0.));
#3300 = DEFINITIONAL_REPRESENTATION('',(#3301),#3305);
#3301 = LINE('',#3302,#3303);
#3302 = CARTESIAN_POINT('',(-0.,-0.));
#3303 = VECTOR('',#3304,1.);
#3304 = DIRECTION('',(-1.,-0.));
#3305 = ( GEOMETRIC_REPRESENTATION_CONTEXT(2) 
PARAMETRIC_REPRESENTATION_CONTEXT() REPRESENTATION_CONTEXT('2D SPACE',''
  ) );
#3306 = ORIENTED_EDGE('',*,*,#3257,.F.);
#3307 = ADVANCED_FACE('',(#3308),#3295,.T.);
#3308 = FACE_BOUND('',#3309,.T.);
#3309 = EDGE_LOOP('',(#3310,#3311,#3334,#3361));
#3310 = ORIENTED_EDGE('',*,*,#3280,.T.);
#3311 = ORIENTED_EDGE('',*,*,#3312,.T.);
#3312 = EDGE_CURVE('',#3258,#3313,#3315,.T.);
#3313 = VERTEX_POINT('',#3314);
#3314 = CARTESIAN_POINT('',(107.42178276748,7.006155829702,0.));
#3315 = SEAM_CURVE('',#3316,(#3320,#3327),.PCURVE_S1.);
#3316 = LINE('',#3317,#3318);
#3317 = CARTESIAN_POINT('',(107.34549150281,7.024471741852,0.));
#3318 = VECTOR('',#3319,1.);
#3319 = DIRECTION('',(0.972369920398,-0.233445363856,0.));
#3320 = PCURVE('',#3295,#3321);
#3321 = DEFINITIONAL_REPRESENTATION('',(#3322),#3326);
#3322 = LINE('',#3323,#3324);
#3323 = CARTESIAN_POINT('',(-0.,-0.));
#3324 = VECTOR('',#3325,1.);
#3325 = DIRECTION('',(-0.,-1.));
#3326 = ( GEOMETRIC_REPRESENTATION_CONTEXT(2) 
PARAMETRIC_REPRESENTATION_CONTEXT() REPRESENTATION_CONTEXT('2D SPACE',''
  ) );
#3327 = PCURVE('',#3295,#3328);
#3328 = DEFINITIONAL_REPRESENTATION('',(#3329),#3333);
#3329 = LINE('',#3330,#3331);
#3330 = CARTESIAN_POINT('',(-6.28318530718,-0.));
#3331 = VECTOR('',#3332,1.);
#3332 = DIRECTION('',(-0.,-1.));
#3333 = ( GEOMETRIC_REPRESENTATION_CONTEXT(2) 
PARAMETRIC_REPRESENTATION_CONTEXT() REPRESENTATION_CONTEXT('2D SPACE',''
  ) );
#3334 = ORIENTED_EDGE('',*,*,#3335,.F.);
#3335 = EDGE_CURVE('',#3313,#3313,#3336,.T.);
#3336 = SURFACE_CURVE('',#3337,(#3342,#3349),.PCURVE_S1.);
#3337 = CIRCLE('',#3338,7.006155829702);
#3338 = AXIS2_PLACEMENT_3D('',#3339,#3340,#3341);
#3339 = CARTESIAN_POINT('',(107.42178276748,0.,0.));
#3340 = DIRECTION('',(1.,0.,0.));
#3341 = DIRECTION('',(-0.,1.,0.));
#3342 = PCURVE('',#3295,#3343);
#3343 = DEFINITIONAL_REPRESENTATION('',(#3344),#3348);
#3344 = LINE('',#3345,#3346);
#3345 = CARTESIAN_POINT('',(-0.,-7.629126466736E-02));
#3346 = VECTOR('',#3347,1.);
#3347 = DIRECTION('',(-1.,-0.));
#3348 = ( GEOMETRIC_REPRESENTATION_CONTEXT(2) 
PARAMETRIC_REPRESENTATION_CONTEXT() REPRESENTATION_CONTEXT('2D SPACE',''
  ) );
#3349 = PCURVE('',#3350,#3355);
#3350 = CONICAL_SURFACE('',#3351,7.006155829702,7.853981633974E-02);
#3351 = AXIS2_PLACEMENT_3D('',#3352,#3353,#3354);
#3352 = CARTESIAN_POINT('',(107.42178276748,0.,0.));
#3353 = DIRECTION('',(-1.,-0.,-0.));
#3354 = DIRECTION('',(-0.,1.,0.));
#3355 = DEFINITIONAL_REPRESENTATION('',(#3356),#3360);
#3356 = LINE('',#3357,#3358);
#3357 = CARTESIAN_POINT('',(-0.,-0.));
#3358 = VECTOR('',#3359,1.);
#3359 = DIRECTION('',(-1.,-0.));
#3360 = ( GEOMETRIC_REPRESENTATION_CONTEXT(2) 
PARAMETRIC_REPRESENTATION_CONTEXT() REPRESENTATION_CONTEXT('2D SPACE',''
  ) );
#3361 = ORIENTED_EDGE('',*,*,#3312,.F.);
#3362 = ADVANCED_FACE('',(#3363),#3350,.T.);
#3363 = FACE_BOUND('',#3364,.T.);
#3364 = EDGE_LOOP('',(#3365,#3366,#3389,#3416));
#3365 = ORIENTED_EDGE('',*,*,#3335,.T.);
#3366 = ORIENTED_EDGE('',*,*,#3367,.T.);
#3367 = EDGE_CURVE('',#3313,#3368,#3370,.T.);
#3368 = VERTEX_POINT('',#3369);
#3369 = CARTESIAN_POINT('',(107.5,7.,0.));
#3370 = SEAM_CURVE('',#3371,(#3375,#3382),.PCURVE_S1.);
#3371 = LINE('',#3372,#3373);
#3372 = CARTESIAN_POINT('',(107.42178276748,7.006155829702,0.));
#3373 = VECTOR('',#3374,1.);
#3374 = DIRECTION('',(0.996917333733,-7.845909572784E-02,0.));
#3375 = PCURVE('',#3350,#3376);
#3376 = DEFINITIONAL_REPRESENTATION('',(#3377),#3381);
#3377 = LINE('',#3378,#3379);
#3378 = CARTESIAN_POINT('',(-0.,-0.));
#3379 = VECTOR('',#3380,1.);
#3380 = DIRECTION('',(-0.,-1.));
#3381 = ( GEOMETRIC_REPRESENTATION_CONTEXT(2) 
PARAMETRIC_REPRESENTATION_CONTEXT() REPRESENTATION_CONTEXT('2D SPACE',''
  ) );
#3382 = PCURVE('',#3350,#3383);
#3383 = DEFINITIONAL_REPRESENTATION('',(#3384),#3388);
#3384 = LINE('',#3385,#3386);
#3385 = CARTESIAN_POINT('',(-6.28318530718,-0.));
#3386 = VECTOR('',#3387,1.);
#3387 = DIRECTION('',(-0.,-1.));
#3388 = ( GEOMETRIC_REPRESENTATION_CONTEXT(2) 
PARAMETRIC_REPRESENTATION_CONTEXT() REPRESENTATION_CONTEXT('2D SPACE',''
  ) );
#3389 = ORIENTED_EDGE('',*,*,#3390,.F.);
#3390 = EDGE_CURVE('',#3368,#3368,#3391,.T.);
#3391 = SURFACE_CURVE('',#3392,(#3397,#3404),.PCURVE_S1.);
#3392 = CIRCLE('',#3393,7.);
#3393 = AXIS2_PLACEMENT_3D('',#3394,#3395,#3396);
#3394 = CARTESIAN_POINT('',(107.5,0.,0.));
#3395 = DIRECTION('',(1.,0.,0.));
#3396 = DIRECTION('',(-0.,1.,0.));
#3397 = PCURVE('',#3350,#3398);
#3398 = DEFINITIONAL_REPRESENTATION('',(#3399),#3403);
#3399 = LINE('',#3400,#3401);
#3400 = CARTESIAN_POINT('',(-0.,-7.821723252012E-02));
#3401 = VECTOR('',#3402,1.);
#3402 = DIRECTION('',(-1.,-0.));
#3403 = ( GEOMETRIC_REPRESENTATION_CONTEXT(2) 
PARAMETRIC_REPRESENTATION_CONTEXT() REPRESENTATION_CONTEXT('2D SPACE',''
  ) );
#3404 = PCURVE('',#3405,#3410);
#3405 = CYLINDRICAL_SURFACE('',#3406,7.);
#3406 = AXIS2_PLACEMENT_3D('',#3407,#3408,#3409);
#3407 = CARTESIAN_POINT('',(107.5,0.,0.));
#3408 = DIRECTION('',(1.,0.,0.));
#3409 = DIRECTION('',(-0.,1.,0.));
#3410 = DEFINITIONAL_REPRESENTATION('',(#3411),#3415);
#3411 = LINE('',#3412,#3413);
#3412 = CARTESIAN_POINT('',(0.,0.));
#3413 = VECTOR('',#3414,1.);
#3414 = DIRECTION('',(1.,0.));
#3415 = ( GEOMETRIC_REPRESENTATION_CONTEXT(2) 
PARAMETRIC_REPRESENTATION_CONTEXT() REPRESENTATION_CONTEXT('2D SPACE',''
  ) );
#3416 = ORIENTED_EDGE('',*,*,#3367,.F.);
#3417 = ADVANCED_FACE('',(#3418),#3405,.T.);
#3418 = FACE_BOUND('',#3419,.T.);
#3419 = EDGE_LOOP('',(#3420,#3421,#3444,#3471));
#3420 = ORIENTED_EDGE('',*,*,#3390,.T.);
#3421 = ORIENTED_EDGE('',*,*,#3422,.T.);
#3422 = EDGE_CURVE('',#3368,#3423,#3425,.T.);
#3423 = VERTEX_POINT('',#3424);
#3424 = CARTESIAN_POINT('',(110.,7.,0.));
#3425 = SEAM_CURVE('',#3426,(#3430,#3437),.PCURVE_S1.);
#3426 = LINE('',#3427,#3428);
#3427 = CARTESIAN_POINT('',(107.5,7.,0.));
#3428 = VECTOR('',#3429,1.);
#3429 = DIRECTION('',(1.,0.,0.));
#3430 = PCURVE('',#3405,#3431);
#3431 = DEFINITIONAL_REPRESENTATION('',(#3432),#3436);
#3432 = LINE('',#3433,#3434);
#3433 = CARTESIAN_POINT('',(0.,0.));
#3434 = VECTOR('',#3435,1.);
#3435 = DIRECTION('',(0.,1.));
#3436 = ( GEOMETRIC_REPRESENTATION_CONTEXT(2) 
PARAMETRIC_REPRESENTATION_CONTEXT() REPRESENTATION_CONTEXT('2D SPACE',''
  ) );
#3437 = PCURVE('',#3405,#3438);
#3438 = DEFINITIONAL_REPRESENTATION('',(#3439),#3443);
#3439 = LINE('',#3440,#3441);
#3440 = CARTESIAN_POINT('',(6.28318530718,0.));
#3441 = VECTOR('',#3442,1.);
#3442 = DIRECTION('',(0.,1.));
#3443 = ( GEOMETRIC_REPRESENTATION_CONTEXT(2) 
PARAMETRIC_REPRESENTATION_CONTEXT() REPRESENTATION_CONTEXT('2D SPACE',''
  ) );
#3444 = ORIENTED_EDGE('',*,*,#3445,.F.);
#3445 = EDGE_CURVE('',#3423,#3423,#3446,.T.);
#3446 = SURFACE_CURVE('',#3447,(#3452,#3459),.PCURVE_S1.);
#3447 = CIRCLE('',#3448,7.);
#3448 = AXIS2_PLACEMENT_3D('',#3449,#3450,#3451);
#3449 = CARTESIAN_POINT('',(110.,0.,0.));
#3450 = DIRECTION('',(1.,0.,0.));
#3451 = DIRECTION('',(-0.,1.,0.));
#3452 = PCURVE('',#3405,#3453);
#3453 = DEFINITIONAL_REPRESENTATION('',(#3454),#3458);
#3454 = LINE('',#3455,#3456);
#3455 = CARTESIAN_POINT('',(0.,2.5));
#3456 = VECTOR('',#3457,1.);
#3457 = DIRECTION('',(1.,0.));
#3458 = ( GEOMETRIC_REPRESENTATION_CONTEXT(2) 
PARAMETRIC_REPRESENTATION_CONTEXT() REPRESENTATION_CONTEXT('2D SPACE',''
  ) );
#3459 = PCURVE('',#3460,#3465);
#3460 = PLANE('',#3461);
#3461 = AXIS2_PLACEMENT_3D('',#3462,#3463,#3464);
#3462 = CARTESIAN_POINT('',(110.,0.,0.));
#3463 = DIRECTION('',(1.,0.,0.));
#3464 = DIRECTION('',(-0.,1.,0.));
#3465 = DEFINITIONAL_REPRESENTATION('',(#3466),#3470);
#3466 = CIRCLE('',#3467,7.);
#3467 = AXIS2_PLACEMENT_2D('',#3468,#3469);
#3468 = CARTESIAN_POINT('',(0.,0.));
#3469 = DIRECTION('',(1.,0.));
#3470 = ( GEOMETRIC_REPRESENTATION_CONTEXT(2) 
PARAMETRIC_REPRESENTATION_CONTEXT() REPRESENTATION_CONTEXT('2D SPACE',''
  ) );
#3471 = ORIENTED_EDGE('',*,*,#3422,.F.);
#3472 = ADVANCED_FACE('',(#3473,#3476),#3460,.T.);
#3473 = FACE_BOUND('',#3474,.T.);
#3474 = EDGE_LOOP('',(#3475));
#3475 = ORIENTED_EDGE('',*,*,#3445,.T.);
#3476 = FACE_BOUND('',#3477,.T.);
#3477 = EDGE_LOOP('',(#3478));
#3478 = ORIENTED_EDGE('',*,*,#3479,.F.);
#3479 = EDGE_CURVE('',#3480,#3480,#3482,.T.);
#3480 = VERTEX_POINT('',#3481);
#3481 = CARTESIAN_POINT('',(110.,6.65,0.));
#3482 = SURFACE_CURVE('',#3483,(#3488,#3495),.PCURVE_S1.);
#3483 = CIRCLE('',#3484,6.65);
#3484 = AXIS2_PLACEMENT_3D('',#3485,#3486,#3487);
#3485 = CARTESIAN_POINT('',(110.,0.,0.));
#3486 = DIRECTION('',(1.,0.,0.));
#3487 = DIRECTION('',(-0.,1.,0.));
#3488 = PCURVE('',#3460,#3489);
#3489 = DEFINITIONAL_REPRESENTATION('',(#3490),#3494);
#3490 = CIRCLE('',#3491,6.65);
#3491 = AXIS2_PLACEMENT_2D('',#3492,#3493);
#3492 = CARTESIAN_POINT('',(0.,0.));
#3493 = DIRECTION('',(1.,0.));
#3494 = ( GEOMETRIC_REPRESENTATION_CONTEXT(2) 
PARAMETRIC_REPRESENTATION_CONTEXT() REPRESENTATION_CONTEXT('2D SPACE',''
  ) );
#3495 = PCURVE('',#3496,#3501);
#3496 = CYLINDRICAL_SURFACE('',#3497,6.65);
#3497 = AXIS2_PLACEMENT_3D('',#3498,#3499,#3500);
#3498 = CARTESIAN_POINT('',(110.,0.,0.));
#3499 = DIRECTION('',(1.,0.,0.));
#3500 = DIRECTION('',(-0.,1.,0.));
#3501 = DEFINITIONAL_REPRESENTATION('',(#3502),#3506);
#3502 = LINE('',#3503,#3504);
#3503 = CARTESIAN_POINT('',(0.,0.));
#3504 = VECTOR('',#3505,1.);
#3505 = DIRECTION('',(1.,0.));
#3506 = ( GEOMETRIC_REPRESENTATION_CONTEXT(2) 
PARAMETRIC_REPRESENTATION_CONTEXT() REPRESENTATION_CONTEXT('2D SPACE',''
  ) );
#3507 = ADVANCED_FACE('',(#3508),#3496,.T.);
#3508 = FACE_BOUND('',#3509,.T.);
#3509 = EDGE_LOOP('',(#3510,#3511,#3534,#3561));
#3510 = ORIENTED_EDGE('',*,*,#3479,.T.);
#3511 = ORIENTED_EDGE('',*,*,#3512,.T.);
#3512 = EDGE_CURVE('',#3480,#3513,#3515,.T.);
#3513 = VERTEX_POINT('',#3514);
#3514 = CARTESIAN_POINT('',(111.1,6.65,0.));
#3515 = SEAM_CURVE('',#3516,(#3520,#3527),.PCURVE_S1.);
#3516 = LINE('',#3517,#3518);
#3517 = CARTESIAN_POINT('',(110.,6.65,0.));
#3518 = VECTOR('',#3519,1.);
#3519 = DIRECTION('',(1.,0.,0.));
#3520 = PCURVE('',#3496,#3521);
#3521 = DEFINITIONAL_REPRESENTATION('',(#3522),#3526);
#3522 = LINE('',#3523,#3524);
#3523 = CARTESIAN_POINT('',(0.,0.));
#3524 = VECTOR('',#3525,1.);
#3525 = DIRECTION('',(0.,1.));
#3526 = ( GEOMETRIC_REPRESENTATION_CONTEXT(2) 
PARAMETRIC_REPRESENTATION_CONTEXT() REPRESENTATION_CONTEXT('2D SPACE',''
  ) );
#3527 = PCURVE('',#3496,#3528);
#3528 = DEFINITIONAL_REPRESENTATION('',(#3529),#3533);
#3529 = LINE('',#3530,#3531);
#3530 = CARTESIAN_POINT('',(6.28318530718,0.));
#3531 = VECTOR('',#3532,1.);
#3532 = DIRECTION('',(0.,1.));
#3533 = ( GEOMETRIC_REPRESENTATION_CONTEXT(2) 
PARAMETRIC_REPRESENTATION_CONTEXT() REPRESENTATION_CONTEXT('2D SPACE',''
  ) );
#3534 = ORIENTED_EDGE('',*,*,#3535,.F.);
#3535 = EDGE_CURVE('',#3513,#3513,#3536,.T.);
#3536 = SURFACE_CURVE('',#3537,(#3542,#3549),.PCURVE_S1.);
#3537 = CIRCLE('',#3538,6.65);
#3538 = AXIS2_PLACEMENT_3D('',#3539,#3540,#3541);
#3539 = CARTESIAN_POINT('',(111.1,0.,0.));
#3540 = DIRECTION('',(1.,0.,0.));
#3541 = DIRECTION('',(-0.,1.,0.));
#3542 = PCURVE('',#3496,#3543);
#3543 = DEFINITIONAL_REPRESENTATION('',(#3544),#3548);
#3544 = LINE('',#3545,#3546);
#3545 = CARTESIAN_POINT('',(0.,1.1));
#3546 = VECTOR('',#3547,1.);
#3547 = DIRECTION('',(1.,0.));
#3548 = ( GEOMETRIC_REPRESENTATION_CONTEXT(2) 
PARAMETRIC_REPRESENTATION_CONTEXT() REPRESENTATION_CONTEXT('2D SPACE',''
  ) );
#3549 = PCURVE('',#3550,#3555);
#3550 = PLANE('',#3551);
#3551 = AXIS2_PLACEMENT_3D('',#3552,#3553,#3554);
#3552 = CARTESIAN_POINT('',(111.1,0.,0.));
#3553 = DIRECTION('',(1.,0.,0.));
#3554 = DIRECTION('',(-0.,1.,0.));
#3555 = DEFINITIONAL_REPRESENTATION('',(#3556),#3560);
#3556 = CIRCLE('',#3557,6.65);
#3557 = AXIS2_PLACEMENT_2D('',#3558,#3559);
#3558 = CARTESIAN_POINT('',(0.,0.));
#3559 = DIRECTION('',(1.,-0.));
#3560 = ( GEOMETRIC_REPRESENTATION_CONTEXT(2) 
PARAMETRIC_REPRESENTATION_CONTEXT() REPRESENTATION_CONTEXT('2D SPACE',''
  ) );
#3561 = ORIENTED_EDGE('',*,*,#3512,.F.);
#3562 = ADVANCED_FACE('',(#3563,#3566),#3550,.F.);
#3563 = FACE_BOUND('',#3564,.T.);
#3564 = EDGE_LOOP('',(#3565));
#3565 = ORIENTED_EDGE('',*,*,#3535,.T.);
#3566 = FACE_BOUND('',#3567,.T.);
#3567 = EDGE_LOOP('',(#3568));
#3568 = ORIENTED_EDGE('',*,*,#3569,.F.);
#3569 = EDGE_CURVE('',#3570,#3570,#3572,.T.);
#3570 = VERTEX_POINT('',#3571);
#3571 = CARTESIAN_POINT('',(111.1,7.,0.));
#3572 = SURFACE_CURVE('',#3573,(#3578,#3585),.PCURVE_S1.);
#3573 = CIRCLE('',#3574,7.);
#3574 = AXIS2_PLACEMENT_3D('',#3575,#3576,#3577);
#3575 = CARTESIAN_POINT('',(111.1,0.,0.));
#3576 = DIRECTION('',(1.,0.,0.));
#3577 = DIRECTION('',(-0.,1.,0.));
#3578 = PCURVE('',#3550,#3579);
#3579 = DEFINITIONAL_REPRESENTATION('',(#3580),#3584);
#3580 = CIRCLE('',#3581,7.);
#3581 = AXIS2_PLACEMENT_2D('',#3582,#3583);
#3582 = CARTESIAN_POINT('',(0.,0.));
#3583 = DIRECTION('',(1.,-0.));
#3584 = ( GEOMETRIC_REPRESENTATION_CONTEXT(2) 
PARAMETRIC_REPRESENTATION_CONTEXT() REPRESENTATION_CONTEXT('2D SPACE',''
  ) );
#3585 = PCURVE('',#3586,#3591);
#3586 = CYLINDRICAL_SURFACE('',#3587,7.);
#3587 = AXIS2_PLACEMENT_3D('',#3588,#3589,#3590);
#3588 = CARTESIAN_POINT('',(111.1,0.,0.));
#3589 = DIRECTION('',(1.,0.,0.));
#3590 = DIRECTION('',(-0.,1.,0.));
#3591 = DEFINITIONAL_REPRESENTATION('',(#3592),#3596);
#3592 = LINE('',#3593,#3594);
#3593 = CARTESIAN_POINT('',(0.,0.));
#3594 = VECTOR('',#3595,1.);
#3595 = DIRECTION('',(1.,0.));
#3596 = ( GEOMETRIC_REPRESENTATION_CONTEXT(2) 
PARAMETRIC_REPRESENTATION_CONTEXT() REPRESENTATION_CONTEXT('2D SPACE',''
  ) );
#3597 = ADVANCED_FACE('',(#3598),#3586,.T.);
#3598 = FACE_BOUND('',#3599,.T.);
#3599 = EDGE_LOOP('',(#3600,#3601,#3624,#3651));
#3600 = ORIENTED_EDGE('',*,*,#3569,.T.);
#3601 = ORIENTED_EDGE('',*,*,#3602,.T.);
#3602 = EDGE_CURVE('',#3570,#3603,#3605,.T.);
#3603 = VERTEX_POINT('',#3604);
#3604 = CARTESIAN_POINT('',(118.5,7.,0.));
#3605 = SEAM_CURVE('',#3606,(#3610,#3617),.PCURVE_S1.);
#3606 = LINE('',#3607,#3608);
#3607 = CARTESIAN_POINT('',(111.1,7.,0.));
#3608 = VECTOR('',#3609,1.);
#3609 = DIRECTION('',(1.,0.,0.));
#3610 = PCURVE('',#3586,#3611);
#3611 = DEFINITIONAL_REPRESENTATION('',(#3612),#3616);
#3612 = LINE('',#3613,#3614);
#3613 = CARTESIAN_POINT('',(0.,0.));
#3614 = VECTOR('',#3615,1.);
#3615 = DIRECTION('',(0.,1.));
#3616 = ( GEOMETRIC_REPRESENTATION_CONTEXT(2) 
PARAMETRIC_REPRESENTATION_CONTEXT() REPRESENTATION_CONTEXT('2D SPACE',''
  ) );
#3617 = PCURVE('',#3586,#3618);
#3618 = DEFINITIONAL_REPRESENTATION('',(#3619),#3623);
#3619 = LINE('',#3620,#3621);
#3620 = CARTESIAN_POINT('',(6.28318530718,0.));
#3621 = VECTOR('',#3622,1.);
#3622 = DIRECTION('',(0.,1.));
#3623 = ( GEOMETRIC_REPRESENTATION_CONTEXT(2) 
PARAMETRIC_REPRESENTATION_CONTEXT() REPRESENTATION_CONTEXT('2D SPACE',''
  ) );
#3624 = ORIENTED_EDGE('',*,*,#3625,.F.);
#3625 = EDGE_CURVE('',#3603,#3603,#3626,.T.);
#3626 = SURFACE_CURVE('',#3627,(#3632,#3639),.PCURVE_S1.);
#3627 = CIRCLE('',#3628,7.);
#3628 = AXIS2_PLACEMENT_3D('',#3629,#3630,#3631);
#3629 = CARTESIAN_POINT('',(118.5,0.,0.));
#3630 = DIRECTION('',(1.,0.,0.));
#3631 = DIRECTION('',(-0.,1.,0.));
#3632 = PCURVE('',#3586,#3633);
#3633 = DEFINITIONAL_REPRESENTATION('',(#3634),#3638);
#3634 = LINE('',#3635,#3636);
#3635 = CARTESIAN_POINT('',(0.,7.4));
#3636 = VECTOR('',#3637,1.);
#3637 = DIRECTION('',(1.,0.));
#3638 = ( GEOMETRIC_REPRESENTATION_CONTEXT(2) 
PARAMETRIC_REPRESENTATION_CONTEXT() REPRESENTATION_CONTEXT('2D SPACE',''
  ) );
#3639 = PCURVE('',#3640,#3645);
#3640 = CONICAL_SURFACE('',#3641,7.,0.785398163397);
#3641 = AXIS2_PLACEMENT_3D('',#3642,#3643,#3644);
#3642 = CARTESIAN_POINT('',(118.5,0.,0.));
#3643 = DIRECTION('',(-1.,-0.,-0.));
#3644 = DIRECTION('',(-0.,1.,0.));
#3645 = DEFINITIONAL_REPRESENTATION('',(#3646),#3650);
#3646 = LINE('',#3647,#3648);
#3647 = CARTESIAN_POINT('',(-0.,-0.));
#3648 = VECTOR('',#3649,1.);
#3649 = DIRECTION('',(-1.,-0.));
#3650 = ( GEOMETRIC_REPRESENTATION_CONTEXT(2) 
PARAMETRIC_REPRESENTATION_CONTEXT() REPRESENTATION_CONTEXT('2D SPACE',''
  ) );
#3651 = ORIENTED_EDGE('',*,*,#3602,.F.);
#3652 = ADVANCED_FACE('',(#3653),#3640,.T.);
#3653 = FACE_BOUND('',#3654,.T.);
#3654 = EDGE_LOOP('',(#3655,#3656,#3679,#3706));
#3655 = ORIENTED_EDGE('',*,*,#3625,.T.);
#3656 = ORIENTED_EDGE('',*,*,#3657,.T.);
#3657 = EDGE_CURVE('',#3603,#3658,#3660,.T.);
#3658 = VERTEX_POINT('',#3659);
#3659 = CARTESIAN_POINT('',(119.,6.5,0.));
#3660 = SEAM_CURVE('',#3661,(#3665,#3672),.PCURVE_S1.);
#3661 = LINE('',#3662,#3663);
#3662 = CARTESIAN_POINT('',(118.5,7.,0.));
#3663 = VECTOR('',#3664,1.);
#3664 = DIRECTION('',(0.707106781187,-0.707106781187,0.));
#3665 = PCURVE('',#3640,#3666);
#3666 = DEFINITIONAL_REPRESENTATION('',(#3667),#3671);
#3667 = LINE('',#3668,#3669);
#3668 = CARTESIAN_POINT('',(-0.,-0.));
#3669 = VECTOR('',#3670,1.);
#3670 = DIRECTION('',(-0.,-1.));
#3671 = ( GEOMETRIC_REPRESENTATION_CONTEXT(2) 
PARAMETRIC_REPRESENTATION_CONTEXT() REPRESENTATION_CONTEXT('2D SPACE',''
  ) );
#3672 = PCURVE('',#3640,#3673);
#3673 = DEFINITIONAL_REPRESENTATION('',(#3674),#3678);
#3674 = LINE('',#3675,#3676);
#3675 = CARTESIAN_POINT('',(-6.28318530718,-0.));
#3676 = VECTOR('',#3677,1.);
#3677 = DIRECTION('',(-0.,-1.));
#3678 = ( GEOMETRIC_REPRESENTATION_CONTEXT(2) 
PARAMETRIC_REPRESENTATION_CONTEXT() REPRESENTATION_CONTEXT('2D SPACE',''
  ) );
#3679 = ORIENTED_EDGE('',*,*,#3680,.F.);
#3680 = EDGE_CURVE('',#3658,#3658,#3681,.T.);
#3681 = SURFACE_CURVE('',#3682,(#3687,#3694),.PCURVE_S1.);
#3682 = CIRCLE('',#3683,6.5);
#3683 = AXIS2_PLACEMENT_3D('',#3684,#3685,#3686);
#3684 = CARTESIAN_POINT('',(119.,0.,0.));
#3685 = DIRECTION('',(1.,0.,0.));
#3686 = DIRECTION('',(-0.,1.,0.));
#3687 = PCURVE('',#3640,#3688);
#3688 = DEFINITIONAL_REPRESENTATION('',(#3689),#3693);
#3689 = LINE('',#3690,#3691);
#3690 = CARTESIAN_POINT('',(-0.,-0.5));
#3691 = VECTOR('',#3692,1.);
#3692 = DIRECTION('',(-1.,-0.));
#3693 = ( GEOMETRIC_REPRESENTATION_CONTEXT(2) 
PARAMETRIC_REPRESENTATION_CONTEXT() REPRESENTATION_CONTEXT('2D SPACE',''
  ) );
#3694 = PCURVE('',#3695,#3700);
#3695 = PLANE('',#3696);
#3696 = AXIS2_PLACEMENT_3D('',#3697,#3698,#3699);
#3697 = CARTESIAN_POINT('',(119.,0.,0.));
#3698 = DIRECTION('',(1.,0.,0.));
#3699 = DIRECTION('',(-0.,1.,0.));
#3700 = DEFINITIONAL_REPRESENTATION('',(#3701),#3705);
#3701 = CIRCLE('',#3702,6.5);
#3702 = AXIS2_PLACEMENT_2D('',#3703,#3704);
#3703 = CARTESIAN_POINT('',(0.,0.));
#3704 = DIRECTION('',(1.,0.));
#3705 = ( GEOMETRIC_REPRESENTATION_CONTEXT(2) 
PARAMETRIC_REPRESENTATION_CONTEXT() REPRESENTATION_CONTEXT('2D SPACE',''
  ) );
#3706 = ORIENTED_EDGE('',*,*,#3657,.F.);
#3707 = ADVANCED_FACE('',(#3708,#3711),#3695,.T.);
#3708 = FACE_BOUND('',#3709,.T.);
#3709 = EDGE_LOOP('',(#3710));
#3710 = ORIENTED_EDGE('',*,*,#3680,.T.);
#3711 = FACE_BOUND('',#3712,.T.);
#3712 = EDGE_LOOP('',(#3713));
#3713 = ORIENTED_EDGE('',*,*,#3714,.F.);
#3714 = EDGE_CURVE('',#3715,#3715,#3717,.T.);
#3715 = VERTEX_POINT('',#3716);
#3716 = CARTESIAN_POINT('',(119.,2.125,0.));
#3717 = SURFACE_CURVE('',#3718,(#3723,#3730),.PCURVE_S1.);
#3718 = CIRCLE('',#3719,2.125);
#3719 = AXIS2_PLACEMENT_3D('',#3720,#3721,#3722);
#3720 = CARTESIAN_POINT('',(119.,0.,0.));
#3721 = DIRECTION('',(1.,0.,0.));
#3722 = DIRECTION('',(-0.,1.,0.));
#3723 = PCURVE('',#3695,#3724);
#3724 = DEFINITIONAL_REPRESENTATION('',(#3725),#3729);
#3725 = CIRCLE('',#3726,2.125);
#3726 = AXIS2_PLACEMENT_2D('',#3727,#3728);
#3727 = CARTESIAN_POINT('',(0.,0.));
#3728 = DIRECTION('',(1.,0.));
#3729 = ( GEOMETRIC_REPRESENTATION_CONTEXT(2) 
PARAMETRIC_REPRESENTATION_CONTEXT() REPRESENTATION_CONTEXT('2D SPACE',''
  ) );
#3730 = PCURVE('',#3731,#3736);
#3731 = CONICAL_SURFACE('',#3732,2.125,0.523500383151);
#3732 = AXIS2_PLACEMENT_3D('',#3733,#3734,#3735);
#3733 = CARTESIAN_POINT('',(119.,0.,0.));
#3734 = DIRECTION('',(1.,0.,0.));
#3735 = DIRECTION('',(0.,1.,0.));
#3736 = DEFINITIONAL_REPRESENTATION('',(#3737),#3741);
#3737 = LINE('',#3738,#3739);
#3738 = CARTESIAN_POINT('',(0.,-0.));
#3739 = VECTOR('',#3740,1.);
#3740 = DIRECTION('',(1.,-0.));
#3741 = ( GEOMETRIC_REPRESENTATION_CONTEXT(2) 
PARAMETRIC_REPRESENTATION_CONTEXT() REPRESENTATION_CONTEXT('2D SPACE',''
  ) );
#3742 = ADVANCED_FACE('',(#3743),#3731,.F.);
#3743 = FACE_BOUND('',#3744,.T.);
#3744 = EDGE_LOOP('',(#3745,#3746,#3769,#3796));
#3745 = ORIENTED_EDGE('',*,*,#3714,.T.);
#3746 = ORIENTED_EDGE('',*,*,#3747,.T.);
#3747 = EDGE_CURVE('',#3715,#3748,#3750,.T.);
#3748 = VERTEX_POINT('',#3749);
#3749 = CARTESIAN_POINT('',(117.051,1.,0.));
#3750 = SEAM_CURVE('',#3751,(#3755,#3762),.PCURVE_S1.);
#3751 = LINE('',#3752,#3753);
#3752 = CARTESIAN_POINT('',(119.,2.125,0.));
#3753 = VECTOR('',#3754,1.);
#3754 = DIRECTION('',(-0.866074595816,-0.499914787221,0.));
#3755 = PCURVE('',#3731,#3756);
#3756 = DEFINITIONAL_REPRESENTATION('',(#3757),#3761);
#3757 = LINE('',#3758,#3759);
#3758 = CARTESIAN_POINT('',(0.,-0.));
#3759 = VECTOR('',#3760,1.);
#3760 = DIRECTION('',(0.,-1.));
#3761 = ( GEOMETRIC_REPRESENTATION_CONTEXT(2) 
PARAMETRIC_REPRESENTATION_CONTEXT() REPRESENTATION_CONTEXT('2D SPACE',''
  ) );
#3762 = PCURVE('',#3731,#3763);
#3763 = DEFINITIONAL_REPRESENTATION('',(#3764),#3768);
#3764 = LINE('',#3765,#3766);
#3765 = CARTESIAN_POINT('',(6.28318530718,-0.));
#3766 = VECTOR('',#3767,1.);
#3767 = DIRECTION('',(0.,-1.));
#3768 = ( GEOMETRIC_REPRESENTATION_CONTEXT(2) 
PARAMETRIC_REPRESENTATION_CONTEXT() REPRESENTATION_CONTEXT('2D SPACE',''
  ) );
#3769 = ORIENTED_EDGE('',*,*,#3770,.F.);
#3770 = EDGE_CURVE('',#3748,#3748,#3771,.T.);
#3771 = SURFACE_CURVE('',#3772,(#3777,#3784),.PCURVE_S1.);
#3772 = CIRCLE('',#3773,1.);
#3773 = AXIS2_PLACEMENT_3D('',#3774,#3775,#3776);
#3774 = CARTESIAN_POINT('',(117.051,0.,0.));
#3775 = DIRECTION('',(1.,0.,0.));
#3776 = DIRECTION('',(-0.,1.,0.));
#3777 = PCURVE('',#3731,#3778);
#3778 = DEFINITIONAL_REPRESENTATION('',(#3779),#3783);
#3779 = LINE('',#3780,#3781);
#3780 = CARTESIAN_POINT('',(0.,-1.949));
#3781 = VECTOR('',#3782,1.);
#3782 = DIRECTION('',(1.,-0.));
#3783 = ( GEOMETRIC_REPRESENTATION_CONTEXT(2) 
PARAMETRIC_REPRESENTATION_CONTEXT() REPRESENTATION_CONTEXT('2D SPACE',''
  ) );
#3784 = PCURVE('',#3785,#3790);
#3785 = CYLINDRICAL_SURFACE('',#3786,1.);
#3786 = AXIS2_PLACEMENT_3D('',#3787,#3788,#3789);
#3787 = CARTESIAN_POINT('',(117.051,0.,0.));
#3788 = DIRECTION('',(-1.,-0.,-0.));
#3789 = DIRECTION('',(0.,1.,0.));
#3790 = DEFINITIONAL_REPRESENTATION('',(#3791),#3795);
#3791 = LINE('',#3792,#3793);
#3792 = CARTESIAN_POINT('',(-0.,0.));
#3793 = VECTOR('',#3794,1.);
#3794 = DIRECTION('',(-1.,0.));
#3795 = ( GEOMETRIC_REPRESENTATION_CONTEXT(2) 
PARAMETRIC_REPRESENTATION_CONTEXT() REPRESENTATION_CONTEXT('2D SPACE',''
  ) );
#3796 = ORIENTED_EDGE('',*,*,#3747,.F.);
#3797 = ADVANCED_FACE('',(#3798),#3785,.F.);
#3798 = FACE_BOUND('',#3799,.T.);
#3799 = EDGE_LOOP('',(#3800,#3801,#3824,#3851));
#3800 = ORIENTED_EDGE('',*,*,#3770,.T.);
#3801 = ORIENTED_EDGE('',*,*,#3802,.T.);
#3802 = EDGE_CURVE('',#3748,#3803,#3805,.T.);
#3803 = VERTEX_POINT('',#3804);
#3804 = CARTESIAN_POINT('',(113.051,1.,0.));
#3805 = SEAM_CURVE('',#3806,(#3810,#3817),.PCURVE_S1.);
#3806 = LINE('',#3807,#3808);
#3807 = CARTESIAN_POINT('',(117.051,1.,0.));
#3808 = VECTOR('',#3809,1.);
#3809 = DIRECTION('',(-1.,0.,0.));
#3810 = PCURVE('',#3785,#3811);
#3811 = DEFINITIONAL_REPRESENTATION('',(#3812),#3816);
#3812 = LINE('',#3813,#3814);
#3813 = CARTESIAN_POINT('',(-0.,0.));
#3814 = VECTOR('',#3815,1.);
#3815 = DIRECTION('',(-0.,1.));
#3816 = ( GEOMETRIC_REPRESENTATION_CONTEXT(2) 
PARAMETRIC_REPRESENTATION_CONTEXT() REPRESENTATION_CONTEXT('2D SPACE',''
  ) );
#3817 = PCURVE('',#3785,#3818);
#3818 = DEFINITIONAL_REPRESENTATION('',(#3819),#3823);
#3819 = LINE('',#3820,#3821);
#3820 = CARTESIAN_POINT('',(-6.28318530718,0.));
#3821 = VECTOR('',#3822,1.);
#3822 = DIRECTION('',(-0.,1.));
#3823 = ( GEOMETRIC_REPRESENTATION_CONTEXT(2) 
PARAMETRIC_REPRESENTATION_CONTEXT() REPRESENTATION_CONTEXT('2D SPACE',''
  ) );
#3824 = ORIENTED_EDGE('',*,*,#3825,.F.);
#3825 = EDGE_CURVE('',#3803,#3803,#3826,.T.);
#3826 = SURFACE_CURVE('',#3827,(#3832,#3839),.PCURVE_S1.);
#3827 = CIRCLE('',#3828,1.);
#3828 = AXIS2_PLACEMENT_3D('',#3829,#3830,#3831);
#3829 = CARTESIAN_POINT('',(113.051,0.,0.));
#3830 = DIRECTION('',(1.,0.,0.));
#3831 = DIRECTION('',(-0.,1.,0.));
#3832 = PCURVE('',#3785,#3833);
#3833 = DEFINITIONAL_REPRESENTATION('',(#3834),#3838);
#3834 = LINE('',#3835,#3836);
#3835 = CARTESIAN_POINT('',(-0.,4.));
#3836 = VECTOR('',#3837,1.);
#3837 = DIRECTION('',(-1.,0.));
#3838 = ( GEOMETRIC_REPRESENTATION_CONTEXT(2) 
PARAMETRIC_REPRESENTATION_CONTEXT() REPRESENTATION_CONTEXT('2D SPACE',''
  ) );
#3839 = PCURVE('',#3840,#3845);
#3840 = CONICAL_SURFACE('',#3841,1.,1.029744258677);
#3841 = AXIS2_PLACEMENT_3D('',#3842,#3843,#3844);
#3842 = CARTESIAN_POINT('',(113.051,0.,0.));
#3843 = DIRECTION('',(1.,0.,0.));
#3844 = DIRECTION('',(0.,1.,0.));
#3845 = DEFINITIONAL_REPRESENTATION('',(#3846),#3850);
#3846 = LINE('',#3847,#3848);
#3847 = CARTESIAN_POINT('',(0.,-0.));
#3848 = VECTOR('',#3849,1.);
#3849 = DIRECTION('',(1.,-0.));
#3850 = ( GEOMETRIC_REPRESENTATION_CONTEXT(2) 
PARAMETRIC_REPRESENTATION_CONTEXT() REPRESENTATION_CONTEXT('2D SPACE',''
  ) );
#3851 = ORIENTED_EDGE('',*,*,#3802,.F.);
#3852 = ADVANCED_FACE('',(#3853),#3840,.F.);
#3853 = FACE_BOUND('',#3854,.T.);
#3854 = EDGE_LOOP('',(#3855,#3856,#3879));
#3855 = ORIENTED_EDGE('',*,*,#3825,.T.);
#3856 = ORIENTED_EDGE('',*,*,#3857,.T.);
#3857 = EDGE_CURVE('',#3803,#3858,#3860,.T.);
#3858 = VERTEX_POINT('',#3859);
#3859 = CARTESIAN_POINT('',(112.45013938097,0.,0.));
#3860 = SEAM_CURVE('',#3861,(#3865,#3872),.PCURVE_S1.);
#3861 = LINE('',#3862,#3863);
#3862 = CARTESIAN_POINT('',(113.051,1.,0.));
#3863 = VECTOR('',#3864,1.);
#3864 = DIRECTION('',(-0.51503807491,-0.857167300702,0.));
#3865 = PCURVE('',#3840,#3866);
#3866 = DEFINITIONAL_REPRESENTATION('',(#3867),#3871);
#3867 = LINE('',#3868,#3869);
#3868 = CARTESIAN_POINT('',(0.,-0.));
#3869 = VECTOR('',#3870,1.);
#3870 = DIRECTION('',(0.,-1.));
#3871 = ( GEOMETRIC_REPRESENTATION_CONTEXT(2) 
PARAMETRIC_REPRESENTATION_CONTEXT() REPRESENTATION_CONTEXT('2D SPACE',''
  ) );
#3872 = PCURVE('',#3840,#3873);
#3873 = DEFINITIONAL_REPRESENTATION('',(#3874),#3878);
#3874 = LINE('',#3875,#3876);
#3875 = CARTESIAN_POINT('',(6.28318530718,-0.));
#3876 = VECTOR('',#3877,1.);
#3877 = DIRECTION('',(0.,-1.));
#3878 = ( GEOMETRIC_REPRESENTATION_CONTEXT(2) 
PARAMETRIC_REPRESENTATION_CONTEXT() REPRESENTATION_CONTEXT('2D SPACE',''
  ) );
#3879 = ORIENTED_EDGE('',*,*,#3857,.F.);
#3880 = ( GEOMETRIC_REPRESENTATION_CONTEXT(3) 
GLOBAL_UNCERTAINTY_ASSIGNED_CONTEXT((#3884)) 
GLOBAL_UNIT_ASSIGNED_CONTEXT((#3881,#3882,#3883)) REPRESENTATION_CONTEXT
('Context #1','3D Context with UNIT and UNCERTAINTY') );
#3881 = ( LENGTH_UNIT() NAMED_UNIT(*) SI_UNIT(.MILLI.,.METRE.) );
#3882 = ( NAMED_UNIT(*) PLANE_ANGLE_UNIT() SI_UNIT($,.RADIAN.) );
#3883 = ( NAMED_UNIT(*) SI_UNIT($,.STERADIAN.) SOLID_ANGLE_UNIT() );
#3884 = UNCERTAINTY_MEASURE_WITH_UNIT(LENGTH_MEASURE(1.E-07),#3881,
  'distance_accuracy_value','confusion accuracy');
#3885 = PRODUCT_RELATED_PRODUCT_CATEGORY('part',$,(#7));
ENDSEC;
END-ISO-10303-21;
