#usda 1.0
(
    defaultPrim = "taper_shaft"
    metersPerUnit = 0.001
    upAxis = "Y"
    doc = "VRINGON revolve part — CadQuery executor"
)

def Xform "taper_shaft" (
    kind = "component"
)
{
    custom string vringon:dsl_version = "vringon-shaft/1.0"
    custom string vringon:dsl_json = "{\"dsl\":\"vringon-shaft/1.0\",\"id\":\"taper-shaft\",\"name\":\"Taper shaft with keyway\",\"name_ko\":\"테이퍼 축\",\"part_class\":\"shaft\",\"units\":\"mm\",\"material\":\"SCM440\",\"drawing\":{\"number\":\"VR-RB-009\",\"scale\":\"1:1\",\"projection\":\"third\"},\"segments\":[{\"type\":\"cyl\",\"length\":35,\"diameter\":25,\"tolerance\":\"k6\"},{\"type\":\"taper\",\"length\":40,\"d_start\":25,\"d_end\":20},{\"type\":\"thread\",\"length\":20,\"diameter\":16,\"spec\":\"M16x1.5\",\"pitch\":1.5}],\"transitions\":[{\"at\":0,\"type\":\"chamfer\",\"size\":1},{\"at\":3,\"type\":\"chamfer\",\"size\":1.5},{\"at\":2,\"type\":\"undercut\",\"width\":4.5,\"depth\":1.1,\"standard\":\"DIN 76-A\"}],\"grooves\":[],\"bore\":null,\"features\":[{\"type\":\"keyway\",\"segment\":0,\"offset\":8,\"length\":20,\"width\":8,\"depth\":4,\"kind\":\"parallel\",\"standard\":\"DIN 6885 8×7\"},{\"type\":\"center_hole\",\"end\":\"left\",\"form\":\"A\",\"d\":2.5}],\"meta\":{\"source\":\"golden\",\"difficulty\":4}}"
    custom string vringon:name_ko = "테이퍼 축"
    custom string vringon:material = "SCM440"
    custom double vringon:length_mm = 95.0
    custom double vringon:max_diameter_mm = 25
    custom double vringon:volume_mm3 = 36236.564
    custom double[] vringon:segment_lengths_mm = [35, 40, 20]
    custom string[] vringon:segment_types = ["cyl", "taper", "thread"]
    custom string[] vringon:threads = ["M16x1.5"]
    custom string[] vringon:features = ["keyway", "center_hole"]

    def Mesh "body"
    {
        float3[] extent = [(0.0000, -12.4845, -12.4961), (95.0000, 12.5000, 12.4999)]
        int[] faceVertexCounts = [3, 3, 3, 3, 3, 3, 3, 3, 3, 3, 3, 3, 3, 3, 3, 3, 3, 3, 3, 3, 3, 3, 3, 3, 3, 3, 3, 3, 3, 3, 3, 3, 3, 3, 3, 3, 3, 3, 3, 3, 3, 3, 3, 3, 3, 3, 3, 3, 3, 3, 3, 3, 3, 3, 3, 3, 3, 3, 3, 3, 3, 3, 3, 3, 3, 3, 3, 3, 3, 3, 3, 3, 3, 3, 3, 3, 3, 3, 3, 3, 3, 3, 3, 3, 3, 3, 3, 3, 3, 3, 3, 3, 3, 3, 3, 3, 3, 3, 3, 3, 3, 3, 3, 3, 3, 3, 3, 3, 3, 3, 3, 3, 3, 3, 3, 3, 3, 3, 3, 3, 3, 3, 3, 3, 3, 3, 3, 3, 3, 3, 3, 3, 3, 3, 3, 3, 3, 3, 3, 3, 3, 3, 3, 3, 3, 3, 3, 3, 3, 3, 3, 3, 3, 3, 3, 3, 3, 3, 3, 3, 3, 3, 3, 3, 3, 3, 3, 3, 3, 3, 3, 3, 3, 3, 3, 3, 3, 3, 3, 3, 3, 3, 3, 3, 3, 3, 3, 3, 3, 3, 3, 3, 3, 3, 3, 3, 3, 3, 3, 3, 3, 3, 3, 3, 3, 3, 3, 3, 3, 3, 3, 3, 3, 3, 3, 3, 3, 3, 3, 3, 3, 3, 3, 3, 3, 3, 3, 3, 3, 3, 3, 3, 3, 3, 3, 3, 3, 3, 3, 3, 3, 3, 3, 3, 3, 3, 3, 3, 3, 3, 3, 3, 3, 3, 3, 3, 3, 3, 3, 3, 3, 3, 3, 3, 3, 3, 3, 3, 3, 3, 3, 3, 3, 3, 3, 3, 3, 3, 3, 3, 3, 3, 3, 3, 3, 3, 3, 3, 3, 3, 3, 3, 3, 3, 3, 3, 3, 3, 3, 3, 3, 3, 3, 3, 3, 3, 3, 3, 3, 3, 3, 3, 3, 3, 3, 3, 3, 3, 3, 3, 3, 3, 3, 3, 3, 3, 3, 3, 3, 3, 3, 3, 3, 3, 3, 3, 3, 3, 3, 3, 3, 3, 3, 3, 3, 3, 3, 3, 3, 3, 3, 3, 3, 3, 3, 3, 3, 3, 3, 3, 3, 3, 3, 3, 3, 3, 3, 3, 3, 3, 3, 3, 3, 3, 3, 3, 3, 3, 3, 3, 3, 3, 3, 3, 3, 3, 3, 3, 3, 3, 3, 3, 3, 3, 3, 3, 3, 3, 3, 3, 3, 3, 3, 3, 3, 3, 3, 3, 3, 3, 3, 3, 3, 3, 3, 3, 3, 3, 3, 3, 3, 3, 3, 3, 3, 3, 3, 3, 3, 3, 3, 3, 3, 3, 3, 3, 3, 3, 3, 3, 3, 3, 3, 3, 3, 3, 3, 3, 3, 3, 3, 3, 3, 3, 3, 3, 3, 3, 3, 3, 3, 3, 3, 3, 3, 3, 3, 3, 3, 3, 3, 3, 3, 3, 3, 3, 3, 3, 3, 3, 3, 3, 3, 3, 3, 3, 3, 3, 3, 3, 3, 3, 3, 3, 3, 3, 3, 3, 3, 3, 3, 3, 3, 3, 3, 3, 3, 3, 3, 3, 3, 3, 3, 3, 3, 3, 3, 3, 3, 3, 3, 3, 3, 3, 3, 3, 3, 3, 3, 3, 3, 3, 3, 3, 3, 3, 3, 3, 3, 3, 3, 3, 3, 3, 3, 3, 3, 3, 3, 3, 3, 3, 3, 3, 3, 3, 3, 3, 3, 3, 3, 3, 3, 3, 3, 3, 3, 3, 3, 3, 3, 3, 3, 3, 3, 3, 3, 3, 3, 3, 3, 3, 3, 3, 3, 3, 3, 3, 3, 3, 3, 3, 3, 3, 3, 3, 3, 3, 3, 3, 3, 3, 3, 3, 3, 3, 3, 3, 3, 3, 3, 3, 3, 3, 3, 3, 3, 3, 3, 3, 3, 3, 3, 3, 3, 3, 3, 3, 3, 3, 3, 3, 3, 3, 3, 3, 3, 3, 3, 3, 3, 3, 3, 3, 3, 3, 3, 3, 3, 3, 3, 3, 3, 3, 3, 3, 3, 3, 3, 3, 3, 3, 3, 3, 3, 3, 3, 3, 3, 3, 3, 3, 3, 3, 3, 3, 3, 3, 3, 3, 3, 3, 3, 3, 3, 3, 3, 3, 3, 3, 3, 3, 3, 3, 3, 3, 3, 3, 3, 3, 3, 3, 3, 3, 3, 3, 3, 3, 3, 3, 3, 3, 3, 3, 3, 3, 3, 3, 3, 3, 3, 3, 3, 3, 3, 3, 3, 3, 3, 3, 3, 3, 3, 3, 3, 3, 3, 3, 3, 3, 3, 3, 3, 3, 3, 3, 3, 3, 3, 3, 3, 3, 3, 3, 3, 3, 3, 3, 3, 3, 3, 3, 3, 3, 3, 3, 3, 3, 3, 3, 3, 3, 3, 3, 3, 3, 3, 3, 3, 3, 3, 3, 3, 3, 3, 3, 3, 3, 3, 3, 3, 3, 3, 3, 3, 3, 3, 3, 3, 3, 3, 3, 3, 3, 3, 3, 3, 3, 3, 3, 3, 3, 3, 3, 3, 3, 3, 3, 3, 3, 3, 3, 3, 3, 3, 3, 3, 3, 3, 3, 3, 3, 3, 3, 3, 3, 3, 3, 3, 3, 3, 3, 3, 3, 3, 3, 3, 3, 3, 3, 3, 3, 3, 3, 3, 3, 3, 3, 3, 3, 3, 3, 3, 3, 3, 3, 3, 3, 3, 3, 3, 3, 3, 3, 3, 3, 3, 3, 3, 3, 3, 3, 3, 3, 3, 3, 3, 3, 3, 3, 3, 3, 3, 3, 3, 3, 3, 3, 3, 3, 3, 3, 3, 3, 3, 3, 3, 3, 3, 3, 3, 3, 3, 3, 3, 3, 3, 3, 3, 3, 3, 3, 3, 3, 3, 3, 3, 3, 3, 3, 3, 3, 3, 3, 3, 3, 3, 3, 3, 3, 3, 3, 3, 3, 3, 3, 3, 3, 3, 3, 3, 3, 3, 3, 3, 3, 3, 3, 3, 3, 3, 3, 3, 3, 3, 3, 3, 3, 3, 3, 3, 3, 3, 3, 3, 3, 3, 3, 3, 3, 3, 3, 3, 3, 3, 3, 3, 3, 3, 3, 3, 3, 3, 3, 3, 3, 3, 3, 3, 3, 3, 3, 3, 3, 3, 3, 3, 3, 3, 3, 3, 3, 3, 3, 3, 3, 3, 3, 3, 3, 3, 3, 3, 3, 3, 3, 3, 3, 3, 3, 3, 3, 3, 3, 3, 3, 3, 3, 3, 3, 3, 3, 3, 3, 3, 3, 3, 3, 3, 3, 3, 3, 3, 3, 3, 3, 3, 3, 3, 3, 3, 3, 3, 3, 3, 3, 3, 3, 3, 3, 3, 3, 3, 3, 3, 3, 3, 3, 3, 3, 3, 3, 3, 3, 3, 3, 3, 3, 3, 3, 3, 3, 3, 3, 3, 3, 3, 3, 3, 3, 3, 3, 3, 3, 3, 3, 3, 3, 3, 3, 3, 3, 3, 3, 3, 3, 3, 3, 3, 3, 3, 3, 3, 3, 3, 3, 3, 3, 3, 3, 3, 3, 3, 3, 3, 3, 3, 3, 3, 3, 3, 3, 3, 3, 3, 3, 3, 3, 3, 3, 3, 3, 3, 3, 3, 3, 3, 3, 3, 3, 3, 3, 3, 3, 3, 3, 3, 3, 3, 3, 3, 3, 3, 3, 3, 3, 3, 3, 3, 3, 3, 3, 3, 3, 3, 3, 3, 3, 3, 3, 3, 3, 3, 3, 3, 3, 3, 3, 3, 3, 3, 3, 3, 3, 3, 3, 3, 3, 3, 3, 3, 3, 3, 3, 3, 3, 3, 3, 3, 3, 3, 3, 3, 3, 3, 3, 3, 3, 3, 3, 3, 3, 3, 3, 3, 3, 3, 3, 3, 3, 3, 3, 3, 3, 3, 3, 3, 3, 3, 3, 3, 3, 3, 3, 3, 3, 3, 3, 3, 3, 3, 3, 3, 3, 3, 3, 3, 3, 3, 3, 3, 3, 3, 3, 3, 3, 3, 3, 3, 3, 3, 3, 3, 3, 3, 3, 3, 3, 3, 3, 3, 3, 3, 3, 3, 3, 3, 3, 3, 3, 3, 3, 3, 3, 3, 3, 3, 3, 3, 3, 3, 3, 3, 3, 3, 3, 3, 3, 3, 3, 3, 3, 3, 3, 3, 3, 3, 3, 3, 3, 3, 3, 3, 3, 3, 3, 3, 3, 3, 3, 3, 3, 3, 3, 3, 3, 3, 3, 3, 3, 3, 3, 3, 3, 3, 3, 3, 3, 3, 3, 3, 3, 3, 3, 3, 3, 3, 3, 3, 3, 3, 3, 3, 3, 3, 3, 3, 3, 3, 3, 3, 3, 3, 3, 3, 3, 3, 3, 3, 3, 3, 3, 3, 3, 3, 3, 3, 3, 3, 3, 3, 3, 3, 3, 3, 3, 3, 3, 3, 3, 3, 3, 3, 3, 3, 3, 3, 3, 3, 3, 3, 3, 3, 3, 3, 3, 3, 3, 3, 3, 3, 3, 3, 3, 3, 3, 3, 3, 3, 3, 3, 3, 3, 3, 3, 3, 3, 3, 3, 3, 3, 3, 3, 3, 3, 3, 3, 3, 3, 3, 3, 3, 3, 3, 3, 3, 3, 3, 3, 3, 3, 3, 3, 3, 3, 3, 3, 3, 3, 3, 3, 3, 3, 3, 3, 3, 3, 3, 3, 3, 3, 3, 3, 3, 3, 3, 3, 3, 3, 3, 3, 3, 3, 3, 3, 3, 3, 3, 3, 3, 3, 3, 3, 3, 3, 3, 3, 3, 3, 3, 3, 3, 3, 3, 3, 3, 3, 3, 3, 3, 3, 3, 3, 3, 3, 3, 3, 3, 3, 3, 3, 3, 3, 3, 3, 3, 3, 3, 3, 3, 3, 3, 3, 3, 3, 3, 3, 3, 3, 3, 3, 3, 3, 3, 3, 3, 3, 3, 3, 3, 3, 3, 3, 3, 3, 3, 3, 3, 3, 3, 3, 3, 3, 3, 3, 3, 3, 3, 3, 3, 3, 3, 3, 3, 3, 3, 3, 3, 3, 3, 3, 3, 3, 3, 3, 3, 3, 3, 3, 3, 3, 3, 3, 3, 3, 3, 3, 3, 3, 3, 3, 3, 3, 3, 3, 3, 3, 3, 3, 3, 3, 3, 3, 3, 3, 3, 3, 3, 3, 3, 3, 3, 3, 3, 3, 3, 3, 3, 3, 3, 3, 3, 3, 3, 3, 3, 3, 3, 3, 3, 3, 3, 3, 3, 3, 3, 3, 3, 3, 3, 3, 3, 3, 3, 3, 3, 3, 3, 3, 3, 3, 3, 3, 3, 3, 3, 3, 3, 3, 3, 3, 3, 3, 3, 3, 3, 3, 3, 3, 3, 3, 3, 3, 3, 3, 3, 3, 3, 3, 3, 3, 3, 3, 3, 3, 3, 3, 3, 3, 3, 3, 3, 3, 3, 3, 3, 3, 3, 3, 3, 3, 3, 3, 3, 3, 3, 3, 3, 3, 3, 3, 3, 3, 3, 3, 3, 3, 3, 3, 3, 3, 3, 3, 3, 3, 3, 3, 3, 3, 3, 3, 3, 3, 3, 3, 3, 3, 3, 3, 3, 3, 3, 3, 3, 3, 3, 3, 3, 3, 3, 3, 3, 3, 3, 3, 3, 3, 3, 3, 3, 3, 3, 3, 3, 3, 3, 3, 3, 3, 3, 3, 3, 3, 3, 3, 3, 3, 3, 3, 3, 3, 3, 3, 3, 3, 3, 3, 3, 3, 3, 3, 3, 3, 3, 3, 3, 3, 3, 3, 3, 3, 3, 3, 3, 3, 3, 3, 3, 3, 3, 3, 3, 3, 3, 3, 3, 3, 3, 3, 3, 3, 3, 3, 3, 3, 3, 3, 3, 3, 3, 3, 3, 3, 3, 3, 3, 3, 3, 3, 3, 3, 3, 3, 3, 3, 3, 3, 3, 3, 3, 3, 3, 3, 3, 3, 3, 3, 3, 3, 3, 3, 3, 3, 3, 3, 3, 3, 3, 3, 3, 3, 3, 3, 3, 3, 3, 3, 3, 3, 3, 3, 3, 3, 3, 3, 3, 3, 3, 3, 3, 3, 3, 3, 3, 3, 3, 3, 3, 3, 3, 3, 3, 3, 3, 3, 3, 3, 3, 3, 3, 3, 3, 3, 3, 3, 3, 3, 3, 3, 3, 3, 3, 3, 3, 3, 3, 3, 3, 3, 3, 3, 3, 3, 3, 3, 3, 3, 3, 3, 3, 3, 3, 3, 3, 3, 3, 3, 3, 3, 3, 3, 3, 3, 3, 3, 3, 3, 3, 3, 3, 3, 3, 3, 3, 3, 3, 3, 3, 3, 3, 3, 3, 3, 3, 3, 3, 3, 3, 3, 3, 3, 3, 3, 3, 3, 3, 3, 3, 3, 3, 3, 3, 3, 3, 3, 3, 3, 3, 3, 3, 3, 3, 3, 3, 3, 3, 3, 3, 3, 3, 3, 3, 3, 3, 3, 3, 3, 3, 3, 3, 3, 3, 3, 3, 3, 3, 3, 3, 3, 3, 3, 3, 3, 3, 3, 3, 3, 3, 3, 3, 3, 3, 3, 3, 3, 3, 3, 3, 3, 3, 3, 3, 3, 3, 3, 3, 3, 3, 3, 3, 3, 3, 3, 3, 3, 3, 3, 3, 3, 3, 3, 3, 3, 3, 3, 3, 3, 3, 3, 3, 3, 3, 3, 3, 3, 3, 3, 3, 3, 3, 3, 3, 3, 3, 3, 3, 3, 3, 3, 3, 3, 3, 3, 3, 3, 3, 3, 3, 3, 3, 3, 3, 3, 3, 3, 3, 3, 3, 3, 3, 3, 3, 3, 3, 3, 3, 3, 3, 3, 3, 3, 3, 3, 3, 3, 3, 3, 3, 3, 3, 3, 3, 3, 3, 3, 3, 3, 3, 3, 3, 3, 3, 3, 3, 3, 3, 3, 3, 3, 3, 3, 3, 3, 3, 3, 3, 3, 3, 3, 3, 3, 3, 3, 3, 3, 3, 3, 3, 3, 3, 3, 3, 3, 3, 3, 3, 3, 3, 3, 3, 3, 3, 3, 3, 3, 3, 3, 3, 3, 3, 3, 3, 3, 3, 3, 3, 3, 3, 3, 3, 3, 3, 3, 3, 3, 3, 3, 3, 3, 3, 3, 3, 3, 3, 3, 3, 3, 3, 3, 3, 3, 3, 3, 3, 3, 3, 3, 3, 3, 3, 3, 3, 3, 3, 3, 3, 3, 3, 3, 3, 3, 3, 3, 3, 3, 3, 3, 3, 3, 3, 3, 3, 3, 3, 3, 3, 3, 3, 3, 3, 3, 3, 3, 3, 3, 3, 3, 3, 3, 3, 3, 3, 3, 3, 3, 3, 3, 3, 3, 3, 3, 3, 3, 3, 3, 3, 3, 3, 3, 3, 3, 3, 3, 3, 3, 3, 3, 3, 3, 3, 3, 3, 3, 3, 3, 3, 3, 3, 3, 3, 3, 3, 3, 3, 3, 3, 3, 3, 3, 3, 3, 3, 3, 3, 3, 3, 3, 3, 3, 3, 3, 3, 3, 3, 3, 3, 3, 3, 3, 3, 3, 3, 3, 3, 3, 3, 3, 3, 3, 3, 3, 3, 3, 3, 3, 3, 3, 3, 3, 3, 3, 3, 3, 3, 3, 3, 3, 3, 3, 3, 3, 3, 3, 3, 3, 3, 3, 3, 3, 3, 3, 3, 3, 3, 3, 3, 3, 3, 3, 3, 3, 3, 3, 3, 3, 3, 3, 3, 3, 3, 3, 3, 3, 3, 3, 3, 3, 3, 3, 3, 3, 3, 3, 3, 3, 3, 3, 3, 3, 3, 3, 3, 3, 3, 3, 3, 3, 3, 3, 3, 3, 3, 3, 3, 3, 3, 3, 3, 3, 3, 3, 3, 3, 3, 3, 3, 3, 3, 3, 3, 3, 3, 3, 3, 3, 3, 3, 3, 3, 3, 3, 3, 3, 3, 3, 3, 3, 3, 3, 3, 3, 3, 3, 3, 3, 3, 3, 3, 3, 3, 3, 3, 3, 3, 3, 3, 3, 3, 3, 3, 3, 3, 3, 3, 3, 3, 3, 3, 3, 3, 3, 3, 3, 3, 3, 3, 3, 3, 3, 3, 3, 3, 3, 3, 3, 3, 3, 3, 3, 3, 3, 3, 3, 3, 3, 3, 3, 3, 3, 3, 3, 3, 3, 3, 3, 3, 3, 3, 3, 3, 3, 3, 3, 3, 3, 3, 3, 3, 3, 3, 3, 3, 3, 3, 3, 3, 3, 3, 3, 3, 3, 3, 3, 3, 3, 3, 3, 3, 3, 3, 3, 3, 3, 3, 3, 3, 3, 3, 3, 3, 3, 3, 3, 3, 3, 3, 3, 3, 3, 3, 3, 3, 3, 3, 3, 3, 3, 3, 3]
        int[] faceVertexIndices = [66, 0, 1, 66, 65, 0, 67, 1, 2, 67, 66, 1, 68, 2, 3, 68, 67, 2, 69, 3, 4, 69, 68, 3, 70, 4, 5, 70, 69, 4, 71, 5, 6, 71, 70, 5, 72, 6, 7, 72, 7, 8, 72, 71, 6, 73, 72, 8, 74, 8, 9, 74, 73, 8, 75, 9, 10, 75, 10, 11, 75, 74, 9, 76, 75, 11, 77, 11, 12, 77, 76, 11, 78, 12, 13, 78, 13, 14, 78, 77, 12, 79, 78, 14, 80, 14, 15, 80, 79, 14, 81, 15, 16, 81, 80, 15, 82, 16, 17, 82, 81, 16, 83, 82, 17, 83, 17, 18, 83, 18, 19, 84, 83, 19, 84, 19, 20, 85, 84, 20, 85, 20, 21, 86, 85, 21, 87, 86, 21, 87, 21, 22, 88, 22, 23, 88, 87, 22, 88, 23, 24, 89, 88, 24, 90, 24, 25, 90, 89, 24, 91, 25, 26, 91, 90, 25, 92, 26, 27, 92, 27, 28, 92, 91, 26, 93, 28, 29, 93, 92, 28, 94, 93, 29, 95, 29, 30, 95, 30, 31, 95, 94, 29, 96, 31, 32, 96, 95, 31, 97, 96, 32, 98, 32, 33, 98, 97, 32, 99, 33, 34, 99, 98, 33, 100, 34, 35, 100, 99, 34, 101, 35, 36, 101, 100, 35, 102, 36, 37, 102, 101, 36, 103, 37, 38, 103, 102, 37, 104, 38, 39, 104, 103, 38, 105, 39, 40, 105, 104, 39, 106, 40, 41, 106, 105, 40, 107, 41, 42, 107, 106, 41, 108, 107, 42, 108, 42, 43, 109, 108, 43, 109, 43, 44, 110, 109, 44, 110, 44, 45, 111, 110, 45, 111, 45, 46, 112, 111, 46, 112, 46, 47, 113, 112, 47, 113, 47, 48, 114, 113, 48, 114, 48, 49, 115, 114, 49, 115, 49, 50, 116, 115, 50, 116, 50, 51, 117, 116, 51, 117, 51, 52, 118, 117, 52, 118, 52, 53, 119, 118, 53, 119, 53, 54, 120, 119, 54, 120, 54, 55, 121, 120, 55, 121, 55, 56, 122, 56, 57, 122, 121, 56, 123, 57, 58, 123, 122, 57, 124, 58, 59, 124, 123, 58, 125, 59, 60, 125, 124, 59, 126, 60, 61, 126, 125, 60, 127, 61, 62, 127, 126, 61, 64, 62, 63, 64, 127, 62, 247, 183, 246, 247, 184, 183, 247, 185, 184, 245, 246, 183, 245, 183, 182, 248, 185, 247, 244, 182, 181, 244, 245, 182, 249, 186, 185, 249, 185, 248, 243, 181, 180, 243, 244, 181, 250, 187, 186, 250, 188, 187, 250, 186, 249, 242, 180, 179, 242, 243, 180, 251, 188, 250, 241, 242, 179, 241, 179, 178, 252, 188, 251, 252, 189, 188, 240, 241, 178, 240, 178, 177, 253, 189, 252, 253, 190, 189, 239, 240, 177, 239, 177, 176, 191, 190, 253, 191, 128, 190, 238, 239, 176, 238, 176, 175, 192, 129, 128, 192, 128, 191, 237, 238, 175, 237, 175, 174, 193, 130, 129, 193, 129, 192, 236, 237, 174, 236, 174, 173, 194, 131, 130, 194, 130, 193, 235, 236, 173, 235, 173, 172, 195, 132, 131, 195, 131, 194, 234, 235, 172, 234, 172, 171, 196, 133, 132, 196, 132, 195, 233, 234, 171, 233, 171, 170, 197, 134, 133, 197, 133, 196, 232, 170, 169, 232, 233, 170, 198, 135, 134, 198, 134, 197, 231, 169, 168, 231, 232, 169, 136, 135, 198, 136, 198, 199, 200, 136, 199, 167, 230, 231, 167, 231, 168, 137, 136, 200, 166, 228, 229, 166, 229, 230, 166, 230, 167, 138, 137, 200, 138, 200, 201, 165, 228, 166, 139, 201, 202, 139, 202, 203, 139, 138, 201, 164, 228, 165, 164, 227, 228, 140, 139, 203, 163, 227, 164, 163, 225, 226, 163, 226, 227, 141, 140, 203, 141, 203, 204, 162, 225, 163, 142, 141, 204, 142, 204, 205, 142, 205, 206, 161, 225, 162, 161, 223, 224, 161, 224, 225, 143, 142, 206, 160, 223, 161, 144, 206, 207, 144, 207, 208, 144, 143, 206, 159, 223, 160, 159, 222, 223, 145, 208, 209, 145, 144, 208, 158, 222, 159, 158, 220, 221, 158, 221, 222, 146, 145, 209, 157, 220, 158, 157, 219, 220, 147, 146, 209, 147, 209, 210, 156, 219, 157, 148, 147, 210, 148, 210, 211, 148, 211, 212, 155, 219, 156, 155, 218, 219, 149, 148, 212, 154, 218, 155, 154, 217, 218, 150, 149, 212, 150, 212, 213, 153, 217, 154, 153, 216, 217, 151, 150, 213, 151, 213, 214, 152, 216, 153, 152, 151, 214, 152, 214, 215, 152, 215, 216, 320, 255, 254, 320, 254, 256, 320, 256, 257, 321, 320, 257, 322, 257, 258, 322, 258, 259, 322, 321, 257, 323, 322, 259, 324, 259, 260, 324, 323, 259, 325, 260, 261, 325, 324, 260, 326, 261, 262, 326, 262, 263, 326, 325, 261, 327, 326, 263, 328, 263, 264, 328, 327, 263, 329, 264, 265, 329, 328, 264, 330, 265, 266, 330, 329, 265, 423, 267, 422, 424, 266, 267, 424, 267, 423, 421, 422, 267, 420, 421, 267, 419, 267, 268, 419, 420, 267, 418, 419, 268, 417, 418, 268, 416, 417, 268, 415, 416, 268, 414, 415, 268, 413, 414, 268, 412, 413, 268, 411, 412, 268, 425, 330, 266, 425, 266, 424, 410, 411, 268, 269, 410, 268, 331, 425, 426, 331, 426, 427, 331, 330, 425, 428, 331, 427, 409, 410, 269, 408, 409, 269, 407, 408, 269, 406, 407, 269, 405, 406, 269, 332, 331, 428, 332, 428, 429, 332, 429, 430, 332, 430, 431, 332, 431, 432, 332, 432, 433, 404, 269, 270, 404, 405, 269, 434, 332, 433, 403, 404, 270, 402, 403, 270, 401, 402, 270, 333, 332, 434, 333, 434, 435, 333, 435, 436, 333, 436, 437, 400, 270, 271, 400, 401, 270, 438, 333, 437, 399, 400, 271, 398, 399, 271, 397, 398, 271, 272, 397, 271, 334, 333, 438, 334, 438, 439, 334, 439, 440, 441, 334, 440, 396, 397, 272, 395, 396, 272, 394, 395, 272, 393, 394, 272, 273, 393, 272, 335, 334, 441, 335, 441, 442, 335, 442, 443, 335, 443, 444, 392, 393, 273, 445, 335, 444, 391, 392, 273, 390, 391, 273, 389, 390, 273, 274, 389, 273, 336, 445, 446, 336, 335, 445, 336, 446, 447, 336, 447, 448, 388, 389, 274, 387, 388, 274, 386, 387, 274, 385, 386, 274, 384, 385, 274, 383, 384, 274, 275, 383, 274, 275, 382, 383, 337, 448, 449, 337, 449, 450, 337, 450, 451, 337, 451, 452, 337, 452, 453, 337, 336, 448, 337, 453, 454, 338, 455, 456, 338, 456, 457, 338, 457, 458, 338, 337, 454, 338, 458, 459, 338, 459, 460, 338, 460, 461, 338, 461, 462, 338, 454, 455, 339, 462, 463, 339, 463, 382, 339, 382, 275, 339, 338, 462, 340, 275, 276, 340, 339, 275, 341, 276, 277, 341, 277, 278, 341, 340, 276, 342, 278, 279, 342, 341, 278, 343, 279, 280, 343, 342, 279, 344, 280, 281, 344, 343, 280, 345, 344, 281, 346, 281, 282, 346, 345, 281, 347, 282, 283, 347, 283, 284, 347, 346, 282, 348, 347, 284, 349, 284, 285, 349, 348, 284, 350, 285, 286, 350, 286, 287, 350, 349, 285, 351, 350, 287, 352, 351, 287, 352, 287, 288, 352, 288, 289, 353, 352, 289, 354, 353, 289, 354, 289, 290, 354, 290, 291, 355, 354, 291, 356, 355, 291, 356, 291, 292, 357, 356, 292, 357, 292, 293, 357, 293, 294, 358, 357, 294, 359, 358, 294, 359, 294, 295, 360, 359, 295, 360, 295, 296, 360, 296, 297, 361, 360, 297, 362, 297, 298, 362, 361, 297, 362, 298, 299, 363, 299, 300, 363, 362, 299, 364, 363, 300, 365, 300, 301, 365, 301, 302, 365, 364, 300, 366, 365, 302, 367, 302, 303, 367, 366, 302, 368, 303, 304, 368, 367, 303, 369, 304, 305, 369, 368, 304, 370, 305, 306, 370, 369, 305, 371, 306, 307, 371, 370, 306, 372, 307, 308, 372, 371, 307, 373, 308, 309, 373, 372, 308, 374, 309, 310, 374, 373, 309, 375, 310, 311, 375, 374, 310, 376, 375, 311, 376, 311, 312, 376, 312, 313, 377, 376, 313, 378, 377, 313, 378, 313, 314, 379, 378, 314, 379, 314, 315, 380, 379, 315, 380, 315, 316, 381, 380, 316, 381, 316, 317, 319, 381, 317, 319, 317, 318, 595, 464, 465, 533, 532, 597, 528, 526, 527, 531, 594, 530, 598, 465, 466, 598, 466, 467, 598, 595, 465, 599, 467, 468, 599, 468, 469, 599, 598, 467, 600, 596, 595, 600, 595, 598, 601, 469, 470, 601, 470, 471, 601, 599, 469, 602, 600, 598, 602, 598, 599, 603, 471, 472, 603, 472, 473, 603, 601, 471, 604, 597, 596, 604, 596, 600, 604, 534, 533, 604, 535, 534, 604, 533, 597, 605, 599, 601, 605, 602, 599, 606, 473, 474, 606, 474, 475, 606, 603, 473, 607, 600, 602, 607, 604, 600, 607, 536, 535, 607, 537, 536, 607, 535, 604, 608, 601, 603, 608, 605, 601, 609, 475, 476, 609, 476, 477, 609, 606, 475, 610, 537, 607, 610, 538, 537, 610, 539, 538, 610, 607, 602, 610, 602, 605, 611, 608, 603, 611, 606, 609, 611, 603, 606, 612, 609, 477, 612, 477, 478, 612, 478, 479, 613, 610, 605, 613, 539, 610, 613, 605, 608, 613, 540, 539, 613, 541, 540, 614, 611, 609, 615, 612, 479, 615, 479, 480, 615, 480, 481, 616, 541, 613, 616, 542, 541, 616, 543, 542, 616, 611, 614, 616, 613, 608, 616, 608, 611, 617, 609, 612, 617, 614, 609, 618, 615, 481, 618, 481, 482, 618, 482, 483, 619, 616, 614, 619, 543, 616, 619, 544, 543, 619, 545, 544, 620, 617, 612, 620, 615, 618, 620, 612, 615, 621, 483, 484, 621, 484, 485, 621, 618, 483, 622, 614, 617, 622, 545, 619, 622, 619, 614, 622, 546, 545, 622, 547, 546, 623, 620, 618, 624, 621, 485, 624, 485, 486, 624, 486, 487, 625, 620, 623, 625, 617, 620, 625, 547, 622, 625, 622, 617, 625, 548, 547, 625, 549, 548, 626, 618, 621, 626, 621, 624, 626, 623, 618, 627, 487, 488, 627, 488, 489, 627, 624, 487, 628, 549, 625, 628, 625, 623, 628, 550, 549, 628, 551, 550, 629, 624, 627, 629, 626, 624, 630, 489, 490, 630, 490, 491, 630, 627, 489, 631, 551, 628, 631, 623, 626, 631, 552, 551, 631, 628, 623, 631, 553, 552, 632, 629, 627, 633, 491, 492, 633, 492, 493, 633, 630, 491, 634, 631, 626, 634, 626, 629, 634, 553, 631, 634, 554, 553, 634, 555, 554, 634, 629, 632, 635, 627, 630, 635, 630, 633, 635, 632, 627, 636, 633, 493, 636, 493, 494, 636, 494, 495, 637, 634, 632, 637, 555, 634, 637, 556, 555, 637, 557, 556, 638, 635, 633, 639, 636, 495, 639, 495, 496, 640, 637, 632, 640, 632, 635, 640, 557, 637, 640, 558, 557, 640, 559, 558, 641, 636, 639, 641, 633, 636, 641, 638, 633, 642, 639, 496, 642, 496, 497, 642, 497, 498, 643, 635, 638, 643, 640, 635, 643, 559, 640, 643, 560, 559, 643, 561, 560, 644, 641, 639, 645, 498, 499, 645, 499, 500, 645, 642, 498, 646, 641, 644, 646, 643, 638, 646, 561, 643, 646, 638, 641, 646, 562, 561, 646, 563, 562, 647, 644, 639, 647, 639, 642, 648, 500, 501, 648, 501, 502, 648, 645, 500, 649, 646, 644, 649, 563, 646, 649, 564, 563, 650, 642, 645, 650, 647, 642, 651, 648, 502, 651, 502, 503, 651, 503, 504, 652, 566, 565, 652, 649, 644, 652, 564, 649, 652, 644, 647, 652, 565, 564, 653, 650, 645, 653, 645, 648, 654, 504, 505, 654, 505, 506, 654, 651, 504, 655, 567, 566, 655, 568, 567, 655, 647, 650, 655, 652, 647, 655, 566, 652, 656, 648, 651, 656, 653, 648, 656, 651, 654, 657, 506, 507, 657, 507, 508, 657, 654, 506, 658, 569, 568, 658, 570, 569, 658, 568, 655, 658, 655, 650, 658, 650, 653, 659, 656, 654, 659, 654, 657, 660, 508, 509, 660, 509, 510, 660, 657, 508, 661, 571, 570, 661, 572, 571, 661, 653, 656, 661, 570, 658, 661, 658, 653, 661, 656, 659, 662, 659, 657, 662, 657, 660, 663, 660, 510, 663, 510, 511, 663, 511, 512, 664, 573, 572, 664, 574, 573, 664, 572, 661, 664, 661, 659, 664, 659, 662, 665, 662, 660, 666, 663, 512, 666, 512, 513, 666, 513, 514, 667, 575, 574, 667, 576, 575, 667, 664, 662, 667, 662, 665, 667, 574, 664, 668, 660, 663, 668, 665, 660, 669, 514, 515, 669, 515, 516, 669, 666, 514, 670, 577, 576, 670, 578, 577, 670, 576, 667, 670, 667, 665, 671, 663, 666, 671, 668, 663, 671, 666, 669, 672, 516, 517, 672, 517, 518, 672, 669, 516, 673, 579, 578, 673, 580, 579, 673, 578, 670, 673, 665, 668, 673, 670, 665, 674, 671, 669, 674, 669, 672, 675, 672, 518, 675, 518, 519, 675, 519, 520, 676, 581, 580, 676, 582, 581, 676, 671, 674, 676, 580, 673, 676, 668, 671, 676, 673, 668, 677, 674, 672, 678, 520, 521, 678, 521, 522, 678, 675, 520, 679, 583, 582, 679, 584, 583, 679, 582, 676, 679, 676, 674, 680, 672, 675, 680, 677, 672, 681, 522, 523, 681, 523, 524, 681, 678, 522, 682, 674, 677, 682, 584, 679, 682, 585, 584, 682, 586, 585, 682, 679, 674, 683, 678, 681, 683, 675, 678, 683, 680, 675, 684, 524, 525, 684, 525, 526, 684, 681, 524, 684, 526, 528, 685, 587, 586, 685, 588, 587, 685, 677, 680, 685, 682, 677, 685, 586, 682, 686, 683, 681, 687, 680, 683, 687, 588, 685, 687, 683, 686, 687, 589, 588, 687, 590, 589, 687, 685, 680, 688, 684, 528, 688, 681, 684, 688, 686, 681, 688, 528, 529, 688, 529, 530, 689, 687, 686, 689, 591, 590, 689, 592, 591, 689, 590, 687, 690, 530, 594, 690, 686, 688, 690, 689, 686, 690, 593, 592, 690, 594, 593, 690, 688, 530, 690, 592, 689, 831, 832, 735, 831, 735, 736, 831, 736, 737, 833, 781, 834, 833, 834, 835, 833, 782, 781, 833, 783, 782, 825, 691, 692, 836, 837, 838, 836, 838, 839, 840, 841, 842, 840, 843, 841, 844, 845, 846, 847, 848, 849, 850, 737, 738, 850, 738, 739, 850, 831, 737, 851, 783, 833, 851, 833, 835, 851, 835, 852, 851, 784, 783, 851, 785, 784, 853, 839, 854, 853, 836, 839, 855, 840, 842, 856, 846, 832, 856, 844, 846, 857, 837, 836, 857, 847, 849, 857, 849, 837, 858, 850, 739, 858, 739, 740, 858, 740, 741, 859, 852, 843, 859, 785, 851, 859, 843, 840, 859, 851, 852, 859, 786, 785, 859, 787, 786, 860, 854, 845, 860, 853, 854, 861, 842, 848, 861, 855, 842, 862, 832, 831, 862, 856, 832, 863, 857, 836, 864, 741, 742, 864, 742, 743, 763, 762, 830, 864, 858, 741, 865, 787, 859, 865, 840, 855, 865, 859, 840, 865, 788, 787, 865, 789, 788, 866, 860, 845, 866, 845, 844, 867, 861, 848, 867, 848, 847, 868, 831, 850, 868, 862, 831, 869, 863, 836, 869, 836, 853, 870, 743, 744, 870, 744, 745, 870, 864, 743, 871, 789, 865, 871, 865, 855, 871, 790, 789, 871, 791, 790, 872, 866, 844, 872, 844, 856, 873, 867, 847, 873, 847, 857, 874, 868, 850, 874, 850, 858, 875, 860, 866, 875, 869, 853, 875, 853, 860, 876, 870, 745, 876, 745, 746, 876, 746, 747, 877, 793, 792, 877, 871, 855, 877, 791, 871, 877, 855, 861, 877, 792, 791, 878, 872, 856, 878, 856, 862, 879, 873, 857, 879, 857, 863, 880, 874, 858, 880, 858, 864, 881, 875, 866, 882, 747, 748, 882, 748, 749, 882, 876, 747, 883, 794, 793, 883, 867, 873, 883, 861, 867, 883, 877, 861, 883, 793, 877, 884, 862, 868, 884, 878, 862, 885, 869, 875, 885, 863, 869, 885, 879, 863, 886, 864, 870, 886, 870, 876, 886, 880, 864, 887, 881, 866, 887, 866, 872, 888, 749, 750, 888, 750, 751, 888, 882, 749, 889, 795, 794, 889, 796, 795, 889, 794, 883, 889, 883, 873, 890, 868, 874, 890, 874, 880, 890, 884, 868, 891, 885, 875, 891, 875, 881, 892, 886, 876, 893, 872, 878, 893, 887, 872, 894, 753, 755, 894, 888, 751, 894, 751, 752, 894, 752, 753, 895, 797, 796, 895, 798, 797, 895, 873, 879, 895, 889, 873, 895, 796, 889, 895, 879, 885, 896, 880, 886, 896, 890, 880, 897, 891, 881, 898, 876, 882, 898, 892, 876, 898, 882, 888, 899, 878, 884, 899, 893, 878, 900, 895, 885, 900, 799, 798, 900, 800, 799, 900, 798, 895, 901, 896, 886, 902, 897, 881, 902, 881, 887, 903, 898, 888, 903, 888, 894, 904, 884, 890, 904, 890, 896, 904, 899, 884, 905, 801, 800, 905, 802, 801, 905, 885, 891, 905, 800, 900, 905, 891, 897, 905, 900, 885, 906, 901, 886, 906, 886, 892, 906, 892, 898, 907, 902, 887, 907, 887, 893, 908, 894, 755, 908, 755, 756, 908, 903, 894, 909, 904, 896, 910, 802, 905, 910, 803, 802, 910, 804, 803, 910, 905, 897, 911, 906, 898, 912, 893, 899, 912, 907, 893, 913, 909, 896, 913, 896, 901, 914, 805, 804, 914, 806, 805, 914, 804, 910, 914, 897, 902, 914, 910, 897, 915, 898, 903, 915, 911, 898, 915, 903, 908, 916, 912, 899, 916, 904, 909, 916, 899, 904, 917, 906, 911, 917, 913, 901, 917, 901, 906, 918, 807, 806, 918, 808, 807, 918, 806, 914, 918, 907, 912, 918, 902, 907, 918, 914, 902, 919, 908, 756, 919, 915, 908, 919, 756, 757, 919, 757, 758, 920, 916, 909, 920, 909, 913, 921, 911, 915, 921, 917, 911, 922, 809, 808, 922, 810, 809, 922, 808, 918, 922, 918, 912, 923, 920, 913, 924, 921, 915, 925, 811, 810, 925, 812, 811, 925, 922, 912, 925, 810, 922, 925, 912, 916, 926, 913, 917, 926, 923, 913, 927, 915, 919, 927, 919, 758, 927, 924, 915, 928, 813, 812, 928, 814, 813, 928, 916, 920, 928, 812, 925, 928, 925, 916, 928, 920, 923, 929, 917, 921, 929, 921, 924, 929, 926, 917, 930, 928, 923, 930, 815, 814, 930, 816, 815, 930, 814, 928, 931, 929, 924, 931, 924, 927, 932, 817, 816, 932, 818, 817, 932, 816, 930, 932, 930, 923, 932, 926, 929, 932, 923, 926, 933, 931, 927, 933, 758, 759, 933, 927, 758, 934, 818, 932, 934, 932, 929, 934, 819, 818, 934, 820, 819, 934, 929, 931, 935, 820, 934, 935, 821, 820, 935, 822, 821, 935, 931, 933, 935, 934, 931, 936, 760, 824, 936, 933, 759, 936, 822, 935, 936, 935, 933, 936, 823, 822, 936, 824, 823, 936, 759, 760, 755, 753, 754, 761, 824, 760, 937, 692, 693, 937, 693, 694, 937, 825, 692, 938, 694, 695, 938, 695, 696, 938, 937, 694, 939, 696, 697, 939, 697, 698, 939, 938, 696, 940, 826, 825, 940, 825, 937, 941, 698, 699, 941, 699, 700, 941, 939, 698, 942, 937, 938, 942, 940, 937, 943, 700, 701, 943, 701, 702, 943, 941, 700, 944, 938, 939, 944, 939, 941, 944, 942, 938, 945, 943, 702, 945, 702, 703, 945, 703, 704, 946, 827, 826, 946, 826, 940, 947, 944, 941, 948, 704, 705, 948, 705, 706, 948, 945, 704, 949, 946, 940, 949, 940, 942, 950, 947, 941, 950, 941, 943, 951, 706, 707, 951, 707, 708, 951, 948, 706, 952, 942, 944, 952, 949, 942, 952, 944, 947, 953, 945, 948, 953, 950, 943, 953, 943, 945, 954, 946, 949, 954, 828, 827, 954, 827, 946, 955, 951, 708, 955, 708, 709, 955, 709, 710, 956, 952, 947, 957, 953, 948, 958, 954, 949, 959, 710, 711, 959, 955, 710, 959, 711, 712, 960, 947, 950, 960, 956, 947, 961, 948, 951, 961, 957, 948, 962, 949, 952, 962, 958, 949, 963, 712, 713, 963, 713, 714, 963, 959, 712, 964, 953, 957, 964, 960, 950, 964, 950, 953, 965, 829, 828, 965, 828, 954, 966, 961, 951, 966, 951, 955, 967, 962, 952, 967, 952, 956, 968, 963, 714, 968, 714, 715, 968, 715, 716, 969, 964, 957, 970, 954, 958, 970, 965, 954, 971, 955, 959, 971, 966, 955, 971, 959, 963, 972, 956, 960, 972, 967, 956, 973, 968, 716, 973, 716, 717, 973, 717, 718, 974, 969, 957, 974, 957, 961, 975, 962, 967, 975, 958, 962, 975, 970, 958, 976, 971, 963, 977, 964, 969, 977, 960, 964, 977, 972, 960, 978, 718, 719, 978, 719, 720, 978, 973, 718, 979, 829, 965, 979, 763, 830, 979, 830, 829, 979, 764, 763, 979, 765, 764, 980, 961, 966, 980, 974, 961, 981, 975, 967, 982, 976, 963, 982, 963, 968, 983, 977, 969, 984, 978, 720, 984, 720, 721, 984, 721, 722, 985, 766, 765, 985, 767, 766, 985, 765, 979, 985, 965, 970, 985, 979, 965, 986, 966, 971, 986, 980, 966, 987, 967, 972, 987, 981, 967, 988, 968, 973, 988, 973, 978, 988, 982, 968, 989, 983, 969, 989, 969, 974, 990, 722, 723, 990, 984, 722, 991, 975, 981, 991, 985, 970, 991, 970, 975, 991, 767, 985, 991, 768, 767, 991, 769, 768, 992, 986, 971, 992, 971, 976, 993, 987, 972, 993, 972, 977, 993, 977, 983, 994, 988, 978, 995, 989, 974, 995, 974, 980, 996, 723, 724, 996, 724, 725, 996, 990, 723, 997, 769, 991, 997, 770, 769, 997, 771, 770, 997, 991, 981, 998, 976, 982, 998, 992, 976, 999, 993, 983, 1000, 994, 978, 1000, 978, 984, 1001, 980, 986, 1001, 995, 980, 1002, 996, 725, 1002, 725, 726, 1002, 726, 727, 1003, 771, 997, 1003, 997, 981, 1003, 772, 771, 1003, 773, 772, 1003, 981, 987, 1004, 998, 982, 1004, 982, 988, 1004, 988, 994, 1005, 999, 983, 1005, 983, 989, 1006, 1000, 984, 1006, 984, 990, 1007, 1001, 986, 1007, 986, 992, 1008, 727, 728, 1008, 728, 729, 1008, 1002, 727, 1009, 1003, 987, 1009, 987, 993, 1009, 774, 773, 1009, 775, 774, 1009, 773, 1003, 1010, 1004, 994, 1011, 989, 995, 1011, 1005, 989, 838, 990, 996, 838, 1006, 990, 1012, 992, 998, 1012, 1007, 992, 1013, 729, 730, 1013, 730, 731, 1013, 1008, 729, 1014, 993, 999, 1014, 1009, 993, 1014, 775, 1009, 1014, 776, 775, 1014, 777, 776, 1015, 994, 1000, 1015, 1010, 994, 835, 1011, 995, 835, 995, 1001, 839, 996, 1002, 839, 838, 996, 841, 998, 1004, 841, 1012, 998, 841, 1004, 1010, 846, 1013, 731, 846, 731, 732, 846, 732, 733, 1016, 777, 1014, 1016, 999, 1005, 1016, 1014, 999, 1016, 778, 777, 1016, 779, 778, 849, 1000, 1006, 849, 1015, 1000, 852, 835, 1001, 852, 1001, 1007, 854, 839, 1002, 854, 1002, 1008, 842, 841, 1010, 832, 733, 734, 832, 734, 735, 832, 846, 733, 834, 1016, 1005, 834, 1005, 1011, 834, 780, 779, 834, 781, 780, 834, 779, 1016, 834, 1011, 835, 837, 849, 1006, 837, 1006, 838, 843, 852, 1007, 843, 1012, 841, 843, 1007, 1012, 845, 854, 1008, 845, 1013, 846, 845, 1008, 1013, 848, 842, 1010, 848, 1010, 1015, 848, 1015, 849, 1017, 1051, 1050, 1018, 1052, 1051, 1018, 1051, 1017, 1019, 1053, 1052, 1019, 1052, 1018, 1020, 1054, 1053, 1020, 1053, 1019, 1021, 1055, 1054, 1021, 1054, 1020, 1022, 1056, 1055, 1022, 1055, 1021, 1023, 1056, 1022, 1023, 1057, 1056, 1024, 1057, 1023, 1024, 1058, 1057, 1025, 1058, 1024, 1025, 1059, 1058, 1026, 1059, 1025, 1026, 1060, 1059, 1027, 1060, 1026, 1027, 1061, 1060, 1028, 1061, 1027, 1028, 1062, 1061, 1029, 1062, 1028, 1029, 1063, 1062, 1030, 1063, 1029, 1030, 1064, 1063, 1030, 1065, 1064, 1031, 1065, 1030, 1031, 1066, 1065, 1032, 1066, 1031, 1032, 1067, 1066, 1033, 1067, 1032, 1033, 1068, 1067, 1034, 1068, 1033, 1034, 1069, 1068, 1035, 1069, 1034, 1035, 1070, 1069, 1035, 1071, 1070, 1036, 1072, 1071, 1036, 1071, 1035, 1037, 1072, 1036, 1037, 1073, 1072, 1038, 1074, 1073, 1038, 1075, 1074, 1038, 1073, 1037, 1039, 1076, 1075, 1039, 1075, 1038, 1040, 1077, 1076, 1040, 1076, 1039, 1041, 1078, 1077, 1041, 1079, 1078, 1041, 1077, 1040, 1042, 1080, 1079, 1042, 1081, 1080, 1042, 1079, 1041, 1043, 1082, 1081, 1043, 1081, 1042, 1044, 1083, 1082, 1044, 1084, 1083, 1044, 1082, 1043, 1045, 1084, 1044, 1045, 1085, 1084, 1046, 1085, 1045, 1046, 1086, 1085, 1046, 1087, 1086, 1047, 1087, 1046, 1047, 1088, 1087, 1047, 1089, 1088, 1048, 1089, 1047, 1048, 1090, 1089, 1048, 1091, 1090, 1049, 1091, 1048, 1049, 1092, 1091, 1094, 1095, 1093, 1094, 1096, 1095, 1097, 1131, 1130, 1098, 1132, 1131, 1098, 1131, 1097, 1099, 1133, 1132, 1099, 1132, 1098, 1100, 1134, 1133, 1100, 1133, 1099, 1101, 1135, 1134, 1101, 1134, 1100, 1102, 1136, 1135, 1102, 1135, 1101, 1103, 1137, 1136, 1103, 1136, 1102, 1104, 1137, 1103, 1104, 1138, 1137, 1105, 1138, 1104, 1105, 1139, 1138, 1106, 1139, 1105, 1106, 1140, 1139, 1107, 1140, 1106, 1107, 1141, 1140, 1108, 1141, 1107, 1108, 1142, 1141, 1109, 1142, 1108, 1109, 1143, 1142, 1110, 1143, 1109, 1110, 1144, 1143, 1111, 1144, 1110, 1111, 1145, 1144, 1111, 1146, 1145, 1112, 1146, 1111, 1112, 1147, 1146, 1113, 1147, 1112, 1113, 1148, 1147, 1114, 1148, 1113, 1114, 1149, 1148, 1115, 1150, 1149, 1115, 1149, 1114, 1116, 1151, 1150, 1116, 1150, 1115, 1117, 1151, 1116, 1117, 1152, 1151, 1118, 1153, 1152, 1118, 1152, 1117, 1119, 1154, 1153, 1119, 1153, 1118, 1120, 1155, 1154, 1120, 1156, 1155, 1120, 1154, 1119, 1121, 1157, 1156, 1121, 1156, 1120, 1122, 1158, 1157, 1122, 1157, 1121, 1123, 1159, 1158, 1123, 1160, 1159, 1123, 1158, 1122, 1124, 1161, 1160, 1124, 1160, 1123, 1125, 1162, 1161, 1125, 1161, 1124, 1126, 1163, 1162, 1126, 1164, 1163, 1126, 1162, 1125, 1127, 1164, 1126, 1127, 1165, 1164, 1128, 1165, 1127, 1128, 1166, 1165, 1128, 1167, 1166, 1129, 1167, 1128, 1129, 1168, 1167, 1170, 1171, 1169, 1170, 1172, 1171, 1239, 1173, 1174, 1239, 1238, 1173, 1240, 1174, 1175, 1240, 1175, 1176, 1240, 1239, 1174, 1241, 1240, 1176, 1242, 1176, 1177, 1242, 1177, 1178, 1242, 1241, 1176, 1243, 1242, 1178, 1244, 1178, 1179, 1244, 1243, 1178, 1245, 1179, 1180, 1245, 1180, 1181, 1245, 1244, 1179, 1246, 1245, 1181, 1247, 1181, 1182, 1247, 1246, 1181, 1248, 1182, 1183, 1248, 1247, 1182, 1249, 1183, 1184, 1249, 1184, 1185, 1249, 1248, 1183, 1250, 1249, 1185, 1251, 1185, 1186, 1251, 1250, 1185, 1252, 1186, 1187, 1252, 1251, 1186, 1253, 1187, 1188, 1253, 1188, 1189, 1253, 1252, 1187, 1254, 1253, 1189, 1255, 1254, 1189, 1255, 1189, 1190, 1256, 1190, 1191, 1256, 1191, 1192, 1256, 1255, 1190, 1257, 1256, 1192, 1258, 1257, 1192, 1258, 1192, 1193, 1259, 1258, 1193, 1259, 1193, 1194, 1260, 1259, 1194, 1260, 1194, 1195, 1261, 1260, 1195, 1261, 1195, 1196, 1262, 1196, 1197, 1262, 1261, 1196, 1263, 1197, 1198, 1263, 1262, 1197, 1264, 1198, 1199, 1264, 1263, 1198, 1265, 1199, 1200, 1265, 1264, 1199, 1266, 1200, 1201, 1266, 1201, 1202, 1266, 1265, 1200, 1267, 1266, 1202, 1268, 1202, 1203, 1268, 1267, 1202, 1269, 1203, 1204, 1269, 1268, 1203, 1270, 1204, 1205, 1270, 1269, 1204, 1271, 1205, 1206, 1271, 1270, 1205, 1272, 1206, 1207, 1272, 1271, 1206, 1273, 1207, 1208, 1273, 1272, 1207, 1274, 1208, 1209, 1274, 1273, 1208, 1275, 1209, 1210, 1275, 1210, 1211, 1275, 1274, 1209, 1276, 1211, 1212, 1276, 1275, 1211, 1277, 1276, 1212, 1278, 1212, 1213, 1278, 1277, 1212, 1279, 1213, 1214, 1279, 1278, 1213, 1280, 1214, 1215, 1280, 1279, 1214, 1281, 1280, 1215, 1281, 1215, 1216, 1282, 1281, 1216, 1282, 1216, 1217, 1283, 1282, 1217, 1283, 1217, 1218, 1284, 1283, 1218, 1284, 1218, 1219, 1284, 1219, 1220, 1285, 1284, 1220, 1286, 1285, 1220, 1286, 1220, 1221, 1287, 1286, 1221, 1287, 1221, 1222, 1288, 1287, 1222, 1288, 1222, 1223, 1288, 1223, 1224, 1289, 1288, 1224, 1290, 1289, 1224, 1290, 1224, 1225, 1290, 1225, 1226, 1291, 1290, 1226, 1292, 1291, 1226, 1292, 1226, 1227, 1292, 1227, 1228, 1293, 1292, 1228, 1294, 1228, 1229, 1294, 1293, 1228, 1295, 1229, 1230, 1295, 1230, 1231, 1295, 1294, 1229, 1296, 1295, 1231, 1297, 1231, 1232, 1297, 1296, 1231, 1298, 1232, 1233, 1298, 1297, 1232, 1299, 1233, 1234, 1299, 1298, 1233, 1300, 1234, 1235, 1300, 1299, 1234, 1237, 1235, 1236, 1237, 1300, 1235, 1404, 1340, 1341, 1404, 1403, 1340, 1402, 1339, 1340, 1402, 1340, 1403, 1405, 1341, 1342, 1405, 1404, 1341, 1401, 1337, 1338, 1401, 1338, 1339, 1401, 1339, 1402, 1406, 1342, 1343, 1406, 1405, 1342, 1400, 1336, 1337, 1400, 1337, 1401, 1407, 1343, 1344, 1407, 1344, 1345, 1407, 1406, 1343, 1399, 1336, 1400, 1408, 1407, 1345, 1398, 1334, 1335, 1398, 1335, 1336, 1398, 1336, 1399, 1409, 1408, 1345, 1409, 1345, 1346, 1397, 1334, 1398, 1410, 1346, 1347, 1410, 1409, 1346, 1396, 1333, 1334, 1396, 1334, 1397, 1411, 1410, 1347, 1411, 1347, 1348, 1411, 1348, 1349, 1395, 1332, 1333, 1395, 1333, 1396, 1412, 1411, 1349, 1394, 1331, 1332, 1394, 1332, 1395, 1413, 1412, 1349, 1413, 1349, 1350, 1393, 1331, 1394, 1393, 1330, 1331, 1414, 1413, 1350, 1414, 1350, 1351, 1392, 1330, 1393, 1392, 1329, 1330, 1415, 1414, 1351, 1415, 1351, 1352, 1391, 1329, 1392, 1391, 1328, 1329, 1416, 1415, 1352, 1416, 1352, 1353, 1354, 1416, 1353, 1390, 1327, 1328, 1390, 1328, 1391, 1417, 1416, 1354, 1389, 1326, 1327, 1389, 1327, 1390, 1418, 1417, 1354, 1418, 1354, 1355, 1388, 1325, 1326, 1388, 1326, 1389, 1419, 1418, 1355, 1419, 1355, 1356, 1420, 1419, 1356, 1324, 1325, 1388, 1324, 1388, 1387, 1357, 1420, 1356, 1323, 1324, 1387, 1323, 1387, 1386, 1385, 1323, 1386, 1358, 1421, 1420, 1358, 1420, 1357, 1322, 1323, 1385, 1359, 1422, 1421, 1359, 1421, 1358, 1321, 1322, 1385, 1321, 1384, 1383, 1321, 1385, 1384, 1360, 1423, 1422, 1360, 1422, 1359, 1320, 1383, 1382, 1320, 1321, 1383, 1361, 1424, 1423, 1361, 1423, 1360, 1319, 1320, 1382, 1362, 1425, 1424, 1362, 1426, 1425, 1362, 1424, 1361, 1318, 1319, 1382, 1318, 1382, 1381, 1363, 1426, 1362, 1317, 1318, 1381, 1317, 1380, 1379, 1317, 1381, 1380, 1301, 1364, 1426, 1301, 1426, 1363, 1316, 1317, 1379, 1302, 1365, 1364, 1302, 1364, 1301, 1315, 1316, 1379, 1315, 1379, 1378, 1303, 1365, 1302, 1303, 1366, 1365, 1314, 1315, 1378, 1314, 1378, 1377, 1304, 1366, 1303, 1304, 1367, 1366, 1304, 1368, 1367, 1313, 1314, 1377, 1313, 1376, 1375, 1313, 1377, 1376, 1305, 1368, 1304, 1312, 1313, 1375, 1306, 1368, 1305, 1306, 1369, 1368, 1311, 1312, 1375, 1311, 1374, 1373, 1311, 1375, 1374, 1307, 1369, 1306, 1307, 1370, 1369, 1310, 1311, 1373, 1310, 1373, 1372, 1308, 1371, 1370, 1308, 1370, 1307, 1309, 1372, 1371, 1309, 1371, 1308, 1309, 1310, 1372, 1449, 1451, 1450, 1456, 1452, 1451, 1456, 1453, 1452, 1456, 1454, 1453, 1456, 1455, 1454, 1447, 1449, 1448, 1458, 1457, 1456, 1458, 1456, 1451, 1445, 1447, 1446, 1460, 1459, 1458, 1460, 1458, 1451, 1442, 1444, 1443, 1442, 1445, 1444, 1439, 1441, 1440, 1438, 1441, 1439, 1437, 1441, 1438, 1437, 1442, 1441, 1437, 1447, 1445, 1437, 1451, 1449, 1437, 1449, 1447, 1437, 1445, 1442, 1434, 1436, 1435, 1434, 1437, 1436, 1434, 1451, 1437, 1431, 1433, 1432, 1431, 1434, 1433, 1431, 1451, 1434, 1429, 1431, 1430, 1428, 1460, 1451, 1428, 1451, 1431, 1428, 1431, 1429, 1464, 1463, 1462, 1466, 1465, 1464, 1467, 1464, 1462, 1467, 1462, 1461, 1467, 1466, 1464, 1468, 1467, 1461, 1469, 1468, 1461, 1472, 1470, 1469, 1472, 1471, 1470, 1427, 1460, 1428, 1427, 1461, 1460, 1477, 1474, 1473, 1477, 1475, 1474, 1477, 1476, 1475, 1492, 1461, 1427, 1478, 1477, 1473, 1490, 1492, 1491, 1489, 1469, 1461, 1489, 1461, 1492, 1489, 1492, 1490, 1481, 1479, 1478, 1481, 1480, 1479, 1481, 1478, 1473, 1488, 1469, 1489, 1483, 1482, 1481, 1484, 1473, 1472, 1484, 1481, 1473, 1484, 1483, 1481, 1485, 1472, 1469, 1485, 1487, 1486, 1485, 1488, 1487, 1485, 1469, 1488, 1485, 1484, 1472, 1500, 1499, 1564, 1498, 1561, 1497, 1565, 1562, 1493, 1566, 1565, 1493, 1567, 1566, 1493, 1568, 1562, 1565, 1568, 1563, 1562, 1569, 1567, 1493, 1570, 1568, 1565, 1570, 1565, 1566, 1571, 1569, 1493, 1572, 1566, 1567, 1572, 1570, 1566, 1573, 1571, 1493, 1574, 1501, 1500, 1574, 1502, 1501, 1574, 1563, 1568, 1574, 1564, 1563, 1574, 1500, 1564, 1575, 1567, 1569, 1575, 1572, 1567, 1576, 1573, 1493, 1577, 1502, 1574, 1577, 1503, 1502, 1577, 1504, 1503, 1577, 1568, 1570, 1577, 1574, 1568, 1578, 1575, 1569, 1578, 1569, 1571, 1579, 1576, 1493, 1580, 1577, 1570, 1580, 1505, 1504, 1580, 1506, 1505, 1580, 1504, 1577, 1580, 1570, 1572, 1581, 1573, 1576, 1581, 1578, 1571, 1581, 1571, 1573, 1582, 1579, 1493, 1583, 1580, 1572, 1583, 1507, 1506, 1583, 1508, 1507, 1583, 1506, 1580, 1583, 1572, 1575, 1584, 1581, 1576, 1585, 1582, 1493, 1586, 1508, 1583, 1586, 1509, 1508, 1586, 1510, 1509, 1586, 1575, 1578, 1586, 1583, 1575, 1587, 1576, 1579, 1587, 1584, 1576, 1588, 1585, 1493, 1589, 1510, 1586, 1589, 1511, 1510, 1589, 1512, 1511, 1589, 1578, 1581, 1589, 1586, 1578, 1590, 1587, 1579, 1590, 1579, 1582, 1591, 1588, 1493, 1592, 1513, 1512, 1592, 1514, 1513, 1592, 1581, 1584, 1592, 1512, 1589, 1592, 1589, 1581, 1593, 1590, 1582, 1593, 1582, 1585, 1594, 1591, 1493, 1595, 1514, 1592, 1595, 1515, 1514, 1595, 1592, 1584, 1595, 1516, 1515, 1595, 1584, 1587, 1596, 1593, 1585, 1596, 1585, 1588, 1597, 1594, 1493, 1598, 1587, 1590, 1598, 1517, 1516, 1598, 1595, 1587, 1598, 1518, 1517, 1598, 1516, 1595, 1599, 1591, 1594, 1599, 1588, 1591, 1599, 1596, 1588, 1600, 1597, 1493, 1601, 1590, 1593, 1601, 1519, 1518, 1601, 1520, 1519, 1601, 1598, 1590, 1601, 1518, 1598, 1602, 1599, 1594, 1603, 1493, 1494, 1603, 1600, 1493, 1604, 1593, 1596, 1604, 1520, 1601, 1604, 1521, 1520, 1604, 1522, 1521, 1604, 1601, 1593, 1604, 1596, 1599, 1605, 1602, 1594, 1605, 1597, 1600, 1605, 1594, 1597, 1606, 1603, 1494, 1607, 1523, 1522, 1607, 1524, 1523, 1607, 1522, 1604, 1607, 1604, 1599, 1608, 1605, 1600, 1609, 1606, 1494, 1610, 1525, 1524, 1610, 1526, 1525, 1610, 1599, 1602, 1610, 1607, 1599, 1610, 1524, 1607, 1611, 1600, 1603, 1611, 1608, 1600, 1611, 1603, 1606, 1612, 1609, 1494, 1613, 1527, 1526, 1613, 1526, 1610, 1613, 1528, 1527, 1613, 1605, 1608, 1613, 1610, 1602, 1613, 1602, 1605, 1614, 1611, 1606, 1615, 1612, 1494, 1616, 1613, 1608, 1616, 1529, 1528, 1616, 1530, 1529, 1616, 1528, 1613, 1617, 1606, 1609, 1617, 1614, 1606, 1618, 1615, 1494, 1619, 1616, 1608, 1619, 1531, 1530, 1619, 1608, 1611, 1619, 1530, 1616, 1620, 1609, 1612, 1620, 1617, 1609, 1621, 1618, 1494, 1622, 1619, 1611, 1622, 1532, 1531, 1622, 1533, 1532, 1622, 1531, 1619, 1622, 1611, 1614, 1623, 1615, 1618, 1623, 1620, 1612, 1623, 1612, 1615, 1624, 1621, 1494, 1625, 1622, 1614, 1625, 1534, 1533, 1625, 1535, 1534, 1625, 1533, 1622, 1625, 1614, 1617, 1626, 1618, 1621, 1626, 1623, 1618, 1627, 1624, 1494, 1628, 1535, 1625, 1628, 1625, 1617, 1628, 1617, 1620, 1628, 1536, 1535, 1628, 1537, 1536, 1629, 1621, 1624, 1629, 1626, 1621, 1630, 1627, 1494, 1631, 1628, 1620, 1631, 1620, 1623, 1631, 1538, 1537, 1631, 1539, 1538, 1631, 1537, 1628, 1632, 1629, 1624, 1633, 1630, 1494, 1634, 1539, 1631, 1634, 1623, 1626, 1634, 1631, 1623, 1634, 1540, 1539, 1634, 1541, 1540, 1635, 1624, 1627, 1635, 1632, 1624, 1636, 1633, 1494, 1637, 1626, 1629, 1637, 1541, 1634, 1637, 1634, 1626, 1637, 1542, 1541, 1637, 1543, 1542, 1638, 1627, 1630, 1638, 1635, 1627, 1639, 1636, 1494, 1640, 1629, 1632, 1640, 1637, 1629, 1640, 1543, 1637, 1640, 1544, 1543, 1640, 1545, 1544, 1641, 1630, 1633, 1641, 1638, 1630, 1642, 1639, 1494, 1643, 1632, 1635, 1643, 1545, 1640, 1643, 1546, 1545, 1643, 1547, 1546, 1643, 1640, 1632, 1644, 1633, 1636, 1644, 1641, 1633, 1645, 1642, 1494, 1646, 1643, 1635, 1646, 1635, 1638, 1646, 1548, 1547, 1646, 1549, 1548, 1646, 1638, 1641, 1646, 1547, 1643, 1647, 1636, 1639, 1647, 1644, 1636, 1648, 1494, 1495, 1648, 1645, 1494, 1649, 1646, 1641, 1649, 1550, 1549, 1649, 1551, 1550, 1649, 1549, 1646, 1650, 1647, 1639, 1650, 1639, 1642, 1651, 1649, 1641, 1651, 1552, 1551, 1651, 1553, 1552, 1651, 1641, 1644, 1651, 1551, 1649, 1652, 1642, 1645, 1652, 1650, 1642, 1653, 1644, 1647, 1653, 1651, 1644, 1653, 1554, 1553, 1653, 1555, 1554, 1653, 1647, 1650, 1653, 1553, 1651, 1654, 1495, 1496, 1654, 1652, 1645, 1654, 1648, 1495, 1654, 1645, 1648, 1655, 1653, 1650, 1655, 1555, 1653, 1655, 1556, 1555, 1655, 1557, 1556, 1656, 1650, 1652, 1656, 1557, 1655, 1656, 1655, 1650, 1656, 1558, 1557, 1656, 1559, 1558, 1657, 1656, 1652, 1657, 1496, 1497, 1657, 1652, 1654, 1657, 1497, 1561, 1657, 1559, 1656, 1657, 1560, 1559, 1657, 1561, 1560, 1657, 1654, 1496, 1724, 1658, 1659, 1724, 1723, 1658, 1725, 1659, 1660, 1725, 1660, 1661, 1725, 1724, 1659, 1726, 1725, 1661, 1727, 1661, 1662, 1727, 1726, 1661, 1728, 1662, 1663, 1728, 1663, 1664, 1728, 1727, 1662, 1729, 1728, 1664, 1730, 1664, 1665, 1730, 1665, 1666, 1730, 1729, 1664, 1731, 1730, 1666, 1732, 1666, 1667, 1732, 1731, 1666, 1733, 1667, 1668, 1733, 1732, 1667, 1734, 1668, 1669, 1734, 1669, 1670, 1734, 1733, 1668, 1735, 1670, 1671, 1735, 1734, 1670, 1736, 1735, 1671, 1737, 1671, 1672, 1737, 1736, 1671, 1738, 1672, 1673, 1738, 1673, 1674, 1738, 1737, 1672, 1739, 1738, 1674, 1740, 1739, 1674, 1740, 1674, 1675, 1740, 1675, 1676, 1741, 1740, 1676, 1742, 1741, 1676, 1742, 1676, 1677, 1743, 1742, 1677, 1743, 1677, 1678, 1744, 1743, 1678, 1744, 1678, 1679, 1744, 1679, 1680, 1745, 1744, 1680, 1746, 1745, 1680, 1746, 1680, 1681, 1747, 1681, 1682, 1747, 1746, 1681, 1747, 1682, 1683, 1748, 1747, 1683, 1749, 1683, 1684, 1749, 1684, 1685, 1749, 1748, 1683, 1750, 1749, 1685, 1751, 1685, 1686, 1751, 1686, 1687, 1751, 1750, 1685, 1752, 1687, 1688, 1752, 1751, 1687, 1753, 1752, 1688, 1754, 1688, 1689, 1754, 1689, 1690, 1754, 1753, 1688, 1755, 1690, 1691, 1755, 1754, 1690, 1756, 1755, 1691, 1757, 1691, 1692, 1757, 1692, 1693, 1757, 1756, 1691, 1758, 1693, 1694, 1758, 1757, 1693, 1759, 1694, 1695, 1759, 1758, 1694, 1760, 1759, 1695, 1761, 1695, 1696, 1761, 1760, 1695, 1762, 1696, 1697, 1762, 1761, 1696, 1763, 1697, 1698, 1763, 1762, 1697, 1764, 1698, 1699, 1764, 1763, 1698, 1765, 1699, 1700, 1765, 1764, 1699, 1766, 1765, 1700, 1766, 1700, 1701, 1767, 1766, 1701, 1767, 1701, 1702, 1768, 1767, 1702, 1768, 1702, 1703, 1769, 1768, 1703, 1769, 1703, 1704, 1770, 1769, 1704, 1770, 1704, 1705, 1771, 1770, 1705, 1771, 1705, 1706, 1772, 1771, 1706, 1772, 1706, 1707, 1773, 1772, 1707, 1773, 1707, 1708, 1773, 1708, 1709, 1774, 1773, 1709, 1775, 1774, 1709, 1775, 1709, 1710, 1776, 1775, 1710, 1776, 1710, 1711, 1777, 1776, 1711, 1777, 1711, 1712, 1778, 1777, 1712, 1778, 1712, 1713, 1779, 1713, 1714, 1779, 1778, 1713, 1780, 1714, 1715, 1780, 1715, 1716, 1780, 1779, 1714, 1781, 1780, 1716, 1782, 1716, 1717, 1782, 1781, 1716, 1783, 1717, 1718, 1783, 1782, 1717, 1784, 1718, 1719, 1784, 1783, 1718, 1785, 1719, 1720, 1785, 1720, 1721, 1785, 1784, 1719, 1722, 1785, 1721, 1905, 1841, 1904, 1905, 1842, 1841, 1903, 1904, 1841, 1903, 1841, 1840, 1906, 1842, 1905, 1906, 1843, 1842, 1902, 1839, 1838, 1902, 1840, 1839, 1902, 1903, 1840, 1907, 1843, 1906, 1907, 1844, 1843, 1907, 1845, 1844, 1901, 1838, 1837, 1901, 1902, 1838, 1908, 1845, 1907, 1900, 1901, 1837, 1909, 1846, 1845, 1909, 1845, 1908, 1899, 1837, 1836, 1899, 1900, 1837, 1910, 1846, 1909, 1910, 1847, 1846, 1898, 1835, 1834, 1898, 1836, 1835, 1898, 1899, 1836, 1911, 1848, 1847, 1911, 1847, 1910, 1897, 1898, 1834, 1849, 1787, 1786, 1849, 1786, 1848, 1849, 1848, 1911, 1896, 1834, 1833, 1896, 1897, 1834, 1850, 1788, 1787, 1850, 1787, 1849, 1895, 1832, 1831, 1895, 1833, 1832, 1895, 1896, 1833, 1851, 1788, 1850, 1789, 1788, 1851, 1894, 1895, 1831, 1852, 1789, 1851, 1893, 1894, 1831, 1893, 1831, 1830, 1853, 1790, 1789, 1853, 1789, 1852, 1892, 1893, 1830, 1892, 1830, 1829, 1791, 1790, 1853, 1828, 1892, 1829, 1854, 1791, 1853, 1891, 1892, 1828, 1855, 1792, 1791, 1855, 1791, 1854, 1890, 1891, 1828, 1890, 1828, 1827, 1856, 1793, 1792, 1856, 1792, 1855, 1889, 1827, 1826, 1889, 1890, 1827, 1857, 1793, 1856, 1794, 1793, 1857, 1888, 1889, 1826, 1825, 1888, 1826, 1795, 1794, 1857, 1795, 1857, 1858, 1824, 1887, 1888, 1824, 1888, 1825, 1886, 1887, 1824, 1796, 1795, 1858, 1796, 1858, 1859, 1823, 1886, 1824, 1797, 1859, 1860, 1797, 1796, 1859, 1822, 1886, 1823, 1822, 1885, 1886, 1798, 1860, 1861, 1798, 1797, 1860, 1821, 1885, 1822, 1821, 1884, 1885, 1883, 1884, 1821, 1799, 1861, 1862, 1799, 1798, 1861, 1820, 1883, 1821, 1800, 1862, 1863, 1800, 1799, 1862, 1819, 1883, 1820, 1819, 1882, 1883, 1801, 1800, 1863, 1801, 1863, 1864, 1818, 1882, 1819, 1818, 1881, 1882, 1802, 1801, 1864, 1802, 1864, 1865, 1802, 1865, 1866, 1817, 1881, 1818, 1817, 1879, 1880, 1817, 1880, 1881, 1803, 1802, 1866, 1816, 1879, 1817, 1816, 1878, 1879, 1804, 1803, 1866, 1804, 1866, 1867, 1815, 1878, 1816, 1805, 1804, 1867, 1805, 1867, 1868, 1805, 1868, 1869, 1814, 1878, 1815, 1814, 1876, 1877, 1814, 1877, 1878, 1806, 1805, 1869, 1813, 1876, 1814, 1813, 1875, 1876, 1807, 1806, 1869, 1807, 1869, 1870, 1807, 1870, 1871, 1812, 1875, 1813, 1812, 1874, 1875, 1808, 1807, 1871, 1811, 1874, 1812, 1811, 1873, 1874, 1809, 1808, 1871, 1809, 1871, 1872, 1810, 1873, 1811, 1810, 1809, 1872, 1810, 1872, 1873, 1978, 1912, 1913, 1978, 1913, 1914, 1978, 1977, 1912, 1979, 1978, 1914, 1980, 1914, 1915, 1980, 1979, 1914, 1981, 1915, 1916, 1981, 1980, 1915, 1982, 1916, 1917, 1982, 1981, 1916, 1983, 1917, 1918, 1983, 1918, 1919, 1983, 1982, 1917, 1984, 1983, 1919, 1985, 1919, 1920, 1985, 1984, 1919, 1986, 1920, 1921, 1986, 1921, 1922, 1986, 1985, 1920, 1987, 1922, 1923, 1987, 1986, 1922, 1988, 1987, 1923, 1989, 1923, 1924, 1989, 1988, 1923, 1990, 1924, 1925, 1990, 1925, 1926, 1990, 1989, 1924, 1991, 1990, 1926, 1992, 1926, 1927, 1992, 1991, 1926, 1993, 1927, 1928, 1993, 1928, 1929, 1993, 1992, 1927, 1994, 1993, 1929, 1995, 1994, 1929, 1995, 1929, 1930, 1996, 1995, 1930, 1996, 1930, 1931, 1997, 1996, 1931, 1997, 1931, 1932, 1998, 1997, 1932, 1998, 1932, 1933, 1999, 1998, 1933, 1999, 1933, 1934, 2000, 1934, 1935, 2000, 1999, 1934, 2001, 1935, 1936, 2001, 1936, 1937, 2001, 2000, 1935, 2002, 2001, 1937, 2003, 1937, 1938, 2003, 2002, 1937, 2004, 1938, 1939, 2004, 2003, 1938, 2005, 1939, 1940, 2005, 2004, 1939, 2006, 1940, 1941, 2006, 2005, 1940, 2007, 1941, 1942, 2007, 2006, 1941, 2008, 1942, 1943, 2008, 2007, 1942, 2009, 1943, 1944, 2009, 2008, 1943, 2010, 1944, 1945, 2010, 2009, 1944, 2011, 1945, 1946, 2011, 2010, 1945, 2012, 1946, 1947, 2012, 2011, 1946, 2013, 1947, 1948, 2013, 2012, 1947, 2014, 1948, 1949, 2014, 1949, 1950, 2014, 2013, 1948, 2015, 2014, 1950, 2016, 1950, 1951, 2016, 2015, 1950, 2017, 1951, 1952, 2017, 1952, 1953, 2017, 2016, 1951, 2018, 2017, 1953, 2019, 1953, 1954, 2019, 2018, 1953, 2020, 2019, 1954, 2020, 1954, 1955, 2020, 1955, 1956, 2021, 2020, 1956, 2022, 2021, 1956, 2022, 1956, 1957, 2023, 2022, 1957, 2023, 1957, 1958, 2024, 2023, 1958, 2024, 1958, 1959, 2025, 2024, 1959, 2025, 1959, 1960, 2025, 1960, 1961, 2026, 2025, 1961, 2027, 2026, 1961, 2027, 1961, 1962, 2028, 2027, 1962, 2028, 1962, 1963, 2028, 1963, 1964, 2029, 2028, 1964, 2029, 1964, 1965, 2030, 2029, 1965, 2030, 1965, 1966, 2031, 2030, 1966, 2032, 2031, 1966, 2032, 1966, 1967, 2032, 1967, 1968, 2033, 2032, 1968, 2034, 1968, 1969, 2034, 2033, 1968, 2035, 1969, 1970, 2035, 2034, 1969, 2036, 1970, 1971, 2036, 1971, 1972, 2036, 2035, 1970, 2037, 1972, 1973, 2037, 2036, 1972, 2038, 1973, 1974, 2038, 2037, 1973, 2039, 2038, 1974, 1976, 1974, 1975, 1976, 2039, 1974, 2169, 2040, 2041, 2107, 2106, 2169, 2104, 2102, 2103, 2105, 2168, 2104, 2170, 2041, 2042, 2170, 2042, 2043, 2170, 2169, 2041, 2170, 2107, 2169, 2170, 2108, 2107, 2170, 2109, 2108, 2171, 2043, 2044, 2171, 2044, 2045, 2171, 2170, 2043, 2171, 2109, 2170, 2171, 2110, 2109, 2171, 2111, 2110, 2172, 2045, 2046, 2172, 2046, 2047, 2172, 2112, 2111, 2172, 2113, 2112, 2172, 2171, 2045, 2172, 2111, 2171, 2173, 2047, 2048, 2173, 2048, 2049, 2173, 2113, 2172, 2173, 2172, 2047, 2173, 2114, 2113, 2173, 2115, 2114, 2174, 2049, 2050, 2174, 2050, 2051, 2174, 2173, 2049, 2174, 2115, 2173, 2174, 2116, 2115, 2174, 2117, 2116, 2175, 2051, 2052, 2175, 2052, 2053, 2175, 2174, 2051, 2175, 2118, 2117, 2175, 2119, 2118, 2175, 2117, 2174, 2176, 2119, 2175, 2176, 2053, 2054, 2176, 2054, 2055, 2176, 2120, 2119, 2176, 2121, 2120, 2176, 2175, 2053, 2177, 2055, 2056, 2177, 2056, 2057, 2177, 2176, 2055, 2177, 2121, 2176, 2177, 2122, 2121, 2177, 2123, 2122, 2178, 2057, 2058, 2178, 2058, 2059, 2178, 2177, 2057, 2178, 2123, 2177, 2178, 2124, 2123, 2178, 2125, 2124, 2179, 2059, 2060, 2179, 2060, 2061, 2179, 2178, 2059, 2179, 2125, 2178, 2179, 2126, 2125, 2179, 2127, 2126, 2180, 2061, 2062, 2180, 2062, 2063, 2180, 2179, 2061, 2180, 2127, 2179, 2180, 2128, 2127, 2180, 2129, 2128, 2181, 2063, 2064, 2181, 2064, 2065, 2181, 2130, 2129, 2181, 2131, 2130, 2181, 2180, 2063, 2181, 2129, 2180, 2182, 2181, 2065, 2182, 2131, 2181, 2182, 2065, 2066, 2182, 2066, 2067, 2182, 2132, 2131, 2182, 2133, 2132, 2183, 2067, 2068, 2183, 2068, 2069, 2183, 2182, 2067, 2183, 2133, 2182, 2183, 2134, 2133, 2183, 2135, 2134, 2184, 2069, 2070, 2184, 2070, 2071, 2184, 2183, 2069, 2184, 2135, 2183, 2184, 2136, 2135, 2184, 2137, 2136, 2185, 2137, 2184, 2185, 2071, 2072, 2185, 2138, 2137, 2185, 2184, 2071, 2186, 2185, 2072, 2186, 2072, 2073, 2186, 2073, 2074, 2186, 2138, 2185, 2186, 2139, 2138, 2186, 2140, 2139, 2187, 2142, 2141, 2187, 2074, 2075, 2187, 2075, 2076, 2187, 2186, 2074, 2187, 2140, 2186, 2187, 2141, 2140, 2188, 2143, 2142, 2188, 2144, 2143, 2188, 2187, 2076, 2188, 2076, 2077, 2188, 2077, 2078, 2188, 2142, 2187, 2189, 2145, 2144, 2189, 2146, 2145, 2189, 2078, 2079, 2189, 2079, 2080, 2189, 2144, 2188, 2189, 2188, 2078, 2190, 2147, 2146, 2190, 2148, 2147, 2190, 2080, 2081, 2190, 2081, 2082, 2190, 2146, 2189, 2190, 2189, 2080, 2191, 2149, 2148, 2191, 2150, 2149, 2191, 2082, 2083, 2191, 2083, 2084, 2191, 2148, 2190, 2191, 2190, 2082, 2192, 2191, 2084, 2192, 2151, 2150, 2192, 2152, 2151, 2192, 2084, 2085, 2192, 2085, 2086, 2192, 2150, 2191, 2193, 2152, 2192, 2193, 2153, 2152, 2193, 2154, 2153, 2193, 2192, 2086, 2193, 2086, 2087, 2193, 2087, 2088, 2194, 2155, 2154, 2194, 2156, 2155, 2194, 2193, 2088, 2194, 2154, 2193, 2194, 2088, 2089, 2194, 2089, 2090, 2195, 2157, 2156, 2195, 2158, 2157, 2195, 2156, 2194, 2195, 2090, 2091, 2195, 2091, 2092, 2195, 2194, 2090, 2196, 2159, 2158, 2196, 2160, 2159, 2196, 2195, 2092, 2196, 2158, 2195, 2196, 2092, 2093, 2196, 2093, 2094, 2197, 2161, 2160, 2197, 2162, 2161, 2197, 2094, 2095, 2197, 2095, 2096, 2197, 2160, 2196, 2197, 2196, 2094, 2198, 2163, 2162, 2198, 2164, 2163, 2198, 2162, 2197, 2198, 2096, 2097, 2198, 2097, 2098, 2198, 2197, 2096, 2199, 2198, 2098, 2199, 2165, 2164, 2199, 2166, 2165, 2199, 2098, 2099, 2199, 2099, 2100, 2199, 2164, 2198, 2200, 2166, 2199, 2200, 2199, 2100, 2200, 2167, 2166, 2200, 2168, 2167, 2200, 2100, 2101, 2200, 2101, 2102, 2200, 2102, 2104, 2200, 2104, 2168, 2243, 2240, 2241, 2243, 2241, 2242, 2236, 2237, 2238, 2236, 2238, 2239, 2236, 2239, 2240, 2245, 2243, 2244, 2233, 2234, 2235, 2233, 2235, 2236, 2248, 2245, 2246, 2248, 2246, 2247, 2248, 2243, 2245, 2230, 2231, 2232, 2230, 2232, 2233, 2251, 2249, 2250, 2227, 2230, 2233, 2227, 2228, 2229, 2227, 2229, 2230, 2227, 2233, 2236, 2254, 2252, 2253, 2224, 2225, 2226, 2224, 2226, 2227, 2257, 2249, 2251, 2257, 2252, 2254, 2257, 2248, 2249, 2257, 2251, 2252, 2257, 2254, 2255, 2257, 2255, 2256, 2258, 2248, 2257, 2222, 2224, 2227, 2222, 2223, 2224, 2261, 2258, 2259, 2261, 2259, 2260, 2218, 2219, 2220, 2218, 2220, 2221, 2218, 2221, 2222, 2217, 2222, 2227, 2217, 2218, 2222, 2217, 2236, 2240, 2217, 2240, 2243, 2217, 2227, 2236, 2201, 2258, 2261, 2201, 2261, 2262, 2201, 2262, 2263, 2204, 2201, 2202, 2204, 2202, 2203, 2213, 2214, 2215, 2212, 2215, 2216, 2212, 2213, 2215, 2206, 2204, 2205, 2206, 2201, 2204, 2207, 2201, 2206, 2210, 2211, 2212, 2208, 2258, 2201, 2208, 2248, 2258, 2208, 2201, 2207, 2208, 2243, 2248, 2209, 2216, 2217, 2209, 2217, 2243, 2209, 2212, 2216, 2209, 2243, 2208, 2209, 2210, 2212]
        point3f[] points = [(0.0000, 11.5000, 0.0000), (0.0000, 11.4429, 1.1450), (0.0000, 11.2720, 2.2787), (0.0000, 10.9891, 3.3897), (0.0000, 10.5970, 4.4670), (0.0000, 10.0995, 5.4999), (0.0000, 9.5017, 6.4782), (0.0000, 8.8095, 7.3921), (0.0000, 8.0297, 8.2325), (0.0000, 7.1701, 8.9911), (0.0000, 6.2393, 9.6603), (0.0000, 5.2464, 10.2335), (0.0000, 4.2014, 10.7050), (0.0000, 3.1147, 11.0702), (0.0000, 1.9970, 11.3253), (0.0000, 0.8594, 11.4678), (0.0000, -0.2867, 11.4964), (0.0000, -1.4300, 11.4108), (0.0000, -2.5590, 11.2117), (0.0000, -3.6626, 10.9012), (0.0000, -4.7298, 10.4823), (0.0000, -5.7500, 9.9593), (0.0000, -6.7131, 9.3373), (0.0000, -7.6094, 8.6225), (0.0000, -8.4301, 7.8220), (0.0000, -9.1670, 6.9438), (0.0000, -9.8128, 5.9965), (0.0000, -10.3611, 4.9897), (0.0000, -10.8065, 3.9332), (0.0000, -11.1444, 2.8377), (0.0000, -11.3716, 1.7140), (0.0000, -11.4857, 0.5732), (0.0000, -11.4857, -0.5732), (0.0000, -11.3716, -1.7140), (0.0000, -11.1444, -2.8377), (0.0000, -10.8065, -3.9332), (0.0000, -10.3611, -4.9897), (0.0000, -9.8128, -5.9965), (0.0000, -9.1670, -6.9438), (0.0000, -8.4301, -7.8220), (0.0000, -7.6094, -8.6225), (0.0000, -6.7131, -9.3373), (0.0000, -5.7500, -9.9593), (0.0000, -4.7298, -10.4823), (0.0000, -3.6626, -10.9012), (0.0000, -2.5590, -11.2117), (0.0000, -1.4300, -11.4108), (0.0000, -0.2867, -11.4964), (0.0000, 0.8594, -11.4678), (0.0000, 1.9970, -11.3253), (0.0000, 3.1147, -11.0702), (0.0000, 4.2014, -10.7050), (0.0000, 5.2464, -10.2335), (0.0000, 6.2393, -9.6603), (0.0000, 7.1701, -8.9911), (0.0000, 8.0297, -8.2325), (0.0000, 8.8095, -7.3921), (0.0000, 9.5017, -6.4782), (0.0000, 10.0995, -5.4999), (0.0000, 10.5970, -4.4670), (0.0000, 10.9891, -3.3897), (0.0000, 11.2720, -2.2787), (0.0000, 11.4429, -1.1450), (0.0000, 11.5000, 0.0000), (1.0000, 12.5000, 0.0000), (1.0000, 12.5000, 0.0000), (1.0000, 12.4379, 1.2446), (1.0000, 12.2522, 2.4768), (1.0000, 11.9447, 3.6844), (1.0000, 11.5185, 4.8554), (1.0000, 10.9778, 5.9782), (1.0000, 10.3280, 7.0415), (1.0000, 9.5756, 8.0348), (1.0000, 8.7280, 8.9483), (1.0000, 7.7936, 9.7729), (1.0000, 6.7818, 10.5003), (1.0000, 5.7026, 11.1234), (1.0000, 4.5668, 11.6359), (1.0000, 3.3855, 12.0328), (1.0000, 2.1706, 12.3101), (1.0000, 0.9341, 12.4650), (1.0000, -0.3116, 12.4961), (1.0000, -1.5543, 12.4030), (1.0000, -2.7815, 12.1866), (1.0000, -3.9811, 11.8491), (1.0000, -5.1411, 11.3938), (1.0000, -6.2500, 10.8253), (1.0000, -7.2968, 10.1492), (1.0000, -8.2711, 9.3723), (1.0000, -9.1631, 8.5022), (1.0000, -9.9642, 7.5476), (1.0000, -10.6661, 6.5179), (1.0000, -11.2621, 5.4235), (1.0000, -11.7462, 4.2753), (1.0000, -12.1135, 3.0845), (1.0000, -12.3604, 1.8630), (1.0000, -12.4845, 0.6231), (1.0000, -12.4845, -0.6231), (1.0000, -12.3604, -1.8630), (1.0000, -12.1135, -3.0845), (1.0000, -11.7462, -4.2753), (1.0000, -11.2621, -5.4235), (1.0000, -10.6661, -6.5179), (1.0000, -9.9642, -7.5476), (1.0000, -9.1631, -8.5022), (1.0000, -8.2711, -9.3723), (1.0000, -7.2968, -10.1492), (1.0000, -6.2500, -10.8253), (1.0000, -5.1411, -11.3938), (1.0000, -3.9811, -11.8491), (1.0000, -2.7815, -12.1866), (1.0000, -1.5543, -12.4030), (1.0000, -0.3116, -12.4961), (1.0000, 0.9341, -12.4650), (1.0000, 2.1706, -12.3101), (1.0000, 3.3855, -12.0328), (1.0000, 4.5668, -11.6359), (1.0000, 5.7026, -11.1234), (1.0000, 6.7818, -10.5003), (1.0000, 7.7936, -9.7729), (1.0000, 8.7280, -8.9483), (1.0000, 9.5756, -8.0348), (1.0000, 10.3280, -7.0415), (1.0000, 10.9778, -5.9782), (1.0000, 11.5185, -4.8554), (1.0000, 11.9447, -3.6844), (1.0000, 12.2522, -2.4768), (1.0000, 12.4379, -1.2446), (0.0000, 11.5000, 0.0000), (0.0000, 11.4429, 1.1450), (0.0000, 11.2720, 2.2787), (0.0000, 10.9891, 3.3897), (0.0000, 10.5970, 4.4670), (0.0000, 10.0995, 5.4999), (0.0000, 9.5017, 6.4782), (0.0000, 8.8095, 7.3921), (0.0000, 8.0297, 8.2325), (0.0000, 7.1701, 8.9911), (0.0000, 6.2393, 9.6603), (0.0000, 5.2464, 10.2335), (0.0000, 4.2014, 10.7050), (0.0000, 3.1147, 11.0702), (0.0000, 1.9970, 11.3253), (0.0000, 0.8594, 11.4678), (0.0000, -0.2867, 11.4964), (0.0000, -1.4300, 11.4108), (0.0000, -2.5590, 11.2117), (0.0000, -3.6626, 10.9012), (0.0000, -4.7298, 10.4823), (0.0000, -5.7500, 9.9593), (0.0000, -6.7131, 9.3373), (0.0000, -7.6094, 8.6225), (0.0000, -8.4301, 7.8220), (0.0000, -9.1670, 6.9438), (0.0000, -9.8128, 5.9965), (0.0000, -10.3611, 4.9897), (0.0000, -10.8065, 3.9332), (0.0000, -11.1444, 2.8377), (0.0000, -11.3716, 1.7140), (0.0000, -11.4857, 0.5732), (0.0000, -11.4857, -0.5732), (0.0000, -11.3716, -1.7140), (0.0000, -11.1444, -2.8377), (0.0000, -10.8065, -3.9332), (0.0000, -10.3611, -4.9897), (0.0000, -9.8128, -5.9965), (0.0000, -9.1670, -6.9438), (0.0000, -8.4301, -7.8220), (0.0000, -7.6094, -8.6225), (0.0000, -6.7131, -9.3373), (0.0000, -5.7500, -9.9593), (0.0000, -4.7298, -10.4823), (0.0000, -3.6626, -10.9012), (0.0000, -2.5590, -11.2117), (0.0000, -1.4300, -11.4108), (0.0000, -0.2867, -11.4964), (0.0000, 0.8594, -11.4678), (0.0000, 1.9970, -11.3253), (0.0000, 3.1147, -11.0702), (0.0000, 4.2014, -10.7050), (0.0000, 5.2464, -10.2335), (0.0000, 6.2393, -9.6603), (0.0000, 7.1701, -8.9911), (0.0000, 8.0297, -8.2325), (0.0000, 8.8095, -7.3921), (0.0000, 9.5017, -6.4782), (0.0000, 10.0995, -5.4999), (0.0000, 10.5970, -4.4670), (0.0000, 10.9891, -3.3897), (0.0000, 11.2720, -2.2787), (0.0000, 11.4429, -1.1450), (0.0000, 2.6500, 0.0000), (0.0000, 2.6368, 0.2639), (0.0000, 2.5975, 0.5251), (0.0000, 2.5323, 0.7811), (0.0000, 2.4419, 1.0294), (0.0000, 2.3273, 1.2674), (0.0000, 2.1895, 1.4928), (0.0000, 2.0300, 1.7034), (0.0000, 1.8503, 1.8970), (0.0000, 1.6522, 2.0719), (0.0000, 1.4377, 2.2261), (0.0000, 1.2090, 2.3582), (0.0000, 0.9682, 2.4668), (0.0000, 0.7177, 2.5510), (0.0000, 0.4602, 2.6097), (0.0000, 0.1980, 2.6426), (0.0000, -0.0661, 2.6492), (0.0000, -0.3295, 2.6294), (0.0000, -0.5897, 2.5836), (0.0000, -0.8440, 2.5120), (0.0000, -1.0899, 2.4155), (0.0000, -1.3250, 2.2950), (0.0000, -1.5469, 2.1516), (0.0000, -1.7535, 1.9869), (0.0000, -1.9426, 1.8025), (0.0000, -2.1124, 1.6001), (0.0000, -2.2612, 1.3818), (0.0000, -2.3876, 1.1498), (0.0000, -2.4902, 0.9064), (0.0000, -2.5681, 0.6539), (0.0000, -2.6204, 0.3950), (0.0000, -2.6467, 0.1321), (0.0000, -2.6467, -0.1321), (0.0000, -2.6204, -0.3950), (0.0000, -2.5681, -0.6539), (0.0000, -2.4902, -0.9064), (0.0000, -2.3876, -1.1498), (0.0000, -2.2612, -1.3818), (0.0000, -2.1124, -1.6001), (0.0000, -1.9426, -1.8025), (0.0000, -1.7535, -1.9869), (0.0000, -1.5469, -2.1516), (0.0000, -1.3250, -2.2950), (0.0000, -1.0899, -2.4155), (0.0000, -0.8440, -2.5120), (0.0000, -0.5897, -2.5836), (0.0000, -0.3295, -2.6294), (0.0000, -0.0661, -2.6492), (0.0000, 0.1980, -2.6426), (0.0000, 0.4602, -2.6097), (0.0000, 0.7177, -2.5510), (0.0000, 0.9682, -2.4668), (0.0000, 1.2090, -2.3582), (0.0000, 1.4377, -2.2261), (0.0000, 1.6522, -2.0719), (0.0000, 1.8503, -1.8970), (0.0000, 2.0300, -1.7034), (0.0000, 2.1895, -1.4928), (0.0000, 2.3273, -1.2674), (0.0000, 2.4419, -1.0294), (0.0000, 2.5323, -0.7811), (0.0000, 2.5975, -0.5251), (0.0000, 2.6368, -0.2639), (1.0000, 12.5000, 0.0000), (35.0000, 12.5000, 0.0000), (1.0000, 12.4379, 1.2446), (1.0000, 12.2522, 2.4768), (1.0000, 11.9447, 3.6844), (1.0000, 11.5185, 4.8554), (1.0000, 10.9778, 5.9782), (1.0000, 10.3280, 7.0415), (1.0000, 9.5756, 8.0348), (1.0000, 8.7280, 8.9483), (1.0000, 7.7936, 9.7729), (1.0000, 6.7818, 10.5003), (1.0000, 5.7026, 11.1234), (1.0000, 4.5668, 11.6359), (1.0000, 3.3855, 12.0328), (1.0000, 2.1706, 12.3101), (1.0000, 0.9341, 12.4650), (1.0000, -0.3116, 12.4961), (1.0000, -1.5543, 12.4030), (1.0000, -2.7815, 12.1866), (1.0000, -3.9811, 11.8491), (1.0000, -5.1411, 11.3938), (1.0000, -6.2500, 10.8253), (1.0000, -7.2968, 10.1492), (1.0000, -8.2711, 9.3723), (1.0000, -9.1631, 8.5022), (1.0000, -9.9642, 7.5476), (1.0000, -10.6661, 6.5179), (1.0000, -11.2621, 5.4235), (1.0000, -11.7462, 4.2753), (1.0000, -12.1135, 3.0845), (1.0000, -12.3604, 1.8630), (1.0000, -12.4845, 0.6231), (1.0000, -12.4845, -0.6231), (1.0000, -12.3604, -1.8630), (1.0000, -12.1135, -3.0845), (1.0000, -11.7462, -4.2753), (1.0000, -11.2621, -5.4235), (1.0000, -10.6661, -6.5179), (1.0000, -9.9642, -7.5476), (1.0000, -9.1631, -8.5022), (1.0000, -8.2711, -9.3723), (1.0000, -7.2968, -10.1492), (1.0000, -6.2500, -10.8253), (1.0000, -5.1411, -11.3938), (1.0000, -3.9811, -11.8491), (1.0000, -2.7815, -12.1866), (1.0000, -1.5543, -12.4030), (1.0000, -0.3116, -12.4961), (1.0000, 0.9341, -12.4650), (1.0000, 2.1706, -12.3101), (1.0000, 3.3855, -12.0328), (1.0000, 4.5668, -11.6359), (1.0000, 5.7026, -11.1234), (1.0000, 6.7818, -10.5003), (1.0000, 7.7936, -9.7729), (1.0000, 8.7280, -8.9483), (1.0000, 9.5756, -8.0348), (1.0000, 10.3280, -7.0415), (1.0000, 10.9778, -5.9782), (1.0000, 11.5185, -4.8554), (1.0000, 11.9447, -3.6844), (1.0000, 12.2522, -2.4768), (1.0000, 12.4379, -1.2446), (1.0000, 12.5000, 0.0000), (35.0000, 12.5000, 0.0000), (35.0000, 12.4379, 1.2446), (35.0000, 12.2522, 2.4768), (35.0000, 11.9447, 3.6844), (35.0000, 11.5185, 4.8554), (35.0000, 10.9778, 5.9782), (35.0000, 10.3280, 7.0415), (35.0000, 9.5756, 8.0348), (35.0000, 8.7280, 8.9483), (35.0000, 7.7936, 9.7729), (35.0000, 6.7818, 10.5003), (35.0000, 5.7026, 11.1234), (35.0000, 4.5668, 11.6359), (35.0000, 3.3855, 12.0328), (35.0000, 2.1706, 12.3101), (35.0000, 0.9341, 12.4650), (35.0000, -0.3116, 12.4961), (35.0000, -1.5543, 12.4030), (35.0000, -2.7815, 12.1866), (35.0000, -3.9811, 11.8491), (35.0000, -5.1411, 11.3938), (35.0000, -6.2500, 10.8253), (35.0000, -7.2968, 10.1492), (35.0000, -8.2711, 9.3723), (35.0000, -9.1631, 8.5022), (35.0000, -9.9642, 7.5476), (35.0000, -10.6661, 6.5179), (35.0000, -11.2621, 5.4235), (35.0000, -11.7462, 4.2753), (35.0000, -12.1135, 3.0845), (35.0000, -12.3604, 1.8630), (35.0000, -12.4845, 0.6231), (35.0000, -12.4845, -0.6231), (35.0000, -12.3604, -1.8630), (35.0000, -12.1135, -3.0845), (35.0000, -11.7462, -4.2753), (35.0000, -11.2621, -5.4235), (35.0000, -10.6661, -6.5179), (35.0000, -9.9642, -7.5476), (35.0000, -9.1631, -8.5022), (35.0000, -8.2711, -9.3723), (35.0000, -7.2968, -10.1492), (35.0000, -6.2500, -10.8253), (35.0000, -5.1411, -11.3938), (35.0000, -3.9811, -11.8491), (35.0000, -2.7815, -12.1866), (35.0000, -1.5543, -12.4030), (35.0000, -0.3116, -12.4961), (35.0000, 0.9341, -12.4650), (35.0000, 2.1706, -12.3101), (35.0000, 3.3855, -12.0328), (35.0000, 4.5668, -11.6359), (35.0000, 5.7026, -11.1234), (35.0000, 6.7818, -10.5003), (35.0000, 7.7936, -9.7729), (35.0000, 8.7280, -8.9483), (35.0000, 9.5756, -8.0348), (35.0000, 10.3280, -7.0415), (35.0000, 10.9778, -5.9782), (35.0000, 11.5185, -4.8554), (35.0000, 11.9447, -3.6844), (35.0000, 12.2522, -2.4768), (35.0000, 12.4379, -1.2446), (12.0000, -4.0000, 11.8427), (11.6483, -3.9845, 11.8479), (11.2992, -3.9381, 11.8634), (10.9538, -3.8608, 11.8888), (10.6135, -3.7520, 11.9236), (10.2801, -3.6114, 11.9670), (9.9555, -3.4380, 12.0179), (9.6420, -3.2311, 12.0752), (9.3425, -2.9896, 12.1372), (9.0603, -2.7126, 12.2021), (8.8243, -2.4321, 12.2611), (8.6294, -2.1538, 12.3130), (8.4539, -1.8507, 12.3622), (8.3006, -1.5212, 12.4071), (8.1744, -1.1683, 12.4453), (8.0800, -0.7962, 12.4746), (8.0253, -0.4488, 12.4919), (8.0021, -0.1291, 12.4993), (8.0047, 0.1928, 12.4985), (8.0326, 0.5093, 12.4896), (8.0845, 0.8176, 12.4732), (8.1588, 1.1159, 12.4501), (8.2539, 1.4025, 12.4211), (8.3679, 1.6758, 12.3872), (8.4988, 1.9343, 12.3494), (8.6443, 2.1770, 12.3090), (8.8020, 2.4027, 12.2669), (8.9694, 2.6107, 12.2243), (9.1446, 2.8011, 12.1821), (9.3278, 2.9765, 12.1404), (9.5184, 3.1371, 12.0999), (9.7153, 3.2833, 12.0611), (9.9178, 3.4153, 12.0244), (10.1251, 3.5334, 11.9902), (10.3366, 3.6377, 11.9590), (10.5516, 3.7285, 11.9310), (10.7696, 3.8061, 11.9065), (10.9902, 3.8704, 11.8857), (11.2128, 3.9218, 11.8689), (11.4370, 3.9602, 11.8561), (11.6625, 3.9857, 11.8475), (11.8311, 3.9964, 11.8439), (12.0000, 4.0000, 11.8427), (24.0000, 4.0000, 11.8427), (24.3522, 3.9845, 11.8480), (24.7025, 3.9378, 11.8635), (25.0493, 3.8599, 11.8891), (25.3909, 3.7504, 11.9241), (25.7254, 3.6087, 11.9678), (26.0508, 3.4343, 12.0190), (26.3645, 3.2263, 12.0765), (26.6644, 2.9834, 12.1387), (26.9474, 2.7042, 12.2040), (27.1840, 2.4212, 12.2633), (27.3791, 2.1405, 12.3154), (27.5543, 1.8349, 12.3646), (27.7062, 1.5046, 12.4091), (27.8308, 1.1511, 12.4469), (27.9221, 0.7854, 12.4753), (27.9786, 0.4127, 12.4932), (27.9998, 0.0364, 12.4999), (27.9855, -0.3403, 12.4954), (27.9358, -0.7135, 12.4796), (27.8535, -1.0728, 12.4539), (27.7420, -1.4132, 12.4199), (27.6048, -1.7335, 12.3792), (27.4450, -2.0327, 12.3336), (27.2657, -2.3098, 12.2847), (27.0697, -2.5645, 12.2341), (26.8600, -2.7965, 12.1832), (26.6394, -3.0056, 12.1333), (26.4098, -3.1927, 12.0854), (26.1714, -3.3593, 12.0401), (25.9257, -3.5060, 11.9983), (25.6737, -3.6330, 11.9604), (25.4165, -3.7408, 11.9271), (25.1551, -3.8296, 11.8989), (24.8903, -3.8997, 11.8761), (24.6229, -3.9512, 11.8591), (24.3537, -3.9843, 11.8480), (24.1770, -3.9961, 11.8440), (24.0000, -4.0000, 11.8427), (2.4250, 1.2500, 0.0000), (2.4250, 1.2438, 0.1245), (2.4250, 1.2252, 0.2477), (2.4250, 1.1945, 0.3684), (2.4250, 1.1518, 0.4855), (2.4250, 1.0978, 0.5978), (2.4250, 1.0328, 0.7042), (2.4250, 0.9576, 0.8035), (2.4250, 0.8728, 0.8948), (2.4250, 0.7794, 0.9773), (2.4250, 0.6782, 1.0500), (2.4250, 0.5703, 1.1123), (2.4250, 0.4567, 1.1636), (2.4250, 0.3386, 1.2033), (2.4250, 0.2171, 1.2310), (2.4250, 0.0934, 1.2465), (2.4250, -0.0312, 1.2496), (2.4250, -0.1554, 1.2403), (2.4250, -0.2782, 1.2187), (2.4250, -0.3981, 1.1849), (2.4250, -0.5141, 1.1394), (2.4250, -0.6250, 1.0825), (2.4250, -0.7297, 1.0149), (2.4250, -0.8271, 0.9372), (2.4250, -0.9163, 0.8502), (2.4250, -0.9964, 0.7548), (2.4250, -1.0666, 0.6518), (2.4250, -1.1262, 0.5424), (2.4250, -1.1746, 0.4275), (2.4250, -1.2113, 0.3084), (2.4250, -1.2360, 0.1863), (2.4250, -1.2484, 0.0623), (2.4250, -1.2484, -0.0623), (2.4250, -1.2360, -0.1863), (2.4250, -1.2113, -0.3084), (2.4250, -1.1746, -0.4275), (2.4250, -1.1262, -0.5424), (2.4250, -1.0666, -0.6518), (2.4250, -0.9964, -0.7548), (2.4250, -0.9163, -0.8502), (2.4250, -0.8271, -0.9372), (2.4250, -0.7297, -1.0149), (2.4250, -0.6250, -1.0825), (2.4250, -0.5141, -1.1394), (2.4250, -0.3981, -1.1849), (2.4250, -0.2782, -1.2187), (2.4250, -0.1554, -1.2403), (2.4250, -0.0312, -1.2496), (2.4250, 0.0934, -1.2465), (2.4250, 0.2171, -1.2310), (2.4250, 0.3386, -1.2033), (2.4250, 0.4567, -1.1636), (2.4250, 0.5703, -1.1123), (2.4250, 0.6782, -1.0500), (2.4250, 0.7794, -0.9773), (2.4250, 0.8728, -0.8948), (2.4250, 0.9576, -0.8035), (2.4250, 1.0328, -0.7042), (2.4250, 1.0978, -0.5978), (2.4250, 1.1518, -0.4855), (2.4250, 1.1945, -0.3684), (2.4250, 1.2252, -0.2477), (2.4250, 1.2438, -0.1245), (2.4250, 1.2500, 0.0000), (1.8187, 1.6000, 0.0000), (1.2125, 1.9500, 0.0000), (0.6062, 2.3000, 0.0000), (0.0000, 2.6500, 0.0000), (0.0000, 2.6500, 0.0000), (0.0000, 2.6368, 0.2639), (0.0000, 2.5975, 0.5251), (0.0000, 2.5323, 0.7811), (0.0000, 2.4419, 1.0294), (0.0000, 2.3273, 1.2674), (0.0000, 2.1895, 1.4928), (0.0000, 2.0300, 1.7034), (0.0000, 1.8503, 1.8970), (0.0000, 1.6522, 2.0719), (0.0000, 1.4377, 2.2261), (0.0000, 1.2090, 2.3582), (0.0000, 0.9682, 2.4668), (0.0000, 0.7177, 2.5510), (0.0000, 0.4602, 2.6097), (0.0000, 0.1980, 2.6426), (0.0000, -0.0661, 2.6492), (0.0000, -0.3295, 2.6294), (0.0000, -0.5897, 2.5836), (0.0000, -0.8440, 2.5120), (0.0000, -1.0899, 2.4155), (0.0000, -1.3250, 2.2950), (0.0000, -1.5469, 2.1516), (0.0000, -1.7535, 1.9869), (0.0000, -1.9426, 1.8025), (0.0000, -2.1124, 1.6001), (0.0000, -2.2612, 1.3818), (0.0000, -2.3876, 1.1498), (0.0000, -2.4902, 0.9064), (0.0000, -2.5681, 0.6539), (0.0000, -2.6204, 0.3950), (0.0000, -2.6467, 0.1321), (0.0000, -2.6467, -0.1321), (0.0000, -2.6204, -0.3950), (0.0000, -2.5681, -0.6539), (0.0000, -2.4902, -0.9064), (0.0000, -2.3876, -1.1498), (0.0000, -2.2612, -1.3818), (0.0000, -2.1124, -1.6001), (0.0000, -1.9426, -1.8025), (0.0000, -1.7535, -1.9869), (0.0000, -1.5469, -2.1516), (0.0000, -1.3250, -2.2950), (0.0000, -1.0899, -2.4155), (0.0000, -0.8440, -2.5120), (0.0000, -0.5897, -2.5836), (0.0000, -0.3295, -2.6294), (0.0000, -0.0661, -2.6492), (0.0000, 0.1980, -2.6426), (0.0000, 0.4602, -2.6097), (0.0000, 0.7177, -2.5510), (0.0000, 0.9682, -2.4668), (0.0000, 1.2090, -2.3582), (0.0000, 1.4377, -2.2261), (0.0000, 1.6522, -2.0719), (0.0000, 1.8503, -1.8970), (0.0000, 2.0300, -1.7034), (0.0000, 2.1895, -1.4928), (0.0000, 2.3273, -1.2674), (0.0000, 2.4419, -1.0294), (0.0000, 2.5323, -0.7811), (0.0000, 2.5975, -0.5251), (0.0000, 2.6368, -0.2639), (1.8187, 1.6000, 0.0000), (1.2125, 1.9500, 0.0000), (0.6062, 2.3000, 0.0000), (1.8187, 1.5693, 0.3121), (1.8187, 1.4782, 0.6123), (1.2125, 1.9125, 0.3804), (1.8187, 1.3304, 0.8889), (1.2125, 1.8016, 0.7462), (1.8187, 1.1314, 1.1314), (0.6062, 2.2558, 0.4487), (1.2125, 1.6214, 1.0834), (1.8187, 0.8889, 1.3304), (0.6062, 2.1249, 0.8802), (1.2125, 1.3789, 1.3789), (1.8187, 0.6123, 1.4782), (0.6062, 1.9124, 1.2778), (1.2125, 1.0834, 1.6214), (1.8187, 0.3121, 1.5693), (0.6062, 1.6263, 1.6263), (1.2125, 0.7462, 1.8016), (1.8187, 0.0000, 1.6000), (0.6062, 1.2778, 1.9124), (1.2125, 0.3804, 1.9125), (1.8187, -0.3121, 1.5693), (0.6062, 0.8802, 2.1249), (1.2125, 0.0000, 1.9500), (1.8187, -0.6123, 1.4782), (0.6062, 0.4487, 2.2558), (1.2125, -0.3804, 1.9125), (1.8187, -0.8889, 1.3304), (0.6062, 0.0000, 2.3000), (1.2125, -0.7462, 1.8016), (1.8187, -1.1314, 1.1314), (0.6062, -0.4487, 2.2558), (1.2125, -1.0834, 1.6214), (1.8187, -1.3304, 0.8889), (0.6062, -0.8802, 2.1249), (1.2125, -1.3789, 1.3789), (1.8187, -1.4782, 0.6123), (0.6062, -1.2778, 1.9124), (1.2125, -1.6214, 1.0834), (1.8187, -1.5693, 0.3121), (0.6062, -1.6263, 1.6263), (1.2125, -1.8016, 0.7462), (1.8187, -1.6000, -0.0000), (0.6062, -1.9124, 1.2778), (1.2125, -1.9125, 0.3804), (1.8187, -1.5693, -0.3121), (0.6062, -2.1249, 0.8802), (1.2125, -1.9500, -0.0000), (1.8187, -1.4782, -0.6123), (0.6062, -2.2558, 0.4487), (1.2125, -1.9125, -0.3804), (1.8187, -1.3304, -0.8889), (0.6062, -2.3000, -0.0000), (1.2125, -1.8016, -0.7462), (1.8187, -1.1314, -1.1314), (0.6062, -2.2558, -0.4487), (1.2125, -1.6214, -1.0834), (1.8187, -0.8889, -1.3304), (0.6062, -2.1249, -0.8802), (1.2125, -1.3789, -1.3789), (1.8187, -0.6123, -1.4782), (0.6062, -1.9124, -1.2778), (1.2125, -1.0834, -1.6214), (1.8187, -0.3121, -1.5693), (0.6062, -1.6263, -1.6263), (1.2125, -0.7462, -1.8016), (1.8187, 0.0000, -1.6000), (0.6062, -1.2778, -1.9124), (1.2125, -0.3804, -1.9125), (1.8187, 0.3121, -1.5693), (0.6062, -0.8802, -2.1249), (1.2125, 0.0000, -1.9500), (1.8187, 0.6123, -1.4782), (0.6062, -0.4487, -2.2558), (1.2125, 0.3804, -1.9125), (1.8187, 0.8889, -1.3304), (0.6062, 0.0000, -2.3000), (1.2125, 0.7462, -1.8016), (1.8187, 1.1314, -1.1314), (0.6062, 0.4487, -2.2558), (1.2125, 1.0834, -1.6214), (1.8187, 1.3304, -0.8889), (0.6062, 0.8802, -2.1249), (1.2125, 1.3789, -1.3789), (1.8187, 1.4782, -0.6123), (0.6062, 1.2778, -1.9124), (1.2125, 1.6214, -1.0834), (1.8187, 1.5693, -0.3121), (0.6062, 1.6263, -1.6263), (1.2125, 1.8016, -0.7462), (0.6062, 1.9124, -1.2778), (1.2125, 1.9125, -0.3804), (0.6062, 2.1249, -0.8802), (0.6062, 2.2558, -0.4487), (35.0000, 12.5000, 0.0000), (35.0000, 12.4379, 1.2446), (35.0000, 12.2522, 2.4768), (35.0000, 11.9447, 3.6844), (35.0000, 11.5185, 4.8554), (35.0000, 10.9778, 5.9782), (35.0000, 10.3280, 7.0415), (35.0000, 9.5756, 8.0348), (35.0000, 8.7280, 8.9483), (35.0000, 7.7936, 9.7729), (35.0000, 6.7818, 10.5003), (35.0000, 5.7026, 11.1234), (35.0000, 4.5668, 11.6359), (35.0000, 3.3855, 12.0328), (35.0000, 2.1706, 12.3101), (35.0000, 0.9341, 12.4650), (35.0000, -0.3116, 12.4961), (35.0000, -1.5543, 12.4030), (35.0000, -2.7815, 12.1866), (35.0000, -3.9811, 11.8491), (35.0000, -5.1411, 11.3938), (35.0000, -6.2500, 10.8253), (35.0000, -7.2968, 10.1492), (35.0000, -8.2711, 9.3723), (35.0000, -9.1631, 8.5022), (35.0000, -9.9642, 7.5476), (35.0000, -10.6661, 6.5179), (35.0000, -11.2621, 5.4235), (35.0000, -11.7462, 4.2753), (35.0000, -12.1135, 3.0845), (35.0000, -12.3604, 1.8630), (35.0000, -12.4845, 0.6231), (35.0000, -12.4845, -0.6231), (35.0000, -12.3604, -1.8630), (35.0000, -12.1135, -3.0845), (35.0000, -11.7462, -4.2753), (35.0000, -11.2621, -5.4235), (35.0000, -10.6661, -6.5179), (35.0000, -9.9642, -7.5476), (35.0000, -9.1631, -8.5022), (35.0000, -8.2711, -9.3723), (35.0000, -7.2968, -10.1492), (35.0000, -6.2500, -10.8253), (35.0000, -5.1411, -11.3938), (35.0000, -3.9811, -11.8491), (35.0000, -2.7815, -12.1866), (35.0000, -1.5543, -12.4030), (35.0000, -0.3116, -12.4961), (35.0000, 0.9341, -12.4650), (35.0000, 2.1706, -12.3101), (35.0000, 3.3855, -12.0328), (35.0000, 4.5668, -11.6359), (35.0000, 5.7026, -11.1234), (35.0000, 6.7818, -10.5003), (35.0000, 7.7936, -9.7729), (35.0000, 8.7280, -8.9483), (35.0000, 9.5756, -8.0348), (35.0000, 10.3280, -7.0415), (35.0000, 10.9778, -5.9782), (35.0000, 11.5185, -4.8554), (35.0000, 11.9447, -3.6844), (35.0000, 12.2522, -2.4768), (35.0000, 12.4379, -1.2446), (35.0000, 12.5000, 0.0000), (40.7143, 12.1429, 0.0000), (46.4286, 11.7857, 0.0000), (52.1429, 11.4286, 0.0000), (57.8571, 11.0714, 0.0000), (63.5714, 10.7143, 0.0000), (69.2857, 10.3571, 0.0000), (75.0000, 10.0000, 0.0000), (75.0000, 10.0000, 0.0000), (75.0000, 9.9503, 0.9957), (75.0000, 9.8017, 1.9815), (75.0000, 9.5557, 2.9476), (75.0000, 9.2148, 3.8843), (75.0000, 8.7822, 4.7825), (75.0000, 8.2624, 5.6332), (75.0000, 7.6604, 6.4279), (75.0000, 6.9824, 7.1587), (75.0000, 6.2349, 7.8183), (75.0000, 5.4255, 8.4003), (75.0000, 4.5621, 8.8987), (75.0000, 3.6534, 9.3087), (75.0000, 2.7084, 9.6262), (75.0000, 1.7365, 9.8481), (75.0000, 0.7473, 9.9720), (75.0000, -0.2493, 9.9969), (75.0000, -1.2434, 9.9224), (75.0000, -2.2252, 9.7493), (75.0000, -3.1849, 9.4793), (75.0000, -4.1129, 9.1151), (75.0000, -5.0000, 8.6603), (75.0000, -5.8374, 8.1194), (75.0000, -6.6169, 7.4978), (75.0000, -7.3305, 6.8017), (75.0000, -7.9713, 6.0380), (75.0000, -8.5329, 5.2144), (75.0000, -9.0097, 4.3388), (75.0000, -9.3969, 3.4202), (75.0000, -9.6908, 2.4676), (75.0000, -9.8883, 1.4904), (75.0000, -9.9876, 0.4985), (75.0000, -9.9876, -0.4985), (75.0000, -9.8883, -1.4904), (75.0000, -9.6908, -2.4676), (75.0000, -9.3969, -3.4202), (75.0000, -9.0097, -4.3388), (75.0000, -8.5329, -5.2144), (75.0000, -7.9713, -6.0380), (75.0000, -7.3305, -6.8017), (75.0000, -6.6169, -7.4978), (75.0000, -5.8374, -8.1194), (75.0000, -5.0000, -8.6603), (75.0000, -4.1129, -9.1151), (75.0000, -3.1849, -9.4793), (75.0000, -2.2252, -9.7493), (75.0000, -1.2434, -9.9224), (75.0000, -0.2493, -9.9969), (75.0000, 0.7473, -9.9720), (75.0000, 1.7365, -9.8481), (75.0000, 2.7084, -9.6262), (75.0000, 3.6534, -9.3087), (75.0000, 4.5621, -8.8987), (75.0000, 5.4255, -8.4003), (75.0000, 6.2349, -7.8183), (75.0000, 6.9824, -7.1587), (75.0000, 7.6604, -6.4279), (75.0000, 8.2624, -5.6332), (75.0000, 8.7822, -4.7825), (75.0000, 9.2148, -3.8843), (75.0000, 9.5557, -2.9476), (75.0000, 9.8017, -1.9815), (75.0000, 9.9503, -0.9957), (40.7143, 12.1429, 0.0000), (46.4286, 11.7857, 0.0000), (52.1429, 11.4286, 0.0000), (57.8571, 11.0714, 0.0000), (63.5714, 10.7143, 0.0000), (69.2857, 10.3571, 0.0000), (40.7143, -2.3690, -11.9095), (40.7143, -4.6469, -11.2185), (69.2857, -3.9635, 9.5688), (69.2857, -2.0206, 10.1581), (63.5714, -4.1002, 9.8987), (52.1429, -10.5586, -4.3735), (52.1429, -11.2090, -2.2296), (46.4286, -11.5593, -2.2993), (46.4286, -10.8886, -4.5102), (63.5714, -8.9086, 5.9525), (57.8571, -9.2056, 6.1510), (57.8571, -10.2287, 4.2369), (63.5714, -7.5761, 7.5761), (46.4286, -6.5478, -9.7995), (46.4286, -8.3338, -8.3338), (40.7143, -6.7462, -10.0964), (57.8571, -11.0714, -0.0000), (57.8571, -10.8587, 2.1599), (52.1429, -11.4286, -0.0000), (40.7143, 0.0000, -12.1429), (69.2857, -5.7541, 8.6116), (63.5714, -5.9525, 8.9086), (52.1429, -9.5025, -6.3494), (46.4286, -9.7995, -6.5478), (63.5714, -9.8987, 4.1002), (46.4286, -4.5102, -10.8886), (57.8571, -10.8587, -2.1599), (40.7143, 2.3690, -11.9095), (69.2857, -7.3236, 7.3236), (52.1429, -8.0812, -8.0812), (63.5714, -10.5084, 2.0903), (46.4286, -2.2993, -11.5593), (57.8571, -10.2287, -4.2369), (40.7143, 4.6469, -11.2185), (69.2857, -8.6116, 5.7541), (52.1429, -6.3494, -9.5025), (63.5714, -10.7143, -0.0000), (46.4286, 0.0000, -11.7857), (57.8571, -9.2056, -6.1510), (40.7143, 6.7462, -10.0964), (69.2857, -9.5688, 3.9635), (52.1429, -4.3735, -10.5586), (63.5714, -10.5084, -2.0903), (46.4286, 2.2993, -11.5593), (57.8571, -7.8287, -7.8287), (40.7143, 8.5863, -8.5863), (69.2857, -10.1581, 2.0206), (52.1429, -2.2296, -11.2090), (63.5714, -9.8987, -4.1002), (46.4286, 4.5102, -10.8886), (57.8571, -6.1510, -9.2056), (40.7143, 10.0964, -6.7462), (69.2857, -10.3571, -0.0000), (52.1429, 0.0000, -11.4286), (63.5714, -8.9086, -5.9525), (46.4286, 6.5478, -9.7995), (57.8571, -4.2369, -10.2287), (40.7143, 11.2185, -4.6469), (69.2857, -10.1581, -2.0206), (52.1429, 2.2296, -11.2090), (63.5714, -7.5761, -7.5761), (46.4286, 8.3338, -8.3338), (57.8571, -2.1599, -10.8587), (40.7143, 11.9095, -2.3690), (69.2857, -9.5688, -3.9635), (52.1429, 4.3735, -10.5586), (63.5714, -5.9525, -8.9086), (46.4286, 9.7995, -6.5478), (57.8571, 0.0000, -11.0714), (69.2857, -8.6116, -5.7541), (52.1429, 6.3494, -9.5025), (63.5714, -4.1002, -9.8987), (46.4286, 10.8886, -4.5102), (57.8571, 2.1599, -10.8587), (69.2857, -7.3236, -7.3236), (52.1429, 8.0812, -8.0812), (63.5714, -2.0903, -10.5084), (46.4286, 11.5593, -2.2993), (57.8571, 4.2369, -10.2287), (69.2857, -5.7541, -8.6116), (52.1429, 9.5025, -6.3494), (63.5714, 0.0000, -10.7143), (57.8571, 6.1510, -9.2056), (69.2857, -3.9635, -9.5688), (52.1429, 10.5586, -4.3735), (63.5714, 2.0903, -10.5084), (57.8571, 7.8287, -7.8287), (69.2857, -2.0206, -10.1581), (52.1429, 11.2090, -2.2296), (63.5714, 4.1002, -9.8987), (57.8571, 9.2056, -6.1510), (69.2857, 0.0000, -10.3571), (63.5714, 5.9525, -8.9086), (57.8571, 10.2287, -4.2369), (69.2857, 2.0206, -10.1581), (63.5714, 7.5761, -7.5761), (57.8571, 10.8587, -2.1599), (69.2857, 3.9635, -9.5688), (63.5714, 8.9086, -5.9525), (69.2857, 5.7541, -8.6116), (63.5714, 9.8987, -4.1002), (69.2857, 7.3236, -7.3236), (63.5714, 10.5084, -2.0903), (69.2857, 8.6116, -5.7541), (69.2857, 9.5688, -3.9635), (69.2857, 10.1581, -2.0206), (40.7143, 11.9095, 2.3690), (40.7143, 11.2185, 4.6469), (40.7143, 10.0964, 6.7462), (46.4286, 11.5593, 2.2993), (40.7143, 8.5863, 8.5863), (46.4286, 10.8886, 4.5102), (40.7143, 6.7462, 10.0964), (46.4286, 9.7995, 6.5478), (40.7143, 4.6469, 11.2185), (52.1429, 11.2090, 2.2296), (46.4286, 8.3338, 8.3338), (40.7143, 2.3690, 11.9095), (52.1429, 10.5586, 4.3735), (46.4286, 6.5478, 9.7995), (40.7143, 0.0000, 12.1429), (52.1429, 9.5025, 6.3494), (46.4286, 4.5102, 10.8886), (57.8571, 10.8587, 2.1599), (40.7143, -2.3690, 11.9095), (52.1429, 8.0812, 8.0812), (46.4286, 2.2993, 11.5593), (57.8571, 10.2287, 4.2369), (40.7143, -4.6469, 11.2185), (52.1429, 6.3494, 9.5025), (46.4286, 0.0000, 11.7857), (57.8571, 9.2056, 6.1510), (40.7143, -6.7462, 10.0964), (52.1429, 4.3735, 10.5586), (63.5714, 10.5084, 2.0903), (46.4286, -2.2993, 11.5593), (57.8571, 7.8287, 7.8287), (40.7143, -8.5863, 8.5863), (52.1429, 2.2296, 11.2090), (63.5714, 9.8987, 4.1002), (46.4286, -4.5102, 10.8886), (57.8571, 6.1510, 9.2056), (40.7143, -10.0964, 6.7462), (52.1429, 0.0000, 11.4286), (63.5714, 8.9086, 5.9525), (46.4286, -6.5478, 9.7995), (57.8571, 4.2369, 10.2287), (40.7143, -11.2185, 4.6469), (69.2857, 10.1581, 2.0206), (52.1429, -2.2296, 11.2090), (63.5714, 7.5761, 7.5761), (46.4286, -8.3338, 8.3338), (57.8571, 2.1599, 10.8587), (40.7143, -11.9095, 2.3690), (69.2857, 9.5688, 3.9635), (52.1429, -4.3735, 10.5586), (63.5714, 5.9525, 8.9086), (46.4286, -9.7995, 6.5478), (57.8571, 0.0000, 11.0714), (40.7143, -12.1429, -0.0000), (69.2857, 8.6116, 5.7541), (52.1429, -6.3494, 9.5025), (63.5714, 4.1002, 9.8987), (46.4286, -10.8886, 4.5102), (57.8571, -2.1599, 10.8587), (40.7143, -11.9095, -2.3690), (69.2857, 7.3236, 7.3236), (52.1429, -8.0812, 8.0812), (63.5714, 2.0903, 10.5084), (46.4286, -11.5593, 2.2993), (57.8571, -4.2369, 10.2287), (40.7143, -11.2185, -4.6469), (69.2857, 5.7541, 8.6116), (52.1429, -9.5025, 6.3494), (63.5714, 0.0000, 10.7143), (46.4286, -11.7857, -0.0000), (57.8571, -6.1510, 9.2056), (40.7143, -10.0964, -6.7462), (69.2857, 3.9635, 9.5688), (52.1429, -10.5586, 4.3735), (63.5714, -2.0903, 10.5084), (57.8571, -7.8287, 7.8287), (40.7143, -8.5863, -8.5863), (69.2857, 2.0206, 10.1581), (52.1429, -11.2090, 2.2296), (69.2857, 0.0000, 10.3571), (12.0000, -4.0000, 8.5000), (11.6079, -3.9807, 8.5000), (11.2196, -3.9231, 8.5000), (10.8389, -3.8278, 8.5000), (10.4693, -3.6955, 8.5000), (10.1144, -3.5277, 8.5000), (9.7777, -3.3259, 8.5000), (9.4624, -3.0920, 8.5000), (9.1716, -2.8284, 8.5000), (8.9080, -2.5376, 8.5000), (8.6741, -2.2223, 8.5000), (8.4723, -1.8856, 8.5000), (8.3045, -1.5307, 8.5000), (8.1722, -1.1611, 8.5000), (8.0769, -0.7804, 8.5000), (8.0193, -0.3921, 8.5000), (8.0000, 0.0000, 8.5000), (8.0193, 0.3921, 8.5000), (8.0769, 0.7804, 8.5000), (8.1722, 1.1611, 8.5000), (8.3045, 1.5307, 8.5000), (8.4723, 1.8856, 8.5000), (8.6741, 2.2223, 8.5000), (8.9080, 2.5376, 8.5000), (9.1716, 2.8284, 8.5000), (9.4624, 3.0920, 8.5000), (9.7777, 3.3259, 8.5000), (10.1144, 3.5277, 8.5000), (10.4693, 3.6955, 8.5000), (10.8389, 3.8278, 8.5000), (11.2196, 3.9231, 8.5000), (11.6079, 3.9807, 8.5000), (12.0000, 4.0000, 8.5000), (12.0000, -4.0000, 11.8427), (11.6483, -3.9845, 11.8479), (11.2992, -3.9381, 11.8634), (10.9538, -3.8608, 11.8888), (10.6135, -3.7520, 11.9236), (10.2801, -3.6114, 11.9670), (9.9555, -3.4380, 12.0179), (9.6420, -3.2311, 12.0752), (9.3425, -2.9896, 12.1372), (9.0603, -2.7126, 12.2021), (8.8243, -2.4321, 12.2611), (8.6294, -2.1538, 12.3130), (8.4539, -1.8507, 12.3622), (8.3006, -1.5212, 12.4071), (8.1744, -1.1683, 12.4453), (8.0800, -0.7962, 12.4746), (8.0253, -0.4488, 12.4919), (8.0021, -0.1291, 12.4993), (8.0047, 0.1928, 12.4985), (8.0326, 0.5093, 12.4896), (8.0845, 0.8176, 12.4732), (8.1588, 1.1159, 12.4501), (8.2539, 1.4025, 12.4211), (8.3679, 1.6758, 12.3872), (8.4988, 1.9343, 12.3494), (8.6443, 2.1770, 12.3090), (8.8020, 2.4027, 12.2669), (8.9694, 2.6107, 12.2243), (9.1446, 2.8011, 12.1821), (9.3278, 2.9765, 12.1404), (9.5184, 3.1371, 12.0999), (9.7153, 3.2833, 12.0611), (9.9178, 3.4153, 12.0244), (10.1251, 3.5334, 11.9902), (10.3366, 3.6377, 11.9590), (10.5516, 3.7285, 11.9310), (10.7696, 3.8061, 11.9065), (10.9902, 3.8704, 11.8857), (11.2128, 3.9218, 11.8689), (11.4370, 3.9602, 11.8561), (11.6625, 3.9857, 11.8475), (11.8311, 3.9964, 11.8439), (12.0000, 4.0000, 11.8427), (24.0000, -4.0000, 8.5000), (12.0000, -4.0000, 8.5000), (24.0000, -4.0000, 11.8427), (12.0000, -4.0000, 11.8427), (24.0000, 4.0000, 8.5000), (24.3921, 3.9807, 8.5000), (24.7804, 3.9231, 8.5000), (25.1611, 3.8278, 8.5000), (25.5307, 3.6955, 8.5000), (25.8856, 3.5277, 8.5000), (26.2223, 3.3259, 8.5000), (26.5376, 3.0920, 8.5000), (26.8284, 2.8284, 8.5000), (27.0920, 2.5376, 8.5000), (27.3259, 2.2223, 8.5000), (27.5277, 1.8856, 8.5000), (27.6955, 1.5307, 8.5000), (27.8278, 1.1611, 8.5000), (27.9231, 0.7804, 8.5000), (27.9807, 0.3921, 8.5000), (28.0000, -0.0000, 8.5000), (27.9807, -0.3921, 8.5000), (27.9231, -0.7804, 8.5000), (27.8278, -1.1611, 8.5000), (27.6955, -1.5307, 8.5000), (27.5277, -1.8856, 8.5000), (27.3259, -2.2223, 8.5000), (27.0920, -2.5376, 8.5000), (26.8284, -2.8284, 8.5000), (26.5376, -3.0920, 8.5000), (26.2223, -3.3259, 8.5000), (25.8856, -3.5277, 8.5000), (25.5307, -3.6955, 8.5000), (25.1611, -3.8278, 8.5000), (24.7804, -3.9231, 8.5000), (24.3921, -3.9807, 8.5000), (24.0000, -4.0000, 8.5000), (24.0000, 4.0000, 11.8427), (24.3522, 3.9845, 11.8480), (24.7025, 3.9378, 11.8635), (25.0493, 3.8599, 11.8891), (25.3909, 3.7504, 11.9241), (25.7254, 3.6087, 11.9678), (26.0508, 3.4343, 12.0190), (26.3645, 3.2263, 12.0765), (26.6644, 2.9834, 12.1387), (26.9474, 2.7042, 12.2040), (27.1840, 2.4212, 12.2633), (27.3791, 2.1405, 12.3154), (27.5543, 1.8349, 12.3646), (27.7062, 1.5046, 12.4091), (27.8308, 1.1511, 12.4469), (27.9221, 0.7854, 12.4753), (27.9786, 0.4127, 12.4932), (27.9998, 0.0364, 12.4999), (27.9855, -0.3403, 12.4954), (27.9358, -0.7135, 12.4796), (27.8535, -1.0728, 12.4539), (27.7420, -1.4132, 12.4199), (27.6048, -1.7335, 12.3792), (27.4450, -2.0327, 12.3336), (27.2657, -2.3098, 12.2847), (27.0697, -2.5645, 12.2341), (26.8600, -2.7965, 12.1832), (26.6394, -3.0056, 12.1333), (26.4098, -3.1927, 12.0854), (26.1714, -3.3593, 12.0401), (25.9257, -3.5060, 11.9983), (25.6737, -3.6330, 11.9604), (25.4165, -3.7408, 11.9271), (25.1551, -3.8296, 11.8989), (24.8903, -3.8997, 11.8761), (24.6229, -3.9512, 11.8591), (24.3537, -3.9843, 11.8480), (24.1770, -3.9961, 11.8440), (24.0000, -4.0000, 11.8427), (12.0000, 4.0000, 8.5000), (24.0000, 4.0000, 8.5000), (12.0000, 4.0000, 11.8427), (24.0000, 4.0000, 11.8427), (7.4250, 1.2500, 0.0000), (7.4250, 1.2438, 0.1245), (7.4250, 1.2252, 0.2477), (7.4250, 1.1945, 0.3684), (7.4250, 1.1518, 0.4855), (7.4250, 1.0978, 0.5978), (7.4250, 1.0328, 0.7042), (7.4250, 0.9576, 0.8035), (7.4250, 0.8728, 0.8948), (7.4250, 0.7794, 0.9773), (7.4250, 0.6782, 1.0500), (7.4250, 0.5703, 1.1123), (7.4250, 0.4567, 1.1636), (7.4250, 0.3386, 1.2033), (7.4250, 0.2171, 1.2310), (7.4250, 0.0934, 1.2465), (7.4250, -0.0312, 1.2496), (7.4250, -0.1554, 1.2403), (7.4250, -0.2782, 1.2187), (7.4250, -0.3981, 1.1849), (7.4250, -0.5141, 1.1394), (7.4250, -0.6250, 1.0825), (7.4250, -0.7297, 1.0149), (7.4250, -0.8271, 0.9372), (7.4250, -0.9163, 0.8502), (7.4250, -0.9964, 0.7548), (7.4250, -1.0666, 0.6518), (7.4250, -1.1262, 0.5424), (7.4250, -1.1746, 0.4275), (7.4250, -1.2113, 0.3084), (7.4250, -1.2360, 0.1863), (7.4250, -1.2484, 0.0623), (7.4250, -1.2484, -0.0623), (7.4250, -1.2360, -0.1863), (7.4250, -1.2113, -0.3084), (7.4250, -1.1746, -0.4275), (7.4250, -1.1262, -0.5424), (7.4250, -1.0666, -0.6518), (7.4250, -0.9964, -0.7548), (7.4250, -0.9163, -0.8502), (7.4250, -0.8271, -0.9372), (7.4250, -0.7297, -1.0149), (7.4250, -0.6250, -1.0825), (7.4250, -0.5141, -1.1394), (7.4250, -0.3981, -1.1849), (7.4250, -0.2782, -1.2187), (7.4250, -0.1554, -1.2403), (7.4250, -0.0312, -1.2496), (7.4250, 0.0934, -1.2465), (7.4250, 0.2171, -1.2310), (7.4250, 0.3386, -1.2033), (7.4250, 0.4567, -1.1636), (7.4250, 0.5703, -1.1123), (7.4250, 0.6782, -1.0500), (7.4250, 0.7794, -0.9773), (7.4250, 0.8728, -0.8948), (7.4250, 0.9576, -0.8035), (7.4250, 1.0328, -0.7042), (7.4250, 1.0978, -0.5978), (7.4250, 1.1518, -0.4855), (7.4250, 1.1945, -0.3684), (7.4250, 1.2252, -0.2477), (7.4250, 1.2438, -0.1245), (7.4250, 1.2500, 0.0000), (2.4250, 1.2500, 0.0000), (2.4250, 1.2500, 0.0000), (2.4250, 1.2438, 0.1245), (2.4250, 1.2252, 0.2477), (2.4250, 1.1945, 0.3684), (2.4250, 1.1518, 0.4855), (2.4250, 1.0978, 0.5978), (2.4250, 1.0328, 0.7042), (2.4250, 0.9576, 0.8035), (2.4250, 0.8728, 0.8948), (2.4250, 0.7794, 0.9773), (2.4250, 0.6782, 1.0500), (2.4250, 0.5703, 1.1123), (2.4250, 0.4567, 1.1636), (2.4250, 0.3386, 1.2033), (2.4250, 0.2171, 1.2310), (2.4250, 0.0934, 1.2465), (2.4250, -0.0312, 1.2496), (2.4250, -0.1554, 1.2403), (2.4250, -0.2782, 1.2187), (2.4250, -0.3981, 1.1849), (2.4250, -0.5141, 1.1394), (2.4250, -0.6250, 1.0825), (2.4250, -0.7297, 1.0149), (2.4250, -0.8271, 0.9372), (2.4250, -0.9163, 0.8502), (2.4250, -0.9964, 0.7548), (2.4250, -1.0666, 0.6518), (2.4250, -1.1262, 0.5424), (2.4250, -1.1746, 0.4275), (2.4250, -1.2113, 0.3084), (2.4250, -1.2360, 0.1863), (2.4250, -1.2484, 0.0623), (2.4250, -1.2484, -0.0623), (2.4250, -1.2360, -0.1863), (2.4250, -1.2113, -0.3084), (2.4250, -1.1746, -0.4275), (2.4250, -1.1262, -0.5424), (2.4250, -1.0666, -0.6518), (2.4250, -0.9964, -0.7548), (2.4250, -0.9163, -0.8502), (2.4250, -0.8271, -0.9372), (2.4250, -0.7297, -1.0149), (2.4250, -0.6250, -1.0825), (2.4250, -0.5141, -1.1394), (2.4250, -0.3981, -1.1849), (2.4250, -0.2782, -1.2187), (2.4250, -0.1554, -1.2403), (2.4250, -0.0312, -1.2496), (2.4250, 0.0934, -1.2465), (2.4250, 0.2171, -1.2310), (2.4250, 0.3386, -1.2033), (2.4250, 0.4567, -1.1636), (2.4250, 0.5703, -1.1123), (2.4250, 0.6782, -1.0500), (2.4250, 0.7794, -0.9773), (2.4250, 0.8728, -0.8948), (2.4250, 0.9576, -0.8035), (2.4250, 1.0328, -0.7042), (2.4250, 1.0978, -0.5978), (2.4250, 1.1518, -0.4855), (2.4250, 1.1945, -0.3684), (2.4250, 1.2252, -0.2477), (2.4250, 1.2438, -0.1245), (75.0000, 10.0000, 0.0000), (75.0000, 9.9503, 0.9957), (75.0000, 9.8017, 1.9815), (75.0000, 9.5557, 2.9476), (75.0000, 9.2148, 3.8843), (75.0000, 8.7822, 4.7825), (75.0000, 8.2624, 5.6332), (75.0000, 7.6604, 6.4279), (75.0000, 6.9824, 7.1587), (75.0000, 6.2349, 7.8183), (75.0000, 5.4255, 8.4003), (75.0000, 4.5621, 8.8987), (75.0000, 3.6534, 9.3087), (75.0000, 2.7084, 9.6262), (75.0000, 1.7365, 9.8481), (75.0000, 0.7473, 9.9720), (75.0000, -0.2493, 9.9969), (75.0000, -1.2434, 9.9224), (75.0000, -2.2252, 9.7493), (75.0000, -3.1849, 9.4793), (75.0000, -4.1129, 9.1151), (75.0000, -5.0000, 8.6603), (75.0000, -5.8374, 8.1194), (75.0000, -6.6169, 7.4978), (75.0000, -7.3305, 6.8017), (75.0000, -7.9713, 6.0380), (75.0000, -8.5329, 5.2144), (75.0000, -9.0097, 4.3388), (75.0000, -9.3969, 3.4202), (75.0000, -9.6908, 2.4676), (75.0000, -9.8883, 1.4904), (75.0000, -9.9876, 0.4985), (75.0000, -9.9876, -0.4985), (75.0000, -9.8883, -1.4904), (75.0000, -9.6908, -2.4676), (75.0000, -9.3969, -3.4202), (75.0000, -9.0097, -4.3388), (75.0000, -8.5329, -5.2144), (75.0000, -7.9713, -6.0380), (75.0000, -7.3305, -6.8017), (75.0000, -6.6169, -7.4978), (75.0000, -5.8374, -8.1194), (75.0000, -5.0000, -8.6603), (75.0000, -4.1129, -9.1151), (75.0000, -3.1849, -9.4793), (75.0000, -2.2252, -9.7493), (75.0000, -1.2434, -9.9224), (75.0000, -0.2493, -9.9969), (75.0000, 0.7473, -9.9720), (75.0000, 1.7365, -9.8481), (75.0000, 2.7084, -9.6262), (75.0000, 3.6534, -9.3087), (75.0000, 4.5621, -8.8987), (75.0000, 5.4255, -8.4003), (75.0000, 6.2349, -7.8183), (75.0000, 6.9824, -7.1587), (75.0000, 7.6604, -6.4279), (75.0000, 8.2624, -5.6332), (75.0000, 8.7822, -4.7825), (75.0000, 9.2148, -3.8843), (75.0000, 9.5557, -2.9476), (75.0000, 9.8017, -1.9815), (75.0000, 9.9503, -0.9957), (75.0000, 6.9000, 0.0000), (75.0000, 6.8657, 0.6870), (75.0000, 6.7632, 1.3672), (75.0000, 6.5935, 2.0338), (75.0000, 6.3582, 2.6802), (75.0000, 6.0597, 3.3000), (75.0000, 5.7010, 3.8869), (75.0000, 5.2857, 4.4352), (75.0000, 4.8178, 4.9395), (75.0000, 4.3021, 5.3946), (75.0000, 3.7436, 5.7962), (75.0000, 3.1479, 6.1401), (75.0000, 2.5209, 6.4230), (75.0000, 1.8688, 6.6421), (75.0000, 1.1982, 6.7952), (75.0000, 0.5156, 6.8807), (75.0000, -0.1720, 6.8979), (75.0000, -0.8580, 6.8465), (75.0000, -1.5354, 6.7270), (75.0000, -2.1976, 6.5407), (75.0000, -2.8379, 6.2894), (75.0000, -3.4500, 5.9756), (75.0000, -4.0278, 5.6024), (75.0000, -4.5656, 5.1735), (75.0000, -5.0581, 4.6932), (75.0000, -5.5002, 4.1663), (75.0000, -5.8877, 3.5979), (75.0000, -6.2167, 2.9938), (75.0000, -6.4839, 2.3599), (75.0000, -6.6866, 1.7026), (75.0000, -6.8229, 1.0284), (75.0000, -6.8914, 0.3439), (75.0000, -6.8914, -0.3439), (75.0000, -6.8229, -1.0284), (75.0000, -6.6866, -1.7026), (75.0000, -6.4839, -2.3599), (75.0000, -6.2167, -2.9938), (75.0000, -5.8877, -3.5979), (75.0000, -5.5002, -4.1663), (75.0000, -5.0581, -4.6932), (75.0000, -4.5656, -5.1735), (75.0000, -4.0278, -5.6024), (75.0000, -3.4500, -5.9756), (75.0000, -2.8379, -6.2894), (75.0000, -2.1976, -6.5407), (75.0000, -1.5354, -6.7270), (75.0000, -0.8580, -6.8465), (75.0000, -0.1720, -6.8979), (75.0000, 0.5156, -6.8807), (75.0000, 1.1982, -6.7952), (75.0000, 1.8688, -6.6421), (75.0000, 2.5209, -6.4230), (75.0000, 3.1479, -6.1401), (75.0000, 3.7436, -5.7962), (75.0000, 4.3021, -5.3946), (75.0000, 4.8178, -4.9395), (75.0000, 5.2857, -4.4352), (75.0000, 5.7010, -3.8869), (75.0000, 6.0597, -3.3000), (75.0000, 6.3582, -2.6802), (75.0000, 6.5935, -2.0338), (75.0000, 6.7632, -1.3672), (75.0000, 6.8657, -0.6870), (12.0000, 4.0000, 8.5000), (24.0000, 4.0000, 8.5000), (24.3921, 3.9807, 8.5000), (24.7804, 3.9231, 8.5000), (25.1611, 3.8278, 8.5000), (25.5307, 3.6955, 8.5000), (25.8856, 3.5277, 8.5000), (26.2223, 3.3259, 8.5000), (26.5376, 3.0920, 8.5000), (26.8284, 2.8284, 8.5000), (27.0920, 2.5376, 8.5000), (27.3259, 2.2223, 8.5000), (27.5277, 1.8856, 8.5000), (27.6955, 1.5307, 8.5000), (27.8278, 1.1611, 8.5000), (27.9231, 0.7804, 8.5000), (27.9807, 0.3921, 8.5000), (28.0000, -0.0000, 8.5000), (27.9807, -0.3921, 8.5000), (27.9231, -0.7804, 8.5000), (27.8278, -1.1611, 8.5000), (27.6955, -1.5307, 8.5000), (27.5277, -1.8856, 8.5000), (27.3259, -2.2223, 8.5000), (27.0920, -2.5376, 8.5000), (26.8284, -2.8284, 8.5000), (26.5376, -3.0920, 8.5000), (26.2223, -3.3259, 8.5000), (25.8856, -3.5277, 8.5000), (25.5307, -3.6955, 8.5000), (25.1611, -3.8278, 8.5000), (24.7804, -3.9231, 8.5000), (24.3921, -3.9807, 8.5000), (24.0000, -4.0000, 8.5000), (12.0000, -4.0000, 8.5000), (11.6079, -3.9807, 8.5000), (11.2196, -3.9231, 8.5000), (10.8389, -3.8278, 8.5000), (10.4693, -3.6955, 8.5000), (10.1144, -3.5277, 8.5000), (9.7777, -3.3259, 8.5000), (9.4624, -3.0920, 8.5000), (9.1716, -2.8284, 8.5000), (8.9080, -2.5376, 8.5000), (8.6741, -2.2223, 8.5000), (8.4723, -1.8856, 8.5000), (8.3045, -1.5307, 8.5000), (8.1722, -1.1611, 8.5000), (8.0769, -0.7804, 8.5000), (8.0193, -0.3921, 8.5000), (8.0000, 0.0000, 8.5000), (8.0193, 0.3921, 8.5000), (8.0769, 0.7804, 8.5000), (8.1722, 1.1611, 8.5000), (8.3045, 1.5307, 8.5000), (8.4723, 1.8856, 8.5000), (8.6741, 2.2223, 8.5000), (8.9080, 2.5376, 8.5000), (9.1716, 2.8284, 8.5000), (9.4624, 3.0920, 8.5000), (9.7777, 3.3259, 8.5000), (10.1144, 3.5277, 8.5000), (10.4693, 3.6955, 8.5000), (10.8389, 3.8278, 8.5000), (11.2196, 3.9231, 8.5000), (11.6079, 3.9807, 8.5000), (8.1761, 0.0000, 0.0000), (8.1761, 0.0000, 0.0000), (7.9883, 0.3125, 0.0000), (7.8005, 0.6250, 0.0000), (7.6128, 0.9375, 0.0000), (7.4250, 1.2500, 0.0000), (7.4250, 1.2500, 0.0000), (7.4250, 1.2438, 0.1245), (7.4250, 1.2252, 0.2477), (7.4250, 1.1945, 0.3684), (7.4250, 1.1518, 0.4855), (7.4250, 1.0978, 0.5978), (7.4250, 1.0328, 0.7042), (7.4250, 0.9576, 0.8035), (7.4250, 0.8728, 0.8948), (7.4250, 0.7794, 0.9773), (7.4250, 0.6782, 1.0500), (7.4250, 0.5703, 1.1123), (7.4250, 0.4567, 1.1636), (7.4250, 0.3386, 1.2033), (7.4250, 0.2171, 1.2310), (7.4250, 0.0934, 1.2465), (7.4250, -0.0312, 1.2496), (7.4250, -0.1554, 1.2403), (7.4250, -0.2782, 1.2187), (7.4250, -0.3981, 1.1849), (7.4250, -0.5141, 1.1394), (7.4250, -0.6250, 1.0825), (7.4250, -0.7297, 1.0149), (7.4250, -0.8271, 0.9372), (7.4250, -0.9163, 0.8502), (7.4250, -0.9964, 0.7548), (7.4250, -1.0666, 0.6518), (7.4250, -1.1262, 0.5424), (7.4250, -1.1746, 0.4275), (7.4250, -1.2113, 0.3084), (7.4250, -1.2360, 0.1863), (7.4250, -1.2484, 0.0623), (7.4250, -1.2484, -0.0623), (7.4250, -1.2360, -0.1863), (7.4250, -1.2113, -0.3084), (7.4250, -1.1746, -0.4275), (7.4250, -1.1262, -0.5424), (7.4250, -1.0666, -0.6518), (7.4250, -0.9964, -0.7548), (7.4250, -0.9163, -0.8502), (7.4250, -0.8271, -0.9372), (7.4250, -0.7297, -1.0149), (7.4250, -0.6250, -1.0825), (7.4250, -0.5141, -1.1394), (7.4250, -0.3981, -1.1849), (7.4250, -0.2782, -1.2187), (7.4250, -0.1554, -1.2403), (7.4250, -0.0312, -1.2496), (7.4250, 0.0934, -1.2465), (7.4250, 0.2171, -1.2310), (7.4250, 0.3386, -1.2033), (7.4250, 0.4567, -1.1636), (7.4250, 0.5703, -1.1123), (7.4250, 0.6782, -1.0500), (7.4250, 0.7794, -0.9773), (7.4250, 0.8728, -0.8948), (7.4250, 0.9576, -0.8035), (7.4250, 1.0328, -0.7042), (7.4250, 1.0978, -0.5978), (7.4250, 1.1518, -0.4855), (7.4250, 1.1945, -0.3684), (7.4250, 1.2252, -0.2477), (7.4250, 1.2438, -0.1245), (7.9883, 0.3125, 0.0000), (7.8005, 0.6250, 0.0000), (7.6128, 0.9375, 0.0000), (7.9883, 0.3065, 0.0610), (7.9883, 0.2887, 0.1196), (7.9883, 0.2598, 0.1736), (7.8005, 0.6130, 0.1219), (7.9883, 0.2210, 0.2210), (7.8005, 0.5774, 0.2392), (7.9883, 0.1736, 0.2598), (7.8005, 0.5197, 0.3472), (7.9883, 0.1196, 0.2887), (7.6128, 0.9195, 0.1829), (7.8005, 0.4419, 0.4419), (7.9883, 0.0610, 0.3065), (7.6128, 0.8661, 0.3588), (7.8005, 0.3472, 0.5197), (7.9883, 0.0000, 0.3125), (7.6128, 0.7795, 0.5208), (7.8005, 0.2392, 0.5774), (7.9883, -0.0610, 0.3065), (7.6128, 0.6629, 0.6629), (7.8005, 0.1219, 0.6130), (7.9883, -0.1196, 0.2887), (7.6128, 0.5208, 0.7795), (7.8005, 0.0000, 0.6250), (7.9883, -0.1736, 0.2598), (7.6128, 0.3588, 0.8661), (7.8005, -0.1219, 0.6130), (7.9883, -0.2210, 0.2210), (7.6128, 0.1829, 0.9195), (7.8005, -0.2392, 0.5774), (7.9883, -0.2598, 0.1736), (7.6128, 0.0000, 0.9375), (7.8005, -0.3472, 0.5197), (7.9883, -0.2887, 0.1196), (7.6128, -0.1829, 0.9195), (7.8005, -0.4419, 0.4419), (7.9883, -0.3065, 0.0610), (7.6128, -0.3588, 0.8661), (7.8005, -0.5197, 0.3472), (7.9883, -0.3125, -0.0000), (7.6128, -0.5208, 0.7795), (7.8005, -0.5774, 0.2392), (7.9883, -0.3065, -0.0610), (7.6128, -0.6629, 0.6629), (7.8005, -0.6130, 0.1219), (7.9883, -0.2887, -0.1196), (7.6128, -0.7795, 0.5208), (7.8005, -0.6250, -0.0000), (7.9883, -0.2598, -0.1736), (7.6128, -0.8661, 0.3588), (7.8005, -0.6130, -0.1219), (7.9883, -0.2210, -0.2210), (7.6128, -0.9195, 0.1829), (7.8005, -0.5774, -0.2392), (7.9883, -0.1736, -0.2598), (7.6128, -0.9375, -0.0000), (7.8005, -0.5197, -0.3472), (7.9883, -0.1196, -0.2887), (7.6128, -0.9195, -0.1829), (7.8005, -0.4419, -0.4419), (7.9883, -0.0610, -0.3065), (7.6128, -0.8661, -0.3588), (7.8005, -0.3472, -0.5197), (7.9883, 0.0000, -0.3125), (7.6128, -0.7795, -0.5208), (7.8005, -0.2392, -0.5774), (7.9883, 0.0610, -0.3065), (7.6128, -0.6629, -0.6629), (7.8005, -0.1219, -0.6130), (7.9883, 0.1196, -0.2887), (7.6128, -0.5208, -0.7795), (7.8005, 0.0000, -0.6250), (7.9883, 0.1736, -0.2598), (7.6128, -0.3588, -0.8661), (7.8005, 0.1219, -0.6130), (7.9883, 0.2210, -0.2210), (7.6128, -0.1829, -0.9195), (7.8005, 0.2392, -0.5774), (7.9883, 0.2598, -0.1736), (7.6128, 0.0000, -0.9375), (7.8005, 0.3472, -0.5197), (7.9883, 0.2887, -0.1196), (7.6128, 0.1829, -0.9195), (7.8005, 0.4419, -0.4419), (7.9883, 0.3065, -0.0610), (7.6128, 0.3588, -0.8661), (7.8005, 0.5197, -0.3472), (7.6128, 0.5208, -0.7795), (7.8005, 0.5774, -0.2392), (7.6128, 0.6629, -0.6629), (7.8005, 0.6130, -0.1219), (7.6128, 0.7795, -0.5208), (7.6128, 0.8661, -0.3588), (7.6128, 0.9195, -0.1829), (75.0000, 6.9000, 0.0000), (75.0000, 6.8657, 0.6870), (75.0000, 6.7632, 1.3672), (75.0000, 6.5935, 2.0338), (75.0000, 6.3582, 2.6802), (75.0000, 6.0597, 3.3000), (75.0000, 5.7010, 3.8869), (75.0000, 5.2857, 4.4352), (75.0000, 4.8178, 4.9395), (75.0000, 4.3021, 5.3946), (75.0000, 3.7436, 5.7962), (75.0000, 3.1479, 6.1401), (75.0000, 2.5209, 6.4230), (75.0000, 1.8688, 6.6421), (75.0000, 1.1982, 6.7952), (75.0000, 0.5156, 6.8807), (75.0000, -0.1720, 6.8979), (75.0000, -0.8580, 6.8465), (75.0000, -1.5354, 6.7270), (75.0000, -2.1976, 6.5407), (75.0000, -2.8379, 6.2894), (75.0000, -3.4500, 5.9756), (75.0000, -4.0278, 5.6024), (75.0000, -4.5656, 5.1735), (75.0000, -5.0581, 4.6932), (75.0000, -5.5002, 4.1663), (75.0000, -5.8877, 3.5979), (75.0000, -6.2167, 2.9938), (75.0000, -6.4839, 2.3599), (75.0000, -6.6866, 1.7026), (75.0000, -6.8229, 1.0284), (75.0000, -6.8914, 0.3439), (75.0000, -6.8914, -0.3439), (75.0000, -6.8229, -1.0284), (75.0000, -6.6866, -1.7026), (75.0000, -6.4839, -2.3599), (75.0000, -6.2167, -2.9938), (75.0000, -5.8877, -3.5979), (75.0000, -5.5002, -4.1663), (75.0000, -5.0581, -4.6932), (75.0000, -4.5656, -5.1735), (75.0000, -4.0278, -5.6024), (75.0000, -3.4500, -5.9756), (75.0000, -2.8379, -6.2894), (75.0000, -2.1976, -6.5407), (75.0000, -1.5354, -6.7270), (75.0000, -0.8580, -6.8465), (75.0000, -0.1720, -6.8979), (75.0000, 0.5156, -6.8807), (75.0000, 1.1982, -6.7952), (75.0000, 1.8688, -6.6421), (75.0000, 2.5209, -6.4230), (75.0000, 3.1479, -6.1401), (75.0000, 3.7436, -5.7962), (75.0000, 4.3021, -5.3946), (75.0000, 4.8178, -4.9395), (75.0000, 5.2857, -4.4352), (75.0000, 5.7010, -3.8869), (75.0000, 6.0597, -3.3000), (75.0000, 6.3582, -2.6802), (75.0000, 6.5935, -2.0338), (75.0000, 6.7632, -1.3672), (75.0000, 6.8657, -0.6870), (75.0000, 6.9000, 0.0000), (79.5000, 6.9000, 0.0000), (79.5000, 6.9000, 0.0000), (79.5000, 6.8657, 0.6870), (79.5000, 6.7632, 1.3672), (79.5000, 6.5935, 2.0338), (79.5000, 6.3582, 2.6802), (79.5000, 6.0597, 3.3000), (79.5000, 5.7010, 3.8869), (79.5000, 5.2857, 4.4352), (79.5000, 4.8178, 4.9395), (79.5000, 4.3021, 5.3946), (79.5000, 3.7436, 5.7962), (79.5000, 3.1479, 6.1401), (79.5000, 2.5209, 6.4230), (79.5000, 1.8688, 6.6421), (79.5000, 1.1982, 6.7952), (79.5000, 0.5156, 6.8807), (79.5000, -0.1720, 6.8979), (79.5000, -0.8580, 6.8465), (79.5000, -1.5354, 6.7270), (79.5000, -2.1976, 6.5407), (79.5000, -2.8379, 6.2894), (79.5000, -3.4500, 5.9756), (79.5000, -4.0278, 5.6024), (79.5000, -4.5656, 5.1735), (79.5000, -5.0581, 4.6932), (79.5000, -5.5002, 4.1663), (79.5000, -5.8877, 3.5979), (79.5000, -6.2167, 2.9938), (79.5000, -6.4839, 2.3599), (79.5000, -6.6866, 1.7026), (79.5000, -6.8229, 1.0284), (79.5000, -6.8914, 0.3439), (79.5000, -6.8914, -0.3439), (79.5000, -6.8229, -1.0284), (79.5000, -6.6866, -1.7026), (79.5000, -6.4839, -2.3599), (79.5000, -6.2167, -2.9938), (79.5000, -5.8877, -3.5979), (79.5000, -5.5002, -4.1663), (79.5000, -5.0581, -4.6932), (79.5000, -4.5656, -5.1735), (79.5000, -4.0278, -5.6024), (79.5000, -3.4500, -5.9756), (79.5000, -2.8379, -6.2894), (79.5000, -2.1976, -6.5407), (79.5000, -1.5354, -6.7270), (79.5000, -0.8580, -6.8465), (79.5000, -0.1720, -6.8979), (79.5000, 0.5156, -6.8807), (79.5000, 1.1982, -6.7952), (79.5000, 1.8688, -6.6421), (79.5000, 2.5209, -6.4230), (79.5000, 3.1479, -6.1401), (79.5000, 3.7436, -5.7962), (79.5000, 4.3021, -5.3946), (79.5000, 4.8178, -4.9395), (79.5000, 5.2857, -4.4352), (79.5000, 5.7010, -3.8869), (79.5000, 6.0597, -3.3000), (79.5000, 6.3582, -2.6802), (79.5000, 6.5935, -2.0338), (79.5000, 6.7632, -1.3672), (79.5000, 6.8657, -0.6870), (79.5000, 8.0000, 0.0000), (79.5000, 7.9602, 0.7965), (79.5000, 7.8414, 1.5852), (79.5000, 7.6446, 2.3580), (79.5000, 7.3718, 3.1075), (79.5000, 7.0258, 3.8260), (79.5000, 6.6099, 4.5066), (79.5000, 6.1284, 5.1423), (79.5000, 5.5859, 5.7269), (79.5000, 4.9879, 6.2547), (79.5000, 4.3404, 6.7202), (79.5000, 3.6497, 7.1190), (79.5000, 2.9227, 7.4470), (79.5000, 2.1667, 7.7010), (79.5000, 1.3892, 7.8785), (79.5000, 0.5978, 7.9776), (79.5000, -0.1994, 7.9975), (79.5000, -0.9947, 7.9379), (79.5000, -1.7802, 7.7994), (79.5000, -2.5479, 7.5834), (79.5000, -3.2903, 7.2920), (79.5000, -4.0000, 6.9282), (79.5000, -4.6699, 6.4955), (79.5000, -5.2935, 5.9982), (79.5000, -5.8644, 5.4414), (79.5000, -6.3771, 4.8304), (79.5000, -6.8263, 4.1715), (79.5000, -7.2078, 3.4711), (79.5000, -7.5175, 2.7362), (79.5000, -7.7526, 1.9741), (79.5000, -7.9106, 1.1923), (79.5000, -7.9901, 0.3988), (79.5000, -7.9901, -0.3988), (79.5000, -7.9106, -1.1923), (79.5000, -7.7526, -1.9741), (79.5000, -7.5175, -2.7362), (79.5000, -7.2078, -3.4711), (79.5000, -6.8263, -4.1715), (79.5000, -6.3771, -4.8304), (79.5000, -5.8644, -5.4414), (79.5000, -5.2935, -5.9982), (79.5000, -4.6699, -6.4955), (79.5000, -4.0000, -6.9282), (79.5000, -3.2903, -7.2920), (79.5000, -2.5479, -7.5834), (79.5000, -1.7802, -7.7994), (79.5000, -0.9947, -7.9379), (79.5000, -0.1994, -7.9975), (79.5000, 0.5978, -7.9776), (79.5000, 1.3892, -7.8785), (79.5000, 2.1667, -7.7010), (79.5000, 2.9227, -7.4470), (79.5000, 3.6497, -7.1190), (79.5000, 4.3404, -6.7202), (79.5000, 4.9879, -6.2547), (79.5000, 5.5859, -5.7269), (79.5000, 6.1284, -5.1423), (79.5000, 6.6099, -4.5066), (79.5000, 7.0258, -3.8260), (79.5000, 7.3718, -3.1075), (79.5000, 7.6446, -2.3580), (79.5000, 7.8414, -1.5852), (79.5000, 7.9602, -0.7965), (79.5000, 6.9000, 0.0000), (79.5000, 6.8657, 0.6870), (79.5000, 6.7632, 1.3672), (79.5000, 6.5935, 2.0338), (79.5000, 6.3582, 2.6802), (79.5000, 6.0597, 3.3000), (79.5000, 5.7010, 3.8869), (79.5000, 5.2857, 4.4352), (79.5000, 4.8178, 4.9395), (79.5000, 4.3021, 5.3946), (79.5000, 3.7436, 5.7962), (79.5000, 3.1479, 6.1401), (79.5000, 2.5209, 6.4230), (79.5000, 1.8688, 6.6421), (79.5000, 1.1982, 6.7952), (79.5000, 0.5156, 6.8807), (79.5000, -0.1720, 6.8979), (79.5000, -0.8580, 6.8465), (79.5000, -1.5354, 6.7270), (79.5000, -2.1976, 6.5407), (79.5000, -2.8379, 6.2894), (79.5000, -3.4500, 5.9756), (79.5000, -4.0278, 5.6024), (79.5000, -4.5656, 5.1735), (79.5000, -5.0581, 4.6932), (79.5000, -5.5002, 4.1663), (79.5000, -5.8877, 3.5979), (79.5000, -6.2167, 2.9938), (79.5000, -6.4839, 2.3599), (79.5000, -6.6866, 1.7026), (79.5000, -6.8229, 1.0284), (79.5000, -6.8914, 0.3439), (79.5000, -6.8914, -0.3439), (79.5000, -6.8229, -1.0284), (79.5000, -6.6866, -1.7026), (79.5000, -6.4839, -2.3599), (79.5000, -6.2167, -2.9938), (79.5000, -5.8877, -3.5979), (79.5000, -5.5002, -4.1663), (79.5000, -5.0581, -4.6932), (79.5000, -4.5656, -5.1735), (79.5000, -4.0278, -5.6024), (79.5000, -3.4500, -5.9756), (79.5000, -2.8379, -6.2894), (79.5000, -2.1976, -6.5407), (79.5000, -1.5354, -6.7270), (79.5000, -0.8580, -6.8465), (79.5000, -0.1720, -6.8979), (79.5000, 0.5156, -6.8807), (79.5000, 1.1982, -6.7952), (79.5000, 1.8688, -6.6421), (79.5000, 2.5209, -6.4230), (79.5000, 3.1479, -6.1401), (79.5000, 3.7436, -5.7962), (79.5000, 4.3021, -5.3946), (79.5000, 4.8178, -4.9395), (79.5000, 5.2857, -4.4352), (79.5000, 5.7010, -3.8869), (79.5000, 6.0597, -3.3000), (79.5000, 6.3582, -2.6802), (79.5000, 6.5935, -2.0338), (79.5000, 6.7632, -1.3672), (79.5000, 6.8657, -0.6870), (79.5000, 8.0000, 0.0000), (79.5000, 7.9602, 0.7965), (79.5000, 7.8414, 1.5852), (79.5000, 7.6446, 2.3580), (79.5000, 7.3718, 3.1075), (79.5000, 7.0258, 3.8260), (79.5000, 6.6099, 4.5066), (79.5000, 6.1284, 5.1423), (79.5000, 5.5859, 5.7269), (79.5000, 4.9879, 6.2547), (79.5000, 4.3404, 6.7202), (79.5000, 3.6497, 7.1190), (79.5000, 2.9227, 7.4470), (79.5000, 2.1667, 7.7010), (79.5000, 1.3892, 7.8785), (79.5000, 0.5978, 7.9776), (79.5000, -0.1994, 7.9975), (79.5000, -0.9947, 7.9379), (79.5000, -1.7802, 7.7994), (79.5000, -2.5479, 7.5834), (79.5000, -3.2903, 7.2920), (79.5000, -4.0000, 6.9282), (79.5000, -4.6699, 6.4955), (79.5000, -5.2935, 5.9982), (79.5000, -5.8644, 5.4414), (79.5000, -6.3771, 4.8304), (79.5000, -6.8263, 4.1715), (79.5000, -7.2078, 3.4711), (79.5000, -7.5175, 2.7362), (79.5000, -7.7526, 1.9741), (79.5000, -7.9106, 1.1923), (79.5000, -7.9901, 0.3988), (79.5000, -7.9901, -0.3988), (79.5000, -7.9106, -1.1923), (79.5000, -7.7526, -1.9741), (79.5000, -7.5175, -2.7362), (79.5000, -7.2078, -3.4711), (79.5000, -6.8263, -4.1715), (79.5000, -6.3771, -4.8304), (79.5000, -5.8644, -5.4414), (79.5000, -5.2935, -5.9982), (79.5000, -4.6699, -6.4955), (79.5000, -4.0000, -6.9282), (79.5000, -3.2903, -7.2920), (79.5000, -2.5479, -7.5834), (79.5000, -1.7802, -7.7994), (79.5000, -0.9947, -7.9379), (79.5000, -0.1994, -7.9975), (79.5000, 0.5978, -7.9776), (79.5000, 1.3892, -7.8785), (79.5000, 2.1667, -7.7010), (79.5000, 2.9227, -7.4470), (79.5000, 3.6497, -7.1190), (79.5000, 4.3404, -6.7202), (79.5000, 4.9879, -6.2547), (79.5000, 5.5859, -5.7269), (79.5000, 6.1284, -5.1423), (79.5000, 6.6099, -4.5066), (79.5000, 7.0258, -3.8260), (79.5000, 7.3718, -3.1075), (79.5000, 7.6446, -2.3580), (79.5000, 7.8414, -1.5852), (79.5000, 7.9602, -0.7965), (79.5000, 8.0000, 0.0000), (93.5000, 8.0000, 0.0000), (93.5000, 8.0000, 0.0000), (93.5000, 7.9602, 0.7965), (93.5000, 7.8414, 1.5852), (93.5000, 7.6446, 2.3580), (93.5000, 7.3718, 3.1075), (93.5000, 7.0258, 3.8260), (93.5000, 6.6099, 4.5066), (93.5000, 6.1284, 5.1423), (93.5000, 5.5859, 5.7269), (93.5000, 4.9879, 6.2547), (93.5000, 4.3404, 6.7202), (93.5000, 3.6497, 7.1190), (93.5000, 2.9227, 7.4470), (93.5000, 2.1667, 7.7010), (93.5000, 1.3892, 7.8785), (93.5000, 0.5978, 7.9776), (93.5000, -0.1994, 7.9975), (93.5000, -0.9947, 7.9379), (93.5000, -1.7802, 7.7994), (93.5000, -2.5479, 7.5834), (93.5000, -3.2903, 7.2920), (93.5000, -4.0000, 6.9282), (93.5000, -4.6699, 6.4955), (93.5000, -5.2935, 5.9982), (93.5000, -5.8644, 5.4414), (93.5000, -6.3771, 4.8304), (93.5000, -6.8263, 4.1715), (93.5000, -7.2078, 3.4711), (93.5000, -7.5175, 2.7362), (93.5000, -7.7526, 1.9741), (93.5000, -7.9106, 1.1923), (93.5000, -7.9901, 0.3988), (93.5000, -7.9901, -0.3988), (93.5000, -7.9106, -1.1923), (93.5000, -7.7526, -1.9741), (93.5000, -7.5175, -2.7362), (93.5000, -7.2078, -3.4711), (93.5000, -6.8263, -4.1715), (93.5000, -6.3771, -4.8304), (93.5000, -5.8644, -5.4414), (93.5000, -5.2935, -5.9982), (93.5000, -4.6699, -6.4955), (93.5000, -4.0000, -6.9282), (93.5000, -3.2903, -7.2920), (93.5000, -2.5479, -7.5834), (93.5000, -1.7802, -7.7994), (93.5000, -0.9947, -7.9379), (93.5000, -0.1994, -7.9975), (93.5000, 0.5978, -7.9776), (93.5000, 1.3892, -7.8785), (93.5000, 2.1667, -7.7010), (93.5000, 2.9227, -7.4470), (93.5000, 3.6497, -7.1190), (93.5000, 4.3404, -6.7202), (93.5000, 4.9879, -6.2547), (93.5000, 5.5859, -5.7269), (93.5000, 6.1284, -5.1423), (93.5000, 6.6099, -4.5066), (93.5000, 7.0258, -3.8260), (93.5000, 7.3718, -3.1075), (93.5000, 7.6446, -2.3580), (93.5000, 7.8414, -1.5852), (93.5000, 7.9602, -0.7965), (93.5000, 8.0000, 0.0000), (93.5000, 7.9602, 0.7965), (93.5000, 7.8414, 1.5852), (93.5000, 7.6446, 2.3580), (93.5000, 7.3718, 3.1075), (93.5000, 7.0258, 3.8260), (93.5000, 6.6099, 4.5066), (93.5000, 6.1284, 5.1423), (93.5000, 5.5859, 5.7269), (93.5000, 4.9879, 6.2547), (93.5000, 4.3404, 6.7202), (93.5000, 3.6497, 7.1190), (93.5000, 2.9227, 7.4470), (93.5000, 2.1667, 7.7010), (93.5000, 1.3892, 7.8785), (93.5000, 0.5978, 7.9776), (93.5000, -0.1994, 7.9975), (93.5000, -0.9947, 7.9379), (93.5000, -1.7802, 7.7994), (93.5000, -2.5479, 7.5834), (93.5000, -3.2903, 7.2920), (93.5000, -4.0000, 6.9282), (93.5000, -4.6699, 6.4955), (93.5000, -5.2935, 5.9982), (93.5000, -5.8644, 5.4414), (93.5000, -6.3771, 4.8304), (93.5000, -6.8263, 4.1715), (93.5000, -7.2078, 3.4711), (93.5000, -7.5175, 2.7362), (93.5000, -7.7526, 1.9741), (93.5000, -7.9106, 1.1923), (93.5000, -7.9901, 0.3988), (93.5000, -7.9901, -0.3988), (93.5000, -7.9106, -1.1923), (93.5000, -7.7526, -1.9741), (93.5000, -7.5175, -2.7362), (93.5000, -7.2078, -3.4711), (93.5000, -6.8263, -4.1715), (93.5000, -6.3771, -4.8304), (93.5000, -5.8644, -5.4414), (93.5000, -5.2935, -5.9982), (93.5000, -4.6699, -6.4955), (93.5000, -4.0000, -6.9282), (93.5000, -3.2903, -7.2920), (93.5000, -2.5479, -7.5834), (93.5000, -1.7802, -7.7994), (93.5000, -0.9947, -7.9379), (93.5000, -0.1994, -7.9975), (93.5000, 0.5978, -7.9776), (93.5000, 1.3892, -7.8785), (93.5000, 2.1667, -7.7010), (93.5000, 2.9227, -7.4470), (93.5000, 3.6497, -7.1190), (93.5000, 4.3404, -6.7202), (93.5000, 4.9879, -6.2547), (93.5000, 5.5859, -5.7269), (93.5000, 6.1284, -5.1423), (93.5000, 6.6099, -4.5066), (93.5000, 7.0258, -3.8260), (93.5000, 7.3718, -3.1075), (93.5000, 7.6446, -2.3580), (93.5000, 7.8414, -1.5852), (93.5000, 7.9602, -0.7965), (93.5000, 8.0000, 0.0000), (94.2500, 7.2500, 0.0000), (95.0000, 6.5000, 0.0000), (95.0000, 6.5000, 0.0000), (95.0000, 6.4677, 0.6472), (95.0000, 6.3711, 1.2879), (95.0000, 6.2112, 1.9159), (95.0000, 5.9896, 2.5248), (95.0000, 5.7084, 3.1087), (95.0000, 5.3706, 3.6616), (95.0000, 4.9793, 4.1781), (95.0000, 4.5385, 4.6531), (95.0000, 4.0527, 5.0819), (95.0000, 3.5266, 5.4602), (95.0000, 2.9654, 5.7842), (95.0000, 2.3747, 6.0507), (95.0000, 1.7605, 6.2571), (95.0000, 1.1287, 6.4013), (95.0000, 0.4857, 6.4818), (95.0000, -0.1620, 6.4980), (95.0000, -0.8082, 6.4496), (95.0000, -1.4464, 6.3370), (95.0000, -2.0702, 6.1615), (95.0000, -2.6734, 5.9248), (95.0000, -3.2500, 5.6292), (95.0000, -3.7943, 5.2776), (95.0000, -4.3010, 4.8736), (95.0000, -4.7648, 4.4211), (95.0000, -5.1814, 3.9247), (95.0000, -5.5464, 3.3893), (95.0000, -5.8563, 2.8202), (95.0000, -6.1080, 2.2231), (95.0000, -6.2990, 1.6039), (95.0000, -6.4274, 0.9688), (95.0000, -6.4919, 0.3240), (95.0000, -6.4919, -0.3240), (95.0000, -6.4274, -0.9688), (95.0000, -6.2990, -1.6039), (95.0000, -6.1080, -2.2231), (95.0000, -5.8563, -2.8202), (95.0000, -5.5464, -3.3893), (95.0000, -5.1814, -3.9247), (95.0000, -4.7648, -4.4211), (95.0000, -4.3010, -4.8736), (95.0000, -3.7943, -5.2776), (95.0000, -3.2500, -5.6292), (95.0000, -2.6734, -5.9248), (95.0000, -2.0702, -6.1615), (95.0000, -1.4464, -6.3370), (95.0000, -0.8082, -6.4496), (95.0000, -0.1620, -6.4980), (95.0000, 0.4857, -6.4818), (95.0000, 1.1287, -6.4013), (95.0000, 1.7605, -6.2571), (95.0000, 2.3747, -6.0507), (95.0000, 2.9654, -5.7842), (95.0000, 3.5266, -5.4602), (95.0000, 4.0527, -5.0819), (95.0000, 4.5385, -4.6531), (95.0000, 4.9793, -4.1781), (95.0000, 5.3706, -3.6616), (95.0000, 5.7084, -3.1087), (95.0000, 5.9896, -2.5248), (95.0000, 6.2112, -1.9159), (95.0000, 6.3711, -1.2879), (95.0000, 6.4677, -0.6472), (94.2500, 7.2500, 0.0000), (94.2500, 7.1107, 1.4144), (94.2500, 6.6981, 2.7745), (94.2500, 6.0282, 4.0279), (94.2500, 5.1265, 5.1265), (94.2500, 4.0279, 6.0282), (94.2500, 2.7745, 6.6981), (94.2500, 1.4144, 7.1107), (94.2500, 0.0000, 7.2500), (94.2500, -1.4144, 7.1107), (94.2500, -2.7745, 6.6981), (94.2500, -4.0279, 6.0282), (94.2500, -5.1265, 5.1265), (94.2500, -6.0282, 4.0279), (94.2500, -6.6981, 2.7745), (94.2500, -7.1107, 1.4144), (94.2500, -7.2500, -0.0000), (94.2500, -7.1107, -1.4144), (94.2500, -6.6981, -2.7745), (94.2500, -6.0282, -4.0279), (94.2500, -5.1265, -5.1265), (94.2500, -4.0279, -6.0282), (94.2500, -2.7745, -6.6981), (94.2500, -1.4144, -7.1107), (94.2500, 0.0000, -7.2500), (94.2500, 1.4144, -7.1107), (94.2500, 2.7745, -6.6981), (94.2500, 4.0279, -6.0282), (94.2500, 5.1265, -5.1265), (94.2500, 6.0282, -4.0279), (94.2500, 6.6981, -2.7745), (94.2500, 7.1107, -1.4144), (95.0000, 6.5000, 0.0000), (95.0000, 6.4677, 0.6472), (95.0000, 6.3711, 1.2879), (95.0000, 6.2112, 1.9159), (95.0000, 5.9896, 2.5248), (95.0000, 5.7084, 3.1087), (95.0000, 5.3706, 3.6616), (95.0000, 4.9793, 4.1781), (95.0000, 4.5385, 4.6531), (95.0000, 4.0527, 5.0819), (95.0000, 3.5266, 5.4602), (95.0000, 2.9654, 5.7842), (95.0000, 2.3747, 6.0507), (95.0000, 1.7605, 6.2571), (95.0000, 1.1287, 6.4013), (95.0000, 0.4857, 6.4818), (95.0000, -0.1620, 6.4980), (95.0000, -0.8082, 6.4496), (95.0000, -1.4464, 6.3370), (95.0000, -2.0702, 6.1615), (95.0000, -2.6734, 5.9248), (95.0000, -3.2500, 5.6292), (95.0000, -3.7943, 5.2776), (95.0000, -4.3010, 4.8736), (95.0000, -4.7648, 4.4211), (95.0000, -5.1814, 3.9247), (95.0000, -5.5464, 3.3893), (95.0000, -5.8563, 2.8202), (95.0000, -6.1080, 2.2231), (95.0000, -6.2990, 1.6039), (95.0000, -6.4274, 0.9688), (95.0000, -6.4919, 0.3240), (95.0000, -6.4919, -0.3240), (95.0000, -6.4274, -0.9688), (95.0000, -6.2990, -1.6039), (95.0000, -6.1080, -2.2231), (95.0000, -5.8563, -2.8202), (95.0000, -5.5464, -3.3893), (95.0000, -5.1814, -3.9247), (95.0000, -4.7648, -4.4211), (95.0000, -4.3010, -4.8736), (95.0000, -3.7943, -5.2776), (95.0000, -3.2500, -5.6292), (95.0000, -2.6734, -5.9248), (95.0000, -2.0702, -6.1615), (95.0000, -1.4464, -6.3370), (95.0000, -0.8082, -6.4496), (95.0000, -0.1620, -6.4980), (95.0000, 0.4857, -6.4818), (95.0000, 1.1287, -6.4013), (95.0000, 1.7605, -6.2571), (95.0000, 2.3747, -6.0507), (95.0000, 2.9654, -5.7842), (95.0000, 3.5266, -5.4602), (95.0000, 4.0527, -5.0819), (95.0000, 4.5385, -4.6531), (95.0000, 4.9793, -4.1781), (95.0000, 5.3706, -3.6616), (95.0000, 5.7084, -3.1087), (95.0000, 5.9896, -2.5248), (95.0000, 6.2112, -1.9159), (95.0000, 6.3711, -1.2879), (95.0000, 6.4677, -0.6472)]
        uniform token subdivisionScheme = "none"
        color3f[] primvars:displayColor = [(0.72, 0.74, 0.77)]
    }
}
