#usda 1.0
(
    defaultPrim = "threaded_shaft"
    metersPerUnit = 0.001
    upAxis = "Y"
    doc = "VRINGON revolve part — CadQuery executor"
)

def Xform "threaded_shaft" (
    kind = "component"
)
{
    custom string vringon:dsl_version = "vringon-shaft/1.0"
    custom string vringon:dsl_json = "{\"dsl\":\"vringon-shaft/1.0\",\"id\":\"threaded-shaft\",\"name\":\"Double-threaded shaft\",\"name_ko\":\"양단 나사 축\",\"part_class\":\"shaft\",\"units\":\"mm\",\"material\":\"S45C\",\"drawing\":{\"number\":\"VR-RB-007\",\"scale\":\"1:1\",\"projection\":\"third\"},\"segments\":[{\"type\":\"thread\",\"length\":20,\"diameter\":12,\"spec\":\"M12\",\"pitch\":1.75},{\"type\":\"cyl\",\"length\":60,\"diameter\":16,\"tolerance\":\"h7\"},{\"type\":\"cyl\",\"length\":20,\"diameter\":14},{\"type\":\"thread\",\"length\":18,\"diameter\":12,\"spec\":\"M12x1.25\",\"pitch\":1.25}],\"transitions\":[{\"at\":0,\"type\":\"chamfer\",\"size\":1.5},{\"at\":4,\"type\":\"chamfer\",\"size\":1.5},{\"at\":1,\"type\":\"undercut\",\"width\":5.25,\"depth\":1.3,\"standard\":\"DIN 76-A\"},{\"at\":3,\"type\":\"undercut\",\"width\":3.75,\"depth\":0.94,\"standard\":\"DIN 76-A\"},{\"at\":2,\"type\":\"fillet\",\"radius\":0.5}],\"grooves\":[],\"bore\":null,\"features\":[{\"type\":\"cross_hole\",\"position\":90,\"diameter\":3,\"through\":true,\"angle\":0}],\"meta\":{\"source\":\"golden\",\"difficulty\":3}}"
    custom string vringon:name_ko = "양단 나사 축"
    custom string vringon:material = "S45C"
    custom double vringon:length_mm = 118.0
    custom double vringon:max_diameter_mm = 16
    custom double vringon:volume_mm3 = 18914.560
    custom double[] vringon:segment_lengths_mm = [20, 60, 20, 18]
    custom string[] vringon:segment_types = ["thread", "cyl", "cyl", "thread"]
    custom string[] vringon:threads = ["M12", "M12x1.25"]
    custom string[] vringon:features = ["cross_hole"]

    def Mesh "body"
    {
        float3[] extent = [(0.0000, -7.9901, -7.9975), (118.0000, 8.0000, 7.9975)]
        int[] faceVertexCounts = [3, 3, 3, 3, 3, 3, 3, 3, 3, 3, 3, 3, 3, 3, 3, 3, 3, 3, 3, 3, 3, 3, 3, 3, 3, 3, 3, 3, 3, 3, 3, 3, 3, 3, 3, 3, 3, 3, 3, 3, 3, 3, 3, 3, 3, 3, 3, 3, 3, 3, 3, 3, 3, 3, 3, 3, 3, 3, 3, 3, 3, 3, 3, 3, 3, 3, 3, 3, 3, 3, 3, 3, 3, 3, 3, 3, 3, 3, 3, 3, 3, 3, 3, 3, 3, 3, 3, 3, 3, 3, 3, 3, 3, 3, 3, 3, 3, 3, 3, 3, 3, 3, 3, 3, 3, 3, 3, 3, 3, 3, 3, 3, 3, 3, 3, 3, 3, 3, 3, 3, 3, 3, 3, 3, 3, 3, 3, 3, 3, 3, 3, 3, 3, 3, 3, 3, 3, 3, 3, 3, 3, 3, 3, 3, 3, 3, 3, 3, 3, 3, 3, 3, 3, 3, 3, 3, 3, 3, 3, 3, 3, 3, 3, 3, 3, 3, 3, 3, 3, 3, 3, 3, 3, 3, 3, 3, 3, 3, 3, 3, 3, 3, 3, 3, 3, 3, 3, 3, 3, 3, 3, 3, 3, 3, 3, 3, 3, 3, 3, 3, 3, 3, 3, 3, 3, 3, 3, 3, 3, 3, 3, 3, 3, 3, 3, 3, 3, 3, 3, 3, 3, 3, 3, 3, 3, 3, 3, 3, 3, 3, 3, 3, 3, 3, 3, 3, 3, 3, 3, 3, 3, 3, 3, 3, 3, 3, 3, 3, 3, 3, 3, 3, 3, 3, 3, 3, 3, 3, 3, 3, 3, 3, 3, 3, 3, 3, 3, 3, 3, 3, 3, 3, 3, 3, 3, 3, 3, 3, 3, 3, 3, 3, 3, 3, 3, 3, 3, 3, 3, 3, 3, 3, 3, 3, 3, 3, 3, 3, 3, 3, 3, 3, 3, 3, 3, 3, 3, 3, 3, 3, 3, 3, 3, 3, 3, 3, 3, 3, 3, 3, 3, 3, 3, 3, 3, 3, 3, 3, 3, 3, 3, 3, 3, 3, 3, 3, 3, 3, 3, 3, 3, 3, 3, 3, 3, 3, 3, 3, 3, 3, 3, 3, 3, 3, 3, 3, 3, 3, 3, 3, 3, 3, 3, 3, 3, 3, 3, 3, 3, 3, 3, 3, 3, 3, 3, 3, 3, 3, 3, 3, 3, 3, 3, 3, 3, 3, 3, 3, 3, 3, 3, 3, 3, 3, 3, 3, 3, 3, 3, 3, 3, 3, 3, 3, 3, 3, 3, 3, 3, 3, 3, 3, 3, 3, 3, 3, 3, 3, 3, 3, 3, 3, 3, 3, 3, 3, 3, 3, 3, 3, 3, 3, 3, 3, 3, 3, 3, 3, 3, 3, 3, 3, 3, 3, 3, 3, 3, 3, 3, 3, 3, 3, 3, 3, 3, 3, 3, 3, 3, 3, 3, 3, 3, 3, 3, 3, 3, 3, 3, 3, 3, 3, 3, 3, 3, 3, 3, 3, 3, 3, 3, 3, 3, 3, 3, 3, 3, 3, 3, 3, 3, 3, 3, 3, 3, 3, 3, 3, 3, 3, 3, 3, 3, 3, 3, 3, 3, 3, 3, 3, 3, 3, 3, 3, 3, 3, 3, 3, 3, 3, 3, 3, 3, 3, 3, 3, 3, 3, 3, 3, 3, 3, 3, 3, 3, 3, 3, 3, 3, 3, 3, 3, 3, 3, 3, 3, 3, 3, 3, 3, 3, 3, 3, 3, 3, 3, 3, 3, 3, 3, 3, 3, 3, 3, 3, 3, 3, 3, 3, 3, 3, 3, 3, 3, 3, 3, 3, 3, 3, 3, 3, 3, 3, 3, 3, 3, 3, 3, 3, 3, 3, 3, 3, 3, 3, 3, 3, 3, 3, 3, 3, 3, 3, 3, 3, 3, 3, 3, 3, 3, 3, 3, 3, 3, 3, 3, 3, 3, 3, 3, 3, 3, 3, 3, 3, 3, 3, 3, 3, 3, 3, 3, 3, 3, 3, 3, 3, 3, 3, 3, 3, 3, 3, 3, 3, 3, 3, 3, 3, 3, 3, 3, 3, 3, 3, 3, 3, 3, 3, 3, 3, 3, 3, 3, 3, 3, 3, 3, 3, 3, 3, 3, 3, 3, 3, 3, 3, 3, 3, 3, 3, 3, 3, 3, 3, 3, 3, 3, 3, 3, 3, 3, 3, 3, 3, 3, 3, 3, 3, 3, 3, 3, 3, 3, 3, 3, 3, 3, 3, 3, 3, 3, 3, 3, 3, 3, 3, 3, 3, 3, 3, 3, 3, 3, 3, 3, 3, 3, 3, 3, 3, 3, 3, 3, 3, 3, 3, 3, 3, 3, 3, 3, 3, 3, 3, 3, 3, 3, 3, 3, 3, 3, 3, 3, 3, 3, 3, 3, 3, 3, 3, 3, 3, 3, 3, 3, 3, 3, 3, 3, 3, 3, 3, 3, 3, 3, 3, 3, 3, 3, 3, 3, 3, 3, 3, 3, 3, 3, 3, 3, 3, 3, 3, 3, 3, 3, 3, 3, 3, 3, 3, 3, 3, 3, 3, 3, 3, 3, 3, 3, 3, 3, 3, 3, 3, 3, 3, 3, 3, 3, 3, 3, 3, 3, 3, 3, 3, 3, 3, 3, 3, 3, 3, 3, 3, 3, 3, 3, 3, 3, 3, 3, 3, 3, 3, 3, 3, 3, 3, 3, 3, 3, 3, 3, 3, 3, 3, 3, 3, 3, 3, 3, 3, 3, 3, 3, 3, 3, 3, 3, 3, 3, 3, 3, 3, 3, 3, 3, 3, 3, 3, 3, 3, 3, 3, 3, 3, 3, 3, 3, 3, 3, 3, 3, 3, 3, 3, 3, 3, 3, 3, 3, 3, 3, 3, 3, 3, 3, 3, 3, 3, 3, 3, 3, 3, 3, 3, 3, 3, 3, 3, 3, 3, 3, 3, 3, 3, 3, 3, 3, 3, 3, 3, 3, 3, 3, 3, 3, 3, 3, 3, 3, 3, 3, 3, 3, 3, 3, 3, 3, 3, 3, 3, 3, 3, 3, 3, 3, 3, 3, 3, 3, 3, 3, 3, 3, 3, 3, 3, 3, 3, 3, 3, 3, 3, 3, 3, 3, 3, 3, 3, 3, 3, 3, 3, 3, 3, 3, 3, 3, 3, 3, 3, 3, 3, 3, 3, 3, 3, 3, 3, 3, 3, 3, 3, 3, 3, 3, 3, 3, 3, 3, 3, 3, 3, 3, 3, 3, 3, 3, 3, 3, 3, 3, 3, 3, 3, 3, 3, 3, 3, 3, 3, 3, 3, 3, 3, 3, 3, 3, 3, 3, 3, 3, 3, 3, 3, 3, 3, 3, 3, 3, 3, 3, 3, 3, 3, 3, 3, 3, 3, 3, 3, 3, 3, 3, 3, 3, 3, 3, 3, 3, 3, 3, 3, 3, 3, 3, 3, 3, 3, 3, 3, 3, 3, 3, 3, 3, 3, 3, 3, 3, 3, 3, 3, 3, 3, 3, 3, 3, 3, 3, 3, 3, 3, 3, 3, 3, 3, 3, 3, 3, 3, 3, 3, 3, 3, 3, 3, 3, 3, 3, 3, 3, 3, 3, 3, 3, 3, 3, 3, 3, 3, 3, 3, 3, 3, 3, 3, 3, 3, 3, 3, 3, 3, 3, 3, 3, 3, 3, 3, 3, 3, 3, 3, 3, 3, 3, 3, 3, 3, 3, 3, 3, 3, 3, 3, 3, 3, 3, 3, 3, 3, 3, 3, 3, 3, 3, 3, 3, 3, 3, 3, 3, 3, 3, 3, 3, 3, 3, 3, 3, 3, 3, 3, 3, 3, 3, 3, 3, 3, 3, 3, 3, 3, 3, 3, 3, 3, 3, 3, 3, 3, 3, 3, 3, 3, 3, 3, 3, 3, 3, 3, 3, 3, 3, 3, 3, 3, 3, 3, 3, 3, 3, 3, 3, 3, 3, 3, 3, 3, 3, 3, 3, 3, 3, 3, 3, 3, 3, 3, 3, 3, 3, 3, 3, 3, 3, 3, 3, 3, 3, 3, 3, 3, 3, 3, 3, 3, 3, 3, 3, 3, 3, 3, 3, 3, 3, 3, 3, 3, 3, 3, 3, 3, 3, 3, 3, 3, 3, 3, 3, 3, 3, 3, 3, 3, 3, 3, 3, 3, 3, 3, 3, 3, 3, 3, 3, 3, 3, 3, 3, 3, 3, 3, 3, 3, 3, 3, 3, 3, 3, 3, 3, 3, 3, 3, 3, 3, 3, 3, 3, 3, 3, 3, 3, 3, 3, 3, 3, 3, 3, 3, 3, 3, 3, 3, 3, 3, 3, 3, 3, 3, 3, 3, 3, 3, 3, 3, 3, 3, 3, 3, 3, 3, 3, 3, 3, 3, 3, 3, 3, 3, 3, 3, 3, 3, 3, 3, 3, 3, 3, 3, 3, 3, 3, 3, 3, 3, 3, 3, 3, 3, 3, 3, 3, 3, 3, 3, 3, 3, 3, 3, 3, 3, 3, 3, 3, 3, 3, 3, 3, 3, 3, 3, 3, 3, 3, 3, 3, 3, 3, 3, 3, 3, 3, 3, 3, 3, 3, 3, 3, 3, 3, 3, 3, 3, 3, 3, 3, 3, 3, 3, 3, 3, 3, 3, 3, 3, 3, 3, 3, 3, 3, 3, 3, 3, 3, 3, 3, 3, 3, 3, 3, 3, 3, 3, 3, 3, 3, 3, 3, 3, 3, 3, 3, 3, 3, 3, 3, 3, 3, 3, 3, 3, 3, 3, 3, 3, 3, 3, 3, 3, 3, 3, 3, 3, 3, 3, 3, 3, 3, 3, 3, 3, 3, 3, 3, 3, 3, 3, 3, 3, 3, 3, 3, 3, 3, 3, 3, 3, 3, 3, 3, 3, 3, 3, 3, 3, 3, 3, 3, 3, 3, 3, 3, 3, 3, 3, 3, 3, 3, 3, 3, 3, 3, 3, 3, 3, 3, 3, 3, 3, 3, 3, 3, 3, 3, 3, 3, 3, 3, 3, 3, 3, 3, 3, 3, 3, 3, 3, 3, 3, 3, 3, 3, 3, 3, 3, 3, 3, 3, 3, 3, 3, 3, 3, 3, 3, 3, 3, 3, 3, 3, 3, 3, 3, 3, 3, 3, 3, 3, 3, 3, 3, 3, 3, 3, 3, 3, 3, 3, 3, 3, 3, 3, 3, 3, 3, 3, 3, 3, 3, 3, 3, 3, 3, 3, 3, 3, 3, 3, 3, 3, 3, 3, 3, 3, 3, 3, 3, 3, 3, 3, 3, 3, 3, 3, 3, 3, 3, 3, 3, 3, 3, 3, 3, 3, 3, 3, 3, 3, 3, 3, 3, 3, 3, 3, 3, 3, 3, 3, 3, 3, 3, 3, 3, 3, 3, 3, 3, 3, 3, 3, 3, 3, 3, 3, 3, 3, 3, 3, 3, 3, 3, 3, 3, 3, 3, 3, 3, 3, 3, 3, 3, 3, 3, 3, 3, 3, 3, 3, 3, 3, 3, 3, 3, 3, 3, 3, 3, 3, 3, 3, 3, 3, 3, 3, 3, 3, 3, 3, 3, 3, 3, 3, 3, 3, 3, 3, 3, 3, 3, 3, 3, 3, 3, 3, 3, 3, 3, 3, 3, 3, 3, 3, 3, 3, 3, 3, 3, 3, 3, 3, 3, 3, 3, 3, 3, 3, 3, 3, 3, 3, 3, 3, 3, 3, 3, 3, 3, 3, 3, 3, 3, 3, 3, 3, 3, 3, 3, 3, 3, 3, 3, 3, 3, 3, 3, 3, 3, 3, 3, 3, 3, 3, 3, 3, 3, 3, 3, 3, 3, 3, 3, 3, 3, 3, 3, 3, 3, 3, 3, 3, 3, 3, 3, 3, 3, 3, 3, 3, 3, 3, 3, 3, 3, 3, 3, 3, 3, 3, 3, 3, 3, 3, 3, 3, 3, 3, 3, 3, 3, 3, 3, 3, 3, 3, 3, 3, 3, 3, 3, 3, 3, 3, 3, 3, 3, 3, 3, 3, 3, 3, 3, 3, 3, 3, 3, 3, 3, 3, 3, 3, 3, 3, 3, 3, 3, 3, 3, 3, 3, 3, 3, 3, 3, 3, 3, 3, 3, 3, 3, 3, 3, 3, 3, 3, 3, 3, 3, 3, 3, 3, 3, 3, 3, 3, 3, 3, 3, 3, 3, 3, 3, 3, 3, 3, 3, 3, 3, 3, 3, 3, 3, 3, 3, 3, 3, 3, 3, 3, 3, 3, 3, 3, 3, 3, 3, 3, 3, 3, 3, 3, 3, 3, 3, 3, 3, 3, 3, 3, 3, 3, 3, 3, 3, 3, 3, 3, 3, 3, 3, 3, 3, 3, 3, 3, 3, 3, 3, 3, 3, 3, 3, 3, 3, 3, 3, 3, 3, 3, 3, 3, 3, 3, 3, 3, 3, 3, 3, 3, 3, 3, 3, 3, 3, 3, 3, 3, 3, 3, 3, 3, 3, 3, 3, 3, 3, 3, 3, 3, 3, 3, 3, 3, 3, 3, 3, 3, 3, 3, 3, 3, 3, 3, 3, 3, 3, 3, 3, 3, 3, 3, 3, 3, 3, 3, 3, 3, 3, 3, 3, 3, 3, 3, 3, 3, 3, 3, 3, 3, 3, 3, 3, 3, 3, 3, 3, 3, 3, 3, 3, 3, 3, 3, 3, 3, 3, 3, 3, 3, 3, 3, 3, 3, 3, 3, 3, 3, 3, 3, 3, 3, 3, 3, 3, 3, 3, 3, 3, 3, 3, 3, 3, 3, 3, 3, 3, 3, 3, 3, 3, 3, 3, 3, 3, 3, 3, 3, 3, 3, 3, 3, 3, 3, 3, 3, 3, 3, 3, 3, 3, 3, 3, 3, 3, 3, 3, 3, 3, 3, 3, 3, 3, 3, 3, 3, 3, 3, 3, 3, 3, 3, 3, 3, 3, 3, 3, 3, 3, 3, 3, 3, 3, 3, 3, 3, 3, 3, 3, 3, 3, 3, 3, 3, 3, 3, 3, 3, 3, 3, 3, 3, 3, 3, 3, 3, 3, 3, 3, 3, 3, 3, 3, 3, 3, 3, 3, 3, 3, 3, 3, 3, 3, 3, 3, 3, 3, 3, 3, 3, 3, 3, 3, 3, 3, 3, 3, 3, 3, 3, 3, 3, 3, 3, 3, 3, 3, 3, 3, 3, 3, 3, 3, 3, 3, 3, 3, 3, 3, 3, 3, 3, 3, 3, 3, 3, 3, 3, 3, 3, 3, 3, 3, 3, 3, 3, 3, 3, 3, 3, 3, 3, 3, 3, 3, 3, 3, 3, 3, 3, 3, 3, 3, 3, 3, 3, 3, 3, 3, 3, 3, 3, 3, 3, 3, 3, 3, 3, 3, 3, 3, 3, 3, 3, 3, 3, 3, 3, 3, 3, 3, 3, 3, 3, 3, 3, 3, 3, 3, 3, 3, 3, 3, 3, 3, 3, 3, 3, 3, 3, 3, 3, 3, 3, 3, 3, 3, 3, 3, 3, 3, 3, 3, 3, 3, 3, 3, 3, 3, 3, 3, 3, 3, 3, 3, 3, 3, 3, 3, 3, 3, 3, 3, 3, 3, 3, 3, 3, 3, 3, 3, 3, 3, 3, 3, 3, 3, 3, 3, 3, 3, 3, 3, 3, 3, 3, 3, 3, 3, 3, 3, 3, 3, 3, 3, 3, 3, 3, 3, 3, 3, 3, 3, 3, 3, 3, 3, 3, 3, 3, 3, 3, 3, 3, 3, 3, 3, 3, 3, 3, 3, 3, 3, 3, 3, 3, 3, 3, 3, 3, 3, 3, 3, 3, 3, 3, 3, 3, 3, 3, 3, 3, 3, 3, 3, 3, 3, 3, 3, 3, 3, 3, 3, 3, 3, 3, 3, 3, 3, 3, 3, 3, 3, 3, 3, 3, 3, 3, 3, 3, 3, 3, 3, 3, 3, 3, 3, 3, 3, 3, 3, 3, 3, 3, 3, 3, 3, 3, 3, 3, 3, 3, 3, 3, 3, 3, 3, 3, 3, 3, 3, 3, 3, 3, 3, 3, 3, 3, 3, 3, 3, 3, 3, 3, 3, 3, 3, 3, 3, 3, 3, 3, 3, 3, 3, 3, 3, 3, 3, 3, 3, 3, 3, 3, 3, 3, 3, 3, 3, 3, 3, 3, 3, 3, 3, 3, 3, 3, 3, 3, 3, 3, 3, 3, 3, 3, 3, 3, 3, 3, 3, 3, 3, 3, 3, 3, 3, 3, 3, 3, 3, 3, 3, 3, 3, 3, 3, 3, 3, 3, 3, 3, 3, 3, 3, 3, 3, 3, 3, 3, 3, 3, 3, 3, 3, 3, 3, 3, 3, 3, 3, 3, 3, 3, 3, 3, 3, 3, 3, 3, 3, 3, 3, 3, 3, 3, 3, 3, 3, 3, 3, 3, 3, 3, 3, 3, 3, 3, 3, 3, 3, 3, 3, 3, 3, 3, 3, 3, 3, 3, 3, 3, 3, 3, 3, 3, 3, 3, 3, 3, 3, 3, 3, 3, 3, 3, 3, 3, 3, 3, 3, 3, 3, 3, 3, 3, 3, 3, 3, 3, 3, 3, 3, 3, 3, 3, 3, 3, 3, 3, 3, 3, 3, 3, 3, 3, 3, 3, 3, 3, 3, 3, 3, 3, 3, 3, 3, 3, 3, 3, 3, 3, 3, 3, 3, 3, 3, 3, 3, 3, 3, 3, 3, 3, 3, 3, 3, 3, 3, 3, 3, 3, 3, 3, 3, 3, 3, 3, 3, 3, 3, 3, 3, 3, 3, 3, 3, 3, 3, 3, 3, 3, 3, 3, 3, 3, 3, 3, 3, 3, 3, 3, 3, 3, 3, 3, 3, 3, 3, 3, 3, 3, 3, 3, 3, 3, 3, 3, 3, 3, 3, 3, 3, 3, 3, 3, 3, 3, 3, 3, 3, 3, 3, 3, 3, 3, 3, 3, 3, 3, 3, 3, 3, 3, 3, 3, 3, 3, 3, 3, 3, 3, 3, 3, 3, 3, 3, 3, 3, 3, 3, 3, 3, 3, 3, 3, 3, 3, 3, 3, 3, 3, 3, 3, 3, 3, 3, 3, 3, 3, 3, 3, 3, 3, 3, 3, 3, 3, 3, 3, 3, 3, 3, 3, 3, 3, 3, 3, 3, 3, 3, 3, 3, 3, 3, 3, 3, 3, 3, 3, 3, 3, 3, 3, 3, 3, 3, 3, 3, 3, 3, 3, 3, 3, 3, 3, 3, 3, 3, 3, 3, 3, 3, 3, 3, 3, 3, 3, 3, 3, 3, 3, 3, 3, 3, 3, 3, 3, 3, 3, 3, 3, 3, 3, 3, 3, 3, 3, 3, 3, 3, 3, 3, 3, 3, 3, 3, 3, 3, 3, 3, 3, 3, 3, 3, 3, 3, 3, 3, 3, 3, 3, 3, 3, 3, 3, 3, 3, 3, 3, 3, 3, 3, 3, 3, 3, 3, 3, 3, 3, 3, 3, 3, 3, 3, 3, 3, 3, 3, 3, 3, 3, 3, 3, 3, 3, 3, 3, 3, 3, 3, 3, 3, 3, 3, 3, 3, 3, 3, 3, 3, 3, 3, 3, 3, 3, 3, 3, 3, 3, 3, 3, 3, 3, 3, 3, 3, 3, 3, 3, 3, 3, 3, 3, 3, 3, 3, 3, 3, 3, 3, 3, 3, 3, 3, 3, 3, 3, 3, 3, 3, 3, 3, 3, 3, 3, 3, 3, 3, 3, 3, 3, 3, 3, 3, 3, 3, 3, 3, 3, 3, 3, 3, 3, 3, 3, 3, 3, 3, 3, 3, 3, 3, 3, 3, 3, 3, 3, 3, 3, 3, 3, 3, 3, 3, 3, 3, 3, 3, 3, 3, 3, 3, 3, 3, 3, 3, 3, 3, 3, 3, 3, 3, 3, 3, 3, 3, 3, 3, 3, 3, 3, 3, 3, 3, 3, 3, 3, 3, 3, 3, 3, 3, 3, 3, 3, 3, 3, 3, 3, 3, 3, 3, 3, 3, 3, 3, 3, 3, 3, 3, 3, 3, 3, 3, 3, 3, 3, 3, 3, 3, 3, 3, 3, 3, 3, 3, 3, 3, 3, 3, 3, 3, 3, 3, 3, 3, 3, 3, 3, 3, 3, 3, 3, 3, 3, 3, 3, 3, 3, 3, 3, 3, 3, 3, 3, 3, 3, 3, 3, 3, 3, 3, 3, 3, 3, 3, 3, 3, 3, 3, 3, 3, 3, 3, 3, 3, 3, 3, 3, 3, 3, 3, 3, 3, 3, 3, 3, 3, 3, 3, 3, 3, 3, 3, 3, 3, 3, 3, 3, 3, 3, 3, 3, 3, 3, 3, 3, 3, 3, 3, 3, 3, 3, 3, 3, 3, 3, 3, 3, 3, 3, 3, 3, 3, 3, 3, 3, 3, 3, 3, 3, 3, 3, 3, 3, 3, 3, 3, 3, 3, 3, 3, 3, 3, 3, 3, 3, 3, 3, 3, 3, 3, 3, 3, 3, 3, 3, 3, 3, 3, 3, 3, 3, 3, 3, 3, 3, 3, 3, 3, 3, 3, 3, 3, 3, 3, 3, 3, 3, 3, 3, 3, 3, 3, 3, 3, 3, 3, 3, 3, 3, 3, 3, 3, 3, 3, 3, 3, 3, 3, 3, 3, 3, 3, 3, 3, 3, 3, 3, 3, 3, 3, 3, 3, 3, 3, 3, 3, 3, 3, 3, 3, 3, 3, 3, 3, 3, 3, 3, 3, 3, 3, 3, 3, 3, 3, 3, 3, 3, 3, 3, 3, 3, 3, 3, 3, 3, 3, 3, 3, 3, 3, 3, 3, 3, 3, 3, 3, 3, 3, 3, 3, 3, 3, 3, 3, 3, 3, 3, 3, 3, 3, 3, 3, 3, 3, 3, 3, 3, 3, 3, 3, 3, 3, 3, 3, 3, 3, 3, 3, 3, 3, 3, 3, 3, 3, 3, 3, 3, 3, 3, 3, 3, 3, 3, 3, 3, 3, 3, 3, 3, 3, 3, 3, 3, 3, 3, 3, 3, 3, 3, 3, 3, 3, 3, 3, 3, 3, 3, 3, 3, 3, 3, 3, 3, 3, 3, 3, 3, 3, 3, 3, 3, 3, 3, 3, 3, 3, 3, 3, 3, 3, 3, 3, 3, 3, 3]
        int[] faceVertexIndices = [129, 0, 1, 67, 66, 129, 64, 62, 63, 65, 128, 64, 130, 1, 2, 130, 2, 3, 130, 129, 1, 130, 67, 129, 130, 68, 67, 130, 69, 68, 131, 3, 4, 131, 4, 5, 131, 130, 3, 131, 69, 130, 131, 70, 69, 131, 71, 70, 132, 5, 6, 132, 6, 7, 132, 72, 71, 132, 73, 72, 132, 131, 5, 132, 71, 131, 133, 7, 8, 133, 8, 9, 133, 132, 7, 133, 73, 132, 133, 74, 73, 133, 75, 74, 134, 9, 10, 134, 10, 11, 134, 133, 9, 134, 75, 133, 134, 76, 75, 134, 77, 76, 135, 77, 134, 135, 11, 12, 135, 12, 13, 135, 78, 77, 135, 79, 78, 135, 134, 11, 136, 13, 14, 136, 14, 15, 136, 135, 13, 136, 79, 135, 136, 80, 79, 136, 81, 80, 137, 15, 16, 137, 16, 17, 137, 136, 15, 137, 81, 136, 137, 82, 81, 137, 83, 82, 138, 17, 18, 138, 18, 19, 138, 137, 17, 138, 83, 137, 138, 84, 83, 138, 85, 84, 139, 85, 138, 139, 19, 20, 139, 20, 21, 139, 86, 85, 139, 87, 86, 139, 138, 19, 140, 21, 22, 140, 22, 23, 140, 139, 21, 140, 87, 139, 140, 88, 87, 140, 89, 88, 141, 23, 24, 141, 24, 25, 141, 140, 23, 141, 90, 89, 141, 91, 90, 141, 89, 140, 142, 141, 25, 142, 91, 141, 142, 25, 26, 142, 26, 27, 142, 92, 91, 142, 93, 92, 143, 27, 28, 143, 28, 29, 143, 142, 27, 143, 93, 142, 143, 94, 93, 143, 95, 94, 144, 29, 30, 144, 30, 31, 144, 95, 143, 144, 143, 29, 144, 96, 95, 144, 97, 96, 145, 144, 31, 145, 31, 32, 145, 97, 144, 145, 98, 97, 146, 32, 33, 146, 33, 34, 146, 98, 145, 146, 145, 32, 146, 99, 98, 146, 100, 99, 147, 102, 101, 147, 100, 146, 147, 34, 35, 147, 35, 36, 147, 146, 34, 147, 101, 100, 148, 103, 102, 148, 104, 103, 148, 102, 147, 148, 36, 37, 148, 37, 38, 148, 147, 36, 149, 148, 38, 149, 105, 104, 149, 106, 105, 149, 38, 39, 149, 39, 40, 149, 104, 148, 150, 107, 106, 150, 106, 149, 150, 108, 107, 150, 40, 41, 150, 41, 42, 150, 149, 40, 151, 109, 108, 151, 110, 109, 151, 108, 150, 151, 150, 42, 151, 42, 43, 151, 43, 44, 152, 111, 110, 152, 112, 111, 152, 110, 151, 152, 44, 45, 152, 45, 46, 152, 151, 44, 153, 113, 112, 153, 114, 113, 153, 112, 152, 153, 46, 47, 153, 47, 48, 153, 152, 46, 154, 115, 114, 154, 116, 115, 154, 114, 153, 154, 48, 49, 154, 49, 50, 154, 153, 48, 155, 117, 116, 155, 118, 117, 155, 50, 51, 155, 51, 52, 155, 116, 154, 155, 154, 50, 156, 119, 118, 156, 120, 119, 156, 118, 155, 156, 52, 53, 156, 53, 54, 156, 155, 52, 157, 121, 120, 157, 122, 121, 157, 54, 55, 157, 55, 56, 157, 120, 156, 157, 156, 54, 158, 123, 122, 158, 124, 123, 158, 157, 56, 158, 56, 57, 158, 57, 58, 158, 122, 157, 159, 158, 58, 159, 125, 124, 159, 126, 125, 159, 58, 59, 159, 59, 60, 159, 124, 158, 160, 126, 159, 160, 159, 60, 160, 127, 126, 160, 128, 127, 160, 60, 61, 160, 61, 62, 160, 62, 64, 160, 64, 128, 211, 213, 212, 222, 219, 218, 222, 220, 219, 222, 221, 220, 209, 211, 210, 209, 214, 213, 209, 215, 214, 209, 213, 211, 161, 223, 222, 163, 162, 161, 163, 161, 222, 206, 208, 207, 203, 205, 204, 202, 205, 203, 202, 206, 205, 202, 209, 208, 202, 208, 206, 169, 167, 166, 169, 168, 167, 200, 209, 202, 200, 202, 201, 200, 215, 209, 171, 170, 169, 198, 200, 199, 197, 200, 198, 173, 172, 171, 173, 171, 169, 196, 164, 163, 196, 165, 164, 196, 163, 222, 196, 200, 197, 196, 216, 215, 196, 217, 216, 196, 218, 217, 196, 222, 218, 196, 215, 200, 194, 196, 195, 176, 174, 173, 176, 175, 174, 176, 173, 169, 176, 169, 166, 192, 166, 165, 192, 165, 196, 192, 194, 193, 192, 196, 194, 178, 177, 176, 179, 178, 176, 189, 191, 190, 189, 192, 191, 181, 180, 179, 181, 179, 176, 188, 192, 189, 188, 166, 192, 183, 182, 181, 186, 188, 187, 184, 183, 181, 185, 176, 166, 185, 181, 176, 185, 166, 188, 185, 188, 186, 185, 184, 181, 290, 224, 225, 290, 289, 224, 291, 225, 226, 291, 290, 225, 292, 226, 227, 292, 227, 228, 292, 291, 226, 293, 228, 229, 293, 292, 228, 294, 293, 229, 295, 229, 230, 295, 230, 231, 295, 294, 229, 296, 295, 231, 297, 231, 232, 297, 296, 231, 298, 232, 233, 298, 297, 232, 299, 233, 234, 299, 298, 233, 300, 234, 235, 300, 235, 236, 300, 299, 234, 301, 300, 236, 302, 236, 237, 302, 301, 236, 303, 237, 238, 303, 302, 237, 304, 238, 239, 304, 303, 238, 305, 239, 240, 305, 240, 241, 305, 304, 239, 306, 305, 241, 307, 306, 241, 307, 241, 242, 308, 307, 242, 308, 242, 243, 309, 308, 243, 309, 243, 244, 310, 309, 244, 310, 244, 245, 311, 310, 245, 311, 245, 246, 312, 246, 247, 312, 247, 248, 312, 311, 246, 313, 312, 248, 314, 248, 249, 314, 313, 248, 315, 249, 250, 315, 314, 249, 316, 250, 251, 316, 315, 250, 317, 251, 252, 317, 316, 251, 318, 252, 253, 318, 317, 252, 319, 253, 254, 319, 318, 253, 320, 254, 255, 320, 319, 254, 321, 255, 256, 321, 320, 255, 322, 256, 257, 322, 321, 256, 323, 257, 258, 323, 322, 257, 324, 258, 259, 324, 323, 258, 325, 259, 260, 325, 260, 261, 325, 324, 259, 326, 325, 261, 327, 261, 262, 327, 326, 261, 328, 262, 263, 328, 263, 264, 328, 327, 262, 329, 264, 265, 329, 328, 264, 330, 329, 265, 331, 265, 266, 331, 330, 265, 332, 331, 266, 332, 266, 267, 332, 267, 268, 333, 332, 268, 334, 333, 268, 334, 268, 269, 335, 334, 269, 335, 269, 270, 335, 270, 271, 336, 335, 271, 336, 271, 272, 337, 336, 272, 337, 272, 273, 338, 337, 273, 339, 338, 273, 339, 273, 274, 340, 339, 274, 340, 274, 275, 340, 275, 276, 341, 340, 276, 342, 341, 276, 342, 276, 277, 342, 277, 278, 343, 342, 278, 343, 278, 279, 344, 343, 279, 345, 279, 280, 345, 344, 279, 346, 280, 281, 346, 345, 280, 347, 281, 282, 347, 346, 281, 348, 282, 283, 348, 347, 282, 349, 283, 284, 349, 284, 285, 349, 348, 283, 350, 349, 285, 351, 285, 286, 351, 350, 285, 288, 286, 287, 288, 351, 286, 454, 390, 391, 455, 391, 392, 455, 392, 393, 455, 454, 391, 453, 390, 454, 456, 455, 393, 452, 389, 390, 452, 390, 453, 457, 393, 394, 457, 456, 393, 451, 388, 389, 451, 389, 452, 458, 457, 394, 458, 394, 395, 450, 387, 388, 450, 388, 451, 459, 395, 396, 459, 458, 395, 449, 385, 386, 449, 386, 387, 449, 387, 450, 460, 396, 397, 460, 459, 396, 448, 385, 449, 461, 397, 398, 461, 460, 397, 447, 383, 384, 447, 384, 385, 447, 385, 448, 462, 398, 399, 462, 399, 400, 462, 461, 398, 446, 382, 383, 446, 383, 447, 463, 462, 400, 445, 382, 446, 464, 400, 401, 464, 463, 400, 444, 382, 445, 444, 380, 381, 444, 381, 382, 465, 464, 401, 465, 401, 402, 443, 380, 444, 466, 465, 402, 466, 402, 403, 404, 466, 403, 442, 380, 443, 442, 379, 380, 467, 466, 404, 441, 378, 379, 441, 379, 442, 468, 467, 404, 468, 404, 405, 406, 468, 405, 440, 378, 441, 440, 377, 378, 469, 468, 406, 439, 376, 377, 439, 377, 440, 470, 469, 406, 470, 406, 407, 375, 376, 439, 375, 439, 438, 408, 471, 470, 408, 470, 407, 437, 375, 438, 472, 471, 408, 374, 375, 437, 409, 472, 408, 436, 374, 437, 373, 374, 436, 410, 473, 472, 410, 472, 409, 474, 473, 410, 372, 373, 436, 372, 436, 435, 411, 474, 410, 371, 435, 434, 371, 372, 435, 412, 475, 474, 412, 474, 411, 370, 433, 432, 370, 434, 433, 370, 371, 434, 413, 476, 475, 413, 475, 412, 369, 370, 432, 414, 476, 413, 414, 477, 476, 368, 369, 432, 368, 432, 431, 352, 477, 414, 352, 415, 477, 367, 368, 431, 367, 431, 430, 353, 415, 352, 353, 416, 415, 366, 367, 430, 366, 430, 429, 354, 417, 416, 354, 418, 417, 354, 416, 353, 365, 366, 429, 365, 428, 427, 365, 429, 428, 355, 418, 354, 364, 365, 427, 364, 427, 426, 356, 418, 355, 356, 419, 418, 356, 420, 419, 363, 364, 426, 357, 420, 356, 362, 363, 426, 362, 425, 424, 362, 426, 425, 358, 420, 357, 358, 421, 420, 358, 422, 421, 361, 362, 424, 359, 422, 358, 360, 361, 424, 360, 423, 422, 360, 424, 423, 360, 422, 359, 544, 478, 479, 544, 543, 478, 545, 479, 480, 545, 480, 481, 545, 544, 479, 546, 545, 481, 547, 481, 482, 547, 546, 481, 548, 482, 483, 548, 483, 484, 548, 547, 482, 549, 548, 484, 550, 484, 485, 550, 549, 484, 551, 485, 486, 551, 486, 487, 551, 550, 485, 552, 551, 487, 553, 487, 488, 553, 552, 487, 554, 488, 489, 554, 553, 488, 555, 489, 490, 555, 490, 491, 555, 554, 489, 556, 555, 491, 557, 491, 492, 557, 556, 491, 558, 492, 493, 558, 557, 492, 559, 493, 494, 559, 558, 493, 560, 494, 495, 560, 495, 496, 560, 559, 494, 561, 560, 496, 562, 561, 496, 562, 496, 497, 563, 562, 497, 563, 497, 498, 563, 498, 499, 564, 563, 499, 565, 564, 499, 565, 499, 500, 566, 500, 501, 566, 565, 500, 567, 501, 502, 567, 566, 501, 568, 502, 503, 568, 567, 502, 569, 503, 504, 569, 504, 505, 569, 568, 503, 570, 569, 505, 571, 505, 506, 571, 570, 505, 572, 506, 507, 572, 571, 506, 573, 507, 508, 573, 572, 507, 574, 508, 509, 574, 573, 508, 575, 509, 510, 575, 510, 511, 575, 574, 509, 576, 575, 511, 577, 511, 512, 577, 576, 511, 578, 512, 513, 578, 577, 512, 579, 513, 514, 579, 578, 513, 580, 514, 515, 580, 579, 514, 581, 515, 516, 581, 580, 515, 582, 516, 517, 582, 581, 516, 583, 517, 518, 583, 582, 517, 584, 518, 519, 584, 583, 518, 585, 519, 520, 585, 520, 521, 585, 584, 519, 586, 585, 521, 587, 586, 521, 587, 521, 522, 588, 587, 522, 588, 522, 523, 588, 523, 524, 589, 588, 524, 590, 589, 524, 590, 524, 525, 591, 590, 525, 591, 525, 526, 591, 526, 527, 592, 591, 527, 593, 592, 527, 593, 527, 528, 594, 593, 528, 594, 528, 529, 594, 529, 530, 595, 594, 530, 596, 595, 530, 596, 530, 531, 597, 596, 531, 597, 531, 532, 598, 597, 532, 598, 532, 533, 599, 533, 534, 599, 598, 533, 600, 534, 535, 600, 599, 534, 601, 535, 536, 601, 600, 535, 602, 536, 537, 602, 601, 536, 603, 537, 538, 603, 602, 537, 604, 538, 539, 604, 603, 538, 605, 539, 540, 605, 604, 539, 542, 540, 541, 542, 605, 540, 725, 661, 724, 725, 662, 661, 723, 724, 661, 723, 661, 660, 726, 663, 662, 726, 662, 725, 722, 660, 659, 722, 723, 660, 727, 664, 663, 727, 663, 726, 721, 659, 658, 721, 722, 659, 728, 665, 664, 728, 664, 727, 720, 657, 656, 720, 658, 657, 720, 721, 658, 729, 666, 665, 729, 667, 666, 729, 665, 728, 719, 720, 656, 730, 667, 729, 718, 655, 654, 718, 656, 655, 718, 719, 656, 731, 668, 667, 731, 667, 730, 717, 718, 654, 669, 668, 731, 669, 607, 606, 669, 606, 668, 716, 654, 653, 716, 717, 654, 670, 607, 669, 715, 716, 653, 715, 653, 652, 671, 608, 607, 671, 609, 608, 671, 607, 670, 714, 715, 652, 714, 652, 651, 672, 609, 671, 713, 714, 651, 713, 651, 650, 673, 610, 609, 673, 611, 610, 673, 609, 672, 712, 713, 650, 712, 650, 649, 674, 611, 673, 711, 712, 649, 711, 649, 648, 675, 612, 611, 675, 611, 674, 710, 711, 648, 710, 648, 647, 646, 710, 647, 676, 613, 612, 676, 612, 675, 709, 710, 646, 614, 613, 676, 614, 676, 677, 645, 708, 709, 645, 709, 646, 615, 614, 677, 615, 677, 678, 679, 615, 678, 644, 707, 708, 644, 708, 645, 616, 615, 679, 643, 706, 707, 643, 707, 644, 617, 679, 680, 617, 616, 679, 642, 706, 643, 642, 705, 706, 618, 680, 681, 618, 681, 682, 618, 617, 680, 641, 705, 642, 641, 703, 704, 641, 704, 705, 619, 682, 683, 619, 618, 682, 640, 703, 641, 620, 619, 683, 620, 683, 684, 639, 703, 640, 639, 701, 702, 639, 702, 703, 621, 620, 684, 638, 701, 639, 638, 700, 701, 622, 621, 684, 622, 684, 685, 622, 685, 686, 637, 700, 638, 623, 622, 686, 623, 686, 687, 636, 700, 637, 636, 699, 700, 624, 623, 687, 635, 699, 636, 635, 698, 699, 625, 624, 687, 625, 687, 688, 634, 698, 635, 634, 697, 698, 626, 625, 688, 626, 688, 689, 633, 697, 634, 633, 695, 696, 633, 696, 697, 627, 626, 689, 627, 689, 690, 632, 695, 633, 628, 627, 690, 628, 690, 691, 631, 695, 632, 631, 693, 694, 631, 694, 695, 629, 628, 691, 629, 691, 692, 629, 692, 693, 630, 693, 631, 630, 629, 693, 798, 732, 733, 798, 797, 732, 799, 733, 734, 799, 798, 733, 800, 734, 735, 800, 735, 736, 800, 799, 734, 801, 736, 737, 801, 800, 736, 802, 801, 737, 803, 737, 738, 803, 738, 739, 803, 802, 737, 804, 739, 740, 804, 803, 739, 805, 804, 740, 806, 740, 741, 806, 805, 740, 807, 741, 742, 807, 806, 741, 808, 742, 743, 808, 807, 742, 809, 743, 744, 809, 744, 745, 809, 808, 743, 810, 809, 745, 811, 745, 746, 811, 810, 745, 812, 746, 747, 812, 811, 746, 813, 747, 748, 813, 812, 747, 814, 748, 749, 814, 749, 750, 814, 813, 748, 815, 814, 750, 816, 815, 750, 816, 750, 751, 816, 751, 752, 817, 816, 752, 818, 817, 752, 818, 752, 753, 818, 753, 754, 819, 818, 754, 819, 754, 755, 820, 819, 755, 821, 820, 755, 821, 755, 756, 821, 756, 757, 822, 821, 757, 823, 757, 758, 823, 822, 757, 824, 758, 759, 824, 823, 758, 825, 759, 760, 825, 760, 761, 825, 824, 759, 826, 825, 761, 827, 761, 762, 827, 826, 761, 828, 762, 763, 828, 827, 762, 829, 763, 764, 829, 828, 763, 830, 764, 765, 830, 829, 764, 831, 765, 766, 831, 766, 767, 831, 830, 765, 832, 767, 768, 832, 831, 767, 833, 832, 768, 834, 768, 769, 834, 833, 768, 835, 769, 770, 835, 834, 769, 836, 770, 771, 836, 835, 770, 837, 771, 772, 837, 836, 771, 838, 772, 773, 838, 837, 772, 839, 773, 774, 839, 774, 775, 839, 838, 773, 840, 839, 775, 841, 840, 775, 841, 775, 776, 842, 841, 776, 842, 776, 777, 842, 777, 778, 843, 842, 778, 844, 843, 778, 844, 778, 779, 845, 844, 779, 845, 779, 780, 845, 780, 781, 846, 845, 781, 847, 846, 781, 847, 781, 782, 848, 847, 782, 848, 782, 783, 848, 783, 784, 849, 848, 784, 850, 849, 784, 850, 784, 785, 851, 850, 785, 851, 785, 786, 852, 851, 786, 852, 786, 787, 852, 787, 788, 853, 852, 788, 854, 788, 789, 854, 853, 788, 855, 789, 790, 855, 790, 791, 855, 854, 789, 856, 855, 791, 857, 791, 792, 857, 856, 791, 858, 792, 793, 858, 793, 794, 858, 857, 792, 859, 858, 794, 796, 794, 795, 796, 859, 794, 962, 898, 899, 962, 899, 900, 963, 900, 901, 963, 962, 900, 961, 897, 898, 961, 898, 962, 964, 963, 901, 960, 897, 961, 965, 901, 902, 965, 964, 901, 959, 895, 896, 959, 896, 897, 959, 897, 960, 966, 902, 903, 966, 965, 902, 958, 895, 959, 967, 903, 904, 967, 966, 903, 957, 894, 895, 957, 895, 958, 968, 904, 905, 968, 967, 904, 906, 968, 905, 956, 893, 894, 956, 894, 957, 969, 968, 906, 955, 892, 893, 955, 893, 956, 970, 906, 907, 970, 969, 906, 954, 891, 892, 954, 892, 955, 971, 907, 908, 971, 970, 907, 953, 890, 891, 953, 891, 954, 972, 908, 909, 972, 971, 908, 889, 890, 953, 910, 972, 909, 952, 889, 953, 973, 972, 910, 911, 973, 910, 951, 889, 952, 951, 888, 889, 974, 973, 911, 950, 888, 951, 950, 887, 888, 912, 974, 911, 975, 974, 912, 886, 887, 950, 949, 886, 950, 976, 975, 912, 976, 912, 913, 948, 885, 886, 948, 886, 949, 977, 976, 913, 977, 913, 914, 947, 884, 885, 947, 885, 948, 915, 977, 914, 978, 977, 915, 946, 884, 947, 883, 884, 946, 916, 979, 978, 916, 978, 915, 945, 883, 946, 882, 883, 945, 917, 980, 979, 917, 979, 916, 944, 882, 945, 881, 882, 944, 918, 981, 980, 918, 980, 917, 880, 881, 944, 880, 944, 943, 919, 982, 981, 919, 981, 918, 879, 880, 943, 879, 943, 942, 920, 983, 982, 920, 982, 919, 878, 942, 941, 878, 879, 942, 921, 984, 983, 921, 983, 920, 985, 984, 921, 877, 941, 940, 877, 878, 941, 922, 985, 921, 939, 877, 940, 876, 877, 939, 860, 985, 922, 860, 923, 985, 875, 876, 939, 875, 939, 938, 937, 875, 938, 861, 923, 860, 861, 924, 923, 925, 924, 861, 874, 875, 937, 862, 925, 861, 873, 874, 937, 873, 937, 936, 863, 925, 862, 863, 926, 925, 872, 873, 936, 872, 936, 935, 864, 926, 863, 864, 927, 926, 871, 872, 935, 871, 934, 933, 871, 935, 934, 865, 927, 864, 865, 928, 927, 870, 871, 933, 866, 928, 865, 866, 929, 928, 869, 870, 933, 869, 933, 932, 867, 929, 866, 867, 930, 929, 867, 931, 930, 868, 932, 931, 868, 869, 932, 868, 931, 867, 1052, 986, 987, 1052, 1051, 986, 1053, 987, 988, 1053, 1052, 987, 1054, 988, 989, 1054, 1053, 988, 1055, 989, 990, 1055, 1054, 989, 1056, 990, 991, 1056, 1055, 990, 1057, 991, 992, 1057, 1056, 991, 1058, 992, 993, 1058, 1057, 992, 1059, 993, 994, 1059, 1058, 993, 1060, 994, 995, 1060, 1059, 994, 996, 1060, 995, 1061, 1060, 996, 1062, 996, 997, 1062, 1061, 996, 1063, 997, 998, 1063, 1062, 997, 1064, 998, 999, 1064, 1063, 998, 1000, 1064, 999, 1065, 1064, 1000, 1066, 1000, 1001, 1066, 1065, 1000, 1067, 1001, 1002, 1067, 1066, 1001, 1068, 1002, 1003, 1068, 1067, 1002, 1069, 1003, 1004, 1069, 1068, 1003, 1005, 1069, 1004, 1070, 1069, 1005, 1071, 1070, 1005, 1071, 1005, 1006, 1007, 1071, 1006, 1072, 1071, 1007, 1073, 1072, 1007, 1073, 1007, 1008, 1009, 1073, 1008, 1074, 1073, 1009, 1075, 1009, 1010, 1075, 1074, 1009, 1076, 1010, 1011, 1076, 1075, 1010, 1077, 1011, 1012, 1077, 1076, 1011, 1078, 1012, 1013, 1078, 1077, 1012, 1014, 1078, 1013, 1079, 1078, 1014, 1080, 1014, 1015, 1080, 1079, 1014, 1081, 1015, 1016, 1081, 1080, 1015, 1082, 1016, 1017, 1082, 1081, 1016, 1083, 1017, 1018, 1083, 1082, 1017, 1084, 1018, 1019, 1084, 1083, 1018, 1020, 1084, 1019, 1085, 1084, 1020, 1021, 1085, 1020, 1086, 1085, 1021, 1087, 1021, 1022, 1087, 1086, 1021, 1088, 1022, 1023, 1088, 1087, 1022, 1089, 1023, 1024, 1089, 1088, 1023, 1090, 1024, 1025, 1090, 1089, 1024, 1091, 1025, 1026, 1091, 1090, 1025, 1092, 1026, 1027, 1092, 1091, 1026, 1028, 1092, 1027, 1093, 1092, 1028, 1094, 1093, 1028, 1094, 1028, 1029, 1030, 1094, 1029, 1095, 1094, 1030, 1096, 1095, 1030, 1096, 1030, 1031, 1097, 1096, 1031, 1097, 1031, 1032, 1098, 1097, 1032, 1098, 1032, 1033, 1099, 1098, 1033, 1099, 1033, 1034, 1100, 1099, 1034, 1100, 1034, 1035, 1101, 1100, 1035, 1101, 1035, 1036, 1102, 1101, 1036, 1102, 1036, 1037, 1103, 1102, 1037, 1103, 1037, 1038, 1104, 1103, 1038, 1104, 1038, 1039, 1105, 1104, 1039, 1105, 1039, 1040, 1106, 1105, 1040, 1106, 1040, 1041, 1107, 1106, 1041, 1107, 1041, 1042, 1108, 1107, 1042, 1108, 1042, 1043, 1109, 1043, 1044, 1109, 1108, 1043, 1110, 1044, 1045, 1110, 1109, 1044, 1111, 1045, 1046, 1111, 1110, 1045, 1112, 1046, 1047, 1112, 1111, 1046, 1113, 1047, 1048, 1113, 1112, 1047, 1050, 1048, 1049, 1050, 1113, 1048, 1180, 1114, 1115, 1180, 1179, 1114, 1181, 1115, 1116, 1181, 1180, 1115, 1182, 1116, 1117, 1182, 1181, 1116, 1183, 1117, 1118, 1183, 1182, 1117, 1184, 1118, 1119, 1184, 1183, 1118, 1185, 1119, 1120, 1185, 1184, 1119, 1186, 1120, 1121, 1186, 1185, 1120, 1187, 1121, 1122, 1187, 1186, 1121, 1188, 1122, 1123, 1188, 1187, 1122, 1189, 1123, 1124, 1189, 1188, 1123, 1190, 1124, 1125, 1190, 1189, 1124, 1191, 1125, 1126, 1191, 1190, 1125, 1192, 1126, 1127, 1192, 1191, 1126, 1193, 1127, 1128, 1193, 1192, 1127, 1194, 1128, 1129, 1194, 1193, 1128, 1130, 1194, 1129, 1195, 1194, 1130, 1196, 1130, 1131, 1196, 1195, 1130, 1132, 1196, 1131, 1197, 1196, 1132, 1198, 1197, 1132, 1198, 1132, 1133, 1199, 1198, 1133, 1199, 1133, 1134, 1200, 1199, 1134, 1200, 1134, 1135, 1201, 1200, 1135, 1201, 1135, 1136, 1202, 1201, 1136, 1202, 1136, 1137, 1203, 1137, 1138, 1203, 1202, 1137, 1204, 1138, 1139, 1204, 1203, 1138, 1205, 1139, 1140, 1205, 1204, 1139, 1141, 1205, 1140, 1206, 1205, 1141, 1207, 1141, 1142, 1207, 1206, 1141, 1208, 1142, 1143, 1208, 1207, 1142, 1209, 1143, 1144, 1209, 1208, 1143, 1210, 1144, 1145, 1210, 1209, 1144, 1211, 1145, 1146, 1211, 1210, 1145, 1147, 1211, 1146, 1212, 1211, 1147, 1213, 1147, 1148, 1213, 1212, 1147, 1214, 1148, 1149, 1214, 1213, 1148, 1215, 1149, 1150, 1215, 1214, 1149, 1151, 1215, 1150, 1216, 1215, 1151, 1217, 1151, 1152, 1217, 1216, 1151, 1218, 1152, 1153, 1218, 1217, 1152, 1219, 1153, 1154, 1219, 1218, 1153, 1220, 1154, 1155, 1220, 1219, 1154, 1156, 1220, 1155, 1221, 1220, 1156, 1157, 1221, 1156, 1222, 1221, 1157, 1223, 1222, 1157, 1223, 1157, 1158, 1224, 1223, 1158, 1224, 1158, 1159, 1225, 1224, 1159, 1225, 1159, 1160, 1226, 1225, 1160, 1226, 1160, 1161, 1227, 1226, 1161, 1227, 1161, 1162, 1228, 1227, 1162, 1228, 1162, 1163, 1229, 1228, 1163, 1229, 1163, 1164, 1230, 1229, 1164, 1230, 1164, 1165, 1231, 1230, 1165, 1231, 1165, 1166, 1232, 1231, 1166, 1232, 1166, 1167, 1233, 1232, 1167, 1233, 1167, 1168, 1234, 1233, 1168, 1234, 1168, 1169, 1235, 1234, 1169, 1235, 1169, 1170, 1236, 1235, 1170, 1236, 1170, 1171, 1237, 1171, 1172, 1237, 1236, 1171, 1238, 1172, 1173, 1238, 1237, 1172, 1239, 1173, 1174, 1239, 1238, 1173, 1240, 1174, 1175, 1240, 1239, 1174, 1241, 1175, 1176, 1241, 1240, 1175, 1178, 1176, 1177, 1178, 1241, 1176, 1308, 1242, 1243, 1308, 1307, 1242, 1309, 1243, 1244, 1309, 1308, 1243, 1310, 1244, 1245, 1310, 1309, 1244, 1311, 1245, 1246, 1311, 1310, 1245, 1312, 1246, 1247, 1312, 1311, 1246, 1248, 1312, 1247, 1313, 1312, 1248, 1314, 1248, 1249, 1314, 1313, 1248, 1315, 1249, 1250, 1315, 1314, 1249, 1251, 1315, 1250, 1316, 1315, 1251, 1252, 1316, 1251, 1317, 1316, 1252, 1318, 1252, 1253, 1318, 1317, 1252, 1319, 1253, 1254, 1319, 1318, 1253, 1320, 1254, 1255, 1320, 1319, 1254, 1321, 1255, 1256, 1321, 1320, 1255, 1322, 1256, 1257, 1322, 1321, 1256, 1323, 1257, 1258, 1323, 1322, 1257, 1259, 1323, 1258, 1324, 1323, 1259, 1325, 1259, 1260, 1325, 1324, 1259, 1326, 1325, 1260, 1326, 1260, 1261, 1262, 1326, 1261, 1327, 1326, 1262, 1328, 1327, 1262, 1328, 1262, 1263, 1329, 1328, 1263, 1329, 1263, 1264, 1265, 1329, 1264, 1330, 1329, 1265, 1331, 1265, 1266, 1331, 1330, 1265, 1267, 1331, 1266, 1332, 1331, 1267, 1268, 1332, 1267, 1333, 1332, 1268, 1334, 1268, 1269, 1334, 1333, 1268, 1335, 1269, 1270, 1335, 1334, 1269, 1336, 1270, 1271, 1336, 1335, 1270, 1272, 1336, 1271, 1337, 1336, 1272, 1338, 1272, 1273, 1338, 1337, 1272, 1274, 1338, 1273, 1339, 1338, 1274, 1275, 1339, 1274, 1340, 1339, 1275, 1341, 1275, 1276, 1341, 1340, 1275, 1342, 1276, 1277, 1342, 1341, 1276, 1343, 1277, 1278, 1343, 1342, 1277, 1279, 1343, 1278, 1344, 1343, 1279, 1280, 1344, 1279, 1345, 1344, 1280, 1281, 1345, 1280, 1346, 1345, 1281, 1347, 1281, 1282, 1347, 1346, 1281, 1283, 1347, 1282, 1348, 1347, 1283, 1284, 1348, 1283, 1349, 1348, 1284, 1350, 1349, 1284, 1350, 1284, 1285, 1351, 1350, 1285, 1351, 1285, 1286, 1287, 1351, 1286, 1352, 1351, 1287, 1353, 1352, 1287, 1353, 1287, 1288, 1289, 1353, 1288, 1354, 1353, 1289, 1355, 1354, 1289, 1355, 1289, 1290, 1291, 1355, 1290, 1356, 1355, 1291, 1357, 1356, 1291, 1357, 1291, 1292, 1358, 1357, 1292, 1358, 1292, 1293, 1359, 1358, 1293, 1359, 1293, 1294, 1360, 1359, 1294, 1360, 1294, 1295, 1296, 1360, 1295, 1361, 1360, 1296, 1362, 1361, 1296, 1362, 1296, 1297, 1363, 1362, 1297, 1363, 1297, 1298, 1364, 1363, 1298, 1364, 1298, 1299, 1365, 1299, 1300, 1365, 1364, 1299, 1301, 1365, 1300, 1366, 1365, 1301, 1302, 1366, 1301, 1367, 1366, 1302, 1368, 1302, 1303, 1368, 1367, 1302, 1304, 1368, 1303, 1369, 1368, 1304, 1306, 1304, 1305, 1306, 1369, 1304, 1436, 1370, 1371, 1436, 1435, 1370, 1437, 1371, 1372, 1437, 1436, 1371, 1438, 1372, 1373, 1438, 1437, 1372, 1439, 1373, 1374, 1439, 1438, 1373, 1440, 1374, 1375, 1440, 1439, 1374, 1441, 1375, 1376, 1441, 1440, 1375, 1442, 1376, 1377, 1442, 1441, 1376, 1443, 1377, 1378, 1443, 1442, 1377, 1444, 1378, 1379, 1444, 1443, 1378, 1445, 1379, 1380, 1445, 1444, 1379, 1381, 1445, 1380, 1446, 1445, 1381, 1447, 1381, 1382, 1447, 1446, 1381, 1448, 1382, 1383, 1448, 1447, 1382, 1449, 1383, 1384, 1449, 1448, 1383, 1385, 1449, 1384, 1450, 1449, 1385, 1451, 1385, 1386, 1451, 1450, 1385, 1452, 1386, 1387, 1452, 1451, 1386, 1453, 1387, 1388, 1453, 1452, 1387, 1454, 1453, 1388, 1454, 1388, 1389, 1390, 1454, 1389, 1455, 1454, 1390, 1456, 1455, 1390, 1456, 1390, 1391, 1457, 1456, 1391, 1457, 1391, 1392, 1458, 1457, 1392, 1458, 1392, 1393, 1394, 1458, 1393, 1459, 1458, 1394, 1460, 1394, 1395, 1460, 1459, 1394, 1396, 1460, 1395, 1461, 1460, 1396, 1462, 1396, 1397, 1462, 1461, 1396, 1463, 1397, 1398, 1463, 1462, 1397, 1399, 1463, 1398, 1464, 1463, 1399, 1465, 1399, 1400, 1465, 1464, 1399, 1401, 1465, 1400, 1466, 1465, 1401, 1467, 1401, 1402, 1467, 1466, 1401, 1403, 1467, 1402, 1468, 1467, 1403, 1404, 1468, 1403, 1469, 1468, 1404, 1470, 1404, 1405, 1470, 1469, 1404, 1406, 1470, 1405, 1471, 1470, 1406, 1472, 1406, 1407, 1472, 1471, 1406, 1473, 1407, 1408, 1473, 1472, 1407, 1474, 1408, 1409, 1474, 1473, 1408, 1410, 1474, 1409, 1475, 1474, 1410, 1476, 1410, 1411, 1476, 1475, 1410, 1412, 1476, 1411, 1477, 1476, 1412, 1413, 1477, 1412, 1478, 1477, 1413, 1414, 1478, 1413, 1479, 1478, 1414, 1480, 1479, 1414, 1480, 1414, 1415, 1481, 1480, 1415, 1481, 1415, 1416, 1482, 1481, 1416, 1482, 1416, 1417, 1483, 1482, 1417, 1483, 1417, 1418, 1484, 1483, 1418, 1484, 1418, 1419, 1485, 1484, 1419, 1485, 1419, 1420, 1486, 1485, 1420, 1486, 1420, 1421, 1487, 1486, 1421, 1487, 1421, 1422, 1488, 1487, 1422, 1488, 1422, 1423, 1424, 1488, 1423, 1489, 1488, 1424, 1490, 1489, 1424, 1490, 1424, 1425, 1491, 1490, 1425, 1491, 1425, 1426, 1492, 1491, 1426, 1492, 1426, 1427, 1493, 1427, 1428, 1493, 1492, 1427, 1494, 1428, 1429, 1494, 1493, 1428, 1430, 1494, 1429, 1495, 1494, 1430, 1496, 1430, 1431, 1496, 1495, 1430, 1432, 1496, 1431, 1497, 1496, 1432, 1434, 1432, 1433, 1434, 1497, 1432, 1564, 1498, 1499, 1564, 1563, 1498, 1565, 1499, 1500, 1565, 1564, 1499, 1566, 1500, 1501, 1566, 1565, 1500, 1567, 1501, 1502, 1567, 1566, 1501, 1568, 1502, 1503, 1568, 1567, 1502, 1504, 1568, 1503, 1569, 1568, 1504, 1570, 1504, 1505, 1570, 1569, 1504, 1571, 1505, 1506, 1571, 1570, 1505, 1572, 1506, 1507, 1572, 1571, 1506, 1508, 1572, 1507, 1573, 1572, 1508, 1574, 1508, 1509, 1574, 1573, 1508, 1510, 1574, 1509, 1575, 1574, 1510, 1576, 1510, 1511, 1576, 1575, 1510, 1577, 1511, 1512, 1577, 1576, 1511, 1513, 1577, 1512, 1578, 1577, 1513, 1579, 1513, 1514, 1579, 1578, 1513, 1580, 1514, 1515, 1580, 1579, 1514, 1581, 1515, 1516, 1581, 1580, 1515, 1582, 1581, 1516, 1582, 1516, 1517, 1583, 1582, 1517, 1583, 1517, 1518, 1584, 1583, 1518, 1584, 1518, 1519, 1520, 1584, 1519, 1585, 1584, 1520, 1586, 1585, 1520, 1586, 1520, 1521, 1587, 1521, 1522, 1587, 1586, 1521, 1588, 1522, 1523, 1588, 1587, 1522, 1589, 1523, 1524, 1589, 1588, 1523, 1590, 1524, 1525, 1590, 1589, 1524, 1591, 1525, 1526, 1591, 1590, 1525, 1592, 1526, 1527, 1592, 1591, 1526, 1593, 1527, 1528, 1593, 1592, 1527, 1594, 1528, 1529, 1594, 1593, 1528, 1595, 1529, 1530, 1595, 1594, 1529, 1596, 1530, 1531, 1596, 1595, 1530, 1532, 1596, 1531, 1597, 1596, 1532, 1598, 1532, 1533, 1598, 1597, 1532, 1599, 1533, 1534, 1599, 1598, 1533, 1600, 1534, 1535, 1600, 1599, 1534, 1601, 1535, 1536, 1601, 1600, 1535, 1602, 1536, 1537, 1602, 1601, 1536, 1538, 1602, 1537, 1603, 1602, 1538, 1604, 1538, 1539, 1604, 1603, 1538, 1605, 1539, 1540, 1605, 1604, 1539, 1541, 1605, 1540, 1606, 1605, 1541, 1607, 1606, 1541, 1607, 1541, 1542, 1543, 1607, 1542, 1608, 1607, 1543, 1609, 1608, 1543, 1609, 1543, 1544, 1545, 1609, 1544, 1610, 1609, 1545, 1611, 1610, 1545, 1611, 1545, 1546, 1612, 1611, 1546, 1612, 1546, 1547, 1548, 1612, 1547, 1613, 1612, 1548, 1614, 1613, 1548, 1614, 1548, 1549, 1615, 1614, 1549, 1615, 1549, 1550, 1616, 1615, 1550, 1616, 1550, 1551, 1617, 1616, 1551, 1617, 1551, 1552, 1618, 1617, 1552, 1618, 1552, 1553, 1619, 1618, 1553, 1619, 1553, 1554, 1555, 1619, 1554, 1620, 1619, 1555, 1621, 1555, 1556, 1621, 1620, 1555, 1622, 1556, 1557, 1622, 1621, 1556, 1623, 1557, 1558, 1623, 1622, 1557, 1559, 1623, 1558, 1624, 1623, 1559, 1625, 1559, 1560, 1625, 1624, 1559, 1562, 1560, 1561, 1562, 1625, 1560, 1692, 1626, 1627, 1692, 1691, 1626, 1693, 1627, 1628, 1693, 1692, 1627, 1694, 1628, 1629, 1694, 1693, 1628, 1695, 1629, 1630, 1695, 1694, 1629, 1696, 1630, 1631, 1696, 1695, 1630, 1697, 1631, 1632, 1697, 1696, 1631, 1698, 1632, 1633, 1698, 1697, 1632, 1699, 1633, 1634, 1699, 1698, 1633, 1700, 1634, 1635, 1700, 1699, 1634, 1701, 1635, 1636, 1701, 1700, 1635, 1702, 1636, 1637, 1702, 1701, 1636, 1703, 1637, 1638, 1703, 1702, 1637, 1704, 1638, 1639, 1704, 1703, 1638, 1705, 1639, 1640, 1705, 1704, 1639, 1706, 1640, 1641, 1706, 1705, 1640, 1707, 1641, 1642, 1707, 1706, 1641, 1708, 1642, 1643, 1708, 1707, 1642, 1709, 1643, 1644, 1709, 1708, 1643, 1710, 1709, 1644, 1710, 1644, 1645, 1711, 1710, 1645, 1711, 1645, 1646, 1712, 1711, 1646, 1712, 1646, 1647, 1713, 1712, 1647, 1713, 1647, 1648, 1714, 1713, 1648, 1714, 1648, 1649, 1715, 1649, 1650, 1715, 1714, 1649, 1716, 1650, 1651, 1716, 1715, 1650, 1717, 1651, 1652, 1717, 1716, 1651, 1718, 1652, 1653, 1718, 1717, 1652, 1719, 1653, 1654, 1719, 1718, 1653, 1720, 1654, 1655, 1720, 1719, 1654, 1721, 1655, 1656, 1721, 1720, 1655, 1722, 1656, 1657, 1722, 1721, 1656, 1723, 1657, 1658, 1723, 1722, 1657, 1724, 1658, 1659, 1724, 1723, 1658, 1660, 1724, 1659, 1725, 1724, 1660, 1661, 1725, 1660, 1726, 1725, 1661, 1727, 1661, 1662, 1727, 1726, 1661, 1728, 1662, 1663, 1728, 1727, 1662, 1729, 1663, 1664, 1729, 1728, 1663, 1730, 1664, 1665, 1730, 1729, 1664, 1666, 1730, 1665, 1731, 1730, 1666, 1732, 1666, 1667, 1732, 1731, 1666, 1668, 1732, 1667, 1733, 1732, 1668, 1734, 1733, 1668, 1734, 1668, 1669, 1735, 1734, 1669, 1735, 1669, 1670, 1736, 1735, 1670, 1736, 1670, 1671, 1672, 1736, 1671, 1737, 1736, 1672, 1738, 1737, 1672, 1738, 1672, 1673, 1739, 1738, 1673, 1739, 1673, 1674, 1740, 1739, 1674, 1740, 1674, 1675, 1741, 1740, 1675, 1741, 1675, 1676, 1677, 1741, 1676, 1742, 1741, 1677, 1743, 1742, 1677, 1743, 1677, 1678, 1744, 1743, 1678, 1744, 1678, 1679, 1745, 1744, 1679, 1745, 1679, 1680, 1746, 1745, 1680, 1746, 1680, 1681, 1747, 1746, 1681, 1747, 1681, 1682, 1683, 1747, 1682, 1748, 1747, 1683, 1749, 1683, 1684, 1749, 1748, 1683, 1750, 1684, 1685, 1750, 1749, 1684, 1751, 1685, 1686, 1751, 1750, 1685, 1752, 1686, 1687, 1752, 1751, 1686, 1753, 1687, 1688, 1753, 1752, 1687, 1690, 1688, 1689, 1690, 1753, 1688, 1820, 1754, 1755, 1820, 1819, 1754, 1821, 1755, 1756, 1821, 1820, 1755, 1822, 1756, 1757, 1822, 1821, 1756, 1823, 1757, 1758, 1823, 1822, 1757, 1824, 1758, 1759, 1824, 1823, 1758, 1825, 1759, 1760, 1825, 1824, 1759, 1826, 1760, 1761, 1826, 1825, 1760, 1827, 1761, 1762, 1827, 1826, 1761, 1763, 1827, 1762, 1828, 1827, 1763, 1829, 1763, 1764, 1829, 1828, 1763, 1765, 1829, 1764, 1830, 1829, 1765, 1766, 1830, 1765, 1831, 1830, 1766, 1832, 1766, 1767, 1832, 1831, 1766, 1833, 1767, 1768, 1833, 1832, 1767, 1834, 1768, 1769, 1834, 1833, 1768, 1770, 1834, 1769, 1835, 1834, 1770, 1836, 1770, 1771, 1836, 1835, 1770, 1837, 1771, 1772, 1837, 1836, 1771, 1838, 1837, 1772, 1838, 1772, 1773, 1774, 1838, 1773, 1839, 1838, 1774, 1840, 1839, 1774, 1840, 1774, 1775, 1841, 1840, 1775, 1841, 1775, 1776, 1842, 1841, 1776, 1842, 1776, 1777, 1843, 1777, 1778, 1843, 1842, 1777, 1844, 1778, 1779, 1844, 1843, 1778, 1845, 1779, 1780, 1845, 1844, 1779, 1846, 1780, 1781, 1846, 1845, 1780, 1847, 1781, 1782, 1847, 1846, 1781, 1848, 1782, 1783, 1848, 1847, 1782, 1849, 1783, 1784, 1849, 1848, 1783, 1850, 1784, 1785, 1850, 1849, 1784, 1851, 1785, 1786, 1851, 1850, 1785, 1852, 1786, 1787, 1852, 1851, 1786, 1853, 1787, 1788, 1853, 1852, 1787, 1789, 1853, 1788, 1854, 1853, 1789, 1855, 1789, 1790, 1855, 1854, 1789, 1791, 1855, 1790, 1856, 1855, 1791, 1792, 1856, 1791, 1857, 1856, 1792, 1858, 1792, 1793, 1858, 1857, 1792, 1859, 1793, 1794, 1859, 1858, 1793, 1795, 1859, 1794, 1860, 1859, 1795, 1861, 1795, 1796, 1861, 1860, 1795, 1862, 1861, 1796, 1862, 1796, 1797, 1798, 1862, 1797, 1863, 1862, 1798, 1799, 1863, 1798, 1864, 1863, 1799, 1865, 1864, 1799, 1865, 1799, 1800, 1866, 1865, 1800, 1866, 1800, 1801, 1867, 1866, 1801, 1867, 1801, 1802, 1803, 1867, 1802, 1868, 1867, 1803, 1869, 1868, 1803, 1869, 1803, 1804, 1870, 1869, 1804, 1870, 1804, 1805, 1871, 1870, 1805, 1871, 1805, 1806, 1807, 1871, 1806, 1872, 1871, 1807, 1873, 1872, 1807, 1873, 1807, 1808, 1874, 1873, 1808, 1874, 1808, 1809, 1875, 1874, 1809, 1875, 1809, 1810, 1876, 1875, 1810, 1876, 1810, 1811, 1877, 1811, 1812, 1877, 1876, 1811, 1878, 1812, 1813, 1878, 1877, 1812, 1879, 1813, 1814, 1879, 1878, 1813, 1880, 1814, 1815, 1880, 1879, 1814, 1816, 1880, 1815, 1881, 1880, 1816, 1818, 1816, 1817, 1818, 1881, 1816, 1948, 1882, 1883, 1948, 1947, 1882, 1949, 1883, 1884, 1949, 1948, 1883, 1950, 1884, 1885, 1950, 1949, 1884, 1951, 1885, 1886, 1951, 1950, 1885, 1952, 1886, 1887, 1952, 1951, 1886, 1953, 1887, 1888, 1953, 1952, 1887, 1889, 1953, 1888, 1954, 1953, 1889, 1955, 1889, 1890, 1955, 1954, 1889, 1891, 1955, 1890, 1956, 1955, 1891, 1957, 1891, 1892, 1957, 1956, 1891, 1958, 1892, 1893, 1958, 1957, 1892, 1959, 1893, 1894, 1959, 1958, 1893, 1960, 1894, 1895, 1960, 1959, 1894, 1961, 1895, 1896, 1961, 1960, 1895, 1962, 1896, 1897, 1962, 1961, 1896, 1963, 1897, 1898, 1963, 1962, 1897, 1899, 1963, 1898, 1964, 1963, 1899, 1965, 1899, 1900, 1965, 1964, 1899, 1966, 1965, 1900, 1966, 1900, 1901, 1967, 1966, 1901, 1967, 1901, 1902, 1968, 1967, 1902, 1968, 1902, 1903, 1969, 1968, 1903, 1969, 1903, 1904, 1970, 1969, 1904, 1970, 1904, 1905, 1971, 1905, 1906, 1971, 1970, 1905, 1972, 1906, 1907, 1972, 1971, 1906, 1973, 1907, 1908, 1973, 1972, 1907, 1974, 1908, 1909, 1974, 1973, 1908, 1910, 1974, 1909, 1975, 1974, 1910, 1911, 1975, 1910, 1976, 1975, 1911, 1977, 1911, 1912, 1977, 1976, 1911, 1913, 1977, 1912, 1978, 1977, 1913, 1979, 1913, 1914, 1979, 1978, 1913, 1980, 1914, 1915, 1980, 1979, 1914, 1981, 1915, 1916, 1981, 1980, 1915, 1917, 1981, 1916, 1982, 1981, 1917, 1983, 1917, 1918, 1983, 1982, 1917, 1919, 1983, 1918, 1984, 1983, 1919, 1985, 1919, 1920, 1985, 1984, 1919, 1921, 1985, 1920, 1986, 1985, 1921, 1922, 1986, 1921, 1987, 1986, 1922, 1988, 1922, 1923, 1988, 1987, 1922, 1989, 1923, 1924, 1989, 1988, 1923, 1925, 1989, 1924, 1990, 1989, 1925, 1926, 1990, 1925, 1991, 1990, 1926, 1927, 1991, 1926, 1992, 1991, 1927, 1993, 1992, 1927, 1993, 1927, 1928, 1994, 1993, 1928, 1994, 1928, 1929, 1930, 1994, 1929, 1995, 1994, 1930, 1996, 1995, 1930, 1996, 1930, 1931, 1997, 1996, 1931, 1997, 1931, 1932, 1998, 1997, 1932, 1998, 1932, 1933, 1999, 1998, 1933, 1999, 1933, 1934, 2000, 1999, 1934, 2000, 1934, 1935, 2001, 2000, 1935, 2001, 1935, 1936, 2002, 2001, 1936, 2002, 1936, 1937, 2003, 2002, 1937, 2003, 1937, 1938, 1939, 2003, 1938, 2004, 2003, 1939, 2005, 1939, 1940, 2005, 2004, 1939, 1941, 2005, 1940, 2006, 2005, 1941, 2007, 1941, 1942, 2007, 2006, 1941, 1943, 2007, 1942, 2008, 2007, 1943, 1944, 2008, 1943, 2009, 2008, 1944, 1946, 1944, 1945, 1946, 2009, 1944, 2076, 2010, 2011, 2076, 2075, 2010, 2077, 2011, 2012, 2077, 2076, 2011, 2078, 2012, 2013, 2078, 2077, 2012, 2079, 2013, 2014, 2079, 2078, 2013, 2080, 2014, 2015, 2080, 2079, 2014, 2081, 2015, 2016, 2081, 2080, 2015, 2082, 2016, 2017, 2082, 2081, 2016, 2083, 2017, 2018, 2083, 2082, 2017, 2084, 2018, 2019, 2084, 2083, 2018, 2085, 2019, 2020, 2085, 2084, 2019, 2086, 2020, 2021, 2086, 2085, 2020, 2087, 2021, 2022, 2087, 2086, 2021, 2088, 2022, 2023, 2088, 2087, 2022, 2089, 2023, 2024, 2089, 2088, 2023, 2090, 2024, 2025, 2090, 2089, 2024, 2091, 2025, 2026, 2091, 2090, 2025, 2092, 2026, 2027, 2092, 2091, 2026, 2093, 2027, 2028, 2093, 2092, 2027, 2094, 2093, 2028, 2094, 2028, 2029, 2095, 2094, 2029, 2095, 2029, 2030, 2031, 2095, 2030, 2096, 2095, 2031, 2097, 2096, 2031, 2097, 2031, 2032, 2033, 2097, 2032, 2098, 2097, 2033, 2099, 2033, 2034, 2099, 2098, 2033, 2100, 2034, 2035, 2100, 2099, 2034, 2036, 2100, 2035, 2101, 2100, 2036, 2037, 2101, 2036, 2102, 2101, 2037, 2038, 2102, 2037, 2103, 2102, 2038, 2104, 2038, 2039, 2104, 2103, 2038, 2105, 2039, 2040, 2105, 2104, 2039, 2106, 2040, 2041, 2106, 2105, 2040, 2042, 2106, 2041, 2107, 2106, 2042, 2108, 2042, 2043, 2108, 2107, 2042, 2044, 2108, 2043, 2109, 2108, 2044, 2110, 2044, 2045, 2110, 2109, 2044, 2046, 2110, 2045, 2111, 2110, 2046, 2047, 2111, 2046, 2112, 2111, 2047, 2048, 2112, 2047, 2113, 2112, 2048, 2049, 2113, 2048, 2114, 2113, 2049, 2115, 2049, 2050, 2115, 2114, 2049, 2051, 2115, 2050, 2116, 2115, 2051, 2117, 2051, 2052, 2117, 2116, 2051, 2053, 2117, 2052, 2118, 2117, 2053, 2119, 2118, 2053, 2119, 2053, 2054, 2055, 2119, 2054, 2120, 2119, 2055, 2121, 2120, 2055, 2121, 2055, 2056, 2122, 2121, 2056, 2122, 2056, 2057, 2123, 2122, 2057, 2123, 2057, 2058, 2124, 2123, 2058, 2124, 2058, 2059, 2125, 2124, 2059, 2125, 2059, 2060, 2126, 2125, 2060, 2126, 2060, 2061, 2127, 2126, 2061, 2127, 2061, 2062, 2128, 2127, 2062, 2128, 2062, 2063, 2129, 2128, 2063, 2129, 2063, 2064, 2065, 2129, 2064, 2130, 2129, 2065, 2131, 2130, 2065, 2131, 2065, 2066, 2067, 2131, 2066, 2132, 2131, 2067, 2133, 2067, 2068, 2133, 2132, 2067, 2134, 2068, 2069, 2134, 2133, 2068, 2070, 2134, 2069, 2135, 2134, 2070, 2136, 2070, 2071, 2136, 2135, 2070, 2137, 2071, 2072, 2137, 2136, 2071, 2074, 2072, 2073, 2074, 2137, 2072, 2204, 2138, 2139, 2204, 2203, 2138, 2205, 2139, 2140, 2205, 2204, 2139, 2206, 2140, 2141, 2206, 2205, 2140, 2207, 2141, 2142, 2207, 2206, 2141, 2208, 2142, 2143, 2208, 2207, 2142, 2209, 2143, 2144, 2209, 2208, 2143, 2210, 2144, 2145, 2210, 2209, 2144, 2211, 2145, 2146, 2211, 2210, 2145, 2212, 2146, 2147, 2212, 2211, 2146, 2213, 2147, 2148, 2213, 2212, 2147, 2149, 2213, 2148, 2214, 2213, 2149, 2215, 2149, 2150, 2215, 2214, 2149, 2216, 2150, 2151, 2216, 2215, 2150, 2217, 2151, 2152, 2217, 2216, 2151, 2218, 2152, 2153, 2218, 2217, 2152, 2219, 2153, 2154, 2219, 2218, 2153, 2220, 2154, 2155, 2220, 2219, 2154, 2221, 2155, 2156, 2221, 2220, 2155, 2222, 2221, 2156, 2222, 2156, 2157, 2223, 2222, 2157, 2223, 2157, 2158, 2224, 2223, 2158, 2224, 2158, 2159, 2225, 2224, 2159, 2225, 2159, 2160, 2226, 2225, 2160, 2226, 2160, 2161, 2227, 2161, 2162, 2227, 2226, 2161, 2228, 2162, 2163, 2228, 2227, 2162, 2229, 2163, 2164, 2229, 2228, 2163, 2230, 2164, 2165, 2230, 2229, 2164, 2231, 2165, 2166, 2231, 2230, 2165, 2232, 2166, 2167, 2232, 2231, 2166, 2233, 2167, 2168, 2233, 2232, 2167, 2234, 2168, 2169, 2234, 2233, 2168, 2235, 2169, 2170, 2235, 2234, 2169, 2236, 2170, 2171, 2236, 2235, 2170, 2237, 2171, 2172, 2237, 2236, 2171, 2173, 2237, 2172, 2238, 2237, 2173, 2174, 2238, 2173, 2239, 2238, 2174, 2175, 2239, 2174, 2240, 2239, 2175, 2176, 2240, 2175, 2241, 2240, 2176, 2242, 2176, 2177, 2242, 2241, 2176, 2243, 2177, 2178, 2243, 2242, 2177, 2179, 2243, 2178, 2244, 2243, 2179, 2245, 2179, 2180, 2245, 2244, 2179, 2246, 2245, 2180, 2246, 2180, 2181, 2247, 2181, 2182, 2247, 2246, 2181, 2248, 2247, 2182, 2248, 2182, 2183, 2249, 2248, 2183, 2249, 2183, 2184, 2185, 2249, 2184, 2250, 2249, 2185, 2251, 2250, 2185, 2251, 2185, 2186, 2252, 2251, 2186, 2252, 2186, 2187, 2253, 2252, 2187, 2253, 2187, 2188, 2254, 2253, 2188, 2254, 2188, 2189, 2255, 2254, 2189, 2255, 2189, 2190, 2256, 2255, 2190, 2256, 2190, 2191, 2257, 2256, 2191, 2257, 2191, 2192, 2258, 2257, 2192, 2258, 2192, 2193, 2259, 2258, 2193, 2259, 2193, 2194, 2195, 2259, 2194, 2260, 2259, 2195, 2261, 2195, 2196, 2261, 2260, 2195, 2262, 2196, 2197, 2262, 2261, 2196, 2263, 2197, 2198, 2263, 2262, 2197, 2264, 2198, 2199, 2264, 2263, 2198, 2265, 2199, 2200, 2265, 2264, 2199, 2202, 2200, 2201, 2202, 2265, 2200, 2332, 2267, 2266, 2332, 2266, 2268, 2332, 2268, 2269, 2333, 2269, 2270, 2333, 2332, 2269, 2334, 2333, 2270, 2335, 2334, 2270, 2335, 2270, 2271, 2336, 2335, 2271, 2336, 2271, 2272, 2336, 2272, 2273, 2337, 2336, 2273, 2338, 2337, 2273, 2338, 2273, 2274, 2338, 2274, 2275, 2339, 2338, 2275, 2340, 2275, 2276, 2340, 2339, 2275, 2341, 2276, 2277, 2341, 2340, 2276, 2342, 2277, 2278, 2342, 2341, 2277, 2343, 2278, 2279, 2343, 2342, 2278, 2415, 2279, 2280, 2415, 2280, 2416, 2415, 2343, 2279, 2417, 2416, 2280, 2418, 2280, 2281, 2418, 2417, 2280, 2419, 2418, 2281, 2420, 2419, 2281, 2421, 2420, 2281, 2422, 2421, 2281, 2423, 2422, 2281, 2424, 2423, 2281, 2344, 2343, 2415, 2344, 2412, 2411, 2344, 2413, 2412, 2344, 2414, 2413, 2344, 2415, 2414, 2425, 2424, 2281, 2426, 2425, 2281, 2427, 2426, 2281, 2428, 2281, 2282, 2428, 2427, 2281, 2429, 2428, 2282, 2430, 2429, 2282, 2431, 2430, 2282, 2432, 2431, 2282, 2345, 2402, 2401, 2345, 2403, 2402, 2345, 2404, 2403, 2345, 2405, 2404, 2345, 2406, 2405, 2345, 2407, 2406, 2345, 2408, 2407, 2345, 2409, 2408, 2345, 2410, 2409, 2345, 2411, 2410, 2345, 2344, 2411, 2433, 2432, 2282, 2434, 2433, 2282, 2434, 2282, 2283, 2435, 2434, 2283, 2436, 2435, 2283, 2437, 2436, 2283, 2346, 2396, 2395, 2346, 2397, 2396, 2346, 2398, 2397, 2346, 2399, 2398, 2346, 2400, 2399, 2346, 2401, 2400, 2346, 2345, 2401, 2438, 2437, 2283, 2439, 2283, 2284, 2439, 2438, 2283, 2440, 2439, 2284, 2441, 2440, 2284, 2442, 2441, 2284, 2443, 2442, 2284, 2347, 2468, 2467, 2347, 2469, 2468, 2347, 2470, 2469, 2347, 2394, 2470, 2347, 2395, 2394, 2347, 2346, 2395, 2444, 2443, 2284, 2445, 2284, 2285, 2445, 2444, 2284, 2446, 2445, 2285, 2447, 2446, 2285, 2448, 2447, 2285, 2449, 2448, 2285, 2450, 2449, 2285, 2451, 2450, 2285, 2452, 2451, 2285, 2286, 2452, 2285, 2286, 2453, 2452, 2348, 2347, 2467, 2348, 2461, 2460, 2348, 2462, 2461, 2348, 2463, 2462, 2348, 2464, 2463, 2348, 2465, 2464, 2348, 2466, 2465, 2348, 2467, 2466, 2349, 2348, 2460, 2349, 2455, 2454, 2349, 2456, 2455, 2349, 2457, 2456, 2349, 2458, 2457, 2349, 2459, 2458, 2349, 2460, 2459, 2350, 2453, 2286, 2350, 2454, 2453, 2350, 2349, 2454, 2351, 2350, 2286, 2351, 2286, 2287, 2351, 2287, 2288, 2352, 2351, 2288, 2353, 2288, 2289, 2353, 2352, 2288, 2354, 2289, 2290, 2354, 2353, 2289, 2355, 2290, 2291, 2355, 2291, 2292, 2355, 2354, 2290, 2356, 2292, 2293, 2356, 2355, 2292, 2357, 2356, 2293, 2358, 2293, 2294, 2358, 2357, 2293, 2359, 2294, 2295, 2359, 2358, 2294, 2360, 2295, 2296, 2360, 2359, 2295, 2361, 2296, 2297, 2361, 2297, 2298, 2361, 2360, 2296, 2362, 2361, 2298, 2363, 2298, 2299, 2363, 2299, 2300, 2363, 2362, 2298, 2364, 2363, 2300, 2365, 2300, 2301, 2365, 2364, 2300, 2366, 2301, 2302, 2366, 2365, 2301, 2367, 2302, 2303, 2367, 2366, 2302, 2368, 2303, 2304, 2368, 2367, 2303, 2369, 2304, 2305, 2369, 2305, 2306, 2369, 2368, 2304, 2370, 2369, 2306, 2371, 2306, 2307, 2371, 2307, 2308, 2371, 2370, 2306, 2372, 2371, 2308, 2373, 2372, 2308, 2373, 2308, 2309, 2374, 2373, 2309, 2374, 2309, 2310, 2375, 2374, 2310, 2375, 2310, 2311, 2529, 2311, 2312, 2530, 2375, 2311, 2530, 2311, 2529, 2528, 2529, 2312, 2531, 2375, 2530, 2527, 2528, 2312, 2526, 2527, 2312, 2525, 2526, 2312, 2524, 2525, 2312, 2523, 2524, 2312, 2522, 2523, 2312, 2522, 2312, 2313, 2521, 2522, 2313, 2520, 2521, 2313, 2519, 2520, 2313, 2376, 2375, 2531, 2376, 2531, 2532, 2376, 2532, 2533, 2376, 2533, 2534, 2376, 2534, 2535, 2376, 2535, 2536, 2376, 2536, 2537, 2518, 2519, 2313, 2517, 2518, 2313, 2516, 2313, 2314, 2516, 2517, 2313, 2515, 2516, 2314, 2514, 2515, 2314, 2513, 2514, 2314, 2377, 2376, 2537, 2377, 2537, 2538, 2377, 2538, 2539, 2377, 2539, 2540, 2377, 2540, 2541, 2377, 2541, 2542, 2377, 2542, 2543, 2377, 2543, 2544, 2512, 2513, 2314, 2511, 2314, 2315, 2511, 2512, 2314, 2510, 2511, 2315, 2509, 2510, 2315, 2508, 2509, 2315, 2378, 2471, 2472, 2378, 2377, 2544, 2378, 2544, 2545, 2378, 2545, 2546, 2378, 2546, 2547, 2378, 2547, 2471, 2507, 2508, 2315, 2506, 2507, 2315, 2505, 2506, 2315, 2505, 2315, 2316, 2504, 2505, 2316, 2503, 2504, 2316, 2502, 2503, 2316, 2501, 2502, 2316, 2500, 2501, 2316, 2379, 2472, 2473, 2379, 2473, 2474, 2379, 2474, 2475, 2379, 2475, 2476, 2379, 2378, 2472, 2379, 2476, 2477, 2379, 2477, 2478, 2499, 2500, 2316, 2498, 2499, 2316, 2497, 2498, 2316, 2496, 2497, 2316, 2495, 2316, 2317, 2495, 2496, 2316, 2494, 2495, 2317, 2493, 2494, 2317, 2492, 2493, 2317, 2318, 2492, 2317, 2380, 2478, 2479, 2380, 2479, 2480, 2380, 2480, 2481, 2380, 2481, 2482, 2380, 2482, 2483, 2380, 2483, 2484, 2380, 2484, 2485, 2380, 2485, 2486, 2380, 2486, 2487, 2380, 2487, 2488, 2380, 2379, 2478, 2381, 2488, 2489, 2381, 2489, 2490, 2381, 2490, 2491, 2381, 2491, 2492, 2381, 2380, 2488, 2382, 2381, 2492, 2382, 2492, 2318, 2383, 2318, 2319, 2383, 2382, 2318, 2384, 2319, 2320, 2384, 2383, 2319, 2385, 2384, 2320, 2385, 2320, 2321, 2385, 2321, 2322, 2386, 2385, 2322, 2387, 2386, 2322, 2387, 2322, 2323, 2388, 2387, 2323, 2388, 2323, 2324, 2389, 2388, 2324, 2389, 2324, 2325, 2389, 2325, 2326, 2390, 2389, 2326, 2391, 2390, 2326, 2391, 2326, 2327, 2392, 2391, 2327, 2392, 2327, 2328, 2392, 2328, 2329, 2393, 2392, 2329, 2331, 2393, 2329, 2331, 2329, 2330, 2651, 2587, 2588, 2651, 2588, 2589, 2651, 2650, 2587, 2649, 2586, 2587, 2649, 2587, 2650, 2652, 2651, 2589, 2648, 2585, 2586, 2648, 2586, 2649, 2653, 2589, 2590, 2653, 2652, 2589, 2647, 2584, 2585, 2647, 2585, 2648, 2654, 2590, 2591, 2654, 2591, 2592, 2654, 2653, 2590, 2646, 2583, 2584, 2646, 2584, 2647, 2655, 2654, 2592, 2645, 2582, 2583, 2645, 2583, 2646, 2656, 2592, 2593, 2656, 2593, 2594, 2656, 2655, 2592, 2644, 2581, 2582, 2644, 2582, 2645, 2657, 2594, 2595, 2657, 2656, 2594, 2643, 2579, 2580, 2643, 2580, 2581, 2643, 2581, 2644, 2658, 2595, 2596, 2658, 2657, 2595, 2642, 2579, 2643, 2659, 2658, 2596, 2641, 2578, 2579, 2641, 2579, 2642, 2660, 2659, 2596, 2660, 2596, 2597, 2640, 2578, 2641, 2640, 2576, 2577, 2640, 2577, 2578, 2661, 2660, 2597, 2661, 2597, 2598, 2639, 2575, 2576, 2639, 2576, 2640, 2662, 2661, 2598, 2662, 2598, 2599, 2638, 2575, 2639, 2663, 2662, 2599, 2663, 2599, 2600, 2637, 2574, 2575, 2637, 2575, 2638, 2664, 2663, 2600, 2664, 2600, 2601, 2602, 2664, 2601, 2636, 2573, 2574, 2636, 2574, 2637, 2665, 2664, 2602, 2635, 2572, 2573, 2635, 2573, 2636, 2603, 2665, 2602, 2666, 2665, 2603, 2571, 2572, 2635, 2571, 2635, 2634, 2667, 2666, 2603, 2604, 2667, 2603, 2570, 2571, 2634, 2570, 2634, 2633, 2605, 2668, 2667, 2605, 2667, 2604, 2569, 2570, 2633, 2569, 2632, 2631, 2569, 2633, 2632, 2606, 2669, 2668, 2606, 2668, 2605, 2568, 2569, 2631, 2607, 2670, 2669, 2607, 2669, 2606, 2567, 2630, 2629, 2567, 2631, 2630, 2567, 2568, 2631, 2608, 2671, 2670, 2608, 2670, 2607, 2566, 2567, 2629, 2609, 2672, 2671, 2609, 2671, 2608, 2565, 2566, 2629, 2565, 2629, 2628, 2610, 2672, 2609, 2610, 2673, 2672, 2610, 2611, 2673, 2564, 2565, 2628, 2564, 2628, 2627, 2548, 2611, 2610, 2548, 2612, 2611, 2563, 2564, 2627, 2563, 2626, 2625, 2563, 2627, 2626, 2549, 2612, 2548, 2549, 2613, 2612, 2562, 2563, 2625, 2550, 2613, 2549, 2561, 2562, 2625, 2561, 2625, 2624, 2551, 2613, 2550, 2551, 2614, 2613, 2551, 2615, 2614, 2560, 2561, 2624, 2560, 2624, 2623, 2552, 2615, 2551, 2552, 2616, 2615, 2559, 2560, 2623, 2559, 2622, 2621, 2559, 2623, 2622, 2553, 2616, 2552, 2558, 2559, 2621, 2558, 2621, 2620, 2554, 2616, 2553, 2554, 2617, 2616, 2557, 2558, 2620, 2555, 2617, 2554, 2555, 2618, 2617, 2555, 2619, 2618, 2556, 2557, 2620, 2556, 2620, 2619, 2556, 2619, 2555, 2675, 2674, 2752, 2675, 2752, 2753, 2676, 2675, 2753, 2676, 2753, 2754, 2677, 2676, 2754, 2677, 2754, 2755, 2678, 2677, 2755, 2678, 2755, 2756, 2679, 2678, 2756, 2679, 2756, 2757, 2680, 2679, 2757, 2680, 2757, 2758, 2681, 2758, 2759, 2681, 2680, 2758, 2682, 2759, 2760, 2682, 2681, 2759, 2683, 2760, 2761, 2683, 2682, 2760, 2684, 2761, 2762, 2684, 2683, 2761, 2685, 2684, 2762, 2685, 2762, 2763, 2686, 2685, 2763, 2686, 2763, 2764, 2687, 2686, 2764, 2687, 2764, 2765, 2688, 2687, 2765, 2688, 2765, 2766, 2689, 2688, 2766, 2689, 2766, 2767, 2690, 2689, 2767, 2690, 2767, 2768, 2691, 2690, 2768, 2691, 2768, 2769, 2692, 2691, 2769, 2692, 2769, 2770, 2693, 2692, 2770, 2693, 2770, 2771, 2694, 2693, 2771, 2694, 2771, 2772, 2695, 2694, 2772, 2695, 2772, 2773, 2696, 2695, 2773, 2696, 2773, 2774, 2697, 2774, 2775, 2697, 2696, 2774, 2698, 2775, 2776, 2698, 2697, 2775, 2699, 2776, 2777, 2699, 2698, 2776, 2700, 2777, 2778, 2700, 2699, 2777, 2701, 2778, 2779, 2701, 2700, 2778, 2702, 2779, 2780, 2702, 2701, 2779, 2703, 2780, 2781, 2703, 2702, 2780, 2704, 2781, 2782, 2704, 2703, 2781, 2705, 2782, 2783, 2705, 2704, 2782, 2706, 2783, 2784, 2706, 2705, 2783, 2707, 2784, 2785, 2707, 2706, 2784, 2708, 2785, 2786, 2708, 2707, 2785, 2709, 2786, 2787, 2709, 2708, 2786, 2710, 2787, 2788, 2710, 2709, 2787, 2711, 2710, 2788, 2711, 2788, 2789, 2712, 2711, 2789, 2712, 2789, 2790, 2713, 2790, 2791, 2713, 2712, 2790, 2714, 2791, 2792, 2714, 2713, 2791, 2715, 2792, 2793, 2715, 2714, 2792, 2716, 2793, 2794, 2716, 2715, 2793, 2717, 2794, 2795, 2717, 2716, 2794, 2718, 2795, 2796, 2718, 2717, 2795, 2719, 2796, 2797, 2719, 2718, 2796, 2720, 2797, 2798, 2720, 2719, 2797, 2721, 2798, 2799, 2721, 2720, 2798, 2722, 2799, 2800, 2722, 2721, 2799, 2723, 2800, 2801, 2723, 2722, 2800, 2724, 2801, 2802, 2724, 2723, 2801, 2725, 2802, 2803, 2725, 2724, 2802, 2726, 2803, 2804, 2726, 2725, 2803, 2727, 2804, 2805, 2727, 2726, 2804, 2728, 2805, 2806, 2728, 2727, 2805, 2729, 2806, 2807, 2729, 2728, 2806, 2730, 2807, 2808, 2730, 2729, 2807, 2731, 2808, 2809, 2731, 2730, 2808, 2732, 2809, 2810, 2732, 2731, 2809, 2733, 2810, 2811, 2733, 2811, 2812, 2733, 2732, 2810, 2734, 2733, 2812, 2734, 2812, 2813, 2735, 2734, 2813, 2735, 2813, 2814, 2736, 2735, 2814, 2736, 2814, 2815, 2737, 2736, 2815, 2737, 2815, 2816, 2738, 2737, 2816, 2738, 2816, 2817, 2739, 2738, 2817, 2739, 2817, 2818, 2740, 2739, 2818, 2740, 2818, 2819, 2741, 2740, 2819, 2741, 2819, 2820, 2742, 2741, 2820, 2742, 2820, 2821, 2743, 2742, 2821, 2743, 2821, 2822, 2744, 2743, 2822, 2744, 2822, 2823, 2745, 2744, 2823, 2745, 2823, 2824, 2746, 2745, 2824, 2746, 2824, 2825, 2747, 2825, 2826, 2747, 2746, 2825, 2748, 2826, 2827, 2748, 2747, 2826, 2749, 2827, 2828, 2749, 2748, 2827, 2750, 2828, 2829, 2750, 2749, 2828, 2751, 2750, 2829, 2896, 2830, 2831, 2896, 2895, 2830, 2897, 2831, 2832, 2897, 2896, 2831, 2898, 2832, 2833, 2898, 2833, 2834, 2898, 2897, 2832, 2899, 2834, 2835, 2899, 2898, 2834, 2900, 2899, 2835, 2901, 2835, 2836, 2901, 2836, 2837, 2901, 2900, 2835, 2902, 2901, 2837, 2903, 2837, 2838, 2903, 2902, 2837, 2904, 2838, 2839, 2904, 2903, 2838, 2905, 2839, 2840, 2905, 2904, 2839, 2906, 2840, 2841, 2906, 2905, 2840, 2907, 2841, 2842, 2907, 2842, 2843, 2907, 2906, 2841, 2908, 2907, 2843, 2909, 2843, 2844, 2909, 2908, 2843, 2910, 2844, 2845, 2910, 2909, 2844, 2911, 2845, 2846, 2911, 2910, 2845, 2912, 2846, 2847, 2912, 2847, 2848, 2912, 2911, 2846, 2913, 2912, 2848, 2914, 2913, 2848, 2914, 2848, 2849, 2914, 2849, 2850, 2915, 2914, 2850, 2916, 2915, 2850, 2916, 2850, 2851, 2916, 2851, 2852, 2917, 2916, 2852, 2917, 2852, 2853, 2918, 2917, 2853, 2919, 2918, 2853, 2919, 2853, 2854, 2919, 2854, 2855, 2920, 2919, 2855, 2921, 2855, 2856, 2921, 2920, 2855, 2922, 2856, 2857, 2922, 2921, 2856, 2923, 2857, 2858, 2923, 2858, 2859, 2923, 2922, 2857, 2924, 2923, 2859, 2925, 2859, 2860, 2925, 2924, 2859, 2926, 2860, 2861, 2926, 2925, 2860, 2927, 2861, 2862, 2927, 2926, 2861, 2928, 2862, 2863, 2928, 2927, 2862, 2929, 2863, 2864, 2929, 2864, 2865, 2929, 2928, 2863, 2930, 2865, 2866, 2930, 2929, 2865, 2931, 2930, 2866, 2932, 2866, 2867, 2932, 2931, 2866, 2933, 2867, 2868, 2933, 2932, 2867, 2934, 2868, 2869, 2934, 2933, 2868, 2935, 2869, 2870, 2935, 2934, 2869, 2936, 2870, 2871, 2936, 2935, 2870, 2937, 2871, 2872, 2937, 2872, 2873, 2937, 2936, 2871, 2938, 2937, 2873, 2939, 2938, 2873, 2939, 2873, 2874, 2940, 2939, 2874, 2940, 2874, 2875, 2940, 2875, 2876, 2941, 2940, 2876, 2942, 2941, 2876, 2942, 2876, 2877, 2943, 2942, 2877, 2943, 2877, 2878, 2943, 2878, 2879, 2944, 2943, 2879, 2945, 2944, 2879, 2945, 2879, 2880, 2946, 2945, 2880, 2946, 2880, 2881, 2946, 2881, 2882, 2947, 2946, 2882, 2948, 2947, 2882, 2948, 2882, 2883, 2949, 2948, 2883, 2949, 2883, 2884, 2950, 2949, 2884, 2950, 2884, 2885, 2950, 2885, 2886, 2951, 2950, 2886, 2952, 2886, 2887, 2952, 2951, 2886, 2953, 2887, 2888, 2953, 2888, 2889, 2953, 2952, 2887, 2954, 2953, 2889, 2955, 2889, 2890, 2955, 2954, 2889, 2956, 2890, 2891, 2956, 2891, 2892, 2956, 2955, 2890, 2957, 2956, 2892, 2894, 2892, 2893, 2894, 2957, 2892, 3077, 3013, 3076, 3077, 3014, 3013, 3075, 3076, 3013, 3075, 3013, 3012, 3078, 3014, 3077, 3078, 3015, 3014, 3074, 3012, 3011, 3074, 3075, 3012, 3079, 3015, 3078, 3079, 3016, 3015, 3073, 3011, 3010, 3073, 3074, 3011, 3080, 3016, 3079, 3080, 3017, 3016, 3072, 3009, 3008, 3072, 3010, 3009, 3072, 3073, 3010, 3081, 3018, 3017, 3081, 3017, 3080, 3071, 3072, 3008, 3082, 3018, 3081, 3082, 3019, 3018, 3070, 3008, 3007, 3070, 3071, 3008, 3083, 3020, 3019, 3083, 3019, 3082, 3069, 3007, 3006, 3069, 3070, 3007, 3021, 2959, 2958, 3021, 2958, 3020, 3021, 3020, 3083, 3068, 3005, 3004, 3068, 3006, 3005, 3068, 3069, 3006, 3022, 2959, 3021, 3067, 3068, 3004, 3023, 2960, 2959, 3023, 2959, 3022, 3066, 3067, 3004, 3066, 3004, 3003, 3024, 2961, 2960, 3024, 2960, 3023, 3065, 3066, 3003, 3065, 3003, 3002, 3025, 2961, 3024, 3025, 2962, 2961, 3064, 3065, 3002, 3064, 3002, 3001, 3000, 3064, 3001, 3026, 2963, 2962, 3026, 2962, 3025, 3063, 3064, 3000, 3027, 2964, 2963, 3027, 2963, 3026, 3062, 3063, 3000, 3062, 3000, 2999, 3028, 2965, 2964, 3028, 2964, 3027, 3061, 3062, 2999, 3061, 2999, 2998, 3029, 2965, 3028, 2966, 2965, 3029, 2997, 3060, 3061, 2997, 3061, 2998, 2967, 2966, 3029, 2967, 3029, 3030, 3059, 3060, 2997, 2996, 3059, 2997, 2968, 2967, 3030, 2968, 3030, 3031, 2995, 3058, 3059, 2995, 3059, 2996, 2969, 3031, 3032, 2969, 2968, 3031, 2994, 3058, 2995, 2994, 3057, 3058, 3056, 3057, 2994, 2970, 3032, 3033, 2970, 2969, 3032, 2993, 3056, 2994, 2971, 3033, 3034, 2971, 2970, 3033, 2992, 3056, 2993, 2992, 3055, 3056, 2972, 3034, 3035, 2972, 2971, 3034, 2991, 3055, 2992, 2991, 3054, 3055, 2973, 2972, 3035, 2973, 3035, 3036, 2990, 3054, 2991, 2990, 3053, 3054, 2974, 2973, 3036, 2974, 3036, 3037, 2989, 3053, 2990, 2989, 3052, 3053, 2975, 2974, 3037, 2975, 3037, 3038, 2988, 3052, 2989, 2988, 3051, 3052, 2976, 2975, 3038, 2976, 3038, 3039, 2987, 3051, 2988, 2987, 3050, 3051, 2977, 2976, 3039, 2977, 3039, 3040, 2986, 3050, 2987, 2986, 3049, 3050, 2978, 2977, 3040, 2978, 3040, 3041, 2985, 3049, 2986, 2985, 3048, 3049, 2979, 2978, 3041, 2979, 3041, 3042, 2984, 3048, 2985, 2984, 3046, 3047, 2984, 3047, 3048, 2980, 2979, 3042, 2980, 3042, 3043, 2983, 3046, 2984, 2981, 2980, 3043, 2981, 3043, 3044, 2982, 3046, 2983, 2982, 2981, 3044, 2982, 3044, 3045, 2982, 3045, 3046, 3150, 3084, 3085, 3150, 3149, 3084, 3151, 3085, 3086, 3151, 3150, 3085, 3152, 3086, 3087, 3152, 3087, 3088, 3152, 3151, 3086, 3153, 3152, 3088, 3154, 3088, 3089, 3154, 3153, 3088, 3155, 3089, 3090, 3155, 3154, 3089, 3156, 3090, 3091, 3156, 3155, 3090, 3157, 3091, 3092, 3157, 3092, 3093, 3157, 3156, 3091, 3158, 3157, 3093, 3159, 3093, 3094, 3159, 3158, 3093, 3160, 3094, 3095, 3160, 3159, 3094, 3161, 3095, 3096, 3161, 3160, 3095, 3162, 3096, 3097, 3162, 3097, 3098, 3162, 3161, 3096, 3163, 3162, 3098, 3164, 3098, 3099, 3164, 3163, 3098, 3165, 3099, 3100, 3165, 3164, 3099, 3166, 3100, 3101, 3166, 3165, 3100, 3167, 3101, 3102, 3167, 3166, 3101, 3168, 3167, 3102, 3168, 3102, 3103, 3168, 3103, 3104, 3169, 3168, 3104, 3170, 3169, 3104, 3170, 3104, 3105, 3170, 3105, 3106, 3171, 3170, 3106, 3172, 3106, 3107, 3172, 3171, 3106, 3173, 3107, 3108, 3173, 3108, 3109, 3173, 3172, 3107, 3174, 3173, 3109, 3175, 3109, 3110, 3175, 3110, 3111, 3175, 3174, 3109, 3176, 3175, 3111, 3177, 3111, 3112, 3177, 3112, 3113, 3177, 3176, 3111, 3178, 3177, 3113, 3179, 3113, 3114, 3179, 3114, 3115, 3179, 3178, 3113, 3180, 3115, 3116, 3180, 3179, 3115, 3181, 3180, 3116, 3182, 3116, 3117, 3182, 3181, 3116, 3183, 3117, 3118, 3183, 3118, 3119, 3183, 3182, 3117, 3184, 3183, 3119, 3185, 3119, 3120, 3185, 3184, 3119, 3186, 3120, 3121, 3186, 3121, 3122, 3186, 3185, 3120, 3187, 3186, 3122, 3188, 3122, 3123, 3188, 3123, 3124, 3188, 3187, 3122, 3189, 3188, 3124, 3190, 3124, 3125, 3190, 3189, 3124, 3191, 3125, 3126, 3191, 3126, 3127, 3191, 3190, 3125, 3192, 3191, 3127, 3193, 3192, 3127, 3193, 3127, 3128, 3193, 3128, 3129, 3194, 3193, 3129, 3195, 3194, 3129, 3195, 3129, 3130, 3195, 3130, 3131, 3196, 3195, 3131, 3197, 3196, 3131, 3197, 3131, 3132, 3198, 3197, 3132, 3198, 3132, 3133, 3199, 3198, 3133, 3199, 3133, 3134, 3199, 3134, 3135, 3200, 3199, 3135, 3201, 3200, 3135, 3201, 3135, 3136, 3201, 3136, 3137, 3202, 3201, 3137, 3203, 3202, 3137, 3203, 3137, 3138, 3203, 3138, 3139, 3204, 3203, 3139, 3205, 3139, 3140, 3205, 3204, 3139, 3206, 3140, 3141, 3206, 3141, 3142, 3206, 3205, 3140, 3207, 3206, 3142, 3208, 3142, 3143, 3208, 3207, 3142, 3209, 3143, 3144, 3209, 3144, 3145, 3209, 3208, 3143, 3210, 3145, 3146, 3210, 3209, 3145, 3211, 3210, 3146, 3148, 3146, 3147, 3148, 3211, 3146, 3341, 3212, 3213, 3279, 3278, 3341, 3276, 3274, 3275, 3277, 3340, 3276, 3342, 3213, 3214, 3342, 3214, 3215, 3342, 3341, 3213, 3342, 3279, 3341, 3342, 3280, 3279, 3342, 3281, 3280, 3343, 3215, 3216, 3343, 3216, 3217, 3343, 3342, 3215, 3343, 3281, 3342, 3343, 3282, 3281, 3343, 3283, 3282, 3344, 3217, 3218, 3344, 3218, 3219, 3344, 3284, 3283, 3344, 3285, 3284, 3344, 3343, 3217, 3344, 3283, 3343, 3345, 3219, 3220, 3345, 3220, 3221, 3345, 3344, 3219, 3345, 3285, 3344, 3345, 3286, 3285, 3345, 3287, 3286, 3346, 3221, 3222, 3346, 3222, 3223, 3346, 3345, 3221, 3346, 3287, 3345, 3346, 3288, 3287, 3346, 3289, 3288, 3347, 3289, 3346, 3347, 3223, 3224, 3347, 3224, 3225, 3347, 3290, 3289, 3347, 3291, 3290, 3347, 3346, 3223, 3348, 3225, 3226, 3348, 3226, 3227, 3348, 3347, 3225, 3348, 3291, 3347, 3348, 3292, 3291, 3348, 3293, 3292, 3349, 3227, 3228, 3349, 3228, 3229, 3349, 3348, 3227, 3349, 3294, 3293, 3349, 3295, 3294, 3349, 3293, 3348, 3350, 3229, 3230, 3350, 3230, 3231, 3350, 3349, 3229, 3350, 3295, 3349, 3350, 3296, 3295, 3350, 3297, 3296, 3351, 3297, 3350, 3351, 3231, 3232, 3351, 3232, 3233, 3351, 3298, 3297, 3351, 3299, 3298, 3351, 3350, 3231, 3352, 3233, 3234, 3352, 3234, 3235, 3352, 3351, 3233, 3352, 3299, 3351, 3352, 3300, 3299, 3352, 3301, 3300, 3353, 3235, 3236, 3353, 3236, 3237, 3353, 3352, 3235, 3353, 3302, 3301, 3353, 3303, 3302, 3353, 3301, 3352, 3354, 3353, 3237, 3354, 3303, 3353, 3354, 3237, 3238, 3354, 3238, 3239, 3354, 3304, 3303, 3354, 3305, 3304, 3355, 3239, 3240, 3355, 3240, 3241, 3355, 3354, 3239, 3355, 3305, 3354, 3355, 3306, 3305, 3355, 3307, 3306, 3356, 3241, 3242, 3356, 3242, 3243, 3356, 3307, 3355, 3356, 3355, 3241, 3356, 3308, 3307, 3356, 3309, 3308, 3357, 3356, 3243, 3357, 3243, 3244, 3357, 3309, 3356, 3357, 3310, 3309, 3358, 3244, 3245, 3358, 3245, 3246, 3358, 3310, 3357, 3358, 3357, 3244, 3358, 3311, 3310, 3358, 3312, 3311, 3359, 3314, 3313, 3359, 3312, 3358, 3359, 3246, 3247, 3359, 3247, 3248, 3359, 3358, 3246, 3359, 3313, 3312, 3360, 3315, 3314, 3360, 3316, 3315, 3360, 3314, 3359, 3360, 3248, 3249, 3360, 3249, 3250, 3360, 3359, 3248, 3361, 3360, 3250, 3361, 3317, 3316, 3361, 3318, 3317, 3361, 3250, 3251, 3361, 3251, 3252, 3361, 3316, 3360, 3362, 3319, 3318, 3362, 3320, 3319, 3362, 3252, 3253, 3362, 3253, 3254, 3362, 3361, 3252, 3362, 3318, 3361, 3363, 3321, 3320, 3363, 3322, 3321, 3363, 3320, 3362, 3363, 3362, 3254, 3363, 3254, 3255, 3363, 3255, 3256, 3364, 3323, 3322, 3364, 3324, 3323, 3364, 3322, 3363, 3364, 3256, 3257, 3364, 3257, 3258, 3364, 3363, 3256, 3365, 3325, 3324, 3365, 3326, 3325, 3365, 3324, 3364, 3365, 3258, 3259, 3365, 3259, 3260, 3365, 3364, 3258, 3366, 3327, 3326, 3366, 3328, 3327, 3366, 3326, 3365, 3366, 3260, 3261, 3366, 3261, 3262, 3366, 3365, 3260, 3367, 3329, 3328, 3367, 3330, 3329, 3367, 3262, 3263, 3367, 3263, 3264, 3367, 3328, 3366, 3367, 3366, 3262, 3368, 3331, 3330, 3368, 3332, 3331, 3368, 3330, 3367, 3368, 3264, 3265, 3368, 3265, 3266, 3368, 3367, 3264, 3369, 3333, 3332, 3369, 3334, 3333, 3369, 3266, 3267, 3369, 3267, 3268, 3369, 3332, 3368, 3369, 3368, 3266, 3370, 3335, 3334, 3370, 3336, 3335, 3370, 3334, 3369, 3370, 3268, 3269, 3370, 3269, 3270, 3370, 3369, 3268, 3371, 3370, 3270, 3371, 3337, 3336, 3371, 3338, 3337, 3371, 3270, 3271, 3371, 3271, 3272, 3371, 3336, 3370, 3372, 3338, 3371, 3372, 3371, 3272, 3372, 3339, 3338, 3372, 3340, 3339, 3372, 3272, 3273, 3372, 3273, 3274, 3372, 3274, 3276, 3372, 3276, 3340, 3415, 3412, 3413, 3415, 3413, 3414, 3409, 3410, 3411, 3418, 3415, 3416, 3418, 3416, 3417, 3406, 3407, 3408, 3406, 3408, 3409, 3406, 3411, 3412, 3406, 3409, 3411, 3406, 3412, 3415, 3419, 3415, 3418, 3402, 3403, 3404, 3423, 3420, 3421, 3423, 3421, 3422, 3401, 3404, 3405, 3401, 3402, 3404, 3424, 3420, 3423, 3424, 3419, 3420, 3400, 3401, 3405, 3400, 3405, 3406, 3427, 3424, 3425, 3427, 3425, 3426, 3396, 3397, 3398, 3430, 3419, 3424, 3430, 3424, 3427, 3430, 3427, 3428, 3430, 3428, 3429, 3430, 3415, 3419, 3393, 3394, 3395, 3393, 3395, 3396, 3393, 3398, 3399, 3393, 3399, 3400, 3393, 3396, 3398, 3434, 3415, 3430, 3434, 3430, 3431, 3434, 3431, 3432, 3434, 3432, 3433, 3373, 3434, 3435, 3388, 3389, 3390, 3388, 3390, 3391, 3388, 3391, 3392, 3388, 3392, 3393, 3374, 3434, 3373, 3385, 3386, 3387, 3385, 3387, 3388, 3378, 3374, 3375, 3378, 3375, 3376, 3378, 3376, 3377, 3383, 3384, 3385, 3383, 3385, 3388, 3379, 3415, 3434, 3379, 3434, 3374, 3379, 3374, 3378, 3379, 3406, 3415, 3381, 3379, 3380, 3381, 3382, 3383, 3381, 3400, 3406, 3381, 3388, 3393, 3381, 3393, 3400, 3381, 3406, 3379, 3381, 3383, 3388]
        point3f[] points = [(0.0000, 4.5000, 0.0000), (0.0000, 4.4776, 0.4481), (0.0000, 4.4108, 0.8917), (0.0000, 4.3001, 1.3264), (0.0000, 4.1466, 1.7480), (0.0000, 3.9520, 2.1521), (0.0000, 3.7181, 2.5349), (0.0000, 3.4472, 2.8925), (0.0000, 3.1421, 3.2214), (0.0000, 2.8057, 3.5182), (0.0000, 2.4415, 3.7801), (0.0000, 2.0529, 4.0044), (0.0000, 1.6440, 4.1889), (0.0000, 1.2188, 4.3318), (0.0000, 0.7814, 4.4316), (0.0000, 0.3363, 4.4874), (0.0000, -0.1122, 4.4986), (0.0000, -0.5595, 4.4651), (0.0000, -1.0013, 4.3872), (0.0000, -1.4332, 4.2657), (0.0000, -1.8508, 4.1018), (0.0000, -2.2500, 3.8971), (0.0000, -2.6268, 3.6537), (0.0000, -2.9776, 3.3740), (0.0000, -3.2987, 3.0608), (0.0000, -3.5871, 2.7171), (0.0000, -3.8398, 2.3465), (0.0000, -4.0544, 1.9525), (0.0000, -4.2286, 1.5391), (0.0000, -4.3608, 1.1104), (0.0000, -4.4497, 0.6707), (0.0000, -4.4944, 0.2243), (0.0000, -4.4944, -0.2243), (0.0000, -4.4497, -0.6707), (0.0000, -4.3608, -1.1104), (0.0000, -4.2286, -1.5391), (0.0000, -4.0544, -1.9525), (0.0000, -3.8398, -2.3465), (0.0000, -3.5871, -2.7171), (0.0000, -3.2987, -3.0608), (0.0000, -2.9776, -3.3740), (0.0000, -2.6268, -3.6537), (0.0000, -2.2500, -3.8971), (0.0000, -1.8508, -4.1018), (0.0000, -1.4332, -4.2657), (0.0000, -1.0013, -4.3872), (0.0000, -0.5595, -4.4651), (0.0000, -0.1122, -4.4986), (0.0000, 0.3363, -4.4874), (0.0000, 0.7814, -4.4316), (0.0000, 1.2188, -4.3318), (0.0000, 1.6440, -4.1889), (0.0000, 2.0529, -4.0044), (0.0000, 2.4415, -3.7801), (0.0000, 2.8057, -3.5182), (0.0000, 3.1421, -3.2214), (0.0000, 3.4472, -2.8925), (0.0000, 3.7181, -2.5349), (0.0000, 3.9520, -2.1521), (0.0000, 4.1466, -1.7480), (0.0000, 4.3001, -1.3264), (0.0000, 4.4108, -0.8917), (0.0000, 4.4776, -0.4481), (0.0000, 4.5000, 0.0000), (0.7500, 5.2500, 0.0000), (1.5000, 6.0000, 0.0000), (1.5000, 6.0000, 0.0000), (1.5000, 5.9702, 0.5974), (1.5000, 5.8810, 1.1889), (1.5000, 5.7334, 1.7685), (1.5000, 5.5289, 2.3306), (1.5000, 5.2693, 2.8695), (1.5000, 4.9574, 3.3799), (1.5000, 4.5963, 3.8567), (1.5000, 4.1894, 4.2952), (1.5000, 3.7409, 4.6910), (1.5000, 3.2553, 5.0402), (1.5000, 2.7373, 5.3392), (1.5000, 2.1920, 5.5852), (1.5000, 1.6250, 5.7757), (1.5000, 1.0419, 5.9088), (1.5000, 0.4484, 5.9832), (1.5000, -0.1496, 5.9981), (1.5000, -0.7461, 5.9534), (1.5000, -1.3351, 5.8496), (1.5000, -1.9109, 5.6876), (1.5000, -2.4677, 5.4690), (1.5000, -3.0000, 5.1962), (1.5000, -3.5025, 4.8716), (1.5000, -3.9701, 4.4987), (1.5000, -4.3983, 4.0810), (1.5000, -4.7828, 3.6228), (1.5000, -5.1197, 3.1286), (1.5000, -5.4058, 2.6033), (1.5000, -5.6382, 2.0521), (1.5000, -5.8145, 1.4805), (1.5000, -5.9330, 0.8943), (1.5000, -5.9925, 0.2991), (1.5000, -5.9925, -0.2991), (1.5000, -5.9330, -0.8943), (1.5000, -5.8145, -1.4805), (1.5000, -5.6382, -2.0521), (1.5000, -5.4058, -2.6033), (1.5000, -5.1197, -3.1286), (1.5000, -4.7828, -3.6228), (1.5000, -4.3983, -4.0810), (1.5000, -3.9701, -4.4987), (1.5000, -3.5025, -4.8716), (1.5000, -3.0000, -5.1962), (1.5000, -2.4677, -5.4690), (1.5000, -1.9109, -5.6876), (1.5000, -1.3351, -5.8496), (1.5000, -0.7461, -5.9534), (1.5000, -0.1496, -5.9981), (1.5000, 0.4484, -5.9832), (1.5000, 1.0419, -5.9088), (1.5000, 1.6250, -5.7757), (1.5000, 2.1920, -5.5852), (1.5000, 2.7373, -5.3392), (1.5000, 3.2553, -5.0402), (1.5000, 3.7409, -4.6910), (1.5000, 4.1894, -4.2952), (1.5000, 4.5963, -3.8567), (1.5000, 4.9574, -3.3799), (1.5000, 5.2693, -2.8695), (1.5000, 5.5289, -2.3306), (1.5000, 5.7334, -1.7685), (1.5000, 5.8810, -1.1889), (1.5000, 5.9702, -0.5974), (0.7500, 5.2500, 0.0000), (0.7500, 5.1491, 1.0242), (0.7500, 4.8504, 2.0091), (0.7500, 4.3652, 2.9167), (0.7500, 3.7123, 3.7123), (0.7500, 2.9167, 4.3652), (0.7500, 2.0091, 4.8504), (0.7500, 1.0242, 5.1491), (0.7500, 0.0000, 5.2500), (0.7500, -1.0242, 5.1491), (0.7500, -2.0091, 4.8504), (0.7500, -2.9167, 4.3652), (0.7500, -3.7123, 3.7123), (0.7500, -4.3652, 2.9167), (0.7500, -4.8504, 2.0091), (0.7500, -5.1491, 1.0242), (0.7500, -5.2500, -0.0000), (0.7500, -5.1491, -1.0242), (0.7500, -4.8504, -2.0091), (0.7500, -4.3652, -2.9167), (0.7500, -3.7123, -3.7123), (0.7500, -2.9167, -4.3652), (0.7500, -2.0091, -4.8504), (0.7500, -1.0242, -5.1491), (0.7500, 0.0000, -5.2500), (0.7500, 1.0242, -5.1491), (0.7500, 2.0091, -4.8504), (0.7500, 2.9167, -4.3652), (0.7500, 3.7123, -3.7123), (0.7500, 4.3652, -2.9167), (0.7500, 4.8504, -2.0091), (0.7500, 5.1491, -1.0242), (0.0000, 4.5000, 0.0000), (0.0000, 4.4776, 0.4481), (0.0000, 4.4108, 0.8917), (0.0000, 4.3001, 1.3264), (0.0000, 4.1466, 1.7480), (0.0000, 3.9520, 2.1521), (0.0000, 3.7181, 2.5349), (0.0000, 3.4472, 2.8925), (0.0000, 3.1421, 3.2214), (0.0000, 2.8057, 3.5182), (0.0000, 2.4415, 3.7801), (0.0000, 2.0529, 4.0044), (0.0000, 1.6440, 4.1889), (0.0000, 1.2188, 4.3318), (0.0000, 0.7814, 4.4316), (0.0000, 0.3363, 4.4874), (0.0000, -0.1122, 4.4986), (0.0000, -0.5595, 4.4651), (0.0000, -1.0013, 4.3872), (0.0000, -1.4332, 4.2657), (0.0000, -1.8508, 4.1018), (0.0000, -2.2500, 3.8971), (0.0000, -2.6268, 3.6537), (0.0000, -2.9776, 3.3740), (0.0000, -3.2987, 3.0608), (0.0000, -3.5871, 2.7171), (0.0000, -3.8398, 2.3465), (0.0000, -4.0544, 1.9525), (0.0000, -4.2286, 1.5391), (0.0000, -4.3608, 1.1104), (0.0000, -4.4497, 0.6707), (0.0000, -4.4944, 0.2243), (0.0000, -4.4944, -0.2243), (0.0000, -4.4497, -0.6707), (0.0000, -4.3608, -1.1104), (0.0000, -4.2286, -1.5391), (0.0000, -4.0544, -1.9525), (0.0000, -3.8398, -2.3465), (0.0000, -3.5871, -2.7171), (0.0000, -3.2987, -3.0608), (0.0000, -2.9776, -3.3740), (0.0000, -2.6268, -3.6537), (0.0000, -2.2500, -3.8971), (0.0000, -1.8508, -4.1018), (0.0000, -1.4332, -4.2657), (0.0000, -1.0013, -4.3872), (0.0000, -0.5595, -4.4651), (0.0000, -0.1122, -4.4986), (0.0000, 0.3363, -4.4874), (0.0000, 0.7814, -4.4316), (0.0000, 1.2188, -4.3318), (0.0000, 1.6440, -4.1889), (0.0000, 2.0529, -4.0044), (0.0000, 2.4415, -3.7801), (0.0000, 2.8057, -3.5182), (0.0000, 3.1421, -3.2214), (0.0000, 3.4472, -2.8925), (0.0000, 3.7181, -2.5349), (0.0000, 3.9520, -2.1521), (0.0000, 4.1466, -1.7480), (0.0000, 4.3001, -1.3264), (0.0000, 4.4108, -0.8917), (0.0000, 4.4776, -0.4481), (1.5000, 6.0000, 0.0000), (1.5000, 5.9702, 0.5974), (1.5000, 5.8810, 1.1889), (1.5000, 5.7334, 1.7685), (1.5000, 5.5289, 2.3306), (1.5000, 5.2693, 2.8695), (1.5000, 4.9574, 3.3799), (1.5000, 4.5963, 3.8567), (1.5000, 4.1894, 4.2952), (1.5000, 3.7409, 4.6910), (1.5000, 3.2553, 5.0402), (1.5000, 2.7373, 5.3392), (1.5000, 2.1920, 5.5852), (1.5000, 1.6250, 5.7757), (1.5000, 1.0419, 5.9088), (1.5000, 0.4484, 5.9832), (1.5000, -0.1496, 5.9981), (1.5000, -0.7461, 5.9534), (1.5000, -1.3351, 5.8496), (1.5000, -1.9109, 5.6876), (1.5000, -2.4677, 5.4690), (1.5000, -3.0000, 5.1962), (1.5000, -3.5025, 4.8716), (1.5000, -3.9701, 4.4987), (1.5000, -4.3983, 4.0810), (1.5000, -4.7828, 3.6228), (1.5000, -5.1197, 3.1286), (1.5000, -5.4058, 2.6033), (1.5000, -5.6382, 2.0521), (1.5000, -5.8145, 1.4805), (1.5000, -5.9330, 0.8943), (1.5000, -5.9925, 0.2991), (1.5000, -5.9925, -0.2991), (1.5000, -5.9330, -0.8943), (1.5000, -5.8145, -1.4805), (1.5000, -5.6382, -2.0521), (1.5000, -5.4058, -2.6033), (1.5000, -5.1197, -3.1286), (1.5000, -4.7828, -3.6228), (1.5000, -4.3983, -4.0810), (1.5000, -3.9701, -4.4987), (1.5000, -3.5025, -4.8716), (1.5000, -3.0000, -5.1962), (1.5000, -2.4677, -5.4690), (1.5000, -1.9109, -5.6876), (1.5000, -1.3351, -5.8496), (1.5000, -0.7461, -5.9534), (1.5000, -0.1496, -5.9981), (1.5000, 0.4484, -5.9832), (1.5000, 1.0419, -5.9088), (1.5000, 1.6250, -5.7757), (1.5000, 2.1920, -5.5852), (1.5000, 2.7373, -5.3392), (1.5000, 3.2553, -5.0402), (1.5000, 3.7409, -4.6910), (1.5000, 4.1894, -4.2952), (1.5000, 4.5963, -3.8567), (1.5000, 4.9574, -3.3799), (1.5000, 5.2693, -2.8695), (1.5000, 5.5289, -2.3306), (1.5000, 5.7334, -1.7685), (1.5000, 5.8810, -1.1889), (1.5000, 5.9702, -0.5974), (1.5000, 6.0000, 0.0000), (14.7500, 6.0000, 0.0000), (14.7500, 6.0000, 0.0000), (14.7500, 5.9702, 0.5974), (14.7500, 5.8810, 1.1889), (14.7500, 5.7334, 1.7685), (14.7500, 5.5289, 2.3306), (14.7500, 5.2693, 2.8695), (14.7500, 4.9574, 3.3799), (14.7500, 4.5963, 3.8567), (14.7500, 4.1894, 4.2952), (14.7500, 3.7409, 4.6910), (14.7500, 3.2553, 5.0402), (14.7500, 2.7373, 5.3392), (14.7500, 2.1920, 5.5852), (14.7500, 1.6250, 5.7757), (14.7500, 1.0419, 5.9088), (14.7500, 0.4484, 5.9832), (14.7500, -0.1496, 5.9981), (14.7500, -0.7461, 5.9534), (14.7500, -1.3351, 5.8496), (14.7500, -1.9109, 5.6876), (14.7500, -2.4677, 5.4690), (14.7500, -3.0000, 5.1962), (14.7500, -3.5025, 4.8716), (14.7500, -3.9701, 4.4987), (14.7500, -4.3983, 4.0810), (14.7500, -4.7828, 3.6228), (14.7500, -5.1197, 3.1286), (14.7500, -5.4058, 2.6033), (14.7500, -5.6382, 2.0521), (14.7500, -5.8145, 1.4805), (14.7500, -5.9330, 0.8943), (14.7500, -5.9925, 0.2991), (14.7500, -5.9925, -0.2991), (14.7500, -5.9330, -0.8943), (14.7500, -5.8145, -1.4805), (14.7500, -5.6382, -2.0521), (14.7500, -5.4058, -2.6033), (14.7500, -5.1197, -3.1286), (14.7500, -4.7828, -3.6228), (14.7500, -4.3983, -4.0810), (14.7500, -3.9701, -4.4987), (14.7500, -3.5025, -4.8716), (14.7500, -3.0000, -5.1962), (14.7500, -2.4677, -5.4690), (14.7500, -1.9109, -5.6876), (14.7500, -1.3351, -5.8496), (14.7500, -0.7461, -5.9534), (14.7500, -0.1496, -5.9981), (14.7500, 0.4484, -5.9832), (14.7500, 1.0419, -5.9088), (14.7500, 1.6250, -5.7757), (14.7500, 2.1920, -5.5852), (14.7500, 2.7373, -5.3392), (14.7500, 3.2553, -5.0402), (14.7500, 3.7409, -4.6910), (14.7500, 4.1894, -4.2952), (14.7500, 4.5963, -3.8567), (14.7500, 4.9574, -3.3799), (14.7500, 5.2693, -2.8695), (14.7500, 5.5289, -2.3306), (14.7500, 5.7334, -1.7685), (14.7500, 5.8810, -1.1889), (14.7500, 5.9702, -0.5974), (14.7500, 6.0000, 0.0000), (14.7500, 5.9702, 0.5974), (14.7500, 5.8810, 1.1889), (14.7500, 5.7334, 1.7685), (14.7500, 5.5289, 2.3306), (14.7500, 5.2693, 2.8695), (14.7500, 4.9574, 3.3799), (14.7500, 4.5963, 3.8567), (14.7500, 4.1894, 4.2952), (14.7500, 3.7409, 4.6910), (14.7500, 3.2553, 5.0402), (14.7500, 2.7373, 5.3392), (14.7500, 2.1920, 5.5852), (14.7500, 1.6250, 5.7757), (14.7500, 1.0419, 5.9088), (14.7500, 0.4484, 5.9832), (14.7500, -0.1496, 5.9981), (14.7500, -0.7461, 5.9534), (14.7500, -1.3351, 5.8496), (14.7500, -1.9109, 5.6876), (14.7500, -2.4677, 5.4690), (14.7500, -3.0000, 5.1962), (14.7500, -3.5025, 4.8716), (14.7500, -3.9701, 4.4987), (14.7500, -4.3983, 4.0810), (14.7500, -4.7828, 3.6228), (14.7500, -5.1197, 3.1286), (14.7500, -5.4058, 2.6033), (14.7500, -5.6382, 2.0521), (14.7500, -5.8145, 1.4805), (14.7500, -5.9330, 0.8943), (14.7500, -5.9925, 0.2991), (14.7500, -5.9925, -0.2991), (14.7500, -5.9330, -0.8943), (14.7500, -5.8145, -1.4805), (14.7500, -5.6382, -2.0521), (14.7500, -5.4058, -2.6033), (14.7500, -5.1197, -3.1286), (14.7500, -4.7828, -3.6228), (14.7500, -4.3983, -4.0810), (14.7500, -3.9701, -4.4987), (14.7500, -3.5025, -4.8716), (14.7500, -3.0000, -5.1962), (14.7500, -2.4677, -5.4690), (14.7500, -1.9109, -5.6876), (14.7500, -1.3351, -5.8496), (14.7500, -0.7461, -5.9534), (14.7500, -0.1496, -5.9981), (14.7500, 0.4484, -5.9832), (14.7500, 1.0419, -5.9088), (14.7500, 1.6250, -5.7757), (14.7500, 2.1920, -5.5852), (14.7500, 2.7373, -5.3392), (14.7500, 3.2553, -5.0402), (14.7500, 3.7409, -4.6910), (14.7500, 4.1894, -4.2952), (14.7500, 4.5963, -3.8567), (14.7500, 4.9574, -3.3799), (14.7500, 5.2693, -2.8695), (14.7500, 5.5289, -2.3306), (14.7500, 5.7334, -1.7685), (14.7500, 5.8810, -1.1889), (14.7500, 5.9702, -0.5974), (14.7500, 4.7000, 0.0000), (14.7500, 4.6766, 0.4680), (14.7500, 4.6068, 0.9313), (14.7500, 4.4912, 1.3853), (14.7500, 4.3309, 1.8256), (14.7500, 4.1276, 2.2478), (14.7500, 3.8833, 2.6476), (14.7500, 3.6004, 3.0211), (14.7500, 3.2817, 3.3646), (14.7500, 2.9304, 3.6746), (14.7500, 2.5500, 3.9481), (14.7500, 2.1442, 4.1824), (14.7500, 1.7171, 4.3751), (14.7500, 1.2730, 4.5243), (14.7500, 0.8161, 4.6286), (14.7500, 0.3512, 4.6869), (14.7500, -0.1172, 4.6985), (14.7500, -0.5844, 4.6635), (14.7500, -1.0458, 4.5822), (14.7500, -1.4969, 4.4553), (14.7500, -1.9330, 4.2841), (14.7500, -2.3500, 4.0703), (14.7500, -2.7436, 3.8161), (14.7500, -3.1099, 3.5240), (14.7500, -3.4453, 3.1968), (14.7500, -3.7465, 2.8379), (14.7500, -4.0105, 2.4507), (14.7500, -4.2346, 2.0393), (14.7500, -4.4166, 1.6075), (14.7500, -4.5547, 1.1598), (14.7500, -4.6475, 0.7005), (14.7500, -4.6942, 0.2343), (14.7500, -4.6942, -0.2343), (14.7500, -4.6475, -0.7005), (14.7500, -4.5547, -1.1598), (14.7500, -4.4166, -1.6075), (14.7500, -4.2346, -2.0393), (14.7500, -4.0105, -2.4507), (14.7500, -3.7465, -2.8379), (14.7500, -3.4453, -3.1968), (14.7500, -3.1099, -3.5240), (14.7500, -2.7436, -3.8161), (14.7500, -2.3500, -4.0703), (14.7500, -1.9330, -4.2841), (14.7500, -1.4969, -4.4553), (14.7500, -1.0458, -4.5822), (14.7500, -0.5844, -4.6635), (14.7500, -0.1172, -4.6985), (14.7500, 0.3512, -4.6869), (14.7500, 0.8161, -4.6286), (14.7500, 1.2730, -4.5243), (14.7500, 1.7171, -4.3751), (14.7500, 2.1442, -4.1824), (14.7500, 2.5500, -3.9481), (14.7500, 2.9304, -3.6746), (14.7500, 3.2817, -3.3646), (14.7500, 3.6004, -3.0211), (14.7500, 3.8833, -2.6476), (14.7500, 4.1276, -2.2478), (14.7500, 4.3309, -1.8256), (14.7500, 4.4912, -1.3853), (14.7500, 4.6068, -0.9313), (14.7500, 4.6766, -0.4680), (14.7500, 4.7000, 0.0000), (14.7500, 4.6766, 0.4680), (14.7500, 4.6068, 0.9313), (14.7500, 4.4912, 1.3853), (14.7500, 4.3309, 1.8256), (14.7500, 4.1276, 2.2478), (14.7500, 3.8833, 2.6476), (14.7500, 3.6004, 3.0211), (14.7500, 3.2817, 3.3646), (14.7500, 2.9304, 3.6746), (14.7500, 2.5500, 3.9481), (14.7500, 2.1442, 4.1824), (14.7500, 1.7171, 4.3751), (14.7500, 1.2730, 4.5243), (14.7500, 0.8161, 4.6286), (14.7500, 0.3512, 4.6869), (14.7500, -0.1172, 4.6985), (14.7500, -0.5844, 4.6635), (14.7500, -1.0458, 4.5822), (14.7500, -1.4969, 4.4553), (14.7500, -1.9330, 4.2841), (14.7500, -2.3500, 4.0703), (14.7500, -2.7436, 3.8161), (14.7500, -3.1099, 3.5240), (14.7500, -3.4453, 3.1968), (14.7500, -3.7465, 2.8379), (14.7500, -4.0105, 2.4507), (14.7500, -4.2346, 2.0393), (14.7500, -4.4166, 1.6075), (14.7500, -4.5547, 1.1598), (14.7500, -4.6475, 0.7005), (14.7500, -4.6942, 0.2343), (14.7500, -4.6942, -0.2343), (14.7500, -4.6475, -0.7005), (14.7500, -4.5547, -1.1598), (14.7500, -4.4166, -1.6075), (14.7500, -4.2346, -2.0393), (14.7500, -4.0105, -2.4507), (14.7500, -3.7465, -2.8379), (14.7500, -3.4453, -3.1968), (14.7500, -3.1099, -3.5240), (14.7500, -2.7436, -3.8161), (14.7500, -2.3500, -4.0703), (14.7500, -1.9330, -4.2841), (14.7500, -1.4969, -4.4553), (14.7500, -1.0458, -4.5822), (14.7500, -0.5844, -4.6635), (14.7500, -0.1172, -4.6985), (14.7500, 0.3512, -4.6869), (14.7500, 0.8161, -4.6286), (14.7500, 1.2730, -4.5243), (14.7500, 1.7171, -4.3751), (14.7500, 2.1442, -4.1824), (14.7500, 2.5500, -3.9481), (14.7500, 2.9304, -3.6746), (14.7500, 3.2817, -3.3646), (14.7500, 3.6004, -3.0211), (14.7500, 3.8833, -2.6476), (14.7500, 4.1276, -2.2478), (14.7500, 4.3309, -1.8256), (14.7500, 4.4912, -1.3853), (14.7500, 4.6068, -0.9313), (14.7500, 4.6766, -0.4680), (14.7500, 4.7000, 0.0000), (20.0000, 4.7000, 0.0000), (20.0000, 4.7000, 0.0000), (20.0000, 4.6766, 0.4680), (20.0000, 4.6068, 0.9313), (20.0000, 4.4912, 1.3853), (20.0000, 4.3309, 1.8256), (20.0000, 4.1276, 2.2478), (20.0000, 3.8833, 2.6476), (20.0000, 3.6004, 3.0211), (20.0000, 3.2817, 3.3646), (20.0000, 2.9304, 3.6746), (20.0000, 2.5500, 3.9481), (20.0000, 2.1442, 4.1824), (20.0000, 1.7171, 4.3751), (20.0000, 1.2730, 4.5243), (20.0000, 0.8161, 4.6286), (20.0000, 0.3512, 4.6869), (20.0000, -0.1172, 4.6985), (20.0000, -0.5844, 4.6635), (20.0000, -1.0458, 4.5822), (20.0000, -1.4969, 4.4553), (20.0000, -1.9330, 4.2841), (20.0000, -2.3500, 4.0703), (20.0000, -2.7436, 3.8161), (20.0000, -3.1099, 3.5240), (20.0000, -3.4453, 3.1968), (20.0000, -3.7465, 2.8379), (20.0000, -4.0105, 2.4507), (20.0000, -4.2346, 2.0393), (20.0000, -4.4166, 1.6075), (20.0000, -4.5547, 1.1598), (20.0000, -4.6475, 0.7005), (20.0000, -4.6942, 0.2343), (20.0000, -4.6942, -0.2343), (20.0000, -4.6475, -0.7005), (20.0000, -4.5547, -1.1598), (20.0000, -4.4166, -1.6075), (20.0000, -4.2346, -2.0393), (20.0000, -4.0105, -2.4507), (20.0000, -3.7465, -2.8379), (20.0000, -3.4453, -3.1968), (20.0000, -3.1099, -3.5240), (20.0000, -2.7436, -3.8161), (20.0000, -2.3500, -4.0703), (20.0000, -1.9330, -4.2841), (20.0000, -1.4969, -4.4553), (20.0000, -1.0458, -4.5822), (20.0000, -0.5844, -4.6635), (20.0000, -0.1172, -4.6985), (20.0000, 0.3512, -4.6869), (20.0000, 0.8161, -4.6286), (20.0000, 1.2730, -4.5243), (20.0000, 1.7171, -4.3751), (20.0000, 2.1442, -4.1824), (20.0000, 2.5500, -3.9481), (20.0000, 2.9304, -3.6746), (20.0000, 3.2817, -3.3646), (20.0000, 3.6004, -3.0211), (20.0000, 3.8833, -2.6476), (20.0000, 4.1276, -2.2478), (20.0000, 4.3309, -1.8256), (20.0000, 4.4912, -1.3853), (20.0000, 4.6068, -0.9313), (20.0000, 4.6766, -0.4680), (20.0000, 8.0000, 0.0000), (20.0000, 7.9602, 0.7965), (20.0000, 7.8414, 1.5852), (20.0000, 7.6446, 2.3580), (20.0000, 7.3718, 3.1075), (20.0000, 7.0258, 3.8260), (20.0000, 6.6099, 4.5066), (20.0000, 6.1284, 5.1423), (20.0000, 5.5859, 5.7269), (20.0000, 4.9879, 6.2547), (20.0000, 4.3404, 6.7202), (20.0000, 3.6497, 7.1190), (20.0000, 2.9227, 7.4470), (20.0000, 2.1667, 7.7010), (20.0000, 1.3892, 7.8785), (20.0000, 0.5978, 7.9776), (20.0000, -0.1994, 7.9975), (20.0000, -0.9947, 7.9379), (20.0000, -1.7802, 7.7994), (20.0000, -2.5479, 7.5834), (20.0000, -3.2903, 7.2920), (20.0000, -4.0000, 6.9282), (20.0000, -4.6699, 6.4955), (20.0000, -5.2935, 5.9982), (20.0000, -5.8644, 5.4414), (20.0000, -6.3771, 4.8304), (20.0000, -6.8263, 4.1715), (20.0000, -7.2078, 3.4711), (20.0000, -7.5175, 2.7362), (20.0000, -7.7526, 1.9741), (20.0000, -7.9106, 1.1923), (20.0000, -7.9901, 0.3988), (20.0000, -7.9901, -0.3988), (20.0000, -7.9106, -1.1923), (20.0000, -7.7526, -1.9741), (20.0000, -7.5175, -2.7362), (20.0000, -7.2078, -3.4711), (20.0000, -6.8263, -4.1715), (20.0000, -6.3771, -4.8304), (20.0000, -5.8644, -5.4414), (20.0000, -5.2935, -5.9982), (20.0000, -4.6699, -6.4955), (20.0000, -4.0000, -6.9282), (20.0000, -3.2903, -7.2920), (20.0000, -2.5479, -7.5834), (20.0000, -1.7802, -7.7994), (20.0000, -0.9947, -7.9379), (20.0000, -0.1994, -7.9975), (20.0000, 0.5978, -7.9776), (20.0000, 1.3892, -7.8785), (20.0000, 2.1667, -7.7010), (20.0000, 2.9227, -7.4470), (20.0000, 3.6497, -7.1190), (20.0000, 4.3404, -6.7202), (20.0000, 4.9879, -6.2547), (20.0000, 5.5859, -5.7269), (20.0000, 6.1284, -5.1423), (20.0000, 6.6099, -4.5066), (20.0000, 7.0258, -3.8260), (20.0000, 7.3718, -3.1075), (20.0000, 7.6446, -2.3580), (20.0000, 7.8414, -1.5852), (20.0000, 7.9602, -0.7965), (20.0000, 4.7000, 0.0000), (20.0000, 4.6766, 0.4680), (20.0000, 4.6068, 0.9313), (20.0000, 4.4912, 1.3853), (20.0000, 4.3309, 1.8256), (20.0000, 4.1276, 2.2478), (20.0000, 3.8833, 2.6476), (20.0000, 3.6004, 3.0211), (20.0000, 3.2817, 3.3646), (20.0000, 2.9304, 3.6746), (20.0000, 2.5500, 3.9481), (20.0000, 2.1442, 4.1824), (20.0000, 1.7171, 4.3751), (20.0000, 1.2730, 4.5243), (20.0000, 0.8161, 4.6286), (20.0000, 0.3512, 4.6869), (20.0000, -0.1172, 4.6985), (20.0000, -0.5844, 4.6635), (20.0000, -1.0458, 4.5822), (20.0000, -1.4969, 4.4553), (20.0000, -1.9330, 4.2841), (20.0000, -2.3500, 4.0703), (20.0000, -2.7436, 3.8161), (20.0000, -3.1099, 3.5240), (20.0000, -3.4453, 3.1968), (20.0000, -3.7465, 2.8379), (20.0000, -4.0105, 2.4507), (20.0000, -4.2346, 2.0393), (20.0000, -4.4166, 1.6075), (20.0000, -4.5547, 1.1598), (20.0000, -4.6475, 0.7005), (20.0000, -4.6942, 0.2343), (20.0000, -4.6942, -0.2343), (20.0000, -4.6475, -0.7005), (20.0000, -4.5547, -1.1598), (20.0000, -4.4166, -1.6075), (20.0000, -4.2346, -2.0393), (20.0000, -4.0105, -2.4507), (20.0000, -3.7465, -2.8379), (20.0000, -3.4453, -3.1968), (20.0000, -3.1099, -3.5240), (20.0000, -2.7436, -3.8161), (20.0000, -2.3500, -4.0703), (20.0000, -1.9330, -4.2841), (20.0000, -1.4969, -4.4553), (20.0000, -1.0458, -4.5822), (20.0000, -0.5844, -4.6635), (20.0000, -0.1172, -4.6985), (20.0000, 0.3512, -4.6869), (20.0000, 0.8161, -4.6286), (20.0000, 1.2730, -4.5243), (20.0000, 1.7171, -4.3751), (20.0000, 2.1442, -4.1824), (20.0000, 2.5500, -3.9481), (20.0000, 2.9304, -3.6746), (20.0000, 3.2817, -3.3646), (20.0000, 3.6004, -3.0211), (20.0000, 3.8833, -2.6476), (20.0000, 4.1276, -2.2478), (20.0000, 4.3309, -1.8256), (20.0000, 4.4912, -1.3853), (20.0000, 4.6068, -0.9313), (20.0000, 4.6766, -0.4680), (20.0000, 8.0000, 0.0000), (20.0000, 7.9602, 0.7965), (20.0000, 7.8414, 1.5852), (20.0000, 7.6446, 2.3580), (20.0000, 7.3718, 3.1075), (20.0000, 7.0258, 3.8260), (20.0000, 6.6099, 4.5066), (20.0000, 6.1284, 5.1423), (20.0000, 5.5859, 5.7269), (20.0000, 4.9879, 6.2547), (20.0000, 4.3404, 6.7202), (20.0000, 3.6497, 7.1190), (20.0000, 2.9227, 7.4470), (20.0000, 2.1667, 7.7010), (20.0000, 1.3892, 7.8785), (20.0000, 0.5978, 7.9776), (20.0000, -0.1994, 7.9975), (20.0000, -0.9947, 7.9379), (20.0000, -1.7802, 7.7994), (20.0000, -2.5479, 7.5834), (20.0000, -3.2903, 7.2920), (20.0000, -4.0000, 6.9282), (20.0000, -4.6699, 6.4955), (20.0000, -5.2935, 5.9982), (20.0000, -5.8644, 5.4414), (20.0000, -6.3771, 4.8304), (20.0000, -6.8263, 4.1715), (20.0000, -7.2078, 3.4711), (20.0000, -7.5175, 2.7362), (20.0000, -7.7526, 1.9741), (20.0000, -7.9106, 1.1923), (20.0000, -7.9901, 0.3988), (20.0000, -7.9901, -0.3988), (20.0000, -7.9106, -1.1923), (20.0000, -7.7526, -1.9741), (20.0000, -7.5175, -2.7362), (20.0000, -7.2078, -3.4711), (20.0000, -6.8263, -4.1715), (20.0000, -6.3771, -4.8304), (20.0000, -5.8644, -5.4414), (20.0000, -5.2935, -5.9982), (20.0000, -4.6699, -6.4955), (20.0000, -4.0000, -6.9282), (20.0000, -3.2903, -7.2920), (20.0000, -2.5479, -7.5834), (20.0000, -1.7802, -7.7994), (20.0000, -0.9947, -7.9379), (20.0000, -0.1994, -7.9975), (20.0000, 0.5978, -7.9776), (20.0000, 1.3892, -7.8785), (20.0000, 2.1667, -7.7010), (20.0000, 2.9227, -7.4470), (20.0000, 3.6497, -7.1190), (20.0000, 4.3404, -6.7202), (20.0000, 4.9879, -6.2547), (20.0000, 5.5859, -5.7269), (20.0000, 6.1284, -5.1423), (20.0000, 6.6099, -4.5066), (20.0000, 7.0258, -3.8260), (20.0000, 7.3718, -3.1075), (20.0000, 7.6446, -2.3580), (20.0000, 7.8414, -1.5852), (20.0000, 7.9602, -0.7965), (20.0000, 8.0000, 0.0000), (80.0000, 8.0000, 0.0000), (80.0000, 8.0000, 0.0000), (80.0000, 7.9602, 0.7965), (80.0000, 7.8414, 1.5852), (80.0000, 7.6446, 2.3580), (80.0000, 7.3718, 3.1075), (80.0000, 7.0258, 3.8260), (80.0000, 6.6099, 4.5066), (80.0000, 6.1284, 5.1423), (80.0000, 5.5859, 5.7269), (80.0000, 4.9879, 6.2547), (80.0000, 4.3404, 6.7202), (80.0000, 3.6497, 7.1190), (80.0000, 2.9227, 7.4470), (80.0000, 2.1667, 7.7010), (80.0000, 1.3892, 7.8785), (80.0000, 0.5978, 7.9776), (80.0000, -0.1994, 7.9975), (80.0000, -0.9947, 7.9379), (80.0000, -1.7802, 7.7994), (80.0000, -2.5479, 7.5834), (80.0000, -3.2903, 7.2920), (80.0000, -4.0000, 6.9282), (80.0000, -4.6699, 6.4955), (80.0000, -5.2935, 5.9982), (80.0000, -5.8644, 5.4414), (80.0000, -6.3771, 4.8304), (80.0000, -6.8263, 4.1715), (80.0000, -7.2078, 3.4711), (80.0000, -7.5175, 2.7362), (80.0000, -7.7526, 1.9741), (80.0000, -7.9106, 1.1923), (80.0000, -7.9901, 0.3988), (80.0000, -7.9901, -0.3988), (80.0000, -7.9106, -1.1923), (80.0000, -7.7526, -1.9741), (80.0000, -7.5175, -2.7362), (80.0000, -7.2078, -3.4711), (80.0000, -6.8263, -4.1715), (80.0000, -6.3771, -4.8304), (80.0000, -5.8644, -5.4414), (80.0000, -5.2935, -5.9982), (80.0000, -4.6699, -6.4955), (80.0000, -4.0000, -6.9282), (80.0000, -3.2903, -7.2920), (80.0000, -2.5479, -7.5834), (80.0000, -1.7802, -7.7994), (80.0000, -0.9947, -7.9379), (80.0000, -0.1994, -7.9975), (80.0000, 0.5978, -7.9776), (80.0000, 1.3892, -7.8785), (80.0000, 2.1667, -7.7010), (80.0000, 2.9227, -7.4470), (80.0000, 3.6497, -7.1190), (80.0000, 4.3404, -6.7202), (80.0000, 4.9879, -6.2547), (80.0000, 5.5859, -5.7269), (80.0000, 6.1284, -5.1423), (80.0000, 6.6099, -4.5066), (80.0000, 7.0258, -3.8260), (80.0000, 7.3718, -3.1075), (80.0000, 7.6446, -2.3580), (80.0000, 7.8414, -1.5852), (80.0000, 7.9602, -0.7965), (80.0000, 8.0000, 0.0000), (80.0000, 7.9602, 0.7965), (80.0000, 7.8414, 1.5852), (80.0000, 7.6446, 2.3580), (80.0000, 7.3718, 3.1075), (80.0000, 7.0258, 3.8260), (80.0000, 6.6099, 4.5066), (80.0000, 6.1284, 5.1423), (80.0000, 5.5859, 5.7269), (80.0000, 4.9879, 6.2547), (80.0000, 4.3404, 6.7202), (80.0000, 3.6497, 7.1190), (80.0000, 2.9227, 7.4470), (80.0000, 2.1667, 7.7010), (80.0000, 1.3892, 7.8785), (80.0000, 0.5978, 7.9776), (80.0000, -0.1994, 7.9975), (80.0000, -0.9947, 7.9379), (80.0000, -1.7802, 7.7994), (80.0000, -2.5479, 7.5834), (80.0000, -3.2903, 7.2920), (80.0000, -4.0000, 6.9282), (80.0000, -4.6699, 6.4955), (80.0000, -5.2935, 5.9982), (80.0000, -5.8644, 5.4414), (80.0000, -6.3771, 4.8304), (80.0000, -6.8263, 4.1715), (80.0000, -7.2078, 3.4711), (80.0000, -7.5175, 2.7362), (80.0000, -7.7526, 1.9741), (80.0000, -7.9106, 1.1923), (80.0000, -7.9901, 0.3988), (80.0000, -7.9901, -0.3988), (80.0000, -7.9106, -1.1923), (80.0000, -7.7526, -1.9741), (80.0000, -7.5175, -2.7362), (80.0000, -7.2078, -3.4711), (80.0000, -6.8263, -4.1715), (80.0000, -6.3771, -4.8304), (80.0000, -5.8644, -5.4414), (80.0000, -5.2935, -5.9982), (80.0000, -4.6699, -6.4955), (80.0000, -4.0000, -6.9282), (80.0000, -3.2903, -7.2920), (80.0000, -2.5479, -7.5834), (80.0000, -1.7802, -7.7994), (80.0000, -0.9947, -7.9379), (80.0000, -0.1994, -7.9975), (80.0000, 0.5978, -7.9776), (80.0000, 1.3892, -7.8785), (80.0000, 2.1667, -7.7010), (80.0000, 2.9227, -7.4470), (80.0000, 3.6497, -7.1190), (80.0000, 4.3404, -6.7202), (80.0000, 4.9879, -6.2547), (80.0000, 5.5859, -5.7269), (80.0000, 6.1284, -5.1423), (80.0000, 6.6099, -4.5066), (80.0000, 7.0258, -3.8260), (80.0000, 7.3718, -3.1075), (80.0000, 7.6446, -2.3580), (80.0000, 7.8414, -1.5852), (80.0000, 7.9602, -0.7965), (80.0000, 7.5000, 0.0000), (80.0000, 7.4627, 0.7468), (80.0000, 7.3513, 1.4861), (80.0000, 7.1668, 2.2107), (80.0000, 6.9111, 2.9133), (80.0000, 6.5867, 3.5869), (80.0000, 6.1968, 4.2249), (80.0000, 5.7453, 4.8209), (80.0000, 5.2368, 5.3690), (80.0000, 4.6762, 5.8637), (80.0000, 4.0691, 6.3002), (80.0000, 3.4216, 6.6740), (80.0000, 2.7401, 6.9816), (80.0000, 2.0313, 7.2197), (80.0000, 1.3024, 7.3861), (80.0000, 0.5605, 7.4790), (80.0000, -0.1870, 7.4977), (80.0000, -0.9326, 7.4418), (80.0000, -1.6689, 7.3120), (80.0000, -2.3886, 7.1095), (80.0000, -3.0847, 6.8363), (80.0000, -3.7500, 6.4952), (80.0000, -4.3781, 6.0895), (80.0000, -4.9626, 5.6234), (80.0000, -5.4979, 5.1013), (80.0000, -5.9785, 4.5285), (80.0000, -6.3997, 3.9108), (80.0000, -6.7573, 3.2541), (80.0000, -7.0477, 2.5652), (80.0000, -7.2681, 1.8507), (80.0000, -7.4162, 1.1178), (80.0000, -7.4907, 0.3738), (80.0000, -7.4907, -0.3738), (80.0000, -7.4162, -1.1178), (80.0000, -7.2681, -1.8507), (80.0000, -7.0477, -2.5652), (80.0000, -6.7573, -3.2541), (80.0000, -6.3997, -3.9108), (80.0000, -5.9785, -4.5285), (80.0000, -5.4979, -5.1013), (80.0000, -4.9626, -5.6234), (80.0000, -4.3781, -6.0895), (80.0000, -3.7500, -6.4952), (80.0000, -3.0847, -6.8363), (80.0000, -2.3886, -7.1095), (80.0000, -1.6689, -7.3120), (80.0000, -0.9326, -7.4418), (80.0000, -0.1870, -7.4977), (80.0000, 0.5605, -7.4790), (80.0000, 1.3024, -7.3861), (80.0000, 2.0313, -7.2197), (80.0000, 2.7401, -6.9816), (80.0000, 3.4216, -6.6740), (80.0000, 4.0691, -6.3002), (80.0000, 4.6762, -5.8637), (80.0000, 5.2368, -5.3690), (80.0000, 5.7453, -4.8209), (80.0000, 6.1968, -4.2249), (80.0000, 6.5867, -3.5869), (80.0000, 6.9111, -2.9133), (80.0000, 7.1668, -2.2107), (80.0000, 7.3513, -1.4861), (80.0000, 7.4627, -0.7468), (80.0000, 7.5000, 0.0000), (80.0000, 7.4627, 0.7468), (80.0000, 7.3513, 1.4861), (80.0000, 7.1668, 2.2107), (80.0000, 6.9111, 2.9133), (80.0000, 6.5867, 3.5869), (80.0000, 6.1968, 4.2249), (80.0000, 5.7453, 4.8209), (80.0000, 5.2368, 5.3690), (80.0000, 4.6762, 5.8637), (80.0000, 4.0691, 6.3002), (80.0000, 3.4216, 6.6740), (80.0000, 2.7401, 6.9816), (80.0000, 2.0313, 7.2197), (80.0000, 1.3024, 7.3861), (80.0000, 0.5605, 7.4790), (80.0000, -0.1870, 7.4977), (80.0000, -0.9326, 7.4418), (80.0000, -1.6689, 7.3120), (80.0000, -2.3886, 7.1095), (80.0000, -3.0847, 6.8363), (80.0000, -3.7500, 6.4952), (80.0000, -4.3781, 6.0895), (80.0000, -4.9626, 5.6234), (80.0000, -5.4979, 5.1013), (80.0000, -5.9785, 4.5285), (80.0000, -6.3997, 3.9108), (80.0000, -6.7573, 3.2541), (80.0000, -7.0477, 2.5652), (80.0000, -7.2681, 1.8507), (80.0000, -7.4162, 1.1178), (80.0000, -7.4907, 0.3738), (80.0000, -7.4907, -0.3738), (80.0000, -7.4162, -1.1178), (80.0000, -7.2681, -1.8507), (80.0000, -7.0477, -2.5652), (80.0000, -6.7573, -3.2541), (80.0000, -6.3997, -3.9108), (80.0000, -5.9785, -4.5285), (80.0000, -5.4979, -5.1013), (80.0000, -4.9626, -5.6234), (80.0000, -4.3781, -6.0895), (80.0000, -3.7500, -6.4952), (80.0000, -3.0847, -6.8363), (80.0000, -2.3886, -7.1095), (80.0000, -1.6689, -7.3120), (80.0000, -0.9326, -7.4418), (80.0000, -0.1870, -7.4977), (80.0000, 0.5605, -7.4790), (80.0000, 1.3024, -7.3861), (80.0000, 2.0313, -7.2197), (80.0000, 2.7401, -6.9816), (80.0000, 3.4216, -6.6740), (80.0000, 4.0691, -6.3002), (80.0000, 4.6762, -5.8637), (80.0000, 5.2368, -5.3690), (80.0000, 5.7453, -4.8209), (80.0000, 6.1968, -4.2249), (80.0000, 6.5867, -3.5869), (80.0000, 6.9111, -2.9133), (80.0000, 7.1668, -2.2107), (80.0000, 7.3513, -1.4861), (80.0000, 7.4627, -0.7468), (80.0000, 7.5000, 0.0000), (80.0062, 7.4218, 0.0000), (80.0062, 7.4218, 0.0000), (80.0062, 7.3849, 0.7390), (80.0062, 7.2746, 1.4706), (80.0062, 7.0921, 2.1876), (80.0062, 6.8390, 2.8829), (80.0062, 6.5180, 3.5495), (80.0062, 6.1322, 4.1808), (80.0062, 5.6854, 4.7706), (80.0062, 5.1822, 5.3130), (80.0062, 4.6274, 5.8026), (80.0062, 4.0267, 6.2345), (80.0062, 3.3859, 6.6044), (80.0062, 2.7115, 6.9087), (80.0062, 2.0101, 7.1444), (80.0062, 1.2888, 7.3090), (80.0062, 0.5546, 7.4010), (80.0062, -0.1850, 7.4195), (80.0062, -0.9229, 7.3642), (80.0062, -1.6515, 7.2357), (80.0062, -2.3637, 7.0353), (80.0062, -3.0525, 6.7650), (80.0062, -3.7109, 6.4275), (80.0062, -4.3324, 6.0260), (80.0062, -4.9109, 5.5647), (80.0062, -5.4406, 5.0481), (80.0062, -5.9161, 4.4813), (80.0062, -6.3329, 3.8700), (80.0062, -6.6868, 3.2202), (80.0062, -6.9742, 2.5384), (80.0062, -7.1923, 1.8314), (80.0062, -7.3389, 1.1062), (80.0062, -7.4126, 0.3699), (80.0062, -7.4126, -0.3699), (80.0062, -7.3389, -1.1062), (80.0062, -7.1923, -1.8314), (80.0062, -6.9742, -2.5384), (80.0062, -6.6868, -3.2202), (80.0062, -6.3329, -3.8700), (80.0062, -5.9161, -4.4813), (80.0062, -5.4406, -5.0481), (80.0062, -4.9109, -5.5647), (80.0062, -4.3324, -6.0260), (80.0062, -3.7109, -6.4275), (80.0062, -3.0525, -6.7650), (80.0062, -2.3637, -7.0353), (80.0062, -1.6515, -7.2357), (80.0062, -0.9229, -7.3642), (80.0062, -0.1850, -7.4195), (80.0062, 0.5546, -7.4010), (80.0062, 1.2888, -7.3090), (80.0062, 2.0101, -7.1444), (80.0062, 2.7115, -6.9087), (80.0062, 3.3859, -6.6044), (80.0062, 4.0267, -6.2345), (80.0062, 4.6274, -5.8026), (80.0062, 5.1822, -5.3130), (80.0062, 5.6854, -4.7706), (80.0062, 6.1322, -4.1808), (80.0062, 6.5180, -3.5495), (80.0062, 6.8390, -2.8829), (80.0062, 7.0921, -2.1876), (80.0062, 7.2746, -1.4706), (80.0062, 7.3849, -0.7390), (80.0062, 7.4218, 0.0000), (80.0062, 7.3849, 0.7390), (80.0062, 7.2746, 1.4706), (80.0062, 7.0921, 2.1876), (80.0062, 6.8390, 2.8829), (80.0062, 6.5180, 3.5495), (80.0062, 6.1322, 4.1808), (80.0062, 5.6854, 4.7706), (80.0062, 5.1822, 5.3130), (80.0062, 4.6274, 5.8026), (80.0062, 4.0267, 6.2345), (80.0062, 3.3859, 6.6044), (80.0062, 2.7115, 6.9087), (80.0062, 2.0101, 7.1444), (80.0062, 1.2888, 7.3090), (80.0062, 0.5546, 7.4010), (80.0062, -0.1850, 7.4195), (80.0062, -0.9229, 7.3642), (80.0062, -1.6515, 7.2357), (80.0062, -2.3637, 7.0353), (80.0062, -3.0525, 6.7650), (80.0062, -3.7109, 6.4275), (80.0062, -4.3324, 6.0260), (80.0062, -4.9109, 5.5647), (80.0062, -5.4406, 5.0481), (80.0062, -5.9161, 4.4813), (80.0062, -6.3329, 3.8700), (80.0062, -6.6868, 3.2202), (80.0062, -6.9742, 2.5384), (80.0062, -7.1923, 1.8314), (80.0062, -7.3389, 1.1062), (80.0062, -7.4126, 0.3699), (80.0062, -7.4126, -0.3699), (80.0062, -7.3389, -1.1062), (80.0062, -7.1923, -1.8314), (80.0062, -6.9742, -2.5384), (80.0062, -6.6868, -3.2202), (80.0062, -6.3329, -3.8700), (80.0062, -5.9161, -4.4813), (80.0062, -5.4406, -5.0481), (80.0062, -4.9109, -5.5647), (80.0062, -4.3324, -6.0260), (80.0062, -3.7109, -6.4275), (80.0062, -3.0525, -6.7650), (80.0062, -2.3637, -7.0353), (80.0062, -1.6515, -7.2357), (80.0062, -0.9229, -7.3642), (80.0062, -0.1850, -7.4195), (80.0062, 0.5546, -7.4010), (80.0062, 1.2888, -7.3090), (80.0062, 2.0101, -7.1444), (80.0062, 2.7115, -6.9087), (80.0062, 3.3859, -6.6044), (80.0062, 4.0267, -6.2345), (80.0062, 4.6274, -5.8026), (80.0062, 5.1822, -5.3130), (80.0062, 5.6854, -4.7706), (80.0062, 6.1322, -4.1808), (80.0062, 6.5180, -3.5495), (80.0062, 6.8390, -2.8829), (80.0062, 7.0921, -2.1876), (80.0062, 7.2746, -1.4706), (80.0062, 7.3849, -0.7390), (80.0062, 7.4218, 0.0000), (80.0245, 7.3455, 0.0000), (80.0245, 7.3455, 0.0000), (80.0245, 7.3090, 0.7314), (80.0245, 7.1998, 1.4555), (80.0245, 7.0192, 2.1651), (80.0245, 6.7687, 2.8532), (80.0245, 6.4510, 3.5130), (80.0245, 6.0691, 4.1379), (80.0245, 5.6270, 4.7216), (80.0245, 5.1289, 5.2584), (80.0245, 4.5798, 5.7429), (80.0245, 3.9853, 6.1704), (80.0245, 3.3511, 6.5365), (80.0245, 2.6836, 6.8377), (80.0245, 1.9895, 7.0709), (80.0245, 1.2755, 7.2339), (80.0245, 0.5489, 7.3250), (80.0245, -0.1831, 7.3432), (80.0245, -0.9134, 7.2885), (80.0245, -1.6345, 7.1613), (80.0245, -2.3394, 6.9630), (80.0245, -3.0211, 6.6955), (80.0245, -3.6727, 6.3614), (80.0245, -4.2879, 5.9641), (80.0245, -4.8604, 5.5075), (80.0245, -5.3846, 4.9962), (80.0245, -5.8553, 4.4352), (80.0245, -6.2678, 3.8302), (80.0245, -6.6181, 3.1871), (80.0245, -6.9025, 2.5123), (80.0245, -7.1183, 1.8126), (80.0245, -7.2634, 1.0948), (80.0245, -7.3364, 0.3661), (80.0245, -7.3364, -0.3661), (80.0245, -7.2634, -1.0948), (80.0245, -7.1183, -1.8126), (80.0245, -6.9025, -2.5123), (80.0245, -6.6181, -3.1871), (80.0245, -6.2678, -3.8302), (80.0245, -5.8553, -4.4352), (80.0245, -5.3846, -4.9962), (80.0245, -4.8604, -5.5075), (80.0245, -4.2879, -5.9641), (80.0245, -3.6727, -6.3614), (80.0245, -3.0211, -6.6955), (80.0245, -2.3394, -6.9630), (80.0245, -1.6345, -7.1613), (80.0245, -0.9134, -7.2885), (80.0245, -0.1831, -7.3432), (80.0245, 0.5489, -7.3250), (80.0245, 1.2755, -7.2339), (80.0245, 1.9895, -7.0709), (80.0245, 2.6836, -6.8377), (80.0245, 3.3511, -6.5365), (80.0245, 3.9853, -6.1704), (80.0245, 4.5798, -5.7429), (80.0245, 5.1289, -5.2584), (80.0245, 5.6270, -4.7216), (80.0245, 6.0691, -4.1379), (80.0245, 6.4510, -3.5130), (80.0245, 6.7687, -2.8532), (80.0245, 7.0192, -2.1651), (80.0245, 7.1998, -1.4555), (80.0245, 7.3090, -0.7314), (80.0245, 7.3455, 0.0000), (80.0245, 7.3090, 0.7314), (80.0245, 7.1998, 1.4555), (80.0245, 7.0192, 2.1651), (80.0245, 6.7687, 2.8532), (80.0245, 6.4510, 3.5130), (80.0245, 6.0691, 4.1379), (80.0245, 5.6270, 4.7216), (80.0245, 5.1289, 5.2584), (80.0245, 4.5798, 5.7429), (80.0245, 3.9853, 6.1704), (80.0245, 3.3511, 6.5365), (80.0245, 2.6836, 6.8377), (80.0245, 1.9895, 7.0709), (80.0245, 1.2755, 7.2339), (80.0245, 0.5489, 7.3250), (80.0245, -0.1831, 7.3432), (80.0245, -0.9134, 7.2885), (80.0245, -1.6345, 7.1613), (80.0245, -2.3394, 6.9630), (80.0245, -3.0211, 6.6955), (80.0245, -3.6727, 6.3614), (80.0245, -4.2879, 5.9641), (80.0245, -4.8604, 5.5075), (80.0245, -5.3846, 4.9962), (80.0245, -5.8553, 4.4352), (80.0245, -6.2678, 3.8302), (80.0245, -6.6181, 3.1871), (80.0245, -6.9025, 2.5123), (80.0245, -7.1183, 1.8126), (80.0245, -7.2634, 1.0948), (80.0245, -7.3364, 0.3661), (80.0245, -7.3364, -0.3661), (80.0245, -7.2634, -1.0948), (80.0245, -7.1183, -1.8126), (80.0245, -6.9025, -2.5123), (80.0245, -6.6181, -3.1871), (80.0245, -6.2678, -3.8302), (80.0245, -5.8553, -4.4352), (80.0245, -5.3846, -4.9962), (80.0245, -4.8604, -5.5075), (80.0245, -4.2879, -5.9641), (80.0245, -3.6727, -6.3614), (80.0245, -3.0211, -6.6955), (80.0245, -2.3394, -6.9630), (80.0245, -1.6345, -7.1613), (80.0245, -0.9134, -7.2885), (80.0245, -0.1831, -7.3432), (80.0245, 0.5489, -7.3250), (80.0245, 1.2755, -7.2339), (80.0245, 1.9895, -7.0709), (80.0245, 2.6836, -6.8377), (80.0245, 3.3511, -6.5365), (80.0245, 3.9853, -6.1704), (80.0245, 4.5798, -5.7429), (80.0245, 5.1289, -5.2584), (80.0245, 5.6270, -4.7216), (80.0245, 6.0691, -4.1379), (80.0245, 6.4510, -3.5130), (80.0245, 6.7687, -2.8532), (80.0245, 7.0192, -2.1651), (80.0245, 7.1998, -1.4555), (80.0245, 7.3090, -0.7314), (80.0245, 7.3455, 0.0000), (80.0545, 7.2730, 0.0000), (80.0545, 7.2730, 0.0000), (80.0545, 7.2369, 0.7242), (80.0545, 7.1288, 1.4411), (80.0545, 6.9499, 2.1438), (80.0545, 6.7019, 2.8251), (80.0545, 6.3873, 3.4783), (80.0545, 6.0092, 4.0970), (80.0545, 5.5714, 4.6750), (80.0545, 5.0783, 5.2065), (80.0545, 4.5346, 5.6863), (80.0545, 3.9459, 6.1095), (80.0545, 3.3180, 6.4720), (80.0545, 2.6571, 6.7702), (80.0545, 1.9698, 7.0012), (80.0545, 1.2629, 7.1625), (80.0545, 0.5435, 7.2527), (80.0545, -0.1813, 7.2707), (80.0545, -0.9044, 7.2166), (80.0545, -1.6184, 7.0907), (80.0545, -2.3164, 6.8943), (80.0545, -2.9913, 6.6294), (80.0545, -3.6365, 6.2986), (80.0545, -4.2456, 5.9052), (80.0545, -4.8124, 5.4532), (80.0545, -5.3315, 4.9469), (80.0545, -5.7975, 4.3915), (80.0545, -6.2060, 3.7924), (80.0545, -6.5528, 3.1556), (80.0545, -6.8344, 2.4875), (80.0545, -7.0481, 1.7947), (80.0545, -7.1918, 1.0840), (80.0545, -7.2640, 0.3625), (80.0545, -7.2640, -0.3625), (80.0545, -7.1918, -1.0840), (80.0545, -7.0481, -1.7947), (80.0545, -6.8344, -2.4875), (80.0545, -6.5528, -3.1556), (80.0545, -6.2060, -3.7924), (80.0545, -5.7975, -4.3915), (80.0545, -5.3315, -4.9469), (80.0545, -4.8124, -5.4532), (80.0545, -4.2456, -5.9052), (80.0545, -3.6365, -6.2986), (80.0545, -2.9913, -6.6294), (80.0545, -2.3164, -6.8943), (80.0545, -1.6184, -7.0907), (80.0545, -0.9044, -7.2166), (80.0545, -0.1813, -7.2707), (80.0545, 0.5435, -7.2527), (80.0545, 1.2629, -7.1625), (80.0545, 1.9698, -7.0012), (80.0545, 2.6571, -6.7702), (80.0545, 3.3180, -6.4720), (80.0545, 3.9459, -6.1095), (80.0545, 4.5346, -5.6863), (80.0545, 5.0783, -5.2065), (80.0545, 5.5714, -4.6750), (80.0545, 6.0092, -4.0970), (80.0545, 6.3873, -3.4783), (80.0545, 6.7019, -2.8251), (80.0545, 6.9499, -2.1438), (80.0545, 7.1288, -1.4411), (80.0545, 7.2369, -0.7242), (80.0545, 7.2730, 0.0000), (80.0545, 7.2369, 0.7242), (80.0545, 7.1288, 1.4411), (80.0545, 6.9499, 2.1438), (80.0545, 6.7019, 2.8251), (80.0545, 6.3873, 3.4783), (80.0545, 6.0092, 4.0970), (80.0545, 5.5714, 4.6750), (80.0545, 5.0783, 5.2065), (80.0545, 4.5346, 5.6863), (80.0545, 3.9459, 6.1095), (80.0545, 3.3180, 6.4720), (80.0545, 2.6571, 6.7702), (80.0545, 1.9698, 7.0012), (80.0545, 1.2629, 7.1625), (80.0545, 0.5435, 7.2527), (80.0545, -0.1813, 7.2707), (80.0545, -0.9044, 7.2166), (80.0545, -1.6184, 7.0907), (80.0545, -2.3164, 6.8943), (80.0545, -2.9913, 6.6294), (80.0545, -3.6365, 6.2986), (80.0545, -4.2456, 5.9052), (80.0545, -4.8124, 5.4532), (80.0545, -5.3315, 4.9469), (80.0545, -5.7975, 4.3915), (80.0545, -6.2060, 3.7924), (80.0545, -6.5528, 3.1556), (80.0545, -6.8344, 2.4875), (80.0545, -7.0481, 1.7947), (80.0545, -7.1918, 1.0840), (80.0545, -7.2640, 0.3625), (80.0545, -7.2640, -0.3625), (80.0545, -7.1918, -1.0840), (80.0545, -7.0481, -1.7947), (80.0545, -6.8344, -2.4875), (80.0545, -6.5528, -3.1556), (80.0545, -6.2060, -3.7924), (80.0545, -5.7975, -4.3915), (80.0545, -5.3315, -4.9469), (80.0545, -4.8124, -5.4532), (80.0545, -4.2456, -5.9052), (80.0545, -3.6365, -6.2986), (80.0545, -2.9913, -6.6294), (80.0545, -2.3164, -6.8943), (80.0545, -1.6184, -7.0907), (80.0545, -0.9044, -7.2166), (80.0545, -0.1813, -7.2707), (80.0545, 0.5435, -7.2527), (80.0545, 1.2629, -7.1625), (80.0545, 1.9698, -7.0012), (80.0545, 2.6571, -6.7702), (80.0545, 3.3180, -6.4720), (80.0545, 3.9459, -6.1095), (80.0545, 4.5346, -5.6863), (80.0545, 5.0783, -5.2065), (80.0545, 5.5714, -4.6750), (80.0545, 6.0092, -4.0970), (80.0545, 6.3873, -3.4783), (80.0545, 6.7019, -2.8251), (80.0545, 6.9499, -2.1438), (80.0545, 7.1288, -1.4411), (80.0545, 7.2369, -0.7242), (80.0545, 7.2730, 0.0000), (80.0955, 7.2061, 0.0000), (80.0955, 7.2061, 0.0000), (80.0955, 7.1703, 0.7175), (80.0955, 7.0632, 1.4279), (80.0955, 6.8860, 2.1240), (80.0955, 6.6403, 2.7991), (80.0955, 6.3286, 3.4463), (80.0955, 5.9540, 4.0593), (80.0955, 5.5202, 4.6320), (80.0955, 5.0316, 5.1586), (80.0955, 4.4929, 5.6340), (80.0955, 3.9096, 6.0533), (80.0955, 3.2875, 6.4125), (80.0955, 2.6327, 6.7080), (80.0955, 1.9517, 6.9368), (80.0955, 1.2513, 7.0966), (80.0955, 0.5385, 7.1860), (80.0955, -0.1797, 7.2039), (80.0955, -0.8960, 7.1502), (80.0955, -1.6035, 7.0254), (80.0955, -2.2950, 6.8309), (80.0955, -2.9638, 6.5684), (80.0955, -3.6031, 6.2407), (80.0955, -4.2065, 5.8509), (80.0955, -4.7682, 5.4030), (80.0955, -5.2825, 4.9014), (80.0955, -5.7442, 4.3511), (80.0955, -6.1489, 3.7575), (80.0955, -6.4925, 3.1266), (80.0955, -6.7715, 2.4646), (80.0955, -6.9833, 1.7782), (80.0955, -7.1256, 1.0740), (80.0955, -7.1971, 0.3592), (80.0955, -7.1971, -0.3592), (80.0955, -7.1256, -1.0740), (80.0955, -6.9833, -1.7782), (80.0955, -6.7715, -2.4646), (80.0955, -6.4925, -3.1266), (80.0955, -6.1489, -3.7575), (80.0955, -5.7442, -4.3511), (80.0955, -5.2825, -4.9014), (80.0955, -4.7682, -5.4030), (80.0955, -4.2065, -5.8509), (80.0955, -3.6031, -6.2407), (80.0955, -2.9638, -6.5684), (80.0955, -2.2950, -6.8309), (80.0955, -1.6035, -7.0254), (80.0955, -0.8960, -7.1502), (80.0955, -0.1797, -7.2039), (80.0955, 0.5385, -7.1860), (80.0955, 1.2513, -7.0966), (80.0955, 1.9517, -6.9368), (80.0955, 2.6327, -6.7080), (80.0955, 3.2875, -6.4125), (80.0955, 3.9096, -6.0533), (80.0955, 4.4929, -5.6340), (80.0955, 5.0316, -5.1586), (80.0955, 5.5202, -4.6320), (80.0955, 5.9540, -4.0593), (80.0955, 6.3286, -3.4463), (80.0955, 6.6403, -2.7991), (80.0955, 6.8860, -2.1240), (80.0955, 7.0632, -1.4279), (80.0955, 7.1703, -0.7175), (80.0955, 7.2061, 0.0000), (80.0955, 7.1703, 0.7175), (80.0955, 7.0632, 1.4279), (80.0955, 6.8860, 2.1240), (80.0955, 6.6403, 2.7991), (80.0955, 6.3286, 3.4463), (80.0955, 5.9540, 4.0593), (80.0955, 5.5202, 4.6320), (80.0955, 5.0316, 5.1586), (80.0955, 4.4929, 5.6340), (80.0955, 3.9096, 6.0533), (80.0955, 3.2875, 6.4125), (80.0955, 2.6327, 6.7080), (80.0955, 1.9517, 6.9368), (80.0955, 1.2513, 7.0966), (80.0955, 0.5385, 7.1860), (80.0955, -0.1797, 7.2039), (80.0955, -0.8960, 7.1502), (80.0955, -1.6035, 7.0254), (80.0955, -2.2950, 6.8309), (80.0955, -2.9638, 6.5684), (80.0955, -3.6031, 6.2407), (80.0955, -4.2065, 5.8509), (80.0955, -4.7682, 5.4030), (80.0955, -5.2825, 4.9014), (80.0955, -5.7442, 4.3511), (80.0955, -6.1489, 3.7575), (80.0955, -6.4925, 3.1266), (80.0955, -6.7715, 2.4646), (80.0955, -6.9833, 1.7782), (80.0955, -7.1256, 1.0740), (80.0955, -7.1971, 0.3592), (80.0955, -7.1971, -0.3592), (80.0955, -7.1256, -1.0740), (80.0955, -6.9833, -1.7782), (80.0955, -6.7715, -2.4646), (80.0955, -6.4925, -3.1266), (80.0955, -6.1489, -3.7575), (80.0955, -5.7442, -4.3511), (80.0955, -5.2825, -4.9014), (80.0955, -4.7682, -5.4030), (80.0955, -4.2065, -5.8509), (80.0955, -3.6031, -6.2407), (80.0955, -2.9638, -6.5684), (80.0955, -2.2950, -6.8309), (80.0955, -1.6035, -7.0254), (80.0955, -0.8960, -7.1502), (80.0955, -0.1797, -7.2039), (80.0955, 0.5385, -7.1860), (80.0955, 1.2513, -7.0966), (80.0955, 1.9517, -6.9368), (80.0955, 2.6327, -6.7080), (80.0955, 3.2875, -6.4125), (80.0955, 3.9096, -6.0533), (80.0955, 4.4929, -5.6340), (80.0955, 5.0316, -5.1586), (80.0955, 5.5202, -4.6320), (80.0955, 5.9540, -4.0593), (80.0955, 6.3286, -3.4463), (80.0955, 6.6403, -2.7991), (80.0955, 6.8860, -2.1240), (80.0955, 7.0632, -1.4279), (80.0955, 7.1703, -0.7175), (80.0955, 7.2061, 0.0000), (80.1464, 7.1464, 0.0000), (80.1464, 7.1464, 0.0000), (80.1464, 7.1109, 0.7116), (80.1464, 7.0048, 1.4160), (80.1464, 6.8290, 2.1065), (80.1464, 6.5853, 2.7759), (80.1464, 6.2762, 3.4178), (80.1464, 5.9047, 4.0257), (80.1464, 5.4745, 4.5936), (80.1464, 4.9899, 5.1159), (80.1464, 4.4557, 5.5873), (80.1464, 3.8773, 6.0032), (80.1464, 3.2603, 6.3594), (80.1464, 2.6109, 6.6524), (80.1464, 1.9355, 6.8793), (80.1464, 1.2410, 7.0379), (80.1464, 0.5341, 7.1265), (80.1464, -0.1782, 7.1442), (80.1464, -0.8886, 7.0910), (80.1464, -1.5902, 6.9673), (80.1464, -2.2760, 6.7743), (80.1464, -2.9392, 6.5140), (80.1464, -3.5732, 6.1890), (80.1464, -4.1717, 5.8025), (80.1464, -4.7287, 5.3583), (80.1464, -5.2387, 4.8608), (80.1464, -5.6967, 4.3151), (80.1464, -6.0980, 3.7264), (80.1464, -6.4387, 3.1007), (80.1464, -6.7155, 2.4442), (80.1464, -6.9255, 1.7634), (80.1464, -7.0666, 1.0651), (80.1464, -7.1376, 0.3562), (80.1464, -7.1376, -0.3562), (80.1464, -7.0666, -1.0651), (80.1464, -6.9255, -1.7634), (80.1464, -6.7155, -2.4442), (80.1464, -6.4387, -3.1007), (80.1464, -6.0980, -3.7264), (80.1464, -5.6967, -4.3151), (80.1464, -5.2387, -4.8608), (80.1464, -4.7287, -5.3583), (80.1464, -4.1717, -5.8025), (80.1464, -3.5732, -6.1890), (80.1464, -2.9392, -6.5140), (80.1464, -2.2760, -6.7743), (80.1464, -1.5902, -6.9673), (80.1464, -0.8886, -7.0910), (80.1464, -0.1782, -7.1442), (80.1464, 0.5341, -7.1265), (80.1464, 1.2410, -7.0379), (80.1464, 1.9355, -6.8793), (80.1464, 2.6109, -6.6524), (80.1464, 3.2603, -6.3594), (80.1464, 3.8773, -6.0032), (80.1464, 4.4557, -5.5873), (80.1464, 4.9899, -5.1159), (80.1464, 5.4745, -4.5936), (80.1464, 5.9047, -4.0257), (80.1464, 6.2762, -3.4178), (80.1464, 6.5853, -2.7759), (80.1464, 6.8290, -2.1065), (80.1464, 7.0048, -1.4160), (80.1464, 7.1109, -0.7116), (80.1464, 7.1464, 0.0000), (80.1464, 7.1109, 0.7116), (80.1464, 7.0048, 1.4160), (80.1464, 6.8290, 2.1065), (80.1464, 6.5853, 2.7759), (80.1464, 6.2762, 3.4178), (80.1464, 5.9047, 4.0257), (80.1464, 5.4745, 4.5936), (80.1464, 4.9899, 5.1159), (80.1464, 4.4557, 5.5873), (80.1464, 3.8773, 6.0032), (80.1464, 3.2603, 6.3594), (80.1464, 2.6109, 6.6524), (80.1464, 1.9355, 6.8793), (80.1464, 1.2410, 7.0379), (80.1464, 0.5341, 7.1265), (80.1464, -0.1782, 7.1442), (80.1464, -0.8886, 7.0910), (80.1464, -1.5902, 6.9673), (80.1464, -2.2760, 6.7743), (80.1464, -2.9392, 6.5140), (80.1464, -3.5732, 6.1890), (80.1464, -4.1717, 5.8025), (80.1464, -4.7287, 5.3583), (80.1464, -5.2387, 4.8608), (80.1464, -5.6967, 4.3151), (80.1464, -6.0980, 3.7264), (80.1464, -6.4387, 3.1007), (80.1464, -6.7155, 2.4442), (80.1464, -6.9255, 1.7634), (80.1464, -7.0666, 1.0651), (80.1464, -7.1376, 0.3562), (80.1464, -7.1376, -0.3562), (80.1464, -7.0666, -1.0651), (80.1464, -6.9255, -1.7634), (80.1464, -6.7155, -2.4442), (80.1464, -6.4387, -3.1007), (80.1464, -6.0980, -3.7264), (80.1464, -5.6967, -4.3151), (80.1464, -5.2387, -4.8608), (80.1464, -4.7287, -5.3583), (80.1464, -4.1717, -5.8025), (80.1464, -3.5732, -6.1890), (80.1464, -2.9392, -6.5140), (80.1464, -2.2760, -6.7743), (80.1464, -1.5902, -6.9673), (80.1464, -0.8886, -7.0910), (80.1464, -0.1782, -7.1442), (80.1464, 0.5341, -7.1265), (80.1464, 1.2410, -7.0379), (80.1464, 1.9355, -6.8793), (80.1464, 2.6109, -6.6524), (80.1464, 3.2603, -6.3594), (80.1464, 3.8773, -6.0032), (80.1464, 4.4557, -5.5873), (80.1464, 4.9899, -5.1159), (80.1464, 5.4745, -4.5936), (80.1464, 5.9047, -4.0257), (80.1464, 6.2762, -3.4178), (80.1464, 6.5853, -2.7759), (80.1464, 6.8290, -2.1065), (80.1464, 7.0048, -1.4160), (80.1464, 7.1109, -0.7116), (80.1464, 7.1464, 0.0000), (80.2061, 7.0955, 0.0000), (80.2061, 7.0955, 0.0000), (80.2061, 7.0602, 0.7065), (80.2061, 6.9548, 1.4059), (80.2061, 6.7803, 2.0914), (80.2061, 6.5383, 2.7561), (80.2061, 6.2314, 3.3934), (80.2061, 5.8626, 3.9970), (80.2061, 5.4355, 4.5609), (80.2061, 4.9543, 5.0794), (80.2061, 4.4240, 5.5475), (80.2061, 3.8496, 5.9604), (80.2061, 3.2370, 6.3141), (80.2061, 2.5923, 6.6050), (80.2061, 1.9217, 6.8303), (80.2061, 1.2321, 6.9877), (80.2061, 0.5302, 7.0757), (80.2061, -0.1769, 7.0933), (80.2061, -0.8823, 7.0404), (80.2061, -1.5789, 6.9176), (80.2061, -2.2598, 6.7260), (80.2061, -2.9183, 6.4676), (80.2061, -3.5477, 6.1449), (80.2061, -4.1419, 5.7611), (80.2061, -4.6950, 5.3201), (80.2061, -5.2014, 4.8262), (80.2061, -5.6560, 4.2843), (80.2061, -6.0545, 3.6998), (80.2061, -6.3928, 3.0786), (80.2061, -6.6676, 2.4268), (80.2061, -6.8761, 1.7509), (80.2061, -7.0162, 1.0575), (80.2061, -7.0867, 0.3537), (80.2061, -7.0867, -0.3537), (80.2061, -7.0162, -1.0575), (80.2061, -6.8761, -1.7509), (80.2061, -6.6676, -2.4268), (80.2061, -6.3928, -3.0786), (80.2061, -6.0545, -3.6998), (80.2061, -5.6560, -4.2843), (80.2061, -5.2014, -4.8262), (80.2061, -4.6950, -5.3201), (80.2061, -4.1419, -5.7611), (80.2061, -3.5477, -6.1449), (80.2061, -2.9183, -6.4676), (80.2061, -2.2598, -6.7260), (80.2061, -1.5789, -6.9176), (80.2061, -0.8823, -7.0404), (80.2061, -0.1769, -7.0933), (80.2061, 0.5302, -7.0757), (80.2061, 1.2321, -6.9877), (80.2061, 1.9217, -6.8303), (80.2061, 2.5923, -6.6050), (80.2061, 3.2370, -6.3141), (80.2061, 3.8496, -5.9604), (80.2061, 4.4240, -5.5475), (80.2061, 4.9543, -5.0794), (80.2061, 5.4355, -4.5609), (80.2061, 5.8626, -3.9970), (80.2061, 6.2314, -3.3934), (80.2061, 6.5383, -2.7561), (80.2061, 6.7803, -2.0914), (80.2061, 6.9548, -1.4059), (80.2061, 7.0602, -0.7065), (80.2061, 7.0955, 0.0000), (80.2061, 7.0602, 0.7065), (80.2061, 6.9548, 1.4059), (80.2061, 6.7803, 2.0914), (80.2061, 6.5383, 2.7561), (80.2061, 6.2314, 3.3934), (80.2061, 5.8626, 3.9970), (80.2061, 5.4355, 4.5609), (80.2061, 4.9543, 5.0794), (80.2061, 4.4240, 5.5475), (80.2061, 3.8496, 5.9604), (80.2061, 3.2370, 6.3141), (80.2061, 2.5923, 6.6050), (80.2061, 1.9217, 6.8303), (80.2061, 1.2321, 6.9877), (80.2061, 0.5302, 7.0757), (80.2061, -0.1769, 7.0933), (80.2061, -0.8823, 7.0404), (80.2061, -1.5789, 6.9176), (80.2061, -2.2598, 6.7260), (80.2061, -2.9183, 6.4676), (80.2061, -3.5477, 6.1449), (80.2061, -4.1419, 5.7611), (80.2061, -4.6950, 5.3201), (80.2061, -5.2014, 4.8262), (80.2061, -5.6560, 4.2843), (80.2061, -6.0545, 3.6998), (80.2061, -6.3928, 3.0786), (80.2061, -6.6676, 2.4268), (80.2061, -6.8761, 1.7509), (80.2061, -7.0162, 1.0575), (80.2061, -7.0867, 0.3537), (80.2061, -7.0867, -0.3537), (80.2061, -7.0162, -1.0575), (80.2061, -6.8761, -1.7509), (80.2061, -6.6676, -2.4268), (80.2061, -6.3928, -3.0786), (80.2061, -6.0545, -3.6998), (80.2061, -5.6560, -4.2843), (80.2061, -5.2014, -4.8262), (80.2061, -4.6950, -5.3201), (80.2061, -4.1419, -5.7611), (80.2061, -3.5477, -6.1449), (80.2061, -2.9183, -6.4676), (80.2061, -2.2598, -6.7260), (80.2061, -1.5789, -6.9176), (80.2061, -0.8823, -7.0404), (80.2061, -0.1769, -7.0933), (80.2061, 0.5302, -7.0757), (80.2061, 1.2321, -6.9877), (80.2061, 1.9217, -6.8303), (80.2061, 2.5923, -6.6050), (80.2061, 3.2370, -6.3141), (80.2061, 3.8496, -5.9604), (80.2061, 4.4240, -5.5475), (80.2061, 4.9543, -5.0794), (80.2061, 5.4355, -4.5609), (80.2061, 5.8626, -3.9970), (80.2061, 6.2314, -3.3934), (80.2061, 6.5383, -2.7561), (80.2061, 6.7803, -2.0914), (80.2061, 6.9548, -1.4059), (80.2061, 7.0602, -0.7065), (80.2061, 7.0955, 0.0000), (80.2730, 7.0545, 0.0000), (80.2730, 7.0545, 0.0000), (80.2730, 7.0194, 0.7024), (80.2730, 6.9146, 1.3978), (80.2730, 6.7411, 2.0793), (80.2730, 6.5006, 2.7402), (80.2730, 6.1954, 3.3738), (80.2730, 5.8287, 3.9739), (80.2730, 5.4041, 4.5345), (80.2730, 4.9257, 5.0501), (80.2730, 4.3984, 5.5154), (80.2730, 3.8274, 5.9260), (80.2730, 3.2183, 6.2776), (80.2730, 2.5773, 6.5668), (80.2730, 1.9106, 6.7908), (80.2730, 1.2250, 6.9473), (80.2730, 0.5272, 7.0348), (80.2730, -0.1759, 7.0523), (80.2730, -0.8772, 6.9997), (80.2730, -1.5698, 6.8776), (80.2730, -2.2468, 6.6872), (80.2730, -2.9014, 6.4302), (80.2730, -3.5272, 6.1094), (80.2730, -4.1180, 5.7278), (80.2730, -4.6679, 5.2893), (80.2730, -5.1713, 4.7983), (80.2730, -5.6234, 4.2595), (80.2730, -6.0195, 3.6785), (80.2730, -6.3559, 3.0608), (80.2730, -6.6291, 2.4128), (80.2730, -6.8364, 1.7407), (80.2730, -6.9757, 1.0514), (80.2730, -7.0457, 0.3516), (80.2730, -7.0457, -0.3516), (80.2730, -6.9757, -1.0514), (80.2730, -6.8364, -1.7407), (80.2730, -6.6291, -2.4128), (80.2730, -6.3559, -3.0608), (80.2730, -6.0195, -3.6785), (80.2730, -5.6234, -4.2595), (80.2730, -5.1713, -4.7983), (80.2730, -4.6679, -5.2893), (80.2730, -4.1180, -5.7278), (80.2730, -3.5272, -6.1094), (80.2730, -2.9014, -6.4302), (80.2730, -2.2468, -6.6872), (80.2730, -1.5698, -6.8776), (80.2730, -0.8772, -6.9997), (80.2730, -0.1759, -7.0523), (80.2730, 0.5272, -7.0348), (80.2730, 1.2250, -6.9473), (80.2730, 1.9106, -6.7908), (80.2730, 2.5773, -6.5668), (80.2730, 3.2183, -6.2776), (80.2730, 3.8274, -5.9260), (80.2730, 4.3984, -5.5154), (80.2730, 4.9257, -5.0501), (80.2730, 5.4041, -4.5345), (80.2730, 5.8287, -3.9739), (80.2730, 6.1954, -3.3738), (80.2730, 6.5006, -2.7402), (80.2730, 6.7411, -2.0793), (80.2730, 6.9146, -1.3978), (80.2730, 7.0194, -0.7024), (80.2730, 7.0545, 0.0000), (80.2730, 7.0194, 0.7024), (80.2730, 6.9146, 1.3978), (80.2730, 6.7411, 2.0793), (80.2730, 6.5006, 2.7402), (80.2730, 6.1954, 3.3738), (80.2730, 5.8287, 3.9739), (80.2730, 5.4041, 4.5345), (80.2730, 4.9257, 5.0501), (80.2730, 4.3984, 5.5154), (80.2730, 3.8274, 5.9260), (80.2730, 3.2183, 6.2776), (80.2730, 2.5773, 6.5668), (80.2730, 1.9106, 6.7908), (80.2730, 1.2250, 6.9473), (80.2730, 0.5272, 7.0348), (80.2730, -0.1759, 7.0523), (80.2730, -0.8772, 6.9997), (80.2730, -1.5698, 6.8776), (80.2730, -2.2468, 6.6872), (80.2730, -2.9014, 6.4302), (80.2730, -3.5272, 6.1094), (80.2730, -4.1180, 5.7278), (80.2730, -4.6679, 5.2893), (80.2730, -5.1713, 4.7983), (80.2730, -5.6234, 4.2595), (80.2730, -6.0195, 3.6785), (80.2730, -6.3559, 3.0608), (80.2730, -6.6291, 2.4128), (80.2730, -6.8364, 1.7407), (80.2730, -6.9757, 1.0514), (80.2730, -7.0457, 0.3516), (80.2730, -7.0457, -0.3516), (80.2730, -6.9757, -1.0514), (80.2730, -6.8364, -1.7407), (80.2730, -6.6291, -2.4128), (80.2730, -6.3559, -3.0608), (80.2730, -6.0195, -3.6785), (80.2730, -5.6234, -4.2595), (80.2730, -5.1713, -4.7983), (80.2730, -4.6679, -5.2893), (80.2730, -4.1180, -5.7278), (80.2730, -3.5272, -6.1094), (80.2730, -2.9014, -6.4302), (80.2730, -2.2468, -6.6872), (80.2730, -1.5698, -6.8776), (80.2730, -0.8772, -6.9997), (80.2730, -0.1759, -7.0523), (80.2730, 0.5272, -7.0348), (80.2730, 1.2250, -6.9473), (80.2730, 1.9106, -6.7908), (80.2730, 2.5773, -6.5668), (80.2730, 3.2183, -6.2776), (80.2730, 3.8274, -5.9260), (80.2730, 4.3984, -5.5154), (80.2730, 4.9257, -5.0501), (80.2730, 5.4041, -4.5345), (80.2730, 5.8287, -3.9739), (80.2730, 6.1954, -3.3738), (80.2730, 6.5006, -2.7402), (80.2730, 6.7411, -2.0793), (80.2730, 6.9146, -1.3978), (80.2730, 7.0194, -0.7024), (80.2730, 7.0545, 0.0000), (80.3455, 7.0245, 0.0000), (80.3455, 7.0245, 0.0000), (80.3455, 6.9896, 0.6994), (80.3455, 6.8852, 1.3919), (80.3455, 6.7124, 2.0705), (80.3455, 6.4729, 2.7285), (80.3455, 6.1690, 3.3595), (80.3455, 5.8039, 3.9570), (80.3455, 5.3811, 4.5152), (80.3455, 4.9047, 5.0286), (80.3455, 4.3797, 5.4920), (80.3455, 3.8111, 5.9007), (80.3455, 3.2046, 6.2509), (80.3455, 2.5663, 6.5389), (80.3455, 1.9025, 6.7619), (80.3455, 1.2198, 6.9178), (80.3455, 0.5249, 7.0048), (80.3455, -0.1751, 7.0223), (80.3455, -0.8734, 6.9700), (80.3455, -1.5631, 6.8484), (80.3455, -2.2372, 6.6587), (80.3455, -2.8891, 6.4028), (80.3455, -3.5122, 6.0834), (80.3455, -4.1005, 5.7034), (80.3455, -4.6480, 5.2668), (80.3455, -5.1493, 4.7779), (80.3455, -5.5994, 4.2414), (80.3455, -5.9939, 3.6628), (80.3455, -6.3288, 3.0478), (80.3455, -6.6008, 2.4025), (80.3455, -6.8073, 1.7333), (80.3455, -6.9460, 1.0469), (80.3455, -7.0157, 0.3501), (80.3455, -7.0157, -0.3501), (80.3455, -6.9460, -1.0469), (80.3455, -6.8073, -1.7333), (80.3455, -6.6008, -2.4025), (80.3455, -6.3288, -3.0478), (80.3455, -5.9939, -3.6628), (80.3455, -5.5994, -4.2414), (80.3455, -5.1493, -4.7779), (80.3455, -4.6480, -5.2668), (80.3455, -4.1005, -5.7034), (80.3455, -3.5122, -6.0834), (80.3455, -2.8891, -6.4028), (80.3455, -2.2372, -6.6587), (80.3455, -1.5631, -6.8484), (80.3455, -0.8734, -6.9700), (80.3455, -0.1751, -7.0223), (80.3455, 0.5249, -7.0048), (80.3455, 1.2198, -6.9178), (80.3455, 1.9025, -6.7619), (80.3455, 2.5663, -6.5389), (80.3455, 3.2046, -6.2509), (80.3455, 3.8111, -5.9007), (80.3455, 4.3797, -5.4920), (80.3455, 4.9047, -5.0286), (80.3455, 5.3811, -4.5152), (80.3455, 5.8039, -3.9570), (80.3455, 6.1690, -3.3595), (80.3455, 6.4729, -2.7285), (80.3455, 6.7124, -2.0705), (80.3455, 6.8852, -1.3919), (80.3455, 6.9896, -0.6994), (80.3455, 7.0245, 0.0000), (80.3455, 6.9896, 0.6994), (80.3455, 6.8852, 1.3919), (80.3455, 6.7124, 2.0705), (80.3455, 6.4729, 2.7285), (80.3455, 6.1690, 3.3595), (80.3455, 5.8039, 3.9570), (80.3455, 5.3811, 4.5152), (80.3455, 4.9047, 5.0286), (80.3455, 4.3797, 5.4920), (80.3455, 3.8111, 5.9007), (80.3455, 3.2046, 6.2509), (80.3455, 2.5663, 6.5389), (80.3455, 1.9025, 6.7619), (80.3455, 1.2198, 6.9178), (80.3455, 0.5249, 7.0048), (80.3455, -0.1751, 7.0223), (80.3455, -0.8734, 6.9700), (80.3455, -1.5631, 6.8484), (80.3455, -2.2372, 6.6587), (80.3455, -2.8891, 6.4028), (80.3455, -3.5122, 6.0834), (80.3455, -4.1005, 5.7034), (80.3455, -4.6480, 5.2668), (80.3455, -5.1493, 4.7779), (80.3455, -5.5994, 4.2414), (80.3455, -5.9939, 3.6628), (80.3455, -6.3288, 3.0478), (80.3455, -6.6008, 2.4025), (80.3455, -6.8073, 1.7333), (80.3455, -6.9460, 1.0469), (80.3455, -7.0157, 0.3501), (80.3455, -7.0157, -0.3501), (80.3455, -6.9460, -1.0469), (80.3455, -6.8073, -1.7333), (80.3455, -6.6008, -2.4025), (80.3455, -6.3288, -3.0478), (80.3455, -5.9939, -3.6628), (80.3455, -5.5994, -4.2414), (80.3455, -5.1493, -4.7779), (80.3455, -4.6480, -5.2668), (80.3455, -4.1005, -5.7034), (80.3455, -3.5122, -6.0834), (80.3455, -2.8891, -6.4028), (80.3455, -2.2372, -6.6587), (80.3455, -1.5631, -6.8484), (80.3455, -0.8734, -6.9700), (80.3455, -0.1751, -7.0223), (80.3455, 0.5249, -7.0048), (80.3455, 1.2198, -6.9178), (80.3455, 1.9025, -6.7619), (80.3455, 2.5663, -6.5389), (80.3455, 3.2046, -6.2509), (80.3455, 3.8111, -5.9007), (80.3455, 4.3797, -5.4920), (80.3455, 4.9047, -5.0286), (80.3455, 5.3811, -4.5152), (80.3455, 5.8039, -3.9570), (80.3455, 6.1690, -3.3595), (80.3455, 6.4729, -2.7285), (80.3455, 6.7124, -2.0705), (80.3455, 6.8852, -1.3919), (80.3455, 6.9896, -0.6994), (80.3455, 7.0245, 0.0000), (80.4218, 7.0062, 0.0000), (80.4218, 7.0062, 0.0000), (80.4218, 6.9713, 0.6976), (80.4218, 6.8672, 1.3882), (80.4218, 6.6949, 2.0651), (80.4218, 6.4560, 2.7214), (80.4218, 6.1530, 3.3507), (80.4218, 5.7888, 3.9467), (80.4218, 5.3670, 4.5035), (80.4218, 4.8920, 5.0155), (80.4218, 4.3683, 5.4776), (80.4218, 3.8012, 5.8854), (80.4218, 3.1963, 6.2346), (80.4218, 2.5596, 6.5218), (80.4218, 1.8976, 6.7443), (80.4218, 1.2166, 6.8997), (80.4218, 0.5236, 6.9866), (80.4218, -0.1747, 7.0040), (80.4218, -0.8712, 6.9518), (80.4218, -1.5590, 6.8305), (80.4218, -2.2314, 6.6413), (80.4218, -2.8815, 6.3862), (80.4218, -3.5031, 6.0675), (80.4218, -4.0898, 5.6886), (80.4218, -4.6359, 5.2531), (80.4218, -5.1359, 4.7654), (80.4218, -5.5848, 4.2303), (80.4218, -5.9783, 3.6533), (80.4218, -6.3123, 3.0399), (80.4218, -6.5836, 2.3962), (80.4218, -6.7895, 1.7288), (80.4218, -6.9279, 1.0442), (80.4218, -6.9974, 0.3492), (80.4218, -6.9974, -0.3492), (80.4218, -6.9279, -1.0442), (80.4218, -6.7895, -1.7288), (80.4218, -6.5836, -2.3962), (80.4218, -6.3123, -3.0399), (80.4218, -5.9783, -3.6533), (80.4218, -5.5848, -4.2303), (80.4218, -5.1359, -4.7654), (80.4218, -4.6359, -5.2531), (80.4218, -4.0898, -5.6886), (80.4218, -3.5031, -6.0675), (80.4218, -2.8815, -6.3862), (80.4218, -2.2314, -6.6413), (80.4218, -1.5590, -6.8305), (80.4218, -0.8712, -6.9518), (80.4218, -0.1747, -7.0040), (80.4218, 0.5236, -6.9866), (80.4218, 1.2166, -6.8997), (80.4218, 1.8976, -6.7443), (80.4218, 2.5596, -6.5218), (80.4218, 3.1963, -6.2346), (80.4218, 3.8012, -5.8854), (80.4218, 4.3683, -5.4776), (80.4218, 4.8920, -5.0155), (80.4218, 5.3670, -4.5035), (80.4218, 5.7888, -3.9467), (80.4218, 6.1530, -3.3507), (80.4218, 6.4560, -2.7214), (80.4218, 6.6949, -2.0651), (80.4218, 6.8672, -1.3882), (80.4218, 6.9713, -0.6976), (80.4218, 7.0062, 0.0000), (80.4218, 6.9713, 0.6976), (80.4218, 6.8672, 1.3882), (80.4218, 6.6949, 2.0651), (80.4218, 6.4560, 2.7214), (80.4218, 6.1530, 3.3507), (80.4218, 5.7888, 3.9467), (80.4218, 5.3670, 4.5035), (80.4218, 4.8920, 5.0155), (80.4218, 4.3683, 5.4776), (80.4218, 3.8012, 5.8854), (80.4218, 3.1963, 6.2346), (80.4218, 2.5596, 6.5218), (80.4218, 1.8976, 6.7443), (80.4218, 1.2166, 6.8997), (80.4218, 0.5236, 6.9866), (80.4218, -0.1747, 7.0040), (80.4218, -0.8712, 6.9518), (80.4218, -1.5590, 6.8305), (80.4218, -2.2314, 6.6413), (80.4218, -2.8815, 6.3862), (80.4218, -3.5031, 6.0675), (80.4218, -4.0898, 5.6886), (80.4218, -4.6359, 5.2531), (80.4218, -5.1359, 4.7654), (80.4218, -5.5848, 4.2303), (80.4218, -5.9783, 3.6533), (80.4218, -6.3123, 3.0399), (80.4218, -6.5836, 2.3962), (80.4218, -6.7895, 1.7288), (80.4218, -6.9279, 1.0442), (80.4218, -6.9974, 0.3492), (80.4218, -6.9974, -0.3492), (80.4218, -6.9279, -1.0442), (80.4218, -6.7895, -1.7288), (80.4218, -6.5836, -2.3962), (80.4218, -6.3123, -3.0399), (80.4218, -5.9783, -3.6533), (80.4218, -5.5848, -4.2303), (80.4218, -5.1359, -4.7654), (80.4218, -4.6359, -5.2531), (80.4218, -4.0898, -5.6886), (80.4218, -3.5031, -6.0675), (80.4218, -2.8815, -6.3862), (80.4218, -2.2314, -6.6413), (80.4218, -1.5590, -6.8305), (80.4218, -0.8712, -6.9518), (80.4218, -0.1747, -7.0040), (80.4218, 0.5236, -6.9866), (80.4218, 1.2166, -6.8997), (80.4218, 1.8976, -6.7443), (80.4218, 2.5596, -6.5218), (80.4218, 3.1963, -6.2346), (80.4218, 3.8012, -5.8854), (80.4218, 4.3683, -5.4776), (80.4218, 4.8920, -5.0155), (80.4218, 5.3670, -4.5035), (80.4218, 5.7888, -3.9467), (80.4218, 6.1530, -3.3507), (80.4218, 6.4560, -2.7214), (80.4218, 6.6949, -2.0651), (80.4218, 6.8672, -1.3882), (80.4218, 6.9713, -0.6976), (80.4218, 7.0062, 0.0000), (80.5000, 7.0000, 0.0000), (80.5000, 7.0000, 0.0000), (80.5000, 6.9652, 0.6970), (80.5000, 6.8612, 1.3870), (80.5000, 6.6890, 2.0633), (80.5000, 6.4503, 2.7190), (80.5000, 6.1476, 3.3478), (80.5000, 5.7837, 3.9432), (80.5000, 5.3623, 4.4995), (80.5000, 4.8877, 5.0111), (80.5000, 4.3644, 5.4728), (80.5000, 3.7978, 5.8802), (80.5000, 3.1935, 6.2291), (80.5000, 2.5574, 6.5161), (80.5000, 1.8959, 6.7384), (80.5000, 1.2155, 6.8937), (80.5000, 0.5231, 6.9804), (80.5000, -0.1745, 6.9978), (80.5000, -0.8704, 6.9457), (80.5000, -1.5576, 6.8245), (80.5000, -2.2294, 6.6355), (80.5000, -2.8790, 6.3805), (80.5000, -3.5000, 6.0622), (80.5000, -4.0862, 5.6836), (80.5000, -4.6318, 5.2485), (80.5000, -5.1314, 4.7612), (80.5000, -5.5799, 4.2266), (80.5000, -5.9730, 3.6500), (80.5000, -6.3068, 3.0372), (80.5000, -6.5778, 2.3941), (80.5000, -6.7835, 1.7273), (80.5000, -6.9218, 1.0433), (80.5000, -6.9913, 0.3489), (80.5000, -6.9913, -0.3489), (80.5000, -6.9218, -1.0433), (80.5000, -6.7835, -1.7273), (80.5000, -6.5778, -2.3941), (80.5000, -6.3068, -3.0372), (80.5000, -5.9730, -3.6500), (80.5000, -5.5799, -4.2266), (80.5000, -5.1314, -4.7612), (80.5000, -4.6318, -5.2485), (80.5000, -4.0862, -5.6836), (80.5000, -3.5000, -6.0622), (80.5000, -2.8790, -6.3805), (80.5000, -2.2294, -6.6355), (80.5000, -1.5576, -6.8245), (80.5000, -0.8704, -6.9457), (80.5000, -0.1745, -6.9978), (80.5000, 0.5231, -6.9804), (80.5000, 1.2155, -6.8937), (80.5000, 1.8959, -6.7384), (80.5000, 2.5574, -6.5161), (80.5000, 3.1935, -6.2291), (80.5000, 3.7978, -5.8802), (80.5000, 4.3644, -5.4728), (80.5000, 4.8877, -5.0111), (80.5000, 5.3623, -4.4995), (80.5000, 5.7837, -3.9432), (80.5000, 6.1476, -3.3478), (80.5000, 6.4503, -2.7190), (80.5000, 6.6890, -2.0633), (80.5000, 6.8612, -1.3870), (80.5000, 6.9652, -0.6970), (80.5000, 7.0000, 0.0000), (100.0000, 7.0000, 0.0000), (80.5000, 6.9652, 0.6970), (80.5000, 6.8612, 1.3870), (80.5000, 6.6890, 2.0633), (80.5000, 6.4503, 2.7190), (80.5000, 6.1476, 3.3478), (80.5000, 5.7837, 3.9432), (80.5000, 5.3623, 4.4995), (80.5000, 4.8877, 5.0111), (80.5000, 4.3644, 5.4728), (80.5000, 3.7978, 5.8802), (80.5000, 3.1935, 6.2291), (80.5000, 2.5574, 6.5161), (80.5000, 1.8959, 6.7384), (80.5000, 1.2155, 6.8937), (80.5000, 0.5231, 6.9804), (80.5000, -0.1745, 6.9978), (80.5000, -0.8704, 6.9457), (80.5000, -1.5576, 6.8245), (80.5000, -2.2294, 6.6355), (80.5000, -2.8790, 6.3805), (80.5000, -3.5000, 6.0622), (80.5000, -4.0862, 5.6836), (80.5000, -4.6318, 5.2485), (80.5000, -5.1314, 4.7612), (80.5000, -5.5799, 4.2266), (80.5000, -5.9730, 3.6500), (80.5000, -6.3068, 3.0372), (80.5000, -6.5778, 2.3941), (80.5000, -6.7835, 1.7273), (80.5000, -6.9218, 1.0433), (80.5000, -6.9913, 0.3489), (80.5000, -6.9913, -0.3489), (80.5000, -6.9218, -1.0433), (80.5000, -6.7835, -1.7273), (80.5000, -6.5778, -2.3941), (80.5000, -6.3068, -3.0372), (80.5000, -5.9730, -3.6500), (80.5000, -5.5799, -4.2266), (80.5000, -5.1314, -4.7612), (80.5000, -4.6318, -5.2485), (80.5000, -4.0862, -5.6836), (80.5000, -3.5000, -6.0622), (80.5000, -2.8790, -6.3805), (80.5000, -2.2294, -6.6355), (80.5000, -1.5576, -6.8245), (80.5000, -0.8704, -6.9457), (80.5000, -0.1745, -6.9978), (80.5000, 0.5231, -6.9804), (80.5000, 1.2155, -6.8937), (80.5000, 1.8959, -6.7384), (80.5000, 2.5574, -6.5161), (80.5000, 3.1935, -6.2291), (80.5000, 3.7978, -5.8802), (80.5000, 4.3644, -5.4728), (80.5000, 4.8877, -5.0111), (80.5000, 5.3623, -4.4995), (80.5000, 5.7837, -3.9432), (80.5000, 6.1476, -3.3478), (80.5000, 6.4503, -2.7190), (80.5000, 6.6890, -2.0633), (80.5000, 6.8612, -1.3870), (80.5000, 6.9652, -0.6970), (80.5000, 7.0000, 0.0000), (100.0000, 7.0000, 0.0000), (100.0000, 6.9652, 0.6970), (100.0000, 6.8612, 1.3870), (100.0000, 6.6890, 2.0633), (100.0000, 6.4503, 2.7190), (100.0000, 6.1476, 3.3478), (100.0000, 5.7837, 3.9432), (100.0000, 5.3623, 4.4995), (100.0000, 4.8877, 5.0111), (100.0000, 4.3644, 5.4728), (100.0000, 3.7978, 5.8802), (100.0000, 3.1935, 6.2291), (100.0000, 2.5574, 6.5161), (100.0000, 1.8959, 6.7384), (100.0000, 1.2155, 6.8937), (100.0000, 0.5231, 6.9804), (100.0000, -0.1745, 6.9978), (100.0000, -0.8704, 6.9457), (100.0000, -1.5576, 6.8245), (100.0000, -2.2294, 6.6355), (100.0000, -2.8790, 6.3805), (100.0000, -3.5000, 6.0622), (100.0000, -4.0862, 5.6836), (100.0000, -4.6318, 5.2485), (100.0000, -5.1314, 4.7612), (100.0000, -5.5799, 4.2266), (100.0000, -5.9730, 3.6500), (100.0000, -6.3068, 3.0372), (100.0000, -6.5778, 2.3941), (100.0000, -6.7835, 1.7273), (100.0000, -6.9218, 1.0433), (100.0000, -6.9913, 0.3489), (100.0000, -6.9913, -0.3489), (100.0000, -6.9218, -1.0433), (100.0000, -6.7835, -1.7273), (100.0000, -6.5778, -2.3941), (100.0000, -6.3068, -3.0372), (100.0000, -5.9730, -3.6500), (100.0000, -5.5799, -4.2266), (100.0000, -5.1314, -4.7612), (100.0000, -4.6318, -5.2485), (100.0000, -4.0862, -5.6836), (100.0000, -3.5000, -6.0622), (100.0000, -2.8790, -6.3805), (100.0000, -2.2294, -6.6355), (100.0000, -1.5576, -6.8245), (100.0000, -0.8704, -6.9457), (100.0000, -0.1745, -6.9978), (100.0000, 0.5231, -6.9804), (100.0000, 1.2155, -6.8937), (100.0000, 1.8959, -6.7384), (100.0000, 2.5574, -6.5161), (100.0000, 3.1935, -6.2291), (100.0000, 3.7978, -5.8802), (100.0000, 4.3644, -5.4728), (100.0000, 4.8877, -5.0111), (100.0000, 5.3623, -4.4995), (100.0000, 5.7837, -3.9432), (100.0000, 6.1476, -3.3478), (100.0000, 6.4503, -2.7190), (100.0000, 6.6890, -2.0633), (100.0000, 6.8612, -1.3870), (100.0000, 6.9652, -0.6970), (91.5000, 0.0000, 7.0000), (91.4941, 0.1333, 6.9987), (91.4766, 0.2638, 6.9950), (91.4483, 0.3904, 6.9891), (91.4098, 0.5124, 6.9812), (91.3618, 0.6288, 6.9717), (91.3053, 0.7390, 6.9609), (91.2412, 0.8423, 6.9491), (91.1704, 0.9382, 6.9368), (91.0940, 1.0262, 6.9244), (91.0133, 1.1060, 6.9121), (90.9290, 1.1777, 6.9002), (90.8412, 1.2419, 6.8890), (90.7503, 1.2988, 6.8784), (90.6569, 1.3485, 6.8689), (90.5612, 1.3911, 6.8604), (90.4638, 1.4265, 6.8531), (90.3649, 1.4549, 6.8471), (90.2649, 1.4764, 6.8425), (90.1642, 1.4910, 6.8394), (90.0629, 1.4987, 6.8377), (89.9614, 1.4995, 6.8375), (89.8601, 1.4935, 6.8388), (89.7591, 1.4805, 6.8416), (89.6589, 1.4607, 6.8459), (89.5596, 1.4339, 6.8516), (89.4618, 1.4001, 6.8585), (89.3656, 1.3592, 6.8668), (89.2715, 1.3112, 6.8761), (89.1799, 1.2560, 6.8864), (89.0913, 1.1934, 6.8975), (89.0062, 1.1235, 6.9092), (88.9250, 1.0461, 6.9214), (88.8485, 0.9612, 6.9337), (88.7767, 0.8681, 6.9460), (88.7104, 0.7662, 6.9579), (88.6513, 0.6564, 6.9692), (88.6005, 0.5397, 6.9792), (88.5592, 0.4172, 6.9876), (88.5283, 0.2901, 6.9940), (88.5085, 0.1596, 6.9982), (88.5002, 0.0272, 6.9999), (88.5037, -0.1057, 6.9992), (88.5190, -0.2378, 6.9960), (88.5458, -0.3677, 6.9903), (88.5838, -0.4942, 6.9825), (88.6328, -0.6170, 6.9728), (88.6924, -0.7349, 6.9613), (88.7621, -0.8471, 6.9486), (88.8415, -0.9528, 6.9349), (88.9298, -1.0511, 6.9206), (89.0265, -1.1412, 6.9064), (89.1307, -1.2224, 6.8924), (89.2417, -1.2942, 6.8793), (89.3586, -1.3559, 6.8674), (89.4804, -1.4071, 6.8571), (89.6063, -1.4474, 6.8487), (89.7352, -1.4764, 6.8425), (89.8662, -1.4940, 6.8387), (89.9982, -1.5000, 6.8374), (90.1303, -1.4943, 6.8386), (90.2618, -1.4770, 6.8424), (90.3919, -1.4479, 6.8486), (90.5200, -1.4070, 6.8571), (90.6453, -1.3541, 6.8678), (90.7669, -1.2891, 6.8803), (90.8841, -1.2118, 6.8943), (90.9956, -1.1220, 6.9095), (91.1011, -1.0186, 6.9255), (91.1896, -0.9137, 6.9401), (91.2624, -0.8102, 6.9530), (91.3275, -0.6985, 6.9651), (91.3836, -0.5794, 6.9760), (91.4297, -0.4537, 6.9853), (91.4650, -0.3223, 6.9926), (91.4884, -0.1862, 6.9975), (91.4971, -0.0937, 6.9994), (91.5000, 0.0000, -7.0000), (91.4941, 0.1333, -6.9987), (91.4766, 0.2638, -6.9950), (91.4483, 0.3904, -6.9891), (91.4098, 0.5124, -6.9812), (91.3618, 0.6288, -6.9717), (91.3053, 0.7390, -6.9609), (91.2412, 0.8423, -6.9491), (91.1704, 0.9382, -6.9368), (91.0940, 1.0262, -6.9244), (91.0133, 1.1060, -6.9121), (90.9290, 1.1777, -6.9002), (90.8412, 1.2419, -6.8890), (90.7503, 1.2988, -6.8784), (90.6569, 1.3485, -6.8689), (90.5612, 1.3911, -6.8604), (90.4638, 1.4265, -6.8531), (90.3649, 1.4549, -6.8471), (90.2649, 1.4764, -6.8425), (90.1642, 1.4910, -6.8394), (90.0629, 1.4987, -6.8377), (89.9614, 1.4995, -6.8375), (89.8601, 1.4935, -6.8388), (89.7591, 1.4805, -6.8416), (89.6589, 1.4607, -6.8459), (89.5596, 1.4339, -6.8516), (89.4618, 1.4001, -6.8585), (89.3656, 1.3592, -6.8668), (89.2715, 1.3112, -6.8761), (89.1799, 1.2560, -6.8864), (89.0913, 1.1934, -6.8975), (89.0062, 1.1235, -6.9092), (88.9250, 1.0461, -6.9214), (88.8485, 0.9612, -6.9337), (88.7767, 0.8681, -6.9460), (88.7104, 0.7662, -6.9579), (88.6513, 0.6564, -6.9692), (88.6005, 0.5397, -6.9792), (88.5592, 0.4172, -6.9876), (88.5283, 0.2901, -6.9940), (88.5085, 0.1596, -6.9982), (88.5002, 0.0272, -6.9999), (88.5037, -0.1057, -6.9992), (88.5190, -0.2378, -6.9960), (88.5458, -0.3677, -6.9903), (88.5838, -0.4942, -6.9825), (88.6328, -0.6170, -6.9728), (88.6924, -0.7349, -6.9613), (88.7621, -0.8471, -6.9486), (88.8415, -0.9528, -6.9349), (88.9298, -1.0511, -6.9206), (89.0265, -1.1412, -6.9064), (89.1307, -1.2224, -6.8924), (89.2417, -1.2942, -6.8793), (89.3586, -1.3559, -6.8674), (89.4804, -1.4071, -6.8571), (89.6063, -1.4474, -6.8487), (89.7352, -1.4764, -6.8425), (89.8662, -1.4940, -6.8387), (89.9982, -1.5000, -6.8374), (90.1303, -1.4943, -6.8386), (90.2618, -1.4770, -6.8424), (90.3919, -1.4479, -6.8486), (90.5200, -1.4070, -6.8571), (90.6453, -1.3541, -6.8678), (90.7669, -1.2891, -6.8803), (90.8841, -1.2118, -6.8943), (90.9956, -1.1220, -6.9095), (91.1011, -1.0186, -6.9255), (91.1896, -0.9137, -6.9401), (91.2624, -0.8102, -6.9530), (91.3275, -0.6985, -6.9651), (91.3836, -0.5794, -6.9760), (91.4297, -0.4537, -6.9853), (91.4650, -0.3223, -6.9926), (91.4884, -0.1862, -6.9975), (91.4971, -0.0937, -6.9994), (100.0000, 7.0000, 0.0000), (100.0000, 6.9652, 0.6970), (100.0000, 6.8612, 1.3870), (100.0000, 6.6890, 2.0633), (100.0000, 6.4503, 2.7190), (100.0000, 6.1476, 3.3478), (100.0000, 5.7837, 3.9432), (100.0000, 5.3623, 4.4995), (100.0000, 4.8877, 5.0111), (100.0000, 4.3644, 5.4728), (100.0000, 3.7978, 5.8802), (100.0000, 3.1935, 6.2291), (100.0000, 2.5574, 6.5161), (100.0000, 1.8959, 6.7384), (100.0000, 1.2155, 6.8937), (100.0000, 0.5231, 6.9804), (100.0000, -0.1745, 6.9978), (100.0000, -0.8704, 6.9457), (100.0000, -1.5576, 6.8245), (100.0000, -2.2294, 6.6355), (100.0000, -2.8790, 6.3805), (100.0000, -3.5000, 6.0622), (100.0000, -4.0862, 5.6836), (100.0000, -4.6318, 5.2485), (100.0000, -5.1314, 4.7612), (100.0000, -5.5799, 4.2266), (100.0000, -5.9730, 3.6500), (100.0000, -6.3068, 3.0372), (100.0000, -6.5778, 2.3941), (100.0000, -6.7835, 1.7273), (100.0000, -6.9218, 1.0433), (100.0000, -6.9913, 0.3489), (100.0000, -6.9913, -0.3489), (100.0000, -6.9218, -1.0433), (100.0000, -6.7835, -1.7273), (100.0000, -6.5778, -2.3941), (100.0000, -6.3068, -3.0372), (100.0000, -5.9730, -3.6500), (100.0000, -5.5799, -4.2266), (100.0000, -5.1314, -4.7612), (100.0000, -4.6318, -5.2485), (100.0000, -4.0862, -5.6836), (100.0000, -3.5000, -6.0622), (100.0000, -2.8790, -6.3805), (100.0000, -2.2294, -6.6355), (100.0000, -1.5576, -6.8245), (100.0000, -0.8704, -6.9457), (100.0000, -0.1745, -6.9978), (100.0000, 0.5231, -6.9804), (100.0000, 1.2155, -6.8937), (100.0000, 1.8959, -6.7384), (100.0000, 2.5574, -6.5161), (100.0000, 3.1935, -6.2291), (100.0000, 3.7978, -5.8802), (100.0000, 4.3644, -5.4728), (100.0000, 4.8877, -5.0111), (100.0000, 5.3623, -4.4995), (100.0000, 5.7837, -3.9432), (100.0000, 6.1476, -3.3478), (100.0000, 6.4503, -2.7190), (100.0000, 6.6890, -2.0633), (100.0000, 6.8612, -1.3870), (100.0000, 6.9652, -0.6970), (100.0000, 5.0600, 0.0000), (100.0000, 5.0349, 0.5038), (100.0000, 4.9597, 1.0026), (100.0000, 4.8352, 1.4915), (100.0000, 4.6627, 1.9655), (100.0000, 4.4438, 2.4200), (100.0000, 4.1808, 2.8504), (100.0000, 3.8762, 3.2525), (100.0000, 3.5331, 3.6223), (100.0000, 3.1549, 3.9561), (100.0000, 2.7453, 4.2505), (100.0000, 2.3084, 4.5028), (100.0000, 1.8486, 4.7102), (100.0000, 1.3705, 4.8709), (100.0000, 0.8787, 4.9831), (100.0000, 0.3781, 5.0459), (100.0000, -0.1261, 5.0584), (100.0000, -0.6292, 5.0207), (100.0000, -1.1260, 4.9331), (100.0000, -1.6115, 4.7965), (100.0000, -2.0811, 4.6122), (100.0000, -2.5300, 4.3821), (100.0000, -2.9537, 4.1084), (100.0000, -3.3481, 3.7939), (100.0000, -3.7092, 3.4417), (100.0000, -4.0335, 3.0553), (100.0000, -4.3177, 2.6385), (100.0000, -4.5589, 2.1955), (100.0000, -4.7548, 1.7306), (100.0000, -4.9035, 1.2486), (100.0000, -5.0035, 0.7542), (100.0000, -5.0537, 0.2522), (100.0000, -5.0537, -0.2522), (100.0000, -5.0035, -0.7542), (100.0000, -4.9035, -1.2486), (100.0000, -4.7548, -1.7306), (100.0000, -4.5589, -2.1955), (100.0000, -4.3177, -2.6385), (100.0000, -4.0335, -3.0553), (100.0000, -3.7092, -3.4417), (100.0000, -3.3481, -3.7939), (100.0000, -2.9537, -4.1084), (100.0000, -2.5300, -4.3821), (100.0000, -2.0811, -4.6122), (100.0000, -1.6115, -4.7965), (100.0000, -1.1260, -4.9331), (100.0000, -0.6292, -5.0207), (100.0000, -0.1261, -5.0584), (100.0000, 0.3781, -5.0459), (100.0000, 0.8787, -4.9831), (100.0000, 1.3705, -4.8709), (100.0000, 1.8486, -4.7102), (100.0000, 2.3084, -4.5028), (100.0000, 2.7453, -4.2505), (100.0000, 3.1549, -3.9561), (100.0000, 3.5331, -3.6223), (100.0000, 3.8762, -3.2525), (100.0000, 4.1808, -2.8504), (100.0000, 4.4438, -2.4200), (100.0000, 4.6627, -1.9655), (100.0000, 4.8352, -1.4915), (100.0000, 4.9597, -1.0026), (100.0000, 5.0349, -0.5038), (91.5000, 0.0000, -7.0000), (91.4941, 0.1333, -6.9987), (91.4766, 0.2638, -6.9950), (91.4483, 0.3904, -6.9891), (91.4098, 0.5124, -6.9812), (91.3618, 0.6288, -6.9717), (91.3053, 0.7390, -6.9609), (91.2412, 0.8423, -6.9491), (91.1704, 0.9382, -6.9368), (91.0940, 1.0262, -6.9244), (91.0133, 1.1060, -6.9121), (90.9290, 1.1777, -6.9002), (90.8412, 1.2419, -6.8890), (90.7503, 1.2988, -6.8784), (90.6569, 1.3485, -6.8689), (90.5612, 1.3911, -6.8604), (90.4638, 1.4265, -6.8531), (90.3649, 1.4549, -6.8471), (90.2649, 1.4764, -6.8425), (90.1642, 1.4910, -6.8394), (90.0629, 1.4987, -6.8377), (89.9614, 1.4995, -6.8375), (89.8601, 1.4935, -6.8388), (89.7591, 1.4805, -6.8416), (89.6589, 1.4607, -6.8459), (89.5596, 1.4339, -6.8516), (89.4618, 1.4001, -6.8585), (89.3656, 1.3592, -6.8668), (89.2715, 1.3112, -6.8761), (89.1799, 1.2560, -6.8864), (89.0913, 1.1934, -6.8975), (89.0062, 1.1235, -6.9092), (88.9250, 1.0461, -6.9214), (88.8485, 0.9612, -6.9337), (88.7767, 0.8681, -6.9460), (88.7104, 0.7662, -6.9579), (88.6513, 0.6564, -6.9692), (88.6005, 0.5397, -6.9792), (88.5592, 0.4172, -6.9876), (88.5283, 0.2901, -6.9940), (88.5085, 0.1596, -6.9982), (88.5002, 0.0272, -6.9999), (88.5037, -0.1057, -6.9992), (88.5190, -0.2378, -6.9960), (88.5458, -0.3677, -6.9903), (88.5838, -0.4942, -6.9825), (88.6328, -0.6170, -6.9728), (88.6924, -0.7349, -6.9613), (88.7621, -0.8471, -6.9486), (88.8415, -0.9528, -6.9349), (88.9298, -1.0511, -6.9206), (89.0265, -1.1412, -6.9064), (89.1307, -1.2224, -6.8924), (89.2417, -1.2942, -6.8793), (89.3586, -1.3559, -6.8674), (89.4804, -1.4071, -6.8571), (89.6063, -1.4474, -6.8487), (89.7352, -1.4764, -6.8425), (89.8662, -1.4940, -6.8387), (89.9982, -1.5000, -6.8374), (90.1303, -1.4943, -6.8386), (90.2618, -1.4770, -6.8424), (90.3919, -1.4479, -6.8486), (90.5200, -1.4070, -6.8571), (90.6453, -1.3541, -6.8678), (90.7669, -1.2891, -6.8803), (90.8841, -1.2118, -6.8943), (90.9956, -1.1220, -6.9095), (91.1011, -1.0186, -6.9255), (91.1896, -0.9137, -6.9401), (91.2624, -0.8102, -6.9530), (91.3275, -0.6985, -6.9651), (91.3836, -0.5794, -6.9760), (91.4297, -0.4537, -6.9853), (91.4650, -0.3223, -6.9926), (91.4884, -0.1862, -6.9975), (91.4971, -0.0937, -6.9994), (91.5000, 0.0000, -7.0000), (91.5000, 0.0000, 7.0000), (91.4941, 0.1333, 6.9987), (91.4766, 0.2638, 6.9950), (91.4483, 0.3904, 6.9891), (91.4098, 0.5124, 6.9812), (91.3618, 0.6288, 6.9717), (91.3053, 0.7390, 6.9609), (91.2412, 0.8423, 6.9491), (91.1704, 0.9382, 6.9368), (91.0940, 1.0262, 6.9244), (91.0133, 1.1060, 6.9121), (90.9290, 1.1777, 6.9002), (90.8412, 1.2419, 6.8890), (90.7503, 1.2988, 6.8784), (90.6569, 1.3485, 6.8689), (90.5612, 1.3911, 6.8604), (90.4638, 1.4265, 6.8531), (90.3649, 1.4549, 6.8471), (90.2649, 1.4764, 6.8425), (90.1642, 1.4910, 6.8394), (90.0629, 1.4987, 6.8377), (89.9614, 1.4995, 6.8375), (89.8601, 1.4935, 6.8388), (89.7591, 1.4805, 6.8416), (89.6589, 1.4607, 6.8459), (89.5596, 1.4339, 6.8516), (89.4618, 1.4001, 6.8585), (89.3656, 1.3592, 6.8668), (89.2715, 1.3112, 6.8761), (89.1799, 1.2560, 6.8864), (89.0913, 1.1934, 6.8975), (89.0062, 1.1235, 6.9092), (88.9250, 1.0461, 6.9214), (88.8485, 0.9612, 6.9337), (88.7767, 0.8681, 6.9460), (88.7104, 0.7662, 6.9579), (88.6513, 0.6564, 6.9692), (88.6005, 0.5397, 6.9792), (88.5592, 0.4172, 6.9876), (88.5283, 0.2901, 6.9940), (88.5085, 0.1596, 6.9982), (88.5002, 0.0272, 6.9999), (88.5037, -0.1057, 6.9992), (88.5190, -0.2378, 6.9960), (88.5458, -0.3677, 6.9903), (88.5838, -0.4942, 6.9825), (88.6328, -0.6170, 6.9728), (88.6924, -0.7349, 6.9613), (88.7621, -0.8471, 6.9486), (88.8415, -0.9528, 6.9349), (88.9298, -1.0511, 6.9206), (89.0265, -1.1412, 6.9064), (89.1307, -1.2224, 6.8924), (89.2417, -1.2942, 6.8793), (89.3586, -1.3559, 6.8674), (89.4804, -1.4071, 6.8571), (89.6063, -1.4474, 6.8487), (89.7352, -1.4764, 6.8425), (89.8662, -1.4940, 6.8387), (89.9982, -1.5000, 6.8374), (90.1303, -1.4943, 6.8386), (90.2618, -1.4770, 6.8424), (90.3919, -1.4479, 6.8486), (90.5200, -1.4070, 6.8571), (90.6453, -1.3541, 6.8678), (90.7669, -1.2891, 6.8803), (90.8841, -1.2118, 6.8943), (90.9956, -1.1220, 6.9095), (91.1011, -1.0186, 6.9255), (91.1896, -0.9137, 6.9401), (91.2624, -0.8102, 6.9530), (91.3275, -0.6985, 6.9651), (91.3836, -0.5794, 6.9760), (91.4297, -0.4537, 6.9853), (91.4650, -0.3223, 6.9926), (91.4884, -0.1862, 6.9975), (91.4971, -0.0937, 6.9994), (91.5000, 0.0000, 7.0000), (100.0000, 5.0600, 0.0000), (100.0000, 5.0349, 0.5038), (100.0000, 4.9597, 1.0026), (100.0000, 4.8352, 1.4915), (100.0000, 4.6627, 1.9655), (100.0000, 4.4438, 2.4200), (100.0000, 4.1808, 2.8504), (100.0000, 3.8762, 3.2525), (100.0000, 3.5331, 3.6223), (100.0000, 3.1549, 3.9561), (100.0000, 2.7453, 4.2505), (100.0000, 2.3084, 4.5028), (100.0000, 1.8486, 4.7102), (100.0000, 1.3705, 4.8709), (100.0000, 0.8787, 4.9831), (100.0000, 0.3781, 5.0459), (100.0000, -0.1261, 5.0584), (100.0000, -0.6292, 5.0207), (100.0000, -1.1260, 4.9331), (100.0000, -1.6115, 4.7965), (100.0000, -2.0811, 4.6122), (100.0000, -2.5300, 4.3821), (100.0000, -2.9537, 4.1084), (100.0000, -3.3481, 3.7939), (100.0000, -3.7092, 3.4417), (100.0000, -4.0335, 3.0553), (100.0000, -4.3177, 2.6385), (100.0000, -4.5589, 2.1955), (100.0000, -4.7548, 1.7306), (100.0000, -4.9035, 1.2486), (100.0000, -5.0035, 0.7542), (100.0000, -5.0537, 0.2522), (100.0000, -5.0537, -0.2522), (100.0000, -5.0035, -0.7542), (100.0000, -4.9035, -1.2486), (100.0000, -4.7548, -1.7306), (100.0000, -4.5589, -2.1955), (100.0000, -4.3177, -2.6385), (100.0000, -4.0335, -3.0553), (100.0000, -3.7092, -3.4417), (100.0000, -3.3481, -3.7939), (100.0000, -2.9537, -4.1084), (100.0000, -2.5300, -4.3821), (100.0000, -2.0811, -4.6122), (100.0000, -1.6115, -4.7965), (100.0000, -1.1260, -4.9331), (100.0000, -0.6292, -5.0207), (100.0000, -0.1261, -5.0584), (100.0000, 0.3781, -5.0459), (100.0000, 0.8787, -4.9831), (100.0000, 1.3705, -4.8709), (100.0000, 1.8486, -4.7102), (100.0000, 2.3084, -4.5028), (100.0000, 2.7453, -4.2505), (100.0000, 3.1549, -3.9561), (100.0000, 3.5331, -3.6223), (100.0000, 3.8762, -3.2525), (100.0000, 4.1808, -2.8504), (100.0000, 4.4438, -2.4200), (100.0000, 4.6627, -1.9655), (100.0000, 4.8352, -1.4915), (100.0000, 4.9597, -1.0026), (100.0000, 5.0349, -0.5038), (100.0000, 5.0600, 0.0000), (103.7500, 5.0600, 0.0000), (103.7500, 5.0600, 0.0000), (103.7500, 5.0349, 0.5038), (103.7500, 4.9597, 1.0026), (103.7500, 4.8352, 1.4915), (103.7500, 4.6627, 1.9655), (103.7500, 4.4438, 2.4200), (103.7500, 4.1808, 2.8504), (103.7500, 3.8762, 3.2525), (103.7500, 3.5331, 3.6223), (103.7500, 3.1549, 3.9561), (103.7500, 2.7453, 4.2505), (103.7500, 2.3084, 4.5028), (103.7500, 1.8486, 4.7102), (103.7500, 1.3705, 4.8709), (103.7500, 0.8787, 4.9831), (103.7500, 0.3781, 5.0459), (103.7500, -0.1261, 5.0584), (103.7500, -0.6292, 5.0207), (103.7500, -1.1260, 4.9331), (103.7500, -1.6115, 4.7965), (103.7500, -2.0811, 4.6122), (103.7500, -2.5300, 4.3821), (103.7500, -2.9537, 4.1084), (103.7500, -3.3481, 3.7939), (103.7500, -3.7092, 3.4417), (103.7500, -4.0335, 3.0553), (103.7500, -4.3177, 2.6385), (103.7500, -4.5589, 2.1955), (103.7500, -4.7548, 1.7306), (103.7500, -4.9035, 1.2486), (103.7500, -5.0035, 0.7542), (103.7500, -5.0537, 0.2522), (103.7500, -5.0537, -0.2522), (103.7500, -5.0035, -0.7542), (103.7500, -4.9035, -1.2486), (103.7500, -4.7548, -1.7306), (103.7500, -4.5589, -2.1955), (103.7500, -4.3177, -2.6385), (103.7500, -4.0335, -3.0553), (103.7500, -3.7092, -3.4417), (103.7500, -3.3481, -3.7939), (103.7500, -2.9537, -4.1084), (103.7500, -2.5300, -4.3821), (103.7500, -2.0811, -4.6122), (103.7500, -1.6115, -4.7965), (103.7500, -1.1260, -4.9331), (103.7500, -0.6292, -5.0207), (103.7500, -0.1261, -5.0584), (103.7500, 0.3781, -5.0459), (103.7500, 0.8787, -4.9831), (103.7500, 1.3705, -4.8709), (103.7500, 1.8486, -4.7102), (103.7500, 2.3084, -4.5028), (103.7500, 2.7453, -4.2505), (103.7500, 3.1549, -3.9561), (103.7500, 3.5331, -3.6223), (103.7500, 3.8762, -3.2525), (103.7500, 4.1808, -2.8504), (103.7500, 4.4438, -2.4200), (103.7500, 4.6627, -1.9655), (103.7500, 4.8352, -1.4915), (103.7500, 4.9597, -1.0026), (103.7500, 5.0349, -0.5038), (103.7500, 6.0000, 0.0000), (103.7500, 5.9702, 0.5974), (103.7500, 5.8810, 1.1889), (103.7500, 5.7334, 1.7685), (103.7500, 5.5289, 2.3306), (103.7500, 5.2693, 2.8695), (103.7500, 4.9574, 3.3799), (103.7500, 4.5963, 3.8567), (103.7500, 4.1894, 4.2952), (103.7500, 3.7409, 4.6910), (103.7500, 3.2553, 5.0402), (103.7500, 2.7373, 5.3392), (103.7500, 2.1920, 5.5852), (103.7500, 1.6250, 5.7757), (103.7500, 1.0419, 5.9088), (103.7500, 0.4484, 5.9832), (103.7500, -0.1496, 5.9981), (103.7500, -0.7461, 5.9534), (103.7500, -1.3351, 5.8496), (103.7500, -1.9109, 5.6876), (103.7500, -2.4677, 5.4690), (103.7500, -3.0000, 5.1962), (103.7500, -3.5025, 4.8716), (103.7500, -3.9701, 4.4987), (103.7500, -4.3983, 4.0810), (103.7500, -4.7828, 3.6228), (103.7500, -5.1197, 3.1286), (103.7500, -5.4058, 2.6033), (103.7500, -5.6382, 2.0521), (103.7500, -5.8145, 1.4805), (103.7500, -5.9330, 0.8943), (103.7500, -5.9925, 0.2991), (103.7500, -5.9925, -0.2991), (103.7500, -5.9330, -0.8943), (103.7500, -5.8145, -1.4805), (103.7500, -5.6382, -2.0521), (103.7500, -5.4058, -2.6033), (103.7500, -5.1197, -3.1286), (103.7500, -4.7828, -3.6228), (103.7500, -4.3983, -4.0810), (103.7500, -3.9701, -4.4987), (103.7500, -3.5025, -4.8716), (103.7500, -3.0000, -5.1962), (103.7500, -2.4677, -5.4690), (103.7500, -1.9109, -5.6876), (103.7500, -1.3351, -5.8496), (103.7500, -0.7461, -5.9534), (103.7500, -0.1496, -5.9981), (103.7500, 0.4484, -5.9832), (103.7500, 1.0419, -5.9088), (103.7500, 1.6250, -5.7757), (103.7500, 2.1920, -5.5852), (103.7500, 2.7373, -5.3392), (103.7500, 3.2553, -5.0402), (103.7500, 3.7409, -4.6910), (103.7500, 4.1894, -4.2952), (103.7500, 4.5963, -3.8567), (103.7500, 4.9574, -3.3799), (103.7500, 5.2693, -2.8695), (103.7500, 5.5289, -2.3306), (103.7500, 5.7334, -1.7685), (103.7500, 5.8810, -1.1889), (103.7500, 5.9702, -0.5974), (103.7500, 5.0600, 0.0000), (103.7500, 5.0349, 0.5038), (103.7500, 4.9597, 1.0026), (103.7500, 4.8352, 1.4915), (103.7500, 4.6627, 1.9655), (103.7500, 4.4438, 2.4200), (103.7500, 4.1808, 2.8504), (103.7500, 3.8762, 3.2525), (103.7500, 3.5331, 3.6223), (103.7500, 3.1549, 3.9561), (103.7500, 2.7453, 4.2505), (103.7500, 2.3084, 4.5028), (103.7500, 1.8486, 4.7102), (103.7500, 1.3705, 4.8709), (103.7500, 0.8787, 4.9831), (103.7500, 0.3781, 5.0459), (103.7500, -0.1261, 5.0584), (103.7500, -0.6292, 5.0207), (103.7500, -1.1260, 4.9331), (103.7500, -1.6115, 4.7965), (103.7500, -2.0811, 4.6122), (103.7500, -2.5300, 4.3821), (103.7500, -2.9537, 4.1084), (103.7500, -3.3481, 3.7939), (103.7500, -3.7092, 3.4417), (103.7500, -4.0335, 3.0553), (103.7500, -4.3177, 2.6385), (103.7500, -4.5589, 2.1955), (103.7500, -4.7548, 1.7306), (103.7500, -4.9035, 1.2486), (103.7500, -5.0035, 0.7542), (103.7500, -5.0537, 0.2522), (103.7500, -5.0537, -0.2522), (103.7500, -5.0035, -0.7542), (103.7500, -4.9035, -1.2486), (103.7500, -4.7548, -1.7306), (103.7500, -4.5589, -2.1955), (103.7500, -4.3177, -2.6385), (103.7500, -4.0335, -3.0553), (103.7500, -3.7092, -3.4417), (103.7500, -3.3481, -3.7939), (103.7500, -2.9537, -4.1084), (103.7500, -2.5300, -4.3821), (103.7500, -2.0811, -4.6122), (103.7500, -1.6115, -4.7965), (103.7500, -1.1260, -4.9331), (103.7500, -0.6292, -5.0207), (103.7500, -0.1261, -5.0584), (103.7500, 0.3781, -5.0459), (103.7500, 0.8787, -4.9831), (103.7500, 1.3705, -4.8709), (103.7500, 1.8486, -4.7102), (103.7500, 2.3084, -4.5028), (103.7500, 2.7453, -4.2505), (103.7500, 3.1549, -3.9561), (103.7500, 3.5331, -3.6223), (103.7500, 3.8762, -3.2525), (103.7500, 4.1808, -2.8504), (103.7500, 4.4438, -2.4200), (103.7500, 4.6627, -1.9655), (103.7500, 4.8352, -1.4915), (103.7500, 4.9597, -1.0026), (103.7500, 5.0349, -0.5038), (103.7500, 6.0000, 0.0000), (103.7500, 5.9702, 0.5974), (103.7500, 5.8810, 1.1889), (103.7500, 5.7334, 1.7685), (103.7500, 5.5289, 2.3306), (103.7500, 5.2693, 2.8695), (103.7500, 4.9574, 3.3799), (103.7500, 4.5963, 3.8567), (103.7500, 4.1894, 4.2952), (103.7500, 3.7409, 4.6910), (103.7500, 3.2553, 5.0402), (103.7500, 2.7373, 5.3392), (103.7500, 2.1920, 5.5852), (103.7500, 1.6250, 5.7757), (103.7500, 1.0419, 5.9088), (103.7500, 0.4484, 5.9832), (103.7500, -0.1496, 5.9981), (103.7500, -0.7461, 5.9534), (103.7500, -1.3351, 5.8496), (103.7500, -1.9109, 5.6876), (103.7500, -2.4677, 5.4690), (103.7500, -3.0000, 5.1962), (103.7500, -3.5025, 4.8716), (103.7500, -3.9701, 4.4987), (103.7500, -4.3983, 4.0810), (103.7500, -4.7828, 3.6228), (103.7500, -5.1197, 3.1286), (103.7500, -5.4058, 2.6033), (103.7500, -5.6382, 2.0521), (103.7500, -5.8145, 1.4805), (103.7500, -5.9330, 0.8943), (103.7500, -5.9925, 0.2991), (103.7500, -5.9925, -0.2991), (103.7500, -5.9330, -0.8943), (103.7500, -5.8145, -1.4805), (103.7500, -5.6382, -2.0521), (103.7500, -5.4058, -2.6033), (103.7500, -5.1197, -3.1286), (103.7500, -4.7828, -3.6228), (103.7500, -4.3983, -4.0810), (103.7500, -3.9701, -4.4987), (103.7500, -3.5025, -4.8716), (103.7500, -3.0000, -5.1962), (103.7500, -2.4677, -5.4690), (103.7500, -1.9109, -5.6876), (103.7500, -1.3351, -5.8496), (103.7500, -0.7461, -5.9534), (103.7500, -0.1496, -5.9981), (103.7500, 0.4484, -5.9832), (103.7500, 1.0419, -5.9088), (103.7500, 1.6250, -5.7757), (103.7500, 2.1920, -5.5852), (103.7500, 2.7373, -5.3392), (103.7500, 3.2553, -5.0402), (103.7500, 3.7409, -4.6910), (103.7500, 4.1894, -4.2952), (103.7500, 4.5963, -3.8567), (103.7500, 4.9574, -3.3799), (103.7500, 5.2693, -2.8695), (103.7500, 5.5289, -2.3306), (103.7500, 5.7334, -1.7685), (103.7500, 5.8810, -1.1889), (103.7500, 5.9702, -0.5974), (103.7500, 6.0000, 0.0000), (116.5000, 6.0000, 0.0000), (116.5000, 6.0000, 0.0000), (116.5000, 5.9702, 0.5974), (116.5000, 5.8810, 1.1889), (116.5000, 5.7334, 1.7685), (116.5000, 5.5289, 2.3306), (116.5000, 5.2693, 2.8695), (116.5000, 4.9574, 3.3799), (116.5000, 4.5963, 3.8567), (116.5000, 4.1894, 4.2952), (116.5000, 3.7409, 4.6910), (116.5000, 3.2553, 5.0402), (116.5000, 2.7373, 5.3392), (116.5000, 2.1920, 5.5852), (116.5000, 1.6250, 5.7757), (116.5000, 1.0419, 5.9088), (116.5000, 0.4484, 5.9832), (116.5000, -0.1496, 5.9981), (116.5000, -0.7461, 5.9534), (116.5000, -1.3351, 5.8496), (116.5000, -1.9109, 5.6876), (116.5000, -2.4677, 5.4690), (116.5000, -3.0000, 5.1962), (116.5000, -3.5025, 4.8716), (116.5000, -3.9701, 4.4987), (116.5000, -4.3983, 4.0810), (116.5000, -4.7828, 3.6228), (116.5000, -5.1197, 3.1286), (116.5000, -5.4058, 2.6033), (116.5000, -5.6382, 2.0521), (116.5000, -5.8145, 1.4805), (116.5000, -5.9330, 0.8943), (116.5000, -5.9925, 0.2991), (116.5000, -5.9925, -0.2991), (116.5000, -5.9330, -0.8943), (116.5000, -5.8145, -1.4805), (116.5000, -5.6382, -2.0521), (116.5000, -5.4058, -2.6033), (116.5000, -5.1197, -3.1286), (116.5000, -4.7828, -3.6228), (116.5000, -4.3983, -4.0810), (116.5000, -3.9701, -4.4987), (116.5000, -3.5025, -4.8716), (116.5000, -3.0000, -5.1962), (116.5000, -2.4677, -5.4690), (116.5000, -1.9109, -5.6876), (116.5000, -1.3351, -5.8496), (116.5000, -0.7461, -5.9534), (116.5000, -0.1496, -5.9981), (116.5000, 0.4484, -5.9832), (116.5000, 1.0419, -5.9088), (116.5000, 1.6250, -5.7757), (116.5000, 2.1920, -5.5852), (116.5000, 2.7373, -5.3392), (116.5000, 3.2553, -5.0402), (116.5000, 3.7409, -4.6910), (116.5000, 4.1894, -4.2952), (116.5000, 4.5963, -3.8567), (116.5000, 4.9574, -3.3799), (116.5000, 5.2693, -2.8695), (116.5000, 5.5289, -2.3306), (116.5000, 5.7334, -1.7685), (116.5000, 5.8810, -1.1889), (116.5000, 5.9702, -0.5974), (116.5000, 6.0000, 0.0000), (116.5000, 5.9702, 0.5974), (116.5000, 5.8810, 1.1889), (116.5000, 5.7334, 1.7685), (116.5000, 5.5289, 2.3306), (116.5000, 5.2693, 2.8695), (116.5000, 4.9574, 3.3799), (116.5000, 4.5963, 3.8567), (116.5000, 4.1894, 4.2952), (116.5000, 3.7409, 4.6910), (116.5000, 3.2553, 5.0402), (116.5000, 2.7373, 5.3392), (116.5000, 2.1920, 5.5852), (116.5000, 1.6250, 5.7757), (116.5000, 1.0419, 5.9088), (116.5000, 0.4484, 5.9832), (116.5000, -0.1496, 5.9981), (116.5000, -0.7461, 5.9534), (116.5000, -1.3351, 5.8496), (116.5000, -1.9109, 5.6876), (116.5000, -2.4677, 5.4690), (116.5000, -3.0000, 5.1962), (116.5000, -3.5025, 4.8716), (116.5000, -3.9701, 4.4987), (116.5000, -4.3983, 4.0810), (116.5000, -4.7828, 3.6228), (116.5000, -5.1197, 3.1286), (116.5000, -5.4058, 2.6033), (116.5000, -5.6382, 2.0521), (116.5000, -5.8145, 1.4805), (116.5000, -5.9330, 0.8943), (116.5000, -5.9925, 0.2991), (116.5000, -5.9925, -0.2991), (116.5000, -5.9330, -0.8943), (116.5000, -5.8145, -1.4805), (116.5000, -5.6382, -2.0521), (116.5000, -5.4058, -2.6033), (116.5000, -5.1197, -3.1286), (116.5000, -4.7828, -3.6228), (116.5000, -4.3983, -4.0810), (116.5000, -3.9701, -4.4987), (116.5000, -3.5025, -4.8716), (116.5000, -3.0000, -5.1962), (116.5000, -2.4677, -5.4690), (116.5000, -1.9109, -5.6876), (116.5000, -1.3351, -5.8496), (116.5000, -0.7461, -5.9534), (116.5000, -0.1496, -5.9981), (116.5000, 0.4484, -5.9832), (116.5000, 1.0419, -5.9088), (116.5000, 1.6250, -5.7757), (116.5000, 2.1920, -5.5852), (116.5000, 2.7373, -5.3392), (116.5000, 3.2553, -5.0402), (116.5000, 3.7409, -4.6910), (116.5000, 4.1894, -4.2952), (116.5000, 4.5963, -3.8567), (116.5000, 4.9574, -3.3799), (116.5000, 5.2693, -2.8695), (116.5000, 5.5289, -2.3306), (116.5000, 5.7334, -1.7685), (116.5000, 5.8810, -1.1889), (116.5000, 5.9702, -0.5974), (116.5000, 6.0000, 0.0000), (117.2500, 5.2500, 0.0000), (118.0000, 4.5000, 0.0000), (118.0000, 4.5000, 0.0000), (118.0000, 4.4776, 0.4481), (118.0000, 4.4108, 0.8917), (118.0000, 4.3001, 1.3264), (118.0000, 4.1466, 1.7480), (118.0000, 3.9520, 2.1521), (118.0000, 3.7181, 2.5349), (118.0000, 3.4472, 2.8925), (118.0000, 3.1421, 3.2214), (118.0000, 2.8057, 3.5182), (118.0000, 2.4415, 3.7801), (118.0000, 2.0529, 4.0044), (118.0000, 1.6440, 4.1889), (118.0000, 1.2188, 4.3318), (118.0000, 0.7814, 4.4316), (118.0000, 0.3363, 4.4874), (118.0000, -0.1122, 4.4986), (118.0000, -0.5595, 4.4651), (118.0000, -1.0013, 4.3872), (118.0000, -1.4332, 4.2657), (118.0000, -1.8508, 4.1018), (118.0000, -2.2500, 3.8971), (118.0000, -2.6268, 3.6537), (118.0000, -2.9776, 3.3740), (118.0000, -3.2987, 3.0608), (118.0000, -3.5871, 2.7171), (118.0000, -3.8398, 2.3465), (118.0000, -4.0544, 1.9525), (118.0000, -4.2286, 1.5391), (118.0000, -4.3608, 1.1104), (118.0000, -4.4497, 0.6707), (118.0000, -4.4944, 0.2243), (118.0000, -4.4944, -0.2243), (118.0000, -4.4497, -0.6707), (118.0000, -4.3608, -1.1104), (118.0000, -4.2286, -1.5391), (118.0000, -4.0544, -1.9525), (118.0000, -3.8398, -2.3465), (118.0000, -3.5871, -2.7171), (118.0000, -3.2987, -3.0608), (118.0000, -2.9776, -3.3740), (118.0000, -2.6268, -3.6537), (118.0000, -2.2500, -3.8971), (118.0000, -1.8508, -4.1018), (118.0000, -1.4332, -4.2657), (118.0000, -1.0013, -4.3872), (118.0000, -0.5595, -4.4651), (118.0000, -0.1122, -4.4986), (118.0000, 0.3363, -4.4874), (118.0000, 0.7814, -4.4316), (118.0000, 1.2188, -4.3318), (118.0000, 1.6440, -4.1889), (118.0000, 2.0529, -4.0044), (118.0000, 2.4415, -3.7801), (118.0000, 2.8057, -3.5182), (118.0000, 3.1421, -3.2214), (118.0000, 3.4472, -2.8925), (118.0000, 3.7181, -2.5349), (118.0000, 3.9520, -2.1521), (118.0000, 4.1466, -1.7480), (118.0000, 4.3001, -1.3264), (118.0000, 4.4108, -0.8917), (118.0000, 4.4776, -0.4481), (117.2500, 5.2500, 0.0000), (117.2500, 5.1491, 1.0242), (117.2500, 4.8504, 2.0091), (117.2500, 4.3652, 2.9167), (117.2500, 3.7123, 3.7123), (117.2500, 2.9167, 4.3652), (117.2500, 2.0091, 4.8504), (117.2500, 1.0242, 5.1491), (117.2500, 0.0000, 5.2500), (117.2500, -1.0242, 5.1491), (117.2500, -2.0091, 4.8504), (117.2500, -2.9167, 4.3652), (117.2500, -3.7123, 3.7123), (117.2500, -4.3652, 2.9167), (117.2500, -4.8504, 2.0091), (117.2500, -5.1491, 1.0242), (117.2500, -5.2500, -0.0000), (117.2500, -5.1491, -1.0242), (117.2500, -4.8504, -2.0091), (117.2500, -4.3652, -2.9167), (117.2500, -3.7123, -3.7123), (117.2500, -2.9167, -4.3652), (117.2500, -2.0091, -4.8504), (117.2500, -1.0242, -5.1491), (117.2500, 0.0000, -5.2500), (117.2500, 1.0242, -5.1491), (117.2500, 2.0091, -4.8504), (117.2500, 2.9167, -4.3652), (117.2500, 3.7123, -3.7123), (117.2500, 4.3652, -2.9167), (117.2500, 4.8504, -2.0091), (117.2500, 5.1491, -1.0242), (118.0000, 4.5000, 0.0000), (118.0000, 4.4776, 0.4481), (118.0000, 4.4108, 0.8917), (118.0000, 4.3001, 1.3264), (118.0000, 4.1466, 1.7480), (118.0000, 3.9520, 2.1521), (118.0000, 3.7181, 2.5349), (118.0000, 3.4472, 2.8925), (118.0000, 3.1421, 3.2214), (118.0000, 2.8057, 3.5182), (118.0000, 2.4415, 3.7801), (118.0000, 2.0529, 4.0044), (118.0000, 1.6440, 4.1889), (118.0000, 1.2188, 4.3318), (118.0000, 0.7814, 4.4316), (118.0000, 0.3363, 4.4874), (118.0000, -0.1122, 4.4986), (118.0000, -0.5595, 4.4651), (118.0000, -1.0013, 4.3872), (118.0000, -1.4332, 4.2657), (118.0000, -1.8508, 4.1018), (118.0000, -2.2500, 3.8971), (118.0000, -2.6268, 3.6537), (118.0000, -2.9776, 3.3740), (118.0000, -3.2987, 3.0608), (118.0000, -3.5871, 2.7171), (118.0000, -3.8398, 2.3465), (118.0000, -4.0544, 1.9525), (118.0000, -4.2286, 1.5391), (118.0000, -4.3608, 1.1104), (118.0000, -4.4497, 0.6707), (118.0000, -4.4944, 0.2243), (118.0000, -4.4944, -0.2243), (118.0000, -4.4497, -0.6707), (118.0000, -4.3608, -1.1104), (118.0000, -4.2286, -1.5391), (118.0000, -4.0544, -1.9525), (118.0000, -3.8398, -2.3465), (118.0000, -3.5871, -2.7171), (118.0000, -3.2987, -3.0608), (118.0000, -2.9776, -3.3740), (118.0000, -2.6268, -3.6537), (118.0000, -2.2500, -3.8971), (118.0000, -1.8508, -4.1018), (118.0000, -1.4332, -4.2657), (118.0000, -1.0013, -4.3872), (118.0000, -0.5595, -4.4651), (118.0000, -0.1122, -4.4986), (118.0000, 0.3363, -4.4874), (118.0000, 0.7814, -4.4316), (118.0000, 1.2188, -4.3318), (118.0000, 1.6440, -4.1889), (118.0000, 2.0529, -4.0044), (118.0000, 2.4415, -3.7801), (118.0000, 2.8057, -3.5182), (118.0000, 3.1421, -3.2214), (118.0000, 3.4472, -2.8925), (118.0000, 3.7181, -2.5349), (118.0000, 3.9520, -2.1521), (118.0000, 4.1466, -1.7480), (118.0000, 4.3001, -1.3264), (118.0000, 4.4108, -0.8917), (118.0000, 4.4776, -0.4481)]
        uniform token subdivisionScheme = "none"
        color3f[] primvars:displayColor = [(0.72, 0.74, 0.77)]
    }
}
