#usda 1.0
(
    defaultPrim = "motor_shaft"
    metersPerUnit = 0.001
    upAxis = "Y"
    doc = "VRINGON revolve part — CadQuery executor"
)

def Xform "motor_shaft" (
    kind = "component"
)
{
    custom string vringon:dsl_version = "vringon-shaft/1.0"
    custom string vringon:dsl_json = "{\"dsl\":\"vringon-shaft/1.0\",\"id\":\"motor-shaft\",\"name\":\"Motor output shaft\",\"name_ko\":\"모터 축\",\"part_class\":\"shaft\",\"units\":\"mm\",\"material\":\"S45C\",\"drawing\":{\"number\":\"VR-RB-010\",\"scale\":\"1:1\",\"projection\":\"third\"},\"segments\":[{\"type\":\"cyl\",\"length\":25,\"diameter\":15,\"tolerance\":\"j6\",\"label\":\"베어링 자리\"},{\"type\":\"cyl\",\"length\":40,\"diameter\":17},{\"type\":\"cyl\",\"length\":60,\"diameter\":20,\"label\":\"로터 자리\"},{\"type\":\"cyl\",\"length\":40,\"diameter\":17},{\"type\":\"cyl\",\"length\":25,\"diameter\":15,\"tolerance\":\"j6\",\"label\":\"베어링 자리\"},{\"type\":\"cyl\",\"length\":15,\"diameter\":12,\"tolerance\":\"h7\",\"label\":\"출력 축\"}],\"transitions\":[{\"at\":0,\"type\":\"chamfer\",\"size\":1},{\"at\":6,\"type\":\"chamfer\",\"size\":1},{\"at\":1,\"type\":\"fillet\",\"radius\":0.5},{\"at\":2,\"type\":\"fillet\",\"radius\":1},{\"at\":3,\"type\":\"fillet\",\"radius\":1},{\"at\":4,\"type\":\"fillet\",\"radius\":0.5},{\"at\":5,\"type\":\"fillet\",\"radius\":0.5}],\"grooves\":[{\"segment\":4,\"offset\":4,\"width\":1.1,\"depth\":0.35,\"kind\":\"snap_ring\",\"standard\":\"DIN 471 ⌀14.3×1.1\"}],\"bore\":null,\"features\":[{\"type\":\"keyway\",\"segment\":2,\"offset\":15,\"length\":30,\"width\":6,\"depth\":3.5,\"kind\":\"parallel\",\"standard\":\"DIN 6885 6×6\"},{\"type\":\"flat\",\"segment\":5,\"offset\":2,\"length\":12,\"depth\":1.5,\"count\":1},{\"type\":\"center_hole\",\"end\":\"left\",\"form\":\"A\",\"d\":2},{\"type\":\"center_hole\",\"end\":\"right\",\"form\":\"A\",\"d\":2}],\"meta\":{\"source\":\"golden\",\"difficulty\":4}}"
    custom string vringon:name_ko = "모터 축"
    custom string vringon:material = "S45C"
    custom double vringon:length_mm = 205.0
    custom double vringon:max_diameter_mm = 20
    custom double vringon:volume_mm3 = 46779.959
    custom double[] vringon:segment_lengths_mm = [25, 40, 60, 40, 25, 15]
    custom string[] vringon:segment_types = ["cyl", "cyl", "cyl", "cyl", "cyl", "cyl"]
    custom string[] vringon:threads = []
    custom string[] vringon:features = ["keyway", "flat", "center_hole", "center_hole"]

    def Mesh "body"
    {
        float3[] extent = [(0.0000, -9.9876, -9.9969), (205.0000, 10.0000, 9.9997)]
        int[] faceVertexCounts = [3, 3, 3, 3, 3, 3, 3, 3, 3, 3, 3, 3, 3, 3, 3, 3, 3, 3, 3, 3, 3, 3, 3, 3, 3, 3, 3, 3, 3, 3, 3, 3, 3, 3, 3, 3, 3, 3, 3, 3, 3, 3, 3, 3, 3, 3, 3, 3, 3, 3, 3, 3, 3, 3, 3, 3, 3, 3, 3, 3, 3, 3, 3, 3, 3, 3, 3, 3, 3, 3, 3, 3, 3, 3, 3, 3, 3, 3, 3, 3, 3, 3, 3, 3, 3, 3, 3, 3, 3, 3, 3, 3, 3, 3, 3, 3, 3, 3, 3, 3, 3, 3, 3, 3, 3, 3, 3, 3, 3, 3, 3, 3, 3, 3, 3, 3, 3, 3, 3, 3, 3, 3, 3, 3, 3, 3, 3, 3, 3, 3, 3, 3, 3, 3, 3, 3, 3, 3, 3, 3, 3, 3, 3, 3, 3, 3, 3, 3, 3, 3, 3, 3, 3, 3, 3, 3, 3, 3, 3, 3, 3, 3, 3, 3, 3, 3, 3, 3, 3, 3, 3, 3, 3, 3, 3, 3, 3, 3, 3, 3, 3, 3, 3, 3, 3, 3, 3, 3, 3, 3, 3, 3, 3, 3, 3, 3, 3, 3, 3, 3, 3, 3, 3, 3, 3, 3, 3, 3, 3, 3, 3, 3, 3, 3, 3, 3, 3, 3, 3, 3, 3, 3, 3, 3, 3, 3, 3, 3, 3, 3, 3, 3, 3, 3, 3, 3, 3, 3, 3, 3, 3, 3, 3, 3, 3, 3, 3, 3, 3, 3, 3, 3, 3, 3, 3, 3, 3, 3, 3, 3, 3, 3, 3, 3, 3, 3, 3, 3, 3, 3, 3, 3, 3, 3, 3, 3, 3, 3, 3, 3, 3, 3, 3, 3, 3, 3, 3, 3, 3, 3, 3, 3, 3, 3, 3, 3, 3, 3, 3, 3, 3, 3, 3, 3, 3, 3, 3, 3, 3, 3, 3, 3, 3, 3, 3, 3, 3, 3, 3, 3, 3, 3, 3, 3, 3, 3, 3, 3, 3, 3, 3, 3, 3, 3, 3, 3, 3, 3, 3, 3, 3, 3, 3, 3, 3, 3, 3, 3, 3, 3, 3, 3, 3, 3, 3, 3, 3, 3, 3, 3, 3, 3, 3, 3, 3, 3, 3, 3, 3, 3, 3, 3, 3, 3, 3, 3, 3, 3, 3, 3, 3, 3, 3, 3, 3, 3, 3, 3, 3, 3, 3, 3, 3, 3, 3, 3, 3, 3, 3, 3, 3, 3, 3, 3, 3, 3, 3, 3, 3, 3, 3, 3, 3, 3, 3, 3, 3, 3, 3, 3, 3, 3, 3, 3, 3, 3, 3, 3, 3, 3, 3, 3, 3, 3, 3, 3, 3, 3, 3, 3, 3, 3, 3, 3, 3, 3, 3, 3, 3, 3, 3, 3, 3, 3, 3, 3, 3, 3, 3, 3, 3, 3, 3, 3, 3, 3, 3, 3, 3, 3, 3, 3, 3, 3, 3, 3, 3, 3, 3, 3, 3, 3, 3, 3, 3, 3, 3, 3, 3, 3, 3, 3, 3, 3, 3, 3, 3, 3, 3, 3, 3, 3, 3, 3, 3, 3, 3, 3, 3, 3, 3, 3, 3, 3, 3, 3, 3, 3, 3, 3, 3, 3, 3, 3, 3, 3, 3, 3, 3, 3, 3, 3, 3, 3, 3, 3, 3, 3, 3, 3, 3, 3, 3, 3, 3, 3, 3, 3, 3, 3, 3, 3, 3, 3, 3, 3, 3, 3, 3, 3, 3, 3, 3, 3, 3, 3, 3, 3, 3, 3, 3, 3, 3, 3, 3, 3, 3, 3, 3, 3, 3, 3, 3, 3, 3, 3, 3, 3, 3, 3, 3, 3, 3, 3, 3, 3, 3, 3, 3, 3, 3, 3, 3, 3, 3, 3, 3, 3, 3, 3, 3, 3, 3, 3, 3, 3, 3, 3, 3, 3, 3, 3, 3, 3, 3, 3, 3, 3, 3, 3, 3, 3, 3, 3, 3, 3, 3, 3, 3, 3, 3, 3, 3, 3, 3, 3, 3, 3, 3, 3, 3, 3, 3, 3, 3, 3, 3, 3, 3, 3, 3, 3, 3, 3, 3, 3, 3, 3, 3, 3, 3, 3, 3, 3, 3, 3, 3, 3, 3, 3, 3, 3, 3, 3, 3, 3, 3, 3, 3, 3, 3, 3, 3, 3, 3, 3, 3, 3, 3, 3, 3, 3, 3, 3, 3, 3, 3, 3, 3, 3, 3, 3, 3, 3, 3, 3, 3, 3, 3, 3, 3, 3, 3, 3, 3, 3, 3, 3, 3, 3, 3, 3, 3, 3, 3, 3, 3, 3, 3, 3, 3, 3, 3, 3, 3, 3, 3, 3, 3, 3, 3, 3, 3, 3, 3, 3, 3, 3, 3, 3, 3, 3, 3, 3, 3, 3, 3, 3, 3, 3, 3, 3, 3, 3, 3, 3, 3, 3, 3, 3, 3, 3, 3, 3, 3, 3, 3, 3, 3, 3, 3, 3, 3, 3, 3, 3, 3, 3, 3, 3, 3, 3, 3, 3, 3, 3, 3, 3, 3, 3, 3, 3, 3, 3, 3, 3, 3, 3, 3, 3, 3, 3, 3, 3, 3, 3, 3, 3, 3, 3, 3, 3, 3, 3, 3, 3, 3, 3, 3, 3, 3, 3, 3, 3, 3, 3, 3, 3, 3, 3, 3, 3, 3, 3, 3, 3, 3, 3, 3, 3, 3, 3, 3, 3, 3, 3, 3, 3, 3, 3, 3, 3, 3, 3, 3, 3, 3, 3, 3, 3, 3, 3, 3, 3, 3, 3, 3, 3, 3, 3, 3, 3, 3, 3, 3, 3, 3, 3, 3, 3, 3, 3, 3, 3, 3, 3, 3, 3, 3, 3, 3, 3, 3, 3, 3, 3, 3, 3, 3, 3, 3, 3, 3, 3, 3, 3, 3, 3, 3, 3, 3, 3, 3, 3, 3, 3, 3, 3, 3, 3, 3, 3, 3, 3, 3, 3, 3, 3, 3, 3, 3, 3, 3, 3, 3, 3, 3, 3, 3, 3, 3, 3, 3, 3, 3, 3, 3, 3, 3, 3, 3, 3, 3, 3, 3, 3, 3, 3, 3, 3, 3, 3, 3, 3, 3, 3, 3, 3, 3, 3, 3, 3, 3, 3, 3, 3, 3, 3, 3, 3, 3, 3, 3, 3, 3, 3, 3, 3, 3, 3, 3, 3, 3, 3, 3, 3, 3, 3, 3, 3, 3, 3, 3, 3, 3, 3, 3, 3, 3, 3, 3, 3, 3, 3, 3, 3, 3, 3, 3, 3, 3, 3, 3, 3, 3, 3, 3, 3, 3, 3, 3, 3, 3, 3, 3, 3, 3, 3, 3, 3, 3, 3, 3, 3, 3, 3, 3, 3, 3, 3, 3, 3, 3, 3, 3, 3, 3, 3, 3, 3, 3, 3, 3, 3, 3, 3, 3, 3, 3, 3, 3, 3, 3, 3, 3, 3, 3, 3, 3, 3, 3, 3, 3, 3, 3, 3, 3, 3, 3, 3, 3, 3, 3, 3, 3, 3, 3, 3, 3, 3, 3, 3, 3, 3, 3, 3, 3, 3, 3, 3, 3, 3, 3, 3, 3, 3, 3, 3, 3, 3, 3, 3, 3, 3, 3, 3, 3, 3, 3, 3, 3, 3, 3, 3, 3, 3, 3, 3, 3, 3, 3, 3, 3, 3, 3, 3, 3, 3, 3, 3, 3, 3, 3, 3, 3, 3, 3, 3, 3, 3, 3, 3, 3, 3, 3, 3, 3, 3, 3, 3, 3, 3, 3, 3, 3, 3, 3, 3, 3, 3, 3, 3, 3, 3, 3, 3, 3, 3, 3, 3, 3, 3, 3, 3, 3, 3, 3, 3, 3, 3, 3, 3, 3, 3, 3, 3, 3, 3, 3, 3, 3, 3, 3, 3, 3, 3, 3, 3, 3, 3, 3, 3, 3, 3, 3, 3, 3, 3, 3, 3, 3, 3, 3, 3, 3, 3, 3, 3, 3, 3, 3, 3, 3, 3, 3, 3, 3, 3, 3, 3, 3, 3, 3, 3, 3, 3, 3, 3, 3, 3, 3, 3, 3, 3, 3, 3, 3, 3, 3, 3, 3, 3, 3, 3, 3, 3, 3, 3, 3, 3, 3, 3, 3, 3, 3, 3, 3, 3, 3, 3, 3, 3, 3, 3, 3, 3, 3, 3, 3, 3, 3, 3, 3, 3, 3, 3, 3, 3, 3, 3, 3, 3, 3, 3, 3, 3, 3, 3, 3, 3, 3, 3, 3, 3, 3, 3, 3, 3, 3, 3, 3, 3, 3, 3, 3, 3, 3, 3, 3, 3, 3, 3, 3, 3, 3, 3, 3, 3, 3, 3, 3, 3, 3, 3, 3, 3, 3, 3, 3, 3, 3, 3, 3, 3, 3, 3, 3, 3, 3, 3, 3, 3, 3, 3, 3, 3, 3, 3, 3, 3, 3, 3, 3, 3, 3, 3, 3, 3, 3, 3, 3, 3, 3, 3, 3, 3, 3, 3, 3, 3, 3, 3, 3, 3, 3, 3, 3, 3, 3, 3, 3, 3, 3, 3, 3, 3, 3, 3, 3, 3, 3, 3, 3, 3, 3, 3, 3, 3, 3, 3, 3, 3, 3, 3, 3, 3, 3, 3, 3, 3, 3, 3, 3, 3, 3, 3, 3, 3, 3, 3, 3, 3, 3, 3, 3, 3, 3, 3, 3, 3, 3, 3, 3, 3, 3, 3, 3, 3, 3, 3, 3, 3, 3, 3, 3, 3, 3, 3, 3, 3, 3, 3, 3, 3, 3, 3, 3, 3, 3, 3, 3, 3, 3, 3, 3, 3, 3, 3, 3, 3, 3, 3, 3, 3, 3, 3, 3, 3, 3, 3, 3, 3, 3, 3, 3, 3, 3, 3, 3, 3, 3, 3, 3, 3, 3, 3, 3, 3, 3, 3, 3, 3, 3, 3, 3, 3, 3, 3, 3, 3, 3, 3, 3, 3, 3, 3, 3, 3, 3, 3, 3, 3, 3, 3, 3, 3, 3, 3, 3, 3, 3, 3, 3, 3, 3, 3, 3, 3, 3, 3, 3, 3, 3, 3, 3, 3, 3, 3, 3, 3, 3, 3, 3, 3, 3, 3, 3, 3, 3, 3, 3, 3, 3, 3, 3, 3, 3, 3, 3, 3, 3, 3, 3, 3, 3, 3, 3, 3, 3, 3, 3, 3, 3, 3, 3, 3, 3, 3, 3, 3, 3, 3, 3, 3, 3, 3, 3, 3, 3, 3, 3, 3, 3, 3, 3, 3, 3, 3, 3, 3, 3, 3, 3, 3, 3, 3, 3, 3, 3, 3, 3, 3, 3, 3, 3, 3, 3, 3, 3, 3, 3, 3, 3, 3, 3, 3, 3, 3, 3, 3, 3, 3, 3, 3, 3, 3, 3, 3, 3, 3, 3, 3, 3, 3, 3, 3, 3, 3, 3, 3, 3, 3, 3, 3, 3, 3, 3, 3, 3, 3, 3, 3, 3, 3, 3, 3, 3, 3, 3, 3, 3, 3, 3, 3, 3, 3, 3, 3, 3, 3, 3, 3, 3, 3, 3, 3, 3, 3, 3, 3, 3, 3, 3, 3, 3, 3, 3, 3, 3, 3, 3, 3, 3, 3, 3, 3, 3, 3, 3, 3, 3, 3, 3, 3, 3, 3, 3, 3, 3, 3, 3, 3, 3, 3, 3, 3, 3, 3, 3, 3, 3, 3, 3, 3, 3, 3, 3, 3, 3, 3, 3, 3, 3, 3, 3, 3, 3, 3, 3, 3, 3, 3, 3, 3, 3, 3, 3, 3, 3, 3, 3, 3, 3, 3, 3, 3, 3, 3, 3, 3, 3, 3, 3, 3, 3, 3, 3, 3, 3, 3, 3, 3, 3, 3, 3, 3, 3, 3, 3, 3, 3, 3, 3, 3, 3, 3, 3, 3, 3, 3, 3, 3, 3, 3, 3, 3, 3, 3, 3, 3, 3, 3, 3, 3, 3, 3, 3, 3, 3, 3, 3, 3, 3, 3, 3, 3, 3, 3, 3, 3, 3, 3, 3, 3, 3, 3, 3, 3, 3, 3, 3, 3, 3, 3, 3, 3, 3, 3, 3, 3, 3, 3, 3, 3, 3, 3, 3, 3, 3, 3, 3, 3, 3, 3, 3, 3, 3, 3, 3, 3, 3, 3, 3, 3, 3, 3, 3, 3, 3, 3, 3, 3, 3, 3, 3, 3, 3, 3, 3, 3, 3, 3, 3, 3, 3, 3, 3, 3, 3, 3, 3, 3, 3, 3, 3, 3, 3, 3, 3, 3, 3, 3, 3, 3, 3, 3, 3, 3, 3, 3, 3, 3, 3, 3, 3, 3, 3, 3, 3, 3, 3, 3, 3, 3, 3, 3, 3, 3, 3, 3, 3, 3, 3, 3, 3, 3, 3, 3, 3, 3, 3, 3, 3, 3, 3, 3, 3, 3, 3, 3, 3, 3, 3, 3, 3, 3, 3, 3, 3, 3, 3, 3, 3, 3, 3, 3, 3, 3, 3, 3, 3, 3, 3, 3, 3, 3, 3, 3, 3, 3, 3, 3, 3, 3, 3, 3, 3, 3, 3, 3, 3, 3, 3, 3, 3, 3, 3, 3, 3, 3, 3, 3, 3, 3, 3, 3, 3, 3, 3, 3, 3, 3, 3, 3, 3, 3, 3, 3, 3, 3, 3, 3, 3, 3, 3, 3, 3, 3, 3, 3, 3, 3, 3, 3, 3, 3, 3, 3, 3, 3, 3, 3, 3, 3, 3, 3, 3, 3, 3, 3, 3, 3, 3, 3, 3, 3, 3, 3, 3, 3, 3, 3, 3, 3, 3, 3, 3, 3, 3, 3, 3, 3, 3, 3, 3, 3, 3, 3, 3, 3, 3, 3, 3, 3, 3, 3, 3, 3, 3, 3, 3, 3, 3, 3, 3, 3, 3, 3, 3, 3, 3, 3, 3, 3, 3, 3, 3, 3, 3, 3, 3, 3, 3, 3, 3, 3, 3, 3, 3, 3, 3, 3, 3, 3, 3, 3, 3, 3, 3, 3, 3, 3, 3, 3, 3, 3, 3, 3, 3, 3, 3, 3, 3, 3, 3, 3, 3, 3, 3, 3, 3, 3, 3, 3, 3, 3, 3, 3, 3, 3, 3, 3, 3, 3, 3, 3, 3, 3, 3, 3, 3, 3, 3, 3, 3, 3, 3, 3, 3, 3, 3, 3, 3, 3, 3, 3, 3, 3, 3, 3, 3, 3, 3, 3, 3, 3, 3, 3, 3, 3, 3, 3, 3, 3, 3, 3, 3, 3, 3, 3, 3, 3, 3, 3, 3, 3, 3, 3, 3, 3, 3, 3, 3, 3, 3, 3, 3, 3, 3, 3, 3, 3, 3, 3, 3, 3, 3, 3, 3, 3, 3, 3, 3, 3, 3, 3, 3, 3, 3, 3, 3, 3, 3, 3, 3, 3, 3, 3, 3, 3, 3, 3, 3, 3, 3, 3, 3, 3, 3, 3, 3, 3, 3, 3, 3, 3, 3, 3, 3, 3, 3, 3, 3, 3, 3, 3, 3, 3, 3, 3, 3, 3, 3, 3, 3, 3, 3, 3, 3, 3, 3, 3, 3, 3, 3, 3, 3, 3, 3, 3, 3, 3, 3, 3, 3, 3, 3, 3, 3, 3, 3, 3, 3, 3, 3, 3, 3, 3, 3, 3, 3, 3, 3, 3, 3, 3, 3, 3, 3, 3, 3, 3, 3, 3, 3, 3, 3, 3, 3, 3, 3, 3, 3, 3, 3, 3, 3, 3, 3, 3, 3, 3, 3, 3, 3, 3, 3, 3, 3, 3, 3, 3, 3, 3, 3, 3, 3, 3, 3, 3, 3, 3, 3, 3, 3, 3, 3, 3, 3, 3, 3, 3, 3, 3, 3, 3, 3, 3, 3, 3, 3, 3, 3, 3, 3, 3, 3, 3, 3, 3, 3, 3, 3, 3, 3, 3, 3, 3, 3, 3, 3, 3, 3, 3, 3, 3, 3, 3, 3, 3, 3, 3, 3, 3, 3, 3, 3, 3, 3, 3, 3, 3, 3, 3, 3, 3, 3, 3, 3, 3, 3, 3, 3, 3, 3, 3, 3, 3, 3, 3, 3, 3, 3, 3, 3, 3, 3, 3, 3, 3, 3, 3, 3, 3, 3, 3, 3, 3, 3, 3, 3, 3, 3, 3, 3, 3, 3, 3, 3, 3, 3, 3, 3, 3, 3, 3, 3, 3, 3, 3, 3, 3, 3, 3, 3, 3, 3, 3, 3, 3, 3, 3, 3, 3, 3, 3, 3, 3, 3, 3, 3, 3, 3, 3, 3, 3, 3, 3, 3, 3, 3, 3, 3, 3, 3, 3, 3, 3, 3, 3, 3, 3, 3, 3, 3, 3, 3, 3, 3, 3, 3, 3, 3, 3, 3, 3, 3, 3, 3, 3, 3, 3, 3, 3, 3, 3, 3, 3, 3, 3, 3, 3, 3, 3, 3, 3, 3, 3, 3, 3, 3, 3, 3, 3, 3, 3, 3, 3, 3, 3, 3, 3, 3, 3, 3, 3, 3, 3, 3, 3, 3, 3, 3, 3, 3, 3, 3, 3, 3, 3, 3, 3, 3, 3, 3, 3, 3, 3, 3, 3, 3, 3, 3, 3, 3, 3, 3, 3, 3, 3, 3, 3, 3, 3, 3, 3, 3, 3, 3, 3, 3, 3, 3, 3, 3, 3, 3, 3, 3, 3, 3, 3, 3, 3, 3, 3, 3, 3, 3, 3, 3, 3, 3, 3, 3, 3, 3, 3, 3, 3, 3, 3, 3, 3, 3, 3, 3, 3, 3, 3, 3, 3, 3, 3, 3, 3, 3, 3, 3, 3, 3, 3, 3, 3, 3, 3, 3, 3, 3, 3, 3, 3, 3, 3, 3, 3, 3, 3, 3, 3, 3, 3, 3, 3, 3, 3, 3, 3, 3, 3, 3, 3, 3, 3, 3, 3, 3, 3, 3, 3, 3, 3, 3, 3, 3, 3, 3, 3, 3, 3, 3, 3, 3, 3, 3, 3, 3, 3, 3, 3, 3, 3, 3, 3, 3, 3, 3, 3, 3, 3, 3, 3, 3, 3, 3, 3, 3, 3, 3, 3, 3, 3, 3, 3, 3, 3, 3, 3, 3, 3, 3, 3, 3, 3, 3, 3, 3, 3, 3, 3, 3, 3, 3, 3, 3, 3, 3, 3, 3, 3, 3, 3, 3, 3, 3, 3, 3, 3, 3, 3, 3, 3, 3, 3, 3, 3, 3, 3, 3, 3, 3, 3, 3, 3, 3, 3, 3, 3, 3, 3, 3, 3, 3, 3, 3, 3, 3, 3, 3, 3, 3, 3, 3, 3, 3, 3, 3, 3, 3, 3, 3, 3, 3, 3, 3, 3, 3, 3, 3, 3, 3, 3, 3, 3, 3, 3, 3, 3, 3, 3, 3, 3, 3, 3, 3, 3, 3, 3, 3, 3, 3, 3, 3, 3, 3, 3, 3, 3, 3, 3, 3, 3, 3, 3, 3, 3, 3, 3, 3, 3, 3, 3, 3, 3, 3, 3, 3, 3, 3, 3, 3, 3, 3, 3, 3, 3, 3, 3, 3, 3, 3, 3, 3, 3, 3, 3, 3, 3, 3, 3, 3, 3, 3, 3, 3, 3, 3, 3, 3, 3, 3, 3, 3, 3, 3, 3, 3, 3, 3, 3, 3, 3, 3, 3, 3, 3, 3, 3, 3, 3, 3, 3, 3, 3, 3, 3, 3, 3, 3, 3, 3, 3, 3, 3, 3, 3, 3, 3, 3, 3, 3, 3, 3, 3, 3, 3, 3, 3, 3, 3, 3, 3, 3, 3, 3, 3, 3, 3, 3, 3, 3, 3, 3, 3, 3, 3, 3, 3, 3, 3, 3, 3, 3, 3, 3, 3, 3, 3, 3, 3, 3, 3, 3, 3, 3, 3, 3, 3, 3, 3, 3, 3, 3, 3, 3, 3, 3, 3, 3, 3, 3, 3, 3, 3, 3, 3, 3, 3, 3, 3, 3, 3, 3, 3, 3, 3, 3, 3, 3, 3, 3, 3, 3, 3, 3, 3, 3, 3, 3, 3, 3, 3, 3, 3, 3, 3, 3, 3, 3, 3, 3, 3, 3, 3, 3, 3, 3, 3, 3, 3, 3, 3, 3, 3, 3, 3, 3, 3, 3, 3, 3, 3, 3, 3, 3, 3, 3, 3, 3, 3, 3, 3, 3, 3, 3, 3, 3, 3, 3, 3, 3, 3, 3, 3, 3, 3, 3, 3, 3, 3, 3, 3, 3, 3, 3, 3, 3, 3, 3, 3, 3, 3, 3, 3, 3, 3, 3, 3, 3, 3, 3, 3, 3, 3, 3, 3, 3, 3, 3, 3, 3, 3, 3, 3, 3, 3, 3, 3, 3, 3, 3, 3, 3, 3, 3, 3, 3, 3, 3, 3, 3, 3, 3, 3, 3, 3, 3, 3, 3, 3, 3, 3, 3, 3, 3, 3, 3, 3, 3, 3, 3, 3, 3, 3, 3, 3, 3, 3, 3, 3, 3, 3, 3, 3, 3, 3, 3, 3, 3, 3, 3, 3, 3, 3, 3, 3, 3, 3, 3, 3, 3, 3, 3, 3, 3, 3, 3, 3, 3, 3, 3, 3, 3, 3, 3, 3, 3, 3, 3, 3, 3, 3, 3, 3, 3, 3, 3, 3, 3, 3, 3, 3, 3, 3, 3, 3, 3, 3, 3, 3, 3, 3, 3, 3, 3, 3, 3, 3, 3, 3, 3, 3, 3, 3, 3, 3, 3, 3, 3, 3, 3, 3, 3, 3, 3, 3, 3, 3, 3, 3, 3, 3, 3, 3, 3, 3, 3, 3, 3, 3, 3, 3, 3, 3, 3, 3, 3, 3, 3, 3, 3, 3, 3, 3, 3, 3, 3, 3, 3, 3, 3, 3, 3, 3, 3, 3, 3, 3, 3, 3, 3, 3, 3, 3, 3, 3, 3, 3, 3, 3, 3, 3, 3, 3, 3, 3, 3, 3, 3, 3, 3, 3, 3, 3, 3, 3, 3, 3, 3, 3, 3, 3, 3, 3, 3, 3, 3, 3, 3, 3, 3, 3, 3, 3, 3, 3, 3, 3, 3, 3, 3, 3, 3, 3, 3, 3, 3, 3, 3, 3, 3, 3, 3, 3, 3, 3, 3, 3, 3, 3, 3, 3, 3, 3, 3, 3, 3, 3, 3, 3, 3, 3, 3, 3, 3, 3, 3, 3, 3, 3, 3, 3, 3, 3, 3, 3, 3, 3, 3, 3, 3, 3, 3, 3, 3, 3, 3, 3, 3, 3, 3, 3, 3, 3, 3, 3, 3, 3, 3, 3, 3, 3, 3, 3, 3, 3, 3, 3, 3, 3, 3, 3, 3, 3, 3, 3, 3, 3, 3, 3, 3, 3, 3, 3, 3, 3, 3, 3, 3, 3, 3, 3, 3, 3, 3, 3, 3, 3, 3, 3, 3, 3, 3, 3, 3, 3, 3, 3, 3, 3, 3, 3, 3, 3, 3, 3, 3, 3, 3, 3, 3, 3, 3, 3, 3, 3, 3, 3, 3, 3, 3, 3, 3, 3, 3, 3, 3, 3, 3, 3, 3, 3, 3, 3, 3, 3, 3, 3, 3, 3, 3, 3, 3, 3, 3, 3, 3, 3, 3, 3, 3, 3, 3, 3, 3, 3, 3, 3, 3, 3, 3, 3, 3, 3, 3, 3, 3, 3, 3, 3, 3, 3, 3, 3, 3, 3, 3, 3, 3, 3, 3, 3, 3, 3, 3, 3, 3, 3, 3, 3, 3, 3, 3, 3, 3, 3, 3, 3, 3, 3, 3, 3, 3, 3, 3, 3, 3, 3, 3, 3, 3, 3, 3, 3, 3, 3, 3, 3, 3, 3, 3, 3, 3, 3, 3, 3, 3, 3, 3, 3, 3, 3, 3, 3, 3, 3, 3, 3, 3, 3, 3, 3, 3, 3, 3, 3, 3, 3, 3, 3, 3, 3, 3, 3, 3, 3, 3, 3, 3, 3, 3, 3, 3, 3, 3, 3, 3, 3, 3, 3, 3, 3, 3, 3, 3, 3, 3, 3, 3, 3, 3, 3, 3, 3, 3, 3, 3, 3, 3, 3, 3, 3, 3, 3, 3, 3, 3, 3, 3, 3, 3, 3, 3, 3, 3, 3, 3, 3, 3, 3, 3, 3, 3, 3, 3, 3, 3, 3, 3, 3, 3, 3, 3, 3, 3, 3, 3, 3, 3, 3, 3, 3, 3, 3, 3, 3, 3, 3, 3, 3, 3, 3, 3, 3, 3, 3, 3, 3, 3, 3, 3, 3, 3, 3, 3, 3, 3, 3, 3, 3, 3, 3, 3, 3, 3, 3, 3, 3, 3, 3, 3, 3, 3, 3, 3, 3, 3, 3, 3, 3, 3, 3, 3, 3, 3, 3, 3, 3, 3, 3, 3, 3, 3, 3, 3, 3, 3, 3, 3, 3, 3, 3, 3, 3, 3, 3, 3, 3, 3, 3, 3, 3, 3, 3, 3, 3, 3, 3, 3, 3, 3, 3, 3, 3, 3, 3, 3, 3, 3, 3, 3, 3, 3, 3, 3, 3, 3, 3, 3, 3, 3, 3, 3, 3, 3, 3, 3, 3, 3, 3, 3, 3, 3, 3, 3, 3, 3, 3, 3, 3, 3, 3, 3, 3, 3, 3, 3, 3, 3, 3, 3, 3, 3, 3, 3, 3, 3, 3, 3, 3, 3, 3, 3, 3, 3, 3, 3, 3, 3, 3, 3, 3, 3, 3, 3, 3, 3, 3, 3, 3, 3, 3, 3, 3, 3, 3, 3, 3, 3, 3, 3, 3, 3, 3, 3, 3, 3, 3, 3, 3, 3, 3, 3, 3, 3, 3, 3, 3, 3, 3, 3, 3, 3, 3, 3, 3, 3, 3, 3, 3, 3, 3, 3, 3, 3, 3, 3, 3, 3, 3, 3, 3, 3, 3, 3, 3, 3, 3, 3, 3, 3, 3, 3, 3, 3, 3, 3, 3, 3, 3, 3, 3, 3, 3, 3, 3, 3, 3, 3, 3, 3, 3, 3, 3, 3, 3, 3, 3, 3, 3, 3, 3, 3, 3, 3, 3, 3, 3, 3, 3, 3, 3, 3, 3, 3, 3, 3, 3, 3, 3, 3, 3, 3, 3, 3, 3, 3, 3, 3, 3, 3, 3, 3, 3, 3, 3, 3, 3, 3, 3, 3, 3, 3, 3, 3, 3, 3, 3, 3, 3, 3, 3, 3, 3, 3, 3, 3, 3, 3, 3, 3, 3, 3, 3, 3, 3, 3, 3, 3, 3, 3, 3, 3, 3, 3, 3, 3, 3, 3, 3, 3, 3, 3, 3, 3, 3, 3, 3, 3, 3, 3, 3, 3, 3, 3, 3, 3, 3, 3, 3, 3, 3, 3, 3, 3, 3, 3, 3, 3, 3, 3, 3, 3, 3, 3, 3, 3, 3, 3, 3, 3, 3, 3, 3, 3, 3, 3, 3, 3, 3, 3, 3, 3, 3, 3, 3, 3, 3, 3, 3, 3, 3, 3, 3, 3, 3, 3, 3, 3, 3, 3, 3, 3, 3, 3, 3, 3, 3, 3, 3, 3, 3, 3, 3, 3, 3, 3, 3, 3, 3, 3, 3, 3, 3, 3, 3, 3, 3, 3, 3, 3, 3, 3, 3, 3, 3, 3, 3, 3, 3, 3, 3, 3, 3, 3, 3, 3, 3, 3, 3, 3, 3, 3, 3, 3, 3, 3, 3, 3, 3, 3, 3, 3, 3, 3, 3, 3, 3, 3, 3, 3, 3, 3, 3, 3, 3, 3, 3, 3, 3, 3, 3, 3, 3, 3, 3, 3, 3, 3, 3, 3, 3, 3, 3, 3, 3, 3, 3, 3, 3, 3, 3, 3, 3, 3, 3, 3, 3, 3, 3, 3, 3, 3, 3, 3, 3, 3, 3, 3, 3, 3, 3, 3, 3, 3, 3, 3, 3, 3, 3, 3, 3, 3, 3, 3, 3, 3, 3, 3, 3, 3, 3, 3, 3, 3, 3, 3, 3, 3, 3, 3, 3, 3, 3, 3, 3, 3, 3, 3, 3, 3, 3, 3, 3, 3, 3, 3, 3, 3, 3, 3, 3, 3, 3, 3, 3, 3, 3, 3, 3, 3, 3, 3, 3, 3, 3, 3, 3, 3, 3, 3, 3, 3, 3, 3, 3, 3, 3, 3, 3, 3, 3, 3, 3, 3, 3, 3, 3, 3, 3, 3, 3, 3, 3, 3, 3, 3, 3, 3, 3, 3, 3, 3, 3, 3, 3, 3, 3, 3, 3, 3, 3, 3, 3, 3, 3, 3, 3, 3, 3, 3, 3, 3, 3, 3, 3, 3, 3, 3, 3, 3, 3, 3, 3, 3, 3, 3, 3, 3, 3, 3, 3, 3, 3, 3, 3, 3, 3, 3, 3, 3, 3, 3, 3, 3, 3, 3, 3, 3, 3, 3, 3, 3, 3, 3, 3, 3, 3, 3, 3, 3, 3, 3, 3, 3, 3, 3, 3, 3, 3, 3, 3, 3, 3, 3, 3, 3, 3, 3, 3, 3, 3, 3, 3, 3, 3, 3, 3, 3, 3, 3, 3, 3, 3, 3, 3, 3, 3, 3, 3, 3, 3, 3, 3, 3, 3, 3, 3, 3, 3, 3, 3, 3, 3, 3, 3, 3, 3, 3, 3, 3, 3, 3, 3, 3, 3, 3, 3, 3, 3, 3, 3, 3, 3, 3, 3, 3, 3, 3, 3, 3, 3, 3, 3, 3, 3, 3, 3, 3, 3, 3, 3, 3, 3, 3, 3, 3, 3, 3, 3, 3, 3, 3, 3, 3, 3, 3, 3, 3, 3, 3, 3, 3, 3, 3, 3, 3, 3, 3, 3, 3, 3, 3, 3, 3, 3, 3, 3, 3, 3, 3, 3, 3, 3, 3, 3, 3, 3, 3, 3, 3, 3, 3, 3, 3, 3, 3, 3, 3, 3, 3, 3, 3, 3, 3, 3, 3, 3, 3, 3, 3, 3, 3, 3, 3, 3, 3, 3, 3, 3, 3, 3, 3, 3, 3, 3, 3, 3, 3, 3, 3, 3, 3, 3, 3, 3, 3, 3, 3, 3, 3, 3, 3, 3, 3, 3, 3, 3, 3, 3, 3, 3, 3, 3, 3, 3, 3, 3, 3, 3, 3, 3, 3, 3, 3, 3, 3, 3, 3, 3, 3, 3, 3, 3, 3, 3, 3, 3, 3, 3, 3, 3, 3, 3, 3, 3, 3, 3, 3, 3, 3, 3, 3, 3, 3, 3, 3, 3, 3, 3, 3, 3, 3, 3, 3, 3, 3, 3, 3, 3, 3, 3, 3, 3, 3, 3, 3, 3, 3, 3, 3, 3, 3, 3, 3, 3, 3, 3, 3, 3, 3, 3, 3, 3, 3, 3, 3, 3, 3, 3, 3, 3, 3, 3, 3, 3, 3, 3, 3, 3, 3, 3, 3, 3, 3, 3, 3, 3, 3, 3, 3, 3, 3, 3, 3, 3, 3, 3, 3, 3, 3, 3, 3, 3, 3, 3, 3, 3, 3, 3, 3, 3, 3, 3, 3, 3, 3, 3, 3, 3, 3, 3, 3, 3, 3, 3, 3, 3, 3, 3, 3, 3, 3, 3, 3, 3, 3, 3, 3, 3, 3, 3, 3, 3, 3, 3, 3, 3, 3, 3, 3, 3, 3, 3, 3, 3, 3, 3, 3, 3, 3, 3, 3, 3, 3, 3, 3, 3, 3, 3, 3, 3, 3, 3, 3, 3, 3, 3, 3, 3, 3, 3, 3, 3, 3, 3, 3, 3, 3, 3, 3, 3, 3, 3, 3, 3, 3, 3, 3, 3, 3, 3, 3, 3, 3, 3, 3, 3, 3, 3, 3, 3, 3, 3, 3, 3, 3, 3, 3, 3, 3, 3, 3, 3, 3, 3, 3, 3, 3, 3, 3, 3, 3, 3, 3, 3, 3, 3, 3, 3, 3, 3, 3, 3, 3, 3, 3, 3, 3, 3, 3, 3, 3, 3, 3, 3, 3, 3, 3, 3, 3, 3, 3, 3, 3, 3, 3, 3, 3, 3, 3, 3, 3, 3, 3, 3, 3, 3, 3, 3, 3, 3, 3, 3, 3, 3, 3, 3, 3, 3, 3, 3, 3, 3, 3, 3, 3, 3, 3, 3, 3, 3, 3, 3, 3, 3, 3, 3, 3, 3, 3, 3, 3, 3, 3, 3, 3, 3, 3, 3, 3, 3, 3, 3, 3, 3, 3, 3, 3, 3, 3, 3, 3, 3, 3, 3, 3, 3, 3, 3, 3, 3, 3, 3, 3, 3, 3, 3, 3, 3, 3, 3, 3, 3, 3, 3, 3, 3, 3, 3, 3, 3, 3, 3, 3, 3, 3, 3, 3, 3, 3, 3, 3, 3, 3, 3, 3, 3, 3, 3, 3, 3, 3, 3, 3, 3, 3, 3, 3, 3, 3, 3, 3, 3, 3, 3, 3, 3, 3, 3, 3, 3, 3, 3, 3, 3, 3, 3, 3, 3, 3, 3, 3, 3, 3, 3, 3, 3, 3, 3, 3, 3, 3, 3, 3, 3, 3, 3, 3, 3, 3, 3, 3, 3, 3, 3, 3, 3, 3, 3, 3, 3, 3, 3, 3, 3, 3, 3, 3, 3, 3, 3, 3, 3, 3, 3, 3, 3, 3, 3, 3, 3, 3, 3, 3, 3, 3, 3, 3, 3, 3, 3, 3, 3, 3, 3, 3, 3, 3, 3, 3, 3, 3, 3, 3, 3, 3, 3, 3, 3, 3, 3, 3, 3, 3, 3, 3, 3, 3, 3, 3, 3, 3, 3, 3, 3, 3, 3, 3, 3, 3, 3, 3, 3, 3, 3, 3, 3, 3, 3, 3, 3, 3, 3, 3, 3, 3, 3, 3, 3, 3, 3, 3, 3, 3, 3, 3, 3, 3, 3, 3, 3, 3, 3, 3, 3, 3, 3, 3, 3, 3, 3, 3, 3, 3, 3, 3, 3, 3, 3, 3, 3, 3, 3, 3, 3, 3, 3, 3, 3, 3, 3, 3, 3, 3, 3, 3, 3, 3, 3, 3, 3, 3, 3, 3, 3, 3, 3, 3, 3, 3, 3, 3, 3, 3, 3, 3, 3, 3, 3, 3, 3, 3, 3, 3, 3, 3, 3, 3, 3, 3, 3, 3, 3, 3, 3, 3, 3, 3, 3, 3, 3, 3, 3, 3, 3, 3, 3, 3, 3, 3, 3, 3, 3, 3, 3, 3, 3, 3, 3, 3, 3, 3, 3, 3, 3, 3, 3, 3, 3, 3, 3, 3, 3, 3, 3, 3, 3, 3, 3, 3, 3, 3, 3, 3, 3, 3, 3, 3, 3, 3, 3, 3, 3, 3, 3, 3, 3, 3, 3, 3, 3, 3, 3, 3, 3, 3, 3, 3, 3, 3, 3, 3, 3, 3, 3, 3, 3, 3, 3, 3, 3, 3, 3, 3, 3, 3, 3, 3, 3, 3, 3, 3, 3, 3, 3, 3, 3, 3, 3, 3, 3, 3, 3, 3, 3, 3, 3, 3, 3, 3, 3, 3, 3, 3, 3, 3, 3, 3, 3, 3, 3, 3, 3, 3, 3, 3, 3, 3, 3, 3, 3, 3, 3, 3, 3, 3, 3, 3, 3, 3, 3, 3, 3, 3, 3, 3, 3, 3, 3, 3, 3, 3, 3, 3, 3, 3, 3, 3, 3, 3, 3, 3, 3, 3, 3, 3, 3, 3, 3, 3, 3, 3, 3, 3, 3, 3, 3, 3, 3, 3, 3, 3, 3, 3, 3, 3, 3, 3, 3, 3, 3, 3, 3, 3, 3, 3, 3, 3, 3, 3, 3, 3, 3, 3, 3, 3, 3, 3, 3, 3, 3, 3, 3, 3, 3, 3, 3, 3, 3, 3, 3, 3, 3, 3, 3, 3, 3, 3, 3, 3, 3, 3, 3, 3, 3, 3, 3, 3, 3, 3, 3, 3, 3, 3, 3, 3, 3, 3, 3, 3, 3, 3, 3, 3, 3, 3, 3, 3, 3, 3, 3, 3, 3, 3, 3, 3, 3, 3, 3, 3, 3, 3, 3, 3, 3, 3, 3, 3, 3, 3, 3, 3, 3, 3, 3, 3, 3, 3, 3, 3, 3, 3, 3, 3, 3, 3, 3, 3, 3, 3, 3, 3, 3, 3, 3, 3, 3, 3, 3, 3, 3, 3, 3, 3, 3, 3, 3, 3, 3, 3, 3, 3, 3, 3, 3, 3, 3, 3, 3, 3, 3, 3, 3, 3, 3, 3, 3, 3, 3, 3, 3, 3, 3, 3, 3, 3, 3, 3, 3, 3, 3, 3, 3, 3, 3, 3, 3, 3, 3, 3, 3, 3, 3, 3, 3, 3, 3, 3, 3, 3, 3, 3, 3, 3, 3, 3, 3, 3, 3, 3, 3, 3, 3, 3, 3, 3, 3, 3, 3, 3, 3, 3, 3, 3, 3, 3, 3, 3, 3, 3, 3, 3, 3, 3, 3, 3, 3, 3, 3, 3, 3, 3, 3, 3, 3, 3, 3, 3, 3, 3, 3, 3, 3, 3, 3, 3, 3, 3, 3, 3, 3, 3, 3, 3, 3, 3, 3, 3, 3, 3, 3, 3, 3, 3, 3, 3, 3, 3, 3, 3, 3, 3, 3, 3, 3, 3, 3, 3, 3, 3, 3, 3, 3, 3, 3, 3, 3, 3, 3, 3, 3, 3, 3, 3, 3, 3, 3, 3, 3, 3, 3, 3, 3, 3, 3, 3, 3, 3, 3, 3, 3, 3, 3, 3, 3, 3, 3, 3, 3, 3, 3, 3, 3, 3, 3, 3, 3, 3, 3, 3, 3, 3, 3, 3, 3, 3, 3, 3, 3, 3, 3, 3, 3, 3, 3, 3, 3, 3, 3, 3, 3, 3, 3, 3, 3, 3, 3, 3, 3, 3, 3, 3, 3, 3, 3, 3, 3, 3, 3, 3, 3, 3, 3, 3, 3, 3, 3, 3, 3, 3, 3, 3, 3, 3, 3, 3, 3, 3, 3, 3, 3, 3, 3, 3, 3, 3, 3, 3, 3, 3, 3, 3, 3, 3, 3, 3, 3, 3, 3, 3, 3, 3, 3, 3, 3, 3, 3, 3, 3, 3, 3, 3, 3, 3, 3, 3, 3, 3, 3, 3, 3, 3, 3, 3, 3, 3, 3, 3, 3, 3, 3, 3, 3, 3, 3, 3, 3, 3, 3, 3, 3, 3, 3, 3, 3, 3, 3, 3, 3, 3, 3, 3, 3, 3, 3, 3, 3, 3, 3, 3, 3, 3, 3, 3, 3, 3, 3, 3, 3, 3, 3, 3, 3, 3, 3, 3, 3, 3, 3, 3, 3, 3, 3, 3, 3, 3, 3, 3, 3, 3, 3, 3, 3, 3, 3, 3, 3, 3, 3, 3, 3, 3, 3, 3, 3, 3, 3, 3, 3, 3, 3, 3, 3, 3, 3, 3, 3, 3, 3, 3, 3, 3, 3, 3, 3, 3, 3, 3, 3, 3, 3, 3, 3, 3, 3, 3, 3, 3, 3, 3, 3, 3, 3, 3, 3, 3, 3, 3, 3, 3, 3, 3, 3, 3, 3, 3, 3, 3, 3, 3, 3, 3, 3, 3, 3, 3, 3, 3, 3, 3, 3, 3, 3, 3, 3, 3, 3, 3, 3, 3, 3, 3, 3, 3, 3, 3, 3, 3, 3, 3, 3, 3, 3, 3, 3, 3, 3, 3, 3, 3, 3, 3, 3, 3, 3, 3, 3, 3, 3, 3, 3, 3, 3, 3, 3, 3, 3, 3, 3, 3, 3, 3, 3, 3, 3, 3, 3, 3, 3, 3, 3, 3, 3, 3, 3, 3, 3, 3, 3, 3, 3, 3, 3, 3, 3, 3, 3, 3, 3, 3, 3, 3, 3, 3, 3, 3, 3, 3, 3, 3, 3, 3, 3, 3, 3, 3, 3, 3, 3, 3, 3, 3, 3, 3, 3, 3, 3, 3, 3, 3, 3, 3, 3, 3, 3, 3, 3, 3, 3, 3, 3, 3, 3, 3, 3, 3, 3, 3, 3, 3, 3, 3, 3, 3, 3, 3, 3, 3, 3, 3, 3, 3, 3, 3, 3, 3, 3, 3, 3, 3, 3, 3, 3, 3, 3, 3, 3, 3, 3, 3, 3, 3, 3, 3, 3, 3, 3, 3, 3, 3, 3, 3, 3, 3, 3, 3, 3, 3, 3, 3, 3, 3, 3, 3, 3, 3, 3, 3, 3, 3, 3, 3, 3, 3, 3, 3, 3, 3, 3, 3, 3, 3, 3, 3, 3, 3, 3, 3, 3, 3, 3, 3, 3, 3, 3, 3, 3, 3, 3, 3, 3, 3, 3, 3, 3, 3, 3, 3, 3, 3, 3, 3, 3, 3, 3, 3, 3, 3, 3, 3, 3, 3, 3, 3, 3, 3, 3, 3, 3, 3, 3, 3, 3, 3, 3, 3, 3, 3, 3, 3, 3, 3, 3, 3, 3, 3, 3, 3, 3, 3, 3, 3, 3, 3, 3, 3, 3, 3, 3, 3, 3, 3, 3, 3, 3, 3, 3, 3, 3, 3, 3, 3, 3, 3, 3, 3, 3, 3, 3, 3, 3, 3, 3, 3, 3, 3, 3, 3, 3, 3, 3, 3, 3, 3, 3, 3, 3, 3, 3, 3, 3, 3, 3, 3, 3, 3, 3, 3, 3, 3, 3, 3, 3, 3, 3, 3, 3, 3, 3, 3, 3, 3, 3, 3, 3, 3, 3, 3, 3, 3, 3, 3, 3, 3, 3, 3, 3, 3, 3, 3, 3, 3, 3, 3, 3, 3, 3, 3, 3, 3, 3, 3, 3, 3, 3, 3, 3, 3, 3, 3, 3, 3, 3, 3, 3, 3, 3, 3, 3, 3, 3, 3, 3, 3, 3, 3, 3, 3, 3, 3, 3, 3, 3, 3, 3, 3, 3, 3, 3, 3, 3, 3, 3, 3, 3, 3, 3, 3, 3, 3, 3, 3, 3, 3, 3, 3, 3, 3, 3, 3, 3, 3, 3, 3, 3, 3, 3, 3, 3, 3, 3, 3, 3, 3, 3, 3, 3, 3, 3, 3, 3, 3, 3, 3, 3, 3, 3, 3, 3, 3, 3, 3, 3, 3, 3, 3, 3, 3, 3, 3, 3, 3, 3, 3, 3, 3, 3, 3, 3, 3, 3, 3, 3, 3, 3, 3, 3, 3, 3, 3, 3, 3, 3, 3, 3, 3, 3, 3, 3, 3, 3, 3, 3, 3, 3, 3, 3, 3, 3, 3, 3, 3, 3, 3, 3, 3, 3, 3, 3, 3, 3, 3, 3, 3, 3, 3, 3, 3, 3, 3, 3, 3, 3, 3, 3, 3, 3, 3, 3, 3, 3, 3, 3, 3, 3, 3, 3, 3, 3, 3, 3, 3, 3, 3, 3, 3, 3, 3, 3, 3, 3, 3, 3, 3, 3, 3, 3, 3, 3, 3, 3, 3, 3, 3, 3, 3, 3, 3, 3, 3, 3, 3, 3, 3, 3, 3, 3, 3, 3, 3, 3, 3, 3, 3, 3, 3, 3, 3, 3, 3, 3, 3, 3, 3, 3, 3, 3, 3, 3, 3, 3, 3, 3, 3, 3, 3, 3, 3, 3, 3, 3, 3, 3, 3, 3, 3, 3, 3, 3, 3, 3, 3, 3, 3, 3, 3, 3, 3, 3, 3, 3, 3, 3, 3, 3, 3, 3, 3, 3, 3, 3, 3, 3, 3, 3, 3, 3, 3, 3, 3, 3, 3, 3, 3, 3, 3, 3, 3, 3, 3, 3, 3, 3, 3, 3, 3, 3, 3, 3, 3, 3, 3, 3, 3, 3, 3, 3, 3, 3, 3, 3, 3, 3, 3, 3, 3, 3, 3, 3, 3, 3, 3, 3, 3, 3, 3, 3, 3, 3, 3, 3, 3, 3, 3, 3, 3, 3, 3, 3, 3, 3, 3, 3, 3, 3, 3, 3, 3, 3, 3, 3, 3, 3, 3, 3, 3, 3, 3, 3, 3, 3, 3, 3, 3, 3, 3, 3, 3, 3, 3, 3, 3, 3, 3, 3, 3, 3, 3, 3, 3, 3, 3, 3, 3, 3, 3, 3, 3, 3, 3, 3, 3, 3, 3, 3, 3, 3, 3, 3, 3, 3, 3, 3, 3, 3, 3, 3, 3, 3, 3, 3, 3, 3, 3, 3, 3, 3, 3, 3, 3, 3, 3, 3, 3, 3, 3, 3, 3, 3, 3, 3, 3, 3, 3, 3, 3, 3, 3, 3, 3, 3, 3, 3, 3, 3, 3, 3, 3, 3, 3, 3, 3, 3, 3, 3, 3, 3, 3, 3, 3, 3, 3, 3, 3, 3, 3, 3, 3, 3, 3, 3, 3, 3, 3, 3, 3, 3, 3, 3, 3, 3, 3, 3, 3, 3, 3, 3, 3, 3, 3, 3, 3, 3, 3, 3, 3, 3, 3, 3, 3, 3, 3, 3, 3, 3, 3, 3, 3, 3, 3, 3, 3, 3, 3, 3, 3, 3, 3, 3, 3, 3, 3, 3, 3, 3, 3, 3, 3, 3, 3, 3, 3, 3, 3, 3, 3, 3, 3, 3, 3, 3, 3, 3, 3, 3, 3, 3, 3, 3, 3, 3, 3, 3, 3, 3, 3, 3, 3, 3, 3, 3, 3, 3, 3, 3, 3, 3, 3, 3, 3, 3, 3, 3, 3, 3, 3, 3, 3, 3, 3, 3, 3, 3, 3, 3, 3, 3, 3, 3, 3, 3, 3, 3, 3, 3, 3, 3, 3, 3, 3, 3, 3, 3, 3, 3, 3, 3, 3, 3, 3, 3, 3, 3, 3, 3, 3, 3, 3, 3, 3, 3, 3, 3, 3, 3, 3, 3, 3, 3, 3, 3, 3, 3, 3, 3, 3, 3, 3, 3, 3, 3, 3, 3, 3, 3, 3, 3, 3, 3, 3, 3, 3, 3, 3, 3, 3, 3, 3, 3, 3, 3, 3, 3, 3, 3, 3, 3, 3, 3, 3, 3, 3, 3, 3, 3, 3, 3, 3, 3, 3, 3, 3, 3, 3, 3, 3, 3, 3, 3, 3, 3, 3, 3, 3, 3, 3, 3, 3, 3, 3, 3, 3, 3, 3, 3, 3, 3, 3, 3, 3, 3, 3, 3, 3, 3, 3, 3, 3, 3, 3, 3, 3, 3, 3, 3, 3, 3, 3, 3, 3, 3, 3, 3, 3, 3, 3, 3, 3, 3, 3, 3, 3, 3, 3, 3, 3, 3, 3, 3, 3, 3, 3, 3, 3, 3, 3, 3, 3, 3, 3, 3, 3, 3, 3, 3, 3, 3, 3, 3, 3, 3, 3, 3, 3, 3, 3, 3, 3, 3, 3, 3, 3, 3, 3, 3, 3, 3, 3, 3, 3, 3, 3, 3, 3, 3, 3, 3, 3, 3, 3, 3, 3, 3, 3, 3, 3, 3, 3, 3, 3, 3, 3, 3, 3, 3, 3, 3, 3, 3, 3, 3, 3, 3, 3, 3, 3, 3, 3, 3, 3, 3, 3, 3, 3, 3, 3, 3, 3, 3, 3, 3, 3, 3, 3, 3, 3, 3, 3, 3, 3, 3, 3, 3, 3, 3, 3, 3, 3, 3, 3, 3, 3, 3, 3, 3, 3, 3, 3, 3, 3, 3, 3, 3, 3, 3, 3, 3, 3, 3, 3, 3, 3, 3, 3, 3, 3, 3, 3, 3, 3, 3, 3, 3, 3, 3, 3, 3, 3, 3, 3, 3, 3, 3, 3, 3, 3, 3, 3, 3, 3, 3, 3, 3, 3, 3, 3, 3, 3, 3, 3, 3, 3, 3, 3, 3, 3, 3, 3, 3, 3, 3, 3, 3, 3, 3, 3, 3, 3, 3, 3, 3, 3, 3, 3, 3, 3, 3, 3, 3, 3, 3, 3, 3, 3, 3, 3, 3, 3, 3, 3, 3, 3, 3, 3, 3, 3, 3, 3, 3, 3, 3, 3, 3, 3, 3, 3, 3, 3, 3, 3, 3, 3, 3, 3, 3, 3, 3, 3, 3, 3, 3, 3, 3, 3, 3, 3, 3, 3, 3, 3, 3, 3, 3, 3, 3, 3, 3, 3, 3, 3, 3, 3, 3, 3, 3, 3, 3, 3, 3, 3, 3, 3, 3, 3, 3, 3, 3, 3, 3, 3, 3, 3, 3, 3, 3, 3, 3, 3, 3, 3, 3, 3, 3, 3, 3, 3, 3, 3, 3, 3, 3, 3, 3, 3, 3, 3, 3, 3, 3, 3, 3, 3, 3, 3, 3, 3, 3, 3, 3, 3, 3, 3, 3, 3, 3, 3, 3, 3, 3, 3, 3, 3, 3, 3, 3, 3, 3, 3, 3, 3, 3, 3, 3, 3, 3, 3, 3, 3, 3, 3, 3, 3, 3, 3, 3, 3, 3, 3, 3, 3, 3, 3, 3, 3, 3, 3, 3, 3, 3, 3, 3, 3, 3, 3, 3, 3, 3, 3, 3, 3, 3, 3, 3, 3, 3, 3, 3, 3, 3, 3, 3, 3, 3, 3, 3, 3, 3, 3, 3, 3, 3, 3, 3, 3, 3, 3, 3, 3, 3, 3, 3, 3, 3, 3, 3, 3, 3, 3, 3, 3, 3, 3, 3, 3, 3, 3, 3, 3, 3, 3, 3, 3, 3, 3, 3, 3, 3, 3, 3, 3, 3, 3, 3, 3, 3, 3, 3, 3, 3, 3, 3, 3, 3, 3, 3, 3, 3, 3, 3, 3, 3, 3, 3, 3, 3, 3, 3, 3, 3, 3, 3, 3, 3, 3, 3, 3, 3, 3, 3, 3, 3, 3, 3, 3, 3, 3, 3, 3, 3, 3, 3, 3, 3, 3, 3, 3, 3, 3, 3, 3, 3, 3, 3, 3, 3, 3, 3, 3, 3, 3, 3, 3, 3, 3, 3, 3, 3, 3, 3, 3, 3, 3, 3, 3, 3, 3, 3, 3, 3, 3, 3, 3, 3, 3, 3, 3, 3, 3, 3, 3, 3, 3, 3, 3, 3, 3, 3, 3, 3, 3, 3, 3, 3, 3, 3, 3, 3, 3, 3, 3, 3, 3, 3, 3, 3, 3, 3, 3, 3, 3, 3, 3, 3, 3, 3, 3, 3, 3, 3, 3, 3, 3, 3, 3, 3, 3, 3, 3, 3, 3, 3, 3, 3, 3, 3, 3, 3, 3, 3, 3, 3, 3, 3, 3, 3, 3, 3, 3, 3, 3, 3, 3, 3, 3, 3, 3, 3, 3, 3, 3, 3, 3, 3, 3, 3, 3, 3, 3, 3, 3, 3, 3, 3, 3, 3, 3, 3, 3, 3, 3, 3, 3, 3, 3, 3, 3, 3, 3, 3, 3, 3, 3, 3, 3, 3, 3, 3, 3, 3, 3, 3, 3, 3, 3, 3, 3, 3, 3, 3, 3, 3, 3, 3, 3, 3, 3, 3, 3, 3, 3, 3, 3, 3, 3, 3, 3, 3, 3, 3, 3, 3, 3, 3, 3, 3, 3, 3, 3, 3, 3, 3, 3, 3, 3, 3, 3, 3, 3, 3, 3, 3, 3, 3, 3, 3, 3, 3, 3, 3, 3, 3, 3, 3, 3, 3, 3, 3, 3, 3, 3, 3, 3, 3, 3, 3, 3, 3, 3, 3, 3, 3, 3, 3, 3, 3, 3, 3, 3, 3, 3, 3, 3, 3, 3, 3, 3, 3, 3, 3, 3, 3, 3, 3, 3, 3, 3, 3, 3, 3, 3, 3, 3, 3, 3, 3, 3, 3, 3, 3, 3, 3, 3, 3, 3, 3, 3, 3, 3, 3, 3, 3, 3, 3, 3, 3, 3, 3, 3, 3, 3, 3, 3, 3, 3, 3, 3, 3, 3, 3, 3, 3, 3, 3, 3, 3, 3, 3, 3, 3, 3, 3, 3, 3, 3, 3, 3, 3, 3, 3, 3, 3, 3, 3, 3, 3, 3, 3, 3, 3, 3, 3, 3, 3, 3, 3, 3, 3, 3, 3, 3, 3, 3, 3, 3, 3, 3, 3, 3, 3, 3, 3, 3, 3, 3, 3, 3, 3, 3, 3, 3, 3, 3, 3, 3, 3, 3, 3, 3, 3, 3, 3, 3, 3, 3, 3, 3, 3, 3, 3, 3, 3, 3, 3, 3, 3, 3, 3, 3, 3, 3, 3, 3, 3, 3, 3, 3, 3, 3, 3, 3, 3, 3, 3, 3, 3, 3, 3, 3, 3, 3, 3, 3, 3, 3, 3, 3, 3, 3, 3, 3, 3, 3, 3, 3, 3, 3, 3, 3, 3, 3, 3, 3, 3, 3, 3, 3, 3, 3, 3, 3, 3, 3, 3, 3, 3, 3, 3, 3, 3, 3, 3, 3, 3, 3, 3, 3, 3, 3, 3, 3, 3, 3, 3, 3, 3, 3, 3, 3, 3, 3, 3, 3, 3, 3, 3, 3, 3, 3, 3, 3, 3, 3, 3, 3, 3, 3, 3, 3, 3, 3, 3, 3, 3, 3, 3, 3, 3, 3, 3, 3, 3, 3, 3, 3, 3, 3, 3, 3, 3, 3, 3, 3, 3, 3, 3, 3, 3, 3, 3, 3, 3, 3, 3, 3, 3, 3, 3, 3, 3, 3, 3, 3, 3, 3, 3, 3, 3, 3, 3, 3, 3, 3, 3, 3, 3, 3, 3, 3, 3, 3, 3, 3, 3, 3, 3, 3, 3, 3, 3, 3, 3, 3, 3, 3, 3, 3, 3, 3, 3, 3, 3, 3, 3, 3, 3, 3, 3, 3, 3, 3, 3, 3, 3, 3, 3, 3, 3, 3, 3, 3, 3, 3, 3, 3, 3, 3, 3, 3, 3, 3, 3, 3, 3, 3, 3, 3, 3, 3, 3, 3, 3, 3, 3, 3, 3, 3, 3, 3, 3, 3, 3, 3, 3, 3, 3, 3, 3, 3, 3, 3, 3, 3, 3, 3, 3, 3, 3, 3, 3, 3, 3, 3, 3, 3, 3, 3, 3, 3, 3, 3, 3, 3, 3, 3, 3, 3, 3, 3, 3, 3, 3, 3, 3, 3, 3, 3, 3, 3, 3, 3, 3, 3, 3, 3, 3, 3, 3, 3, 3, 3, 3, 3, 3, 3, 3, 3, 3, 3, 3, 3, 3, 3, 3, 3, 3, 3, 3, 3, 3, 3, 3, 3, 3, 3, 3, 3, 3, 3, 3, 3, 3, 3, 3, 3, 3, 3, 3, 3, 3, 3, 3, 3, 3, 3, 3, 3, 3, 3, 3, 3, 3, 3, 3, 3, 3, 3, 3, 3, 3, 3, 3, 3, 3, 3, 3, 3, 3, 3, 3, 3, 3, 3, 3, 3, 3, 3, 3, 3, 3, 3, 3, 3, 3, 3, 3, 3, 3, 3, 3, 3, 3, 3, 3, 3, 3, 3, 3, 3, 3, 3, 3, 3, 3, 3, 3, 3, 3, 3, 3, 3, 3, 3, 3, 3, 3, 3, 3, 3, 3, 3, 3, 3, 3, 3, 3, 3, 3, 3, 3, 3, 3, 3, 3, 3, 3, 3, 3, 3, 3, 3, 3, 3, 3, 3, 3, 3, 3, 3, 3, 3, 3, 3, 3, 3, 3, 3, 3, 3, 3, 3, 3, 3, 3, 3, 3, 3, 3, 3, 3, 3, 3, 3, 3, 3, 3, 3, 3, 3, 3, 3, 3, 3, 3, 3, 3, 3, 3, 3, 3, 3, 3, 3, 3, 3, 3, 3, 3, 3, 3, 3, 3, 3, 3, 3, 3, 3, 3, 3, 3, 3, 3, 3, 3, 3, 3, 3, 3, 3, 3, 3, 3, 3, 3, 3, 3, 3, 3, 3, 3, 3, 3, 3, 3, 3, 3, 3, 3, 3, 3, 3, 3, 3, 3, 3, 3, 3, 3, 3, 3, 3, 3, 3, 3, 3, 3, 3, 3, 3, 3, 3, 3, 3, 3, 3, 3, 3, 3, 3, 3, 3, 3, 3, 3, 3, 3, 3, 3, 3, 3, 3, 3, 3, 3, 3, 3, 3, 3, 3, 3, 3, 3, 3, 3, 3, 3, 3, 3, 3, 3, 3, 3, 3, 3, 3, 3, 3, 3, 3, 3, 3, 3, 3, 3, 3, 3, 3, 3, 3, 3, 3, 3, 3, 3, 3, 3, 3, 3, 3, 3, 3, 3, 3, 3, 3, 3, 3, 3, 3, 3, 3, 3, 3, 3, 3, 3, 3, 3, 3, 3, 3, 3, 3, 3, 3, 3, 3, 3, 3, 3, 3, 3, 3, 3, 3, 3, 3, 3, 3, 3, 3, 3, 3, 3, 3, 3, 3, 3, 3, 3, 3, 3, 3, 3, 3, 3, 3, 3, 3, 3, 3, 3, 3, 3, 3, 3, 3, 3, 3, 3, 3, 3, 3, 3, 3, 3, 3, 3, 3, 3, 3, 3, 3, 3, 3, 3, 3, 3, 3, 3, 3, 3, 3, 3, 3, 3, 3, 3, 3, 3, 3, 3, 3, 3, 3, 3, 3, 3, 3, 3, 3, 3, 3, 3, 3, 3, 3, 3, 3, 3, 3, 3, 3, 3, 3, 3, 3, 3, 3, 3, 3, 3, 3, 3, 3, 3, 3, 3, 3, 3, 3, 3, 3, 3, 3, 3, 3, 3, 3, 3, 3, 3, 3, 3, 3, 3, 3, 3, 3, 3, 3, 3, 3, 3, 3, 3, 3, 3, 3, 3, 3, 3, 3, 3, 3, 3, 3, 3, 3, 3, 3, 3, 3, 3, 3, 3, 3, 3, 3, 3, 3, 3, 3, 3, 3, 3, 3, 3, 3, 3, 3, 3, 3, 3, 3, 3, 3, 3, 3, 3, 3, 3, 3, 3, 3, 3, 3, 3, 3, 3, 3, 3, 3, 3, 3, 3, 3, 3, 3, 3, 3, 3, 3, 3, 3, 3, 3, 3, 3, 3, 3, 3, 3, 3, 3, 3, 3, 3, 3, 3, 3, 3, 3, 3, 3, 3, 3, 3, 3, 3, 3, 3, 3, 3, 3, 3, 3, 3, 3, 3, 3, 3, 3, 3, 3, 3, 3, 3, 3, 3, 3, 3, 3, 3, 3, 3, 3, 3, 3, 3, 3, 3, 3, 3, 3, 3, 3, 3, 3, 3, 3, 3, 3, 3, 3, 3, 3, 3, 3, 3, 3, 3, 3, 3, 3, 3, 3, 3, 3, 3, 3, 3, 3, 3, 3, 3, 3, 3, 3, 3, 3, 3, 3, 3, 3, 3, 3, 3, 3, 3, 3, 3, 3, 3, 3, 3, 3, 3, 3, 3, 3, 3, 3, 3, 3, 3, 3, 3, 3, 3, 3, 3, 3, 3, 3, 3, 3, 3, 3, 3, 3, 3, 3, 3, 3, 3, 3, 3, 3, 3, 3, 3, 3, 3, 3, 3, 3, 3, 3, 3, 3, 3, 3, 3, 3, 3, 3, 3, 3, 3, 3, 3, 3, 3, 3, 3, 3, 3, 3, 3, 3, 3, 3, 3, 3, 3, 3, 3, 3, 3, 3, 3, 3, 3, 3, 3, 3, 3, 3, 3, 3, 3, 3, 3, 3, 3, 3, 3, 3, 3, 3, 3, 3, 3, 3, 3, 3, 3, 3, 3, 3, 3, 3, 3, 3, 3, 3, 3, 3, 3, 3, 3, 3, 3, 3, 3, 3, 3, 3, 3, 3, 3, 3, 3, 3, 3, 3, 3, 3, 3, 3, 3, 3, 3, 3, 3, 3, 3, 3, 3, 3, 3, 3, 3, 3, 3, 3, 3, 3, 3, 3, 3, 3, 3, 3, 3, 3, 3, 3, 3, 3, 3, 3, 3, 3, 3, 3, 3, 3, 3, 3, 3, 3, 3, 3, 3, 3, 3, 3, 3, 3, 3, 3, 3, 3, 3, 3, 3, 3, 3, 3, 3, 3, 3, 3, 3, 3, 3, 3, 3, 3, 3, 3, 3, 3, 3, 3, 3, 3, 3, 3, 3, 3, 3, 3, 3, 3, 3, 3, 3, 3, 3, 3, 3, 3, 3, 3, 3, 3, 3, 3, 3, 3, 3, 3, 3, 3, 3, 3, 3, 3, 3, 3, 3, 3, 3, 3, 3, 3, 3, 3, 3, 3, 3, 3, 3, 3, 3, 3, 3, 3, 3, 3, 3, 3, 3, 3, 3, 3, 3, 3, 3, 3, 3, 3, 3, 3, 3, 3, 3, 3, 3, 3, 3, 3, 3, 3, 3, 3, 3, 3, 3, 3, 3, 3, 3, 3, 3, 3, 3, 3, 3, 3, 3, 3, 3, 3, 3, 3, 3, 3, 3, 3, 3, 3, 3, 3, 3, 3, 3, 3, 3, 3, 3, 3, 3, 3, 3, 3, 3, 3, 3, 3, 3, 3, 3, 3, 3, 3, 3, 3, 3, 3, 3, 3, 3, 3, 3, 3, 3, 3, 3, 3, 3, 3, 3, 3, 3, 3, 3, 3, 3, 3, 3, 3, 3, 3, 3, 3, 3, 3, 3, 3, 3, 3, 3, 3, 3, 3, 3, 3, 3, 3, 3, 3, 3, 3, 3, 3, 3, 3, 3, 3, 3, 3, 3, 3, 3, 3, 3, 3, 3, 3, 3, 3, 3, 3, 3, 3, 3, 3, 3, 3, 3, 3, 3, 3, 3, 3, 3, 3, 3, 3, 3, 3, 3, 3, 3, 3, 3, 3, 3, 3, 3, 3, 3, 3, 3, 3, 3, 3, 3, 3, 3, 3, 3, 3, 3, 3, 3, 3, 3, 3, 3, 3, 3, 3, 3, 3, 3, 3, 3, 3, 3, 3, 3, 3, 3, 3, 3, 3, 3, 3, 3, 3, 3, 3, 3, 3, 3, 3, 3, 3, 3, 3, 3, 3, 3, 3, 3, 3, 3, 3, 3, 3, 3, 3, 3, 3, 3, 3, 3, 3, 3, 3, 3, 3, 3, 3, 3, 3, 3, 3, 3, 3, 3, 3, 3, 3, 3, 3, 3, 3, 3, 3, 3, 3, 3, 3, 3, 3, 3, 3, 3, 3, 3, 3, 3, 3, 3, 3, 3, 3, 3, 3, 3, 3, 3, 3, 3, 3, 3, 3, 3, 3, 3, 3, 3, 3, 3, 3, 3, 3, 3, 3, 3, 3, 3, 3, 3, 3, 3, 3, 3, 3, 3, 3, 3, 3, 3, 3, 3, 3, 3, 3, 3, 3, 3, 3, 3, 3, 3, 3, 3, 3, 3, 3, 3, 3, 3, 3, 3, 3, 3, 3, 3, 3, 3, 3, 3, 3, 3, 3, 3, 3, 3, 3, 3, 3, 3, 3, 3, 3, 3, 3, 3, 3, 3, 3, 3, 3, 3, 3, 3, 3, 3, 3, 3, 3, 3, 3, 3, 3, 3, 3, 3, 3, 3, 3, 3, 3, 3, 3, 3, 3, 3, 3, 3, 3, 3, 3, 3, 3, 3, 3, 3, 3, 3, 3, 3, 3, 3, 3, 3, 3, 3, 3, 3, 3, 3, 3, 3, 3, 3, 3, 3, 3, 3, 3, 3, 3, 3, 3, 3, 3, 3, 3, 3, 3, 3, 3, 3, 3, 3, 3, 3, 3, 3, 3, 3, 3, 3, 3, 3, 3, 3, 3, 3, 3, 3, 3, 3, 3, 3, 3, 3, 3, 3, 3, 3, 3, 3, 3, 3, 3, 3, 3, 3, 3, 3, 3, 3, 3, 3, 3, 3, 3, 3, 3, 3, 3, 3, 3, 3, 3, 3, 3, 3, 3, 3, 3, 3, 3, 3, 3, 3, 3, 3, 3, 3, 3, 3, 3, 3, 3, 3, 3, 3, 3, 3, 3, 3, 3, 3, 3, 3, 3, 3, 3, 3, 3, 3, 3, 3, 3, 3, 3, 3, 3, 3, 3, 3, 3, 3, 3, 3, 3, 3, 3, 3, 3, 3, 3, 3, 3, 3, 3, 3, 3, 3, 3, 3, 3, 3, 3, 3, 3, 3, 3, 3, 3, 3, 3, 3, 3, 3, 3, 3, 3, 3, 3, 3, 3, 3, 3, 3, 3, 3, 3, 3, 3, 3, 3, 3, 3, 3, 3, 3, 3, 3, 3, 3, 3, 3, 3, 3, 3, 3, 3, 3, 3, 3, 3, 3, 3, 3, 3, 3, 3, 3, 3, 3, 3, 3, 3, 3, 3, 3, 3, 3, 3, 3, 3, 3, 3, 3, 3, 3, 3, 3, 3, 3, 3, 3, 3, 3, 3, 3, 3, 3, 3, 3, 3, 3, 3, 3, 3, 3, 3, 3, 3, 3, 3, 3, 3, 3, 3, 3, 3, 3, 3, 3, 3, 3, 3, 3, 3, 3, 3, 3, 3, 3, 3, 3, 3, 3, 3, 3, 3, 3, 3, 3, 3, 3, 3, 3, 3, 3, 3, 3, 3, 3, 3, 3, 3, 3, 3, 3, 3, 3, 3, 3, 3, 3, 3, 3, 3, 3, 3, 3, 3, 3, 3, 3, 3, 3, 3, 3, 3, 3, 3, 3, 3, 3, 3, 3, 3, 3, 3, 3, 3, 3, 3, 3, 3, 3, 3, 3, 3, 3, 3, 3, 3, 3, 3, 3, 3, 3, 3, 3, 3, 3, 3, 3, 3, 3, 3, 3, 3, 3, 3, 3, 3, 3, 3, 3, 3, 3, 3, 3, 3, 3, 3, 3, 3, 3, 3, 3, 3, 3, 3, 3, 3, 3, 3, 3, 3, 3, 3, 3, 3, 3, 3, 3, 3, 3, 3, 3, 3, 3, 3, 3, 3, 3, 3, 3, 3, 3, 3, 3, 3, 3, 3, 3, 3, 3, 3, 3, 3, 3, 3, 3, 3, 3, 3, 3, 3, 3, 3, 3, 3, 3, 3, 3, 3, 3, 3, 3, 3, 3, 3, 3, 3, 3, 3, 3, 3, 3, 3, 3, 3, 3, 3, 3, 3, 3, 3, 3, 3, 3, 3, 3, 3, 3, 3, 3, 3, 3, 3, 3, 3, 3, 3, 3, 3, 3, 3, 3, 3, 3, 3, 3, 3, 3, 3, 3, 3, 3, 3, 3, 3, 3, 3, 3, 3, 3, 3, 3, 3, 3, 3, 3, 3, 3, 3, 3, 3, 3, 3, 3, 3, 3, 3, 3, 3, 3, 3, 3, 3, 3, 3, 3, 3, 3, 3, 3, 3, 3, 3, 3, 3, 3, 3, 3, 3, 3, 3, 3, 3, 3, 3, 3, 3, 3, 3, 3, 3, 3, 3, 3, 3, 3, 3, 3, 3, 3, 3, 3, 3, 3, 3, 3, 3, 3, 3, 3, 3, 3, 3, 3, 3, 3, 3, 3, 3, 3, 3, 3, 3, 3, 3, 3, 3, 3, 3, 3, 3, 3, 3, 3, 3, 3, 3, 3, 3, 3, 3, 3, 3, 3, 3, 3, 3, 3, 3, 3, 3, 3, 3, 3, 3, 3, 3, 3, 3, 3, 3, 3, 3, 3, 3, 3, 3, 3, 3, 3, 3, 3, 3, 3, 3, 3, 3, 3, 3, 3, 3, 3, 3, 3, 3, 3, 3, 3, 3, 3, 3, 3, 3, 3, 3, 3, 3, 3, 3, 3, 3, 3, 3, 3, 3, 3, 3, 3, 3, 3, 3, 3, 3, 3, 3, 3, 3, 3, 3, 3, 3, 3, 3, 3, 3, 3, 3, 3, 3, 3, 3, 3, 3, 3, 3, 3, 3, 3, 3, 3, 3, 3, 3, 3, 3, 3, 3, 3, 3, 3, 3, 3, 3, 3, 3, 3, 3, 3]
        int[] faceVertexIndices = [66, 0, 1, 66, 65, 0, 67, 1, 2, 67, 66, 1, 68, 2, 3, 68, 67, 2, 69, 3, 4, 69, 68, 3, 70, 4, 5, 70, 5, 6, 70, 69, 4, 71, 70, 6, 72, 6, 7, 72, 71, 6, 73, 7, 8, 73, 8, 9, 73, 72, 7, 74, 73, 9, 75, 9, 10, 75, 74, 9, 76, 10, 11, 76, 75, 10, 77, 11, 12, 77, 12, 13, 77, 76, 11, 78, 77, 13, 79, 13, 14, 79, 78, 13, 80, 14, 15, 80, 79, 14, 81, 15, 16, 81, 80, 15, 82, 16, 17, 82, 81, 16, 83, 17, 18, 83, 82, 17, 84, 83, 18, 84, 18, 19, 85, 84, 19, 85, 19, 20, 85, 20, 21, 86, 85, 21, 87, 86, 21, 87, 21, 22, 88, 22, 23, 88, 87, 22, 89, 23, 24, 89, 88, 23, 90, 24, 25, 90, 25, 26, 90, 89, 24, 91, 26, 27, 91, 90, 26, 92, 91, 27, 93, 27, 28, 93, 92, 27, 94, 28, 29, 94, 93, 28, 95, 29, 30, 95, 30, 31, 95, 94, 29, 96, 95, 31, 97, 31, 32, 97, 96, 31, 98, 32, 33, 98, 97, 32, 99, 33, 34, 99, 34, 35, 99, 98, 33, 100, 99, 35, 101, 35, 36, 101, 36, 37, 101, 100, 35, 102, 101, 37, 103, 37, 38, 103, 102, 37, 104, 38, 39, 104, 103, 38, 105, 39, 40, 105, 40, 41, 105, 104, 39, 106, 105, 41, 107, 41, 42, 107, 106, 41, 108, 107, 42, 108, 42, 43, 109, 108, 43, 109, 43, 44, 109, 44, 45, 110, 109, 45, 111, 110, 45, 111, 45, 46, 112, 111, 46, 112, 46, 47, 113, 112, 47, 113, 47, 48, 113, 48, 49, 114, 113, 49, 115, 114, 49, 115, 49, 50, 116, 115, 50, 116, 50, 51, 117, 116, 51, 117, 51, 52, 118, 117, 52, 118, 52, 53, 118, 53, 54, 119, 118, 54, 120, 119, 54, 120, 54, 55, 121, 55, 56, 121, 120, 55, 121, 56, 57, 122, 121, 57, 123, 122, 57, 123, 57, 58, 124, 58, 59, 124, 123, 58, 125, 59, 60, 125, 124, 59, 126, 60, 61, 126, 125, 60, 127, 61, 62, 127, 62, 63, 127, 126, 61, 64, 127, 63, 247, 183, 246, 247, 184, 183, 245, 246, 183, 245, 182, 181, 245, 183, 182, 248, 185, 184, 248, 184, 247, 244, 245, 181, 249, 186, 185, 249, 185, 248, 243, 181, 180, 243, 244, 181, 250, 187, 186, 250, 186, 249, 242, 180, 179, 242, 243, 180, 251, 187, 250, 251, 188, 187, 241, 242, 179, 241, 179, 178, 252, 189, 188, 252, 188, 251, 240, 241, 178, 240, 178, 177, 253, 189, 252, 253, 190, 189, 239, 177, 176, 239, 240, 177, 191, 190, 253, 191, 128, 190, 238, 239, 176, 238, 176, 175, 192, 129, 128, 192, 128, 191, 237, 238, 175, 237, 175, 174, 193, 130, 129, 193, 129, 192, 236, 237, 174, 236, 174, 173, 194, 131, 130, 194, 130, 193, 235, 236, 173, 235, 173, 172, 195, 132, 131, 195, 131, 194, 234, 235, 172, 234, 172, 171, 196, 133, 132, 196, 132, 195, 233, 234, 171, 233, 171, 170, 197, 134, 133, 197, 133, 196, 232, 170, 169, 232, 233, 170, 198, 135, 134, 198, 134, 197, 231, 169, 168, 231, 232, 169, 136, 135, 198, 136, 198, 199, 200, 136, 199, 167, 230, 231, 167, 231, 168, 137, 136, 200, 166, 229, 230, 166, 230, 167, 138, 137, 200, 138, 200, 201, 138, 201, 202, 165, 228, 229, 165, 229, 166, 139, 138, 202, 164, 228, 165, 164, 227, 228, 140, 202, 203, 140, 139, 202, 163, 227, 164, 163, 226, 227, 141, 140, 203, 141, 203, 204, 141, 204, 205, 162, 226, 163, 162, 224, 225, 162, 225, 226, 142, 141, 205, 161, 224, 162, 143, 142, 205, 143, 205, 206, 160, 224, 161, 160, 223, 224, 144, 143, 206, 144, 206, 207, 159, 223, 160, 159, 221, 222, 159, 222, 223, 145, 144, 207, 145, 207, 208, 158, 221, 159, 146, 208, 209, 146, 209, 210, 146, 145, 208, 157, 219, 220, 157, 221, 158, 157, 220, 221, 147, 146, 210, 147, 210, 211, 156, 219, 157, 148, 147, 211, 155, 219, 156, 155, 218, 219, 149, 148, 211, 149, 211, 212, 154, 218, 155, 154, 216, 217, 154, 217, 218, 150, 149, 212, 150, 212, 213, 153, 216, 154, 151, 150, 213, 151, 213, 214, 152, 216, 153, 152, 151, 214, 152, 214, 215, 152, 215, 216, 320, 254, 255, 320, 319, 254, 321, 255, 256, 321, 256, 257, 321, 320, 255, 322, 321, 257, 323, 257, 258, 323, 258, 259, 323, 322, 257, 324, 323, 259, 325, 259, 260, 325, 260, 261, 325, 324, 259, 326, 325, 261, 327, 261, 262, 327, 262, 263, 327, 326, 261, 328, 263, 264, 328, 327, 263, 329, 328, 264, 330, 264, 265, 330, 265, 266, 330, 329, 264, 331, 330, 266, 332, 266, 267, 332, 267, 268, 332, 331, 266, 333, 332, 268, 334, 268, 269, 334, 333, 268, 335, 269, 270, 335, 270, 271, 335, 334, 269, 336, 335, 271, 337, 336, 271, 337, 271, 272, 338, 337, 272, 338, 272, 273, 339, 338, 273, 339, 273, 274, 340, 339, 274, 340, 274, 275, 341, 340, 275, 341, 275, 276, 342, 276, 277, 342, 341, 276, 343, 277, 278, 343, 342, 277, 344, 278, 279, 344, 279, 280, 344, 343, 278, 345, 344, 280, 346, 280, 281, 346, 281, 282, 346, 345, 280, 347, 346, 282, 348, 282, 283, 348, 347, 282, 349, 283, 284, 349, 348, 283, 350, 284, 285, 350, 285, 286, 350, 349, 284, 351, 350, 286, 352, 286, 287, 352, 351, 286, 353, 287, 288, 353, 352, 287, 354, 288, 289, 354, 289, 290, 354, 353, 288, 355, 290, 291, 355, 354, 290, 356, 355, 291, 357, 291, 292, 357, 356, 291, 358, 292, 293, 358, 357, 292, 359, 293, 294, 359, 358, 293, 360, 294, 295, 360, 359, 294, 361, 295, 296, 361, 360, 295, 362, 361, 296, 362, 296, 297, 363, 362, 297, 363, 297, 298, 364, 363, 298, 364, 298, 299, 365, 364, 299, 365, 299, 300, 365, 300, 301, 366, 365, 301, 367, 366, 301, 367, 301, 302, 368, 367, 302, 368, 302, 303, 368, 303, 304, 369, 368, 304, 370, 369, 304, 370, 304, 305, 371, 370, 305, 371, 305, 306, 371, 306, 307, 372, 371, 307, 373, 372, 307, 373, 307, 308, 373, 308, 309, 374, 373, 309, 375, 309, 310, 375, 374, 309, 376, 310, 311, 376, 375, 310, 377, 311, 312, 377, 376, 311, 378, 312, 313, 378, 313, 314, 378, 377, 312, 379, 378, 314, 380, 314, 315, 380, 379, 314, 381, 315, 316, 381, 380, 315, 318, 316, 317, 318, 381, 316, 513, 382, 383, 451, 450, 515, 446, 444, 445, 449, 512, 448, 516, 383, 384, 516, 384, 385, 516, 513, 383, 517, 385, 386, 517, 386, 387, 517, 516, 385, 518, 514, 513, 518, 513, 516, 519, 387, 388, 519, 388, 389, 519, 517, 387, 520, 518, 516, 520, 516, 517, 521, 389, 390, 521, 390, 391, 521, 519, 389, 522, 515, 514, 522, 514, 518, 522, 452, 451, 522, 453, 452, 522, 451, 515, 523, 517, 519, 523, 520, 517, 524, 391, 392, 524, 392, 393, 524, 521, 391, 525, 518, 520, 525, 522, 518, 525, 454, 453, 525, 455, 454, 525, 453, 522, 526, 519, 521, 526, 523, 519, 527, 393, 394, 527, 394, 395, 527, 524, 393, 528, 455, 525, 528, 456, 455, 528, 457, 456, 528, 525, 520, 528, 520, 523, 529, 526, 521, 529, 521, 524, 530, 527, 395, 530, 395, 396, 530, 396, 397, 531, 528, 523, 531, 457, 528, 531, 523, 526, 531, 458, 457, 531, 459, 458, 532, 524, 527, 532, 529, 524, 533, 530, 397, 533, 397, 398, 533, 398, 399, 534, 459, 531, 534, 460, 459, 534, 461, 460, 534, 531, 526, 534, 526, 529, 535, 527, 530, 535, 532, 527, 536, 399, 400, 536, 400, 401, 536, 533, 399, 537, 529, 532, 537, 461, 534, 537, 462, 461, 537, 463, 462, 537, 534, 529, 538, 530, 533, 538, 535, 530, 539, 401, 402, 539, 402, 403, 539, 536, 401, 540, 532, 535, 540, 463, 537, 540, 537, 532, 540, 464, 463, 540, 465, 464, 541, 533, 536, 541, 538, 533, 541, 536, 539, 542, 403, 404, 542, 539, 403, 542, 404, 405, 543, 540, 535, 543, 535, 538, 543, 465, 540, 543, 466, 465, 543, 467, 466, 544, 541, 539, 545, 542, 405, 545, 405, 406, 545, 406, 407, 546, 538, 541, 546, 467, 543, 546, 543, 538, 546, 468, 467, 546, 469, 468, 547, 539, 542, 547, 544, 539, 548, 407, 408, 548, 408, 409, 548, 545, 407, 549, 469, 546, 549, 546, 541, 549, 541, 544, 549, 470, 469, 549, 471, 470, 550, 547, 542, 550, 542, 545, 551, 548, 409, 551, 409, 410, 551, 410, 411, 552, 544, 547, 552, 549, 544, 552, 471, 549, 552, 472, 471, 552, 473, 472, 552, 547, 550, 553, 550, 545, 553, 545, 548, 554, 551, 411, 554, 411, 412, 554, 412, 413, 555, 473, 552, 555, 552, 550, 555, 474, 473, 555, 475, 474, 556, 553, 548, 556, 548, 551, 556, 551, 554, 557, 554, 413, 557, 413, 414, 558, 550, 553, 558, 553, 556, 558, 555, 550, 558, 476, 475, 558, 477, 476, 558, 475, 555, 559, 556, 554, 560, 557, 414, 560, 414, 415, 560, 415, 416, 561, 477, 558, 561, 558, 556, 561, 478, 477, 561, 479, 478, 562, 557, 560, 562, 554, 557, 562, 559, 554, 563, 416, 417, 563, 417, 418, 563, 560, 416, 564, 479, 561, 564, 561, 556, 564, 556, 559, 564, 480, 479, 564, 481, 480, 565, 560, 563, 565, 562, 560, 566, 563, 418, 566, 418, 419, 566, 419, 420, 567, 481, 564, 567, 564, 559, 567, 559, 562, 567, 482, 481, 568, 565, 563, 569, 566, 420, 569, 420, 421, 569, 421, 422, 570, 484, 483, 570, 562, 565, 570, 482, 567, 570, 567, 562, 570, 483, 482, 571, 568, 563, 571, 566, 569, 571, 563, 566, 572, 422, 423, 572, 423, 424, 572, 569, 422, 573, 485, 484, 573, 486, 485, 573, 568, 571, 573, 484, 570, 573, 570, 565, 573, 565, 568, 574, 571, 569, 574, 569, 572, 575, 424, 425, 575, 425, 426, 575, 572, 424, 576, 487, 486, 576, 488, 487, 576, 573, 571, 576, 486, 573, 577, 574, 572, 578, 426, 427, 578, 427, 428, 578, 575, 426, 579, 489, 488, 579, 490, 489, 579, 576, 571, 579, 488, 576, 579, 571, 574, 580, 577, 572, 580, 572, 575, 581, 428, 429, 581, 429, 430, 581, 578, 428, 582, 491, 490, 582, 574, 577, 582, 492, 491, 582, 579, 574, 582, 490, 579, 583, 580, 575, 583, 575, 578, 583, 578, 581, 584, 430, 431, 584, 431, 432, 584, 581, 430, 585, 493, 492, 585, 494, 493, 585, 492, 582, 585, 582, 577, 585, 577, 580, 586, 583, 581, 587, 432, 433, 587, 433, 434, 587, 584, 432, 588, 495, 494, 588, 496, 495, 588, 580, 583, 588, 494, 585, 588, 585, 580, 589, 581, 584, 589, 586, 581, 589, 584, 587, 590, 434, 435, 590, 435, 436, 590, 587, 434, 591, 497, 496, 591, 498, 497, 591, 496, 588, 591, 583, 586, 591, 588, 583, 592, 589, 587, 593, 436, 437, 593, 437, 438, 593, 590, 436, 594, 499, 498, 594, 500, 499, 594, 498, 591, 594, 586, 589, 594, 591, 586, 595, 587, 590, 595, 592, 587, 596, 438, 439, 596, 439, 440, 596, 593, 438, 597, 501, 500, 597, 502, 501, 597, 589, 592, 597, 500, 594, 597, 594, 589, 598, 590, 593, 598, 595, 590, 599, 440, 441, 599, 441, 442, 599, 596, 440, 600, 597, 592, 600, 595, 598, 600, 503, 502, 600, 504, 503, 600, 592, 595, 600, 502, 597, 601, 598, 593, 601, 593, 596, 602, 442, 443, 602, 443, 444, 602, 599, 442, 602, 444, 446, 603, 598, 601, 603, 504, 600, 603, 505, 504, 603, 506, 505, 603, 600, 598, 604, 596, 599, 604, 601, 596, 605, 603, 601, 605, 506, 603, 605, 507, 506, 605, 508, 507, 606, 599, 602, 606, 604, 599, 606, 602, 446, 606, 446, 447, 606, 447, 448, 607, 601, 604, 607, 605, 601, 607, 509, 508, 607, 510, 509, 607, 508, 605, 607, 604, 606, 608, 448, 512, 608, 511, 510, 608, 512, 511, 608, 606, 448, 608, 607, 606, 608, 510, 607, 675, 609, 610, 675, 674, 609, 676, 610, 611, 676, 675, 610, 677, 611, 612, 677, 676, 611, 678, 612, 613, 678, 677, 612, 679, 613, 614, 679, 678, 613, 680, 614, 615, 680, 679, 614, 681, 615, 616, 681, 680, 615, 617, 681, 616, 682, 681, 617, 683, 617, 618, 683, 682, 617, 619, 683, 618, 684, 683, 619, 620, 684, 619, 685, 684, 620, 686, 620, 621, 686, 685, 620, 687, 621, 622, 687, 686, 621, 688, 622, 623, 688, 687, 622, 689, 623, 624, 689, 688, 623, 690, 624, 625, 690, 689, 624, 626, 690, 625, 691, 690, 626, 692, 626, 627, 692, 691, 626, 693, 692, 627, 693, 627, 628, 694, 693, 628, 694, 628, 629, 695, 694, 629, 695, 629, 630, 696, 695, 630, 696, 630, 631, 697, 696, 631, 697, 631, 632, 698, 632, 633, 698, 697, 632, 699, 633, 634, 699, 698, 633, 700, 634, 635, 700, 699, 634, 701, 635, 636, 701, 700, 635, 702, 636, 637, 702, 701, 636, 703, 637, 638, 703, 702, 637, 704, 638, 639, 704, 703, 638, 705, 639, 640, 705, 704, 639, 706, 640, 641, 706, 705, 640, 642, 706, 641, 707, 706, 642, 643, 707, 642, 708, 707, 643, 709, 643, 644, 709, 708, 643, 710, 644, 645, 710, 709, 644, 711, 645, 646, 711, 710, 645, 712, 646, 647, 712, 711, 646, 713, 647, 648, 713, 712, 647, 714, 648, 649, 714, 713, 648, 715, 649, 650, 715, 714, 649, 716, 650, 651, 716, 715, 650, 717, 716, 651, 717, 651, 652, 718, 652, 653, 718, 717, 652, 719, 718, 653, 719, 653, 654, 720, 719, 654, 720, 654, 655, 721, 720, 655, 721, 655, 656, 722, 721, 656, 722, 656, 657, 723, 722, 657, 723, 657, 658, 724, 723, 658, 724, 658, 659, 725, 724, 659, 725, 659, 660, 726, 725, 660, 726, 660, 661, 727, 726, 661, 727, 661, 662, 728, 727, 662, 728, 662, 663, 729, 728, 663, 729, 663, 664, 730, 729, 664, 730, 664, 665, 731, 730, 665, 731, 665, 666, 732, 666, 667, 732, 731, 666, 733, 667, 668, 733, 732, 667, 734, 668, 669, 734, 733, 668, 735, 669, 670, 735, 734, 669, 736, 670, 671, 736, 735, 670, 673, 671, 672, 673, 736, 671, 803, 737, 738, 803, 802, 737, 804, 738, 739, 804, 803, 738, 805, 739, 740, 805, 804, 739, 806, 740, 741, 806, 805, 740, 807, 741, 742, 807, 806, 741, 808, 742, 743, 808, 743, 744, 808, 807, 742, 809, 808, 744, 810, 744, 745, 810, 809, 744, 811, 745, 746, 811, 810, 745, 812, 746, 747, 812, 811, 746, 813, 747, 748, 813, 812, 747, 814, 748, 749, 814, 813, 748, 815, 749, 750, 815, 750, 751, 815, 814, 749, 816, 751, 752, 816, 815, 751, 817, 816, 752, 818, 752, 753, 818, 753, 754, 818, 817, 752, 819, 818, 754, 820, 819, 754, 820, 754, 755, 821, 820, 755, 821, 755, 756, 822, 821, 756, 822, 756, 757, 823, 822, 757, 823, 757, 758, 824, 823, 758, 824, 758, 759, 825, 759, 760, 825, 824, 759, 826, 760, 761, 826, 825, 760, 827, 761, 762, 827, 826, 761, 828, 762, 763, 828, 827, 762, 829, 763, 764, 829, 828, 763, 830, 764, 765, 830, 829, 764, 831, 765, 766, 831, 830, 765, 832, 766, 767, 832, 831, 766, 833, 767, 768, 833, 832, 767, 834, 768, 769, 834, 833, 768, 835, 769, 770, 835, 770, 771, 835, 834, 769, 836, 835, 771, 837, 771, 772, 837, 836, 771, 838, 772, 773, 838, 837, 772, 839, 773, 774, 839, 838, 773, 840, 774, 775, 840, 775, 776, 840, 839, 774, 841, 840, 776, 842, 776, 777, 842, 841, 776, 843, 777, 778, 843, 842, 777, 844, 778, 779, 844, 843, 778, 845, 844, 779, 845, 779, 780, 846, 845, 780, 846, 780, 781, 847, 846, 781, 847, 781, 782, 848, 847, 782, 848, 782, 783, 849, 848, 783, 849, 783, 784, 850, 849, 784, 850, 784, 785, 851, 850, 785, 851, 785, 786, 852, 851, 786, 852, 786, 787, 853, 852, 787, 853, 787, 788, 854, 853, 788, 854, 788, 789, 854, 789, 790, 855, 854, 790, 856, 855, 790, 856, 790, 791, 857, 856, 791, 857, 791, 792, 858, 792, 793, 858, 857, 792, 859, 793, 794, 859, 858, 793, 860, 794, 795, 860, 859, 794, 861, 795, 796, 861, 860, 795, 862, 796, 797, 862, 861, 796, 863, 797, 798, 863, 862, 797, 864, 798, 799, 864, 863, 798, 801, 799, 800, 801, 864, 799, 931, 865, 866, 931, 930, 865, 932, 866, 867, 932, 931, 866, 933, 867, 868, 933, 932, 867, 934, 868, 869, 934, 933, 868, 935, 869, 870, 935, 934, 869, 936, 870, 871, 936, 935, 870, 937, 871, 872, 937, 936, 871, 938, 872, 873, 938, 937, 872, 939, 873, 874, 939, 938, 873, 940, 874, 875, 940, 939, 874, 941, 875, 876, 941, 940, 875, 942, 876, 877, 942, 941, 876, 943, 877, 878, 943, 942, 877, 944, 878, 879, 944, 943, 878, 945, 879, 880, 945, 944, 879, 946, 880, 881, 946, 945, 880, 947, 881, 882, 947, 946, 881, 883, 947, 882, 948, 947, 883, 949, 948, 883, 949, 883, 884, 950, 949, 884, 950, 884, 885, 951, 950, 885, 951, 885, 886, 952, 951, 886, 952, 886, 887, 888, 952, 887, 953, 952, 888, 954, 888, 889, 954, 953, 888, 955, 889, 890, 955, 954, 889, 891, 955, 890, 956, 955, 891, 957, 891, 892, 957, 956, 891, 893, 957, 892, 958, 957, 893, 959, 893, 894, 959, 958, 893, 960, 894, 895, 960, 959, 894, 896, 960, 895, 961, 960, 896, 897, 961, 896, 962, 961, 897, 963, 897, 898, 963, 962, 897, 964, 898, 899, 964, 963, 898, 900, 964, 899, 965, 964, 900, 966, 900, 901, 966, 965, 900, 902, 966, 901, 967, 966, 902, 903, 967, 902, 968, 967, 903, 969, 903, 904, 969, 968, 903, 970, 904, 905, 970, 969, 904, 971, 905, 906, 971, 970, 905, 972, 906, 907, 972, 971, 906, 908, 972, 907, 973, 972, 908, 974, 973, 908, 974, 908, 909, 975, 974, 909, 975, 909, 910, 976, 975, 910, 976, 910, 911, 977, 976, 911, 977, 911, 912, 978, 977, 912, 978, 912, 913, 979, 978, 913, 979, 913, 914, 980, 979, 914, 980, 914, 915, 981, 980, 915, 981, 915, 916, 982, 981, 916, 982, 916, 917, 983, 982, 917, 983, 917, 918, 984, 983, 918, 984, 918, 919, 985, 984, 919, 985, 919, 920, 986, 985, 920, 986, 920, 921, 987, 986, 921, 987, 921, 922, 988, 922, 923, 988, 987, 922, 989, 923, 924, 989, 988, 923, 990, 924, 925, 990, 989, 924, 991, 925, 926, 991, 990, 925, 992, 926, 927, 992, 991, 926, 929, 927, 928, 929, 992, 927, 1000, 999, 1064, 998, 1061, 997, 1065, 1062, 993, 1066, 1065, 993, 1067, 1066, 993, 1068, 1062, 1065, 1068, 1063, 1062, 1069, 1067, 993, 1070, 1068, 1065, 1070, 1065, 1066, 1071, 1069, 993, 1072, 1066, 1067, 1072, 1070, 1066, 1073, 1071, 993, 1074, 1001, 1000, 1074, 1002, 1001, 1074, 1063, 1068, 1074, 1064, 1063, 1074, 1000, 1064, 1075, 1067, 1069, 1075, 1072, 1067, 1076, 1073, 993, 1077, 1002, 1074, 1077, 1003, 1002, 1077, 1004, 1003, 1077, 1068, 1070, 1077, 1074, 1068, 1078, 1075, 1069, 1078, 1069, 1071, 1079, 1076, 993, 1080, 1077, 1070, 1080, 1005, 1004, 1080, 1006, 1005, 1080, 1004, 1077, 1080, 1070, 1072, 1081, 1078, 1071, 1081, 1071, 1073, 1082, 1079, 993, 1083, 1080, 1072, 1083, 1007, 1006, 1083, 1008, 1007, 1083, 1006, 1080, 1083, 1072, 1075, 1084, 1073, 1076, 1084, 1081, 1073, 1085, 1082, 993, 1086, 1008, 1083, 1086, 1009, 1008, 1086, 1010, 1009, 1086, 1075, 1078, 1086, 1083, 1075, 1087, 1084, 1076, 1087, 1076, 1079, 1088, 1085, 993, 1089, 1010, 1086, 1089, 1011, 1010, 1089, 1012, 1011, 1089, 1078, 1081, 1089, 1086, 1078, 1090, 1087, 1079, 1090, 1079, 1082, 1091, 1088, 993, 1092, 1081, 1084, 1092, 1013, 1012, 1092, 1014, 1013, 1092, 1012, 1089, 1092, 1089, 1081, 1093, 1082, 1085, 1093, 1085, 1088, 1093, 1090, 1082, 1094, 1091, 993, 1095, 1014, 1092, 1095, 1015, 1014, 1095, 1016, 1015, 1095, 1092, 1084, 1095, 1084, 1087, 1096, 1093, 1088, 1097, 1094, 993, 1098, 1087, 1090, 1098, 1017, 1016, 1098, 1018, 1017, 1098, 1095, 1087, 1098, 1016, 1095, 1099, 1088, 1091, 1099, 1096, 1088, 1100, 1097, 993, 1101, 1019, 1018, 1101, 1020, 1019, 1101, 1090, 1093, 1101, 1018, 1098, 1101, 1098, 1090, 1101, 1093, 1096, 1102, 1099, 1091, 1102, 1091, 1094, 1103, 993, 994, 1103, 1100, 993, 1104, 1021, 1020, 1104, 1022, 1021, 1104, 1101, 1096, 1104, 1020, 1101, 1105, 1102, 1094, 1105, 1097, 1100, 1105, 1094, 1097, 1106, 1103, 994, 1107, 1023, 1022, 1107, 1024, 1023, 1107, 1096, 1099, 1107, 1022, 1104, 1107, 1104, 1096, 1108, 1105, 1100, 1109, 1106, 994, 1110, 1099, 1102, 1110, 1025, 1024, 1110, 1026, 1025, 1110, 1024, 1107, 1110, 1102, 1105, 1110, 1107, 1099, 1111, 1100, 1103, 1111, 1108, 1100, 1112, 1109, 994, 1113, 1027, 1026, 1113, 1028, 1027, 1113, 1110, 1105, 1113, 1026, 1110, 1114, 1111, 1103, 1114, 1103, 1106, 1115, 1112, 994, 1116, 1029, 1028, 1116, 1030, 1029, 1116, 1108, 1111, 1116, 1105, 1108, 1116, 1028, 1113, 1116, 1113, 1105, 1117, 1106, 1109, 1117, 1114, 1106, 1118, 1115, 994, 1119, 1116, 1111, 1119, 1031, 1030, 1119, 1030, 1116, 1120, 1109, 1112, 1120, 1112, 1115, 1120, 1117, 1109, 1121, 1118, 994, 1122, 1031, 1119, 1122, 1119, 1111, 1122, 1032, 1031, 1122, 1033, 1032, 1122, 1111, 1114, 1123, 1120, 1115, 1124, 1121, 994, 1125, 1033, 1122, 1125, 1122, 1114, 1125, 1034, 1033, 1125, 1035, 1034, 1125, 1114, 1117, 1126, 1115, 1118, 1126, 1123, 1115, 1127, 1124, 994, 1128, 1120, 1123, 1128, 1125, 1117, 1128, 1036, 1035, 1128, 1037, 1036, 1128, 1035, 1125, 1128, 1117, 1120, 1129, 1118, 1121, 1129, 1121, 1124, 1129, 1126, 1118, 1130, 1127, 994, 1131, 1128, 1123, 1131, 1038, 1037, 1131, 1039, 1038, 1131, 1037, 1128, 1132, 1129, 1124, 1133, 1130, 994, 1134, 1123, 1126, 1134, 1040, 1039, 1134, 1041, 1040, 1134, 1131, 1123, 1134, 1039, 1131, 1135, 1124, 1127, 1135, 1132, 1124, 1136, 1133, 994, 1137, 1126, 1129, 1137, 1134, 1126, 1137, 1129, 1132, 1137, 1041, 1134, 1137, 1042, 1041, 1137, 1043, 1042, 1138, 1127, 1130, 1138, 1135, 1127, 1139, 1136, 994, 1140, 1043, 1137, 1140, 1137, 1132, 1140, 1044, 1043, 1140, 1045, 1044, 1141, 1130, 1133, 1141, 1138, 1130, 1142, 1139, 994, 1143, 1140, 1132, 1143, 1135, 1138, 1143, 1046, 1045, 1143, 1047, 1046, 1143, 1045, 1140, 1143, 1132, 1135, 1144, 1141, 1133, 1144, 1133, 1136, 1144, 1136, 1139, 1145, 1142, 994, 1146, 1047, 1143, 1146, 1048, 1047, 1146, 1049, 1048, 1146, 1138, 1141, 1146, 1143, 1138, 1147, 1144, 1139, 1148, 994, 995, 1148, 1145, 994, 1149, 1050, 1049, 1149, 1051, 1050, 1149, 1141, 1144, 1149, 1049, 1146, 1149, 1146, 1141, 1150, 1139, 1142, 1150, 1147, 1139, 1151, 1051, 1149, 1151, 1052, 1051, 1151, 1053, 1052, 1151, 1149, 1144, 1152, 1142, 1145, 1152, 1150, 1142, 1153, 1053, 1151, 1153, 1054, 1053, 1153, 1055, 1054, 1153, 1144, 1147, 1153, 1147, 1150, 1153, 1151, 1144, 1154, 995, 996, 1154, 1148, 995, 1154, 1145, 1148, 1154, 1152, 1145, 1155, 1055, 1153, 1155, 1056, 1055, 1155, 1057, 1056, 1155, 1153, 1150, 1156, 1150, 1152, 1156, 1057, 1155, 1156, 1058, 1057, 1156, 1059, 1058, 1156, 1155, 1150, 1157, 996, 997, 1157, 1152, 1154, 1157, 1156, 1152, 1157, 997, 1061, 1157, 1059, 1156, 1157, 1060, 1059, 1157, 1061, 1060, 1157, 1154, 996, 1224, 1158, 1159, 1224, 1223, 1158, 1225, 1159, 1160, 1225, 1224, 1159, 1226, 1160, 1161, 1226, 1225, 1160, 1227, 1161, 1162, 1227, 1226, 1161, 1228, 1162, 1163, 1228, 1227, 1162, 1164, 1228, 1163, 1229, 1228, 1164, 1230, 1164, 1165, 1230, 1229, 1164, 1231, 1165, 1166, 1231, 1230, 1165, 1232, 1166, 1167, 1232, 1231, 1166, 1233, 1167, 1168, 1233, 1232, 1167, 1234, 1168, 1169, 1234, 1233, 1168, 1170, 1234, 1169, 1235, 1234, 1170, 1236, 1170, 1171, 1236, 1235, 1170, 1237, 1171, 1172, 1237, 1236, 1171, 1238, 1172, 1173, 1238, 1237, 1172, 1239, 1173, 1174, 1239, 1238, 1173, 1175, 1239, 1174, 1240, 1239, 1175, 1241, 1175, 1176, 1241, 1240, 1175, 1177, 1241, 1176, 1242, 1241, 1177, 1243, 1242, 1177, 1243, 1177, 1178, 1179, 1243, 1178, 1244, 1243, 1179, 1245, 1244, 1179, 1245, 1179, 1180, 1181, 1245, 1180, 1246, 1245, 1181, 1247, 1181, 1182, 1247, 1246, 1181, 1248, 1182, 1183, 1248, 1247, 1182, 1184, 1248, 1183, 1249, 1248, 1184, 1185, 1249, 1184, 1250, 1249, 1185, 1251, 1185, 1186, 1251, 1250, 1185, 1252, 1186, 1187, 1252, 1251, 1186, 1253, 1187, 1188, 1253, 1252, 1187, 1254, 1188, 1189, 1254, 1253, 1188, 1190, 1254, 1189, 1255, 1254, 1190, 1191, 1255, 1190, 1256, 1255, 1191, 1192, 1256, 1191, 1257, 1256, 1192, 1258, 1192, 1193, 1258, 1257, 1192, 1194, 1258, 1193, 1259, 1258, 1194, 1195, 1259, 1194, 1260, 1259, 1195, 1261, 1195, 1196, 1261, 1260, 1195, 1262, 1196, 1197, 1262, 1261, 1196, 1198, 1262, 1197, 1263, 1262, 1198, 1199, 1263, 1198, 1264, 1263, 1199, 1265, 1199, 1200, 1265, 1264, 1199, 1201, 1265, 1200, 1266, 1265, 1201, 1267, 1266, 1201, 1267, 1201, 1202, 1203, 1267, 1202, 1268, 1267, 1203, 1204, 1268, 1203, 1269, 1268, 1204, 1270, 1269, 1204, 1270, 1204, 1205, 1271, 1270, 1205, 1271, 1205, 1206, 1272, 1271, 1206, 1272, 1206, 1207, 1273, 1272, 1207, 1273, 1207, 1208, 1274, 1273, 1208, 1274, 1208, 1209, 1275, 1274, 1209, 1275, 1209, 1210, 1276, 1275, 1210, 1276, 1210, 1211, 1277, 1276, 1211, 1277, 1211, 1212, 1278, 1277, 1212, 1278, 1212, 1213, 1279, 1278, 1213, 1279, 1213, 1214, 1280, 1279, 1214, 1280, 1214, 1215, 1281, 1215, 1216, 1281, 1280, 1215, 1282, 1216, 1217, 1282, 1281, 1216, 1283, 1217, 1218, 1283, 1282, 1217, 1284, 1218, 1219, 1284, 1283, 1218, 1220, 1284, 1219, 1285, 1284, 1220, 1222, 1220, 1221, 1222, 1285, 1220, 1352, 1286, 1287, 1352, 1351, 1286, 1353, 1287, 1288, 1353, 1352, 1287, 1354, 1288, 1289, 1354, 1353, 1288, 1355, 1289, 1290, 1355, 1354, 1289, 1356, 1290, 1291, 1356, 1355, 1290, 1357, 1291, 1292, 1357, 1356, 1291, 1358, 1292, 1293, 1358, 1357, 1292, 1359, 1293, 1294, 1359, 1358, 1293, 1295, 1359, 1294, 1360, 1359, 1295, 1361, 1295, 1296, 1361, 1360, 1295, 1362, 1296, 1297, 1362, 1361, 1296, 1363, 1297, 1298, 1363, 1362, 1297, 1364, 1298, 1299, 1364, 1363, 1298, 1365, 1299, 1300, 1365, 1364, 1299, 1366, 1300, 1301, 1366, 1365, 1300, 1367, 1301, 1302, 1367, 1366, 1301, 1368, 1302, 1303, 1368, 1367, 1302, 1369, 1303, 1304, 1369, 1368, 1303, 1370, 1369, 1304, 1370, 1304, 1305, 1371, 1370, 1305, 1371, 1305, 1306, 1372, 1371, 1306, 1372, 1306, 1307, 1308, 1372, 1307, 1373, 1372, 1308, 1374, 1373, 1308, 1374, 1308, 1309, 1375, 1309, 1310, 1375, 1374, 1309, 1376, 1310, 1311, 1376, 1375, 1310, 1377, 1311, 1312, 1377, 1376, 1311, 1378, 1312, 1313, 1378, 1377, 1312, 1379, 1313, 1314, 1379, 1378, 1313, 1380, 1314, 1315, 1380, 1379, 1314, 1381, 1315, 1316, 1381, 1380, 1315, 1382, 1316, 1317, 1382, 1381, 1316, 1383, 1317, 1318, 1383, 1382, 1317, 1319, 1383, 1318, 1384, 1383, 1319, 1385, 1319, 1320, 1385, 1384, 1319, 1386, 1320, 1321, 1386, 1385, 1320, 1387, 1321, 1322, 1387, 1386, 1321, 1323, 1387, 1322, 1388, 1387, 1323, 1389, 1323, 1324, 1389, 1388, 1323, 1390, 1324, 1325, 1390, 1389, 1324, 1326, 1390, 1325, 1391, 1390, 1326, 1392, 1326, 1327, 1392, 1391, 1326, 1328, 1392, 1327, 1393, 1392, 1328, 1394, 1393, 1328, 1394, 1328, 1329, 1395, 1394, 1329, 1395, 1329, 1330, 1396, 1395, 1330, 1396, 1330, 1331, 1397, 1396, 1331, 1397, 1331, 1332, 1398, 1397, 1332, 1398, 1332, 1333, 1399, 1398, 1333, 1399, 1333, 1334, 1400, 1399, 1334, 1400, 1334, 1335, 1401, 1400, 1335, 1401, 1335, 1336, 1402, 1401, 1336, 1402, 1336, 1337, 1338, 1402, 1337, 1403, 1402, 1338, 1404, 1403, 1338, 1404, 1338, 1339, 1405, 1404, 1339, 1405, 1339, 1340, 1406, 1405, 1340, 1406, 1340, 1341, 1407, 1406, 1341, 1407, 1341, 1342, 1343, 1407, 1342, 1408, 1407, 1343, 1409, 1343, 1344, 1409, 1408, 1343, 1410, 1344, 1345, 1410, 1409, 1344, 1346, 1410, 1345, 1411, 1410, 1346, 1412, 1346, 1347, 1412, 1411, 1346, 1413, 1347, 1348, 1413, 1412, 1347, 1349, 1413, 1348, 1350, 1413, 1349, 1480, 1414, 1415, 1480, 1479, 1414, 1481, 1415, 1416, 1481, 1480, 1415, 1482, 1416, 1417, 1482, 1481, 1416, 1483, 1417, 1418, 1483, 1482, 1417, 1484, 1418, 1419, 1484, 1483, 1418, 1420, 1484, 1419, 1485, 1484, 1420, 1486, 1420, 1421, 1486, 1485, 1420, 1422, 1486, 1421, 1487, 1486, 1422, 1488, 1422, 1423, 1488, 1487, 1422, 1424, 1488, 1423, 1489, 1488, 1424, 1490, 1424, 1425, 1490, 1489, 1424, 1491, 1425, 1426, 1491, 1490, 1425, 1492, 1426, 1427, 1492, 1491, 1426, 1493, 1427, 1428, 1493, 1492, 1427, 1494, 1428, 1429, 1494, 1493, 1428, 1495, 1429, 1430, 1495, 1494, 1429, 1496, 1430, 1431, 1496, 1495, 1430, 1497, 1431, 1432, 1497, 1496, 1431, 1498, 1497, 1432, 1498, 1432, 1433, 1434, 1498, 1433, 1499, 1498, 1434, 1500, 1499, 1434, 1500, 1434, 1435, 1501, 1500, 1435, 1501, 1435, 1436, 1437, 1501, 1436, 1502, 1501, 1437, 1503, 1437, 1438, 1503, 1502, 1437, 1439, 1503, 1438, 1504, 1503, 1439, 1440, 1504, 1439, 1505, 1504, 1440, 1441, 1505, 1440, 1506, 1505, 1441, 1507, 1441, 1442, 1507, 1506, 1441, 1508, 1442, 1443, 1508, 1507, 1442, 1444, 1508, 1443, 1509, 1508, 1444, 1510, 1444, 1445, 1510, 1509, 1444, 1446, 1510, 1445, 1511, 1510, 1446, 1447, 1511, 1446, 1512, 1511, 1447, 1513, 1447, 1448, 1513, 1512, 1447, 1449, 1513, 1448, 1514, 1513, 1449, 1450, 1514, 1449, 1515, 1514, 1450, 1516, 1450, 1451, 1516, 1515, 1450, 1517, 1451, 1452, 1517, 1516, 1451, 1518, 1452, 1453, 1518, 1517, 1452, 1519, 1453, 1454, 1519, 1518, 1453, 1455, 1519, 1454, 1520, 1519, 1455, 1521, 1455, 1456, 1521, 1520, 1455, 1522, 1521, 1456, 1522, 1456, 1457, 1523, 1457, 1458, 1523, 1522, 1457, 1524, 1523, 1458, 1524, 1458, 1459, 1525, 1524, 1459, 1525, 1459, 1460, 1526, 1525, 1460, 1526, 1460, 1461, 1527, 1526, 1461, 1527, 1461, 1462, 1528, 1527, 1462, 1528, 1462, 1463, 1464, 1528, 1463, 1529, 1528, 1464, 1530, 1529, 1464, 1530, 1464, 1465, 1531, 1530, 1465, 1531, 1465, 1466, 1532, 1531, 1466, 1532, 1466, 1467, 1468, 1532, 1467, 1533, 1532, 1468, 1469, 1533, 1468, 1534, 1533, 1469, 1535, 1534, 1469, 1535, 1469, 1470, 1536, 1535, 1470, 1536, 1470, 1471, 1537, 1471, 1472, 1537, 1536, 1471, 1538, 1472, 1473, 1538, 1537, 1472, 1474, 1538, 1473, 1539, 1538, 1474, 1540, 1474, 1475, 1540, 1539, 1474, 1476, 1540, 1475, 1541, 1540, 1476, 1478, 1476, 1477, 1478, 1541, 1476, 1608, 1542, 1543, 1608, 1607, 1542, 1609, 1543, 1544, 1609, 1608, 1543, 1610, 1544, 1545, 1610, 1609, 1544, 1611, 1545, 1546, 1611, 1610, 1545, 1547, 1611, 1546, 1612, 1611, 1547, 1613, 1547, 1548, 1613, 1612, 1547, 1614, 1548, 1549, 1614, 1613, 1548, 1615, 1549, 1550, 1615, 1614, 1549, 1551, 1615, 1550, 1616, 1615, 1551, 1617, 1551, 1552, 1617, 1616, 1551, 1553, 1617, 1552, 1618, 1617, 1553, 1619, 1553, 1554, 1619, 1618, 1553, 1620, 1554, 1555, 1620, 1619, 1554, 1621, 1555, 1556, 1621, 1620, 1555, 1622, 1556, 1557, 1622, 1621, 1556, 1623, 1557, 1558, 1623, 1622, 1557, 1624, 1558, 1559, 1624, 1623, 1558, 1625, 1559, 1560, 1625, 1624, 1559, 1626, 1625, 1560, 1626, 1560, 1561, 1627, 1626, 1561, 1627, 1561, 1562, 1628, 1627, 1562, 1628, 1562, 1563, 1629, 1628, 1563, 1629, 1563, 1564, 1630, 1629, 1564, 1630, 1564, 1565, 1631, 1565, 1566, 1631, 1630, 1565, 1632, 1566, 1567, 1632, 1631, 1566, 1568, 1632, 1567, 1633, 1632, 1568, 1634, 1568, 1569, 1634, 1633, 1568, 1635, 1569, 1570, 1635, 1634, 1569, 1571, 1635, 1570, 1636, 1635, 1571, 1637, 1571, 1572, 1637, 1636, 1571, 1638, 1572, 1573, 1638, 1637, 1572, 1574, 1638, 1573, 1639, 1638, 1574, 1640, 1574, 1575, 1640, 1639, 1574, 1576, 1640, 1575, 1641, 1640, 1576, 1577, 1641, 1576, 1642, 1641, 1577, 1643, 1577, 1578, 1643, 1642, 1577, 1644, 1578, 1579, 1644, 1643, 1578, 1580, 1644, 1579, 1645, 1644, 1580, 1646, 1580, 1581, 1646, 1645, 1580, 1647, 1581, 1582, 1647, 1646, 1581, 1648, 1582, 1583, 1648, 1647, 1582, 1649, 1583, 1584, 1649, 1648, 1583, 1650, 1649, 1584, 1650, 1584, 1585, 1651, 1585, 1586, 1651, 1650, 1585, 1652, 1651, 1586, 1652, 1586, 1587, 1653, 1652, 1587, 1653, 1587, 1588, 1654, 1653, 1588, 1654, 1588, 1589, 1655, 1654, 1589, 1655, 1589, 1590, 1656, 1655, 1590, 1656, 1590, 1591, 1657, 1656, 1591, 1657, 1591, 1592, 1658, 1657, 1592, 1658, 1592, 1593, 1659, 1658, 1593, 1659, 1593, 1594, 1660, 1659, 1594, 1660, 1594, 1595, 1661, 1660, 1595, 1661, 1595, 1596, 1662, 1661, 1596, 1662, 1596, 1597, 1663, 1662, 1597, 1663, 1597, 1598, 1664, 1663, 1598, 1664, 1598, 1599, 1665, 1599, 1600, 1665, 1664, 1599, 1666, 1600, 1601, 1666, 1665, 1600, 1667, 1601, 1602, 1667, 1666, 1601, 1668, 1602, 1603, 1668, 1667, 1602, 1669, 1603, 1604, 1669, 1668, 1603, 1606, 1604, 1605, 1606, 1669, 1604, 1736, 1670, 1671, 1736, 1735, 1670, 1737, 1671, 1672, 1737, 1736, 1671, 1738, 1672, 1673, 1738, 1737, 1672, 1739, 1673, 1674, 1739, 1738, 1673, 1740, 1674, 1675, 1740, 1739, 1674, 1741, 1675, 1676, 1741, 1740, 1675, 1742, 1676, 1677, 1742, 1741, 1676, 1743, 1677, 1678, 1743, 1742, 1677, 1744, 1678, 1679, 1744, 1743, 1678, 1745, 1679, 1680, 1745, 1744, 1679, 1681, 1745, 1680, 1746, 1745, 1681, 1747, 1681, 1682, 1747, 1746, 1681, 1748, 1682, 1683, 1748, 1747, 1682, 1749, 1683, 1684, 1749, 1748, 1683, 1750, 1684, 1685, 1750, 1749, 1684, 1751, 1685, 1686, 1751, 1750, 1685, 1752, 1686, 1687, 1752, 1751, 1686, 1753, 1687, 1688, 1753, 1752, 1687, 1754, 1753, 1688, 1754, 1688, 1689, 1755, 1754, 1689, 1755, 1689, 1690, 1756, 1755, 1690, 1756, 1690, 1691, 1757, 1756, 1691, 1757, 1691, 1692, 1758, 1757, 1692, 1758, 1692, 1693, 1759, 1693, 1694, 1759, 1758, 1693, 1760, 1694, 1695, 1760, 1759, 1694, 1761, 1695, 1696, 1761, 1760, 1695, 1697, 1761, 1696, 1762, 1761, 1697, 1763, 1697, 1698, 1763, 1762, 1697, 1764, 1698, 1699, 1764, 1763, 1698, 1700, 1764, 1699, 1765, 1764, 1700, 1701, 1765, 1700, 1766, 1765, 1701, 1767, 1701, 1702, 1767, 1766, 1701, 1703, 1767, 1702, 1768, 1767, 1703, 1769, 1703, 1704, 1769, 1768, 1703, 1770, 1704, 1705, 1770, 1769, 1704, 1771, 1705, 1706, 1771, 1770, 1705, 1772, 1706, 1707, 1772, 1771, 1706, 1708, 1772, 1707, 1773, 1772, 1708, 1774, 1708, 1709, 1774, 1773, 1708, 1775, 1709, 1710, 1775, 1774, 1709, 1776, 1710, 1711, 1776, 1775, 1710, 1777, 1711, 1712, 1777, 1776, 1711, 1778, 1777, 1712, 1778, 1712, 1713, 1779, 1713, 1714, 1779, 1778, 1713, 1780, 1779, 1714, 1780, 1714, 1715, 1781, 1780, 1715, 1781, 1715, 1716, 1782, 1781, 1716, 1782, 1716, 1717, 1783, 1782, 1717, 1783, 1717, 1718, 1784, 1783, 1718, 1784, 1718, 1719, 1785, 1784, 1719, 1785, 1719, 1720, 1786, 1785, 1720, 1786, 1720, 1721, 1787, 1786, 1721, 1787, 1721, 1722, 1788, 1787, 1722, 1788, 1722, 1723, 1789, 1788, 1723, 1789, 1723, 1724, 1790, 1789, 1724, 1790, 1724, 1725, 1791, 1790, 1725, 1791, 1725, 1726, 1792, 1791, 1726, 1792, 1726, 1727, 1793, 1727, 1728, 1793, 1792, 1727, 1794, 1728, 1729, 1794, 1793, 1728, 1795, 1729, 1730, 1795, 1794, 1729, 1796, 1730, 1731, 1796, 1795, 1730, 1797, 1731, 1732, 1797, 1796, 1731, 1734, 1732, 1733, 1734, 1797, 1732, 1864, 1798, 1799, 1864, 1863, 1798, 1865, 1799, 1800, 1865, 1864, 1799, 1866, 1800, 1801, 1866, 1865, 1800, 1867, 1801, 1802, 1867, 1866, 1801, 1868, 1802, 1803, 1868, 1867, 1802, 1869, 1803, 1804, 1869, 1868, 1803, 1870, 1804, 1805, 1870, 1869, 1804, 1871, 1805, 1806, 1871, 1870, 1805, 1872, 1806, 1807, 1872, 1871, 1806, 1873, 1807, 1808, 1873, 1872, 1807, 1874, 1808, 1809, 1874, 1873, 1808, 1875, 1809, 1810, 1875, 1874, 1809, 1876, 1810, 1811, 1876, 1875, 1810, 1877, 1811, 1812, 1877, 1876, 1811, 1878, 1812, 1813, 1878, 1877, 1812, 1879, 1813, 1814, 1879, 1878, 1813, 1880, 1814, 1815, 1880, 1879, 1814, 1881, 1815, 1816, 1881, 1880, 1815, 1882, 1881, 1816, 1882, 1816, 1817, 1883, 1882, 1817, 1883, 1817, 1818, 1884, 1883, 1818, 1884, 1818, 1819, 1885, 1884, 1819, 1885, 1819, 1820, 1886, 1885, 1820, 1886, 1820, 1821, 1887, 1821, 1822, 1887, 1886, 1821, 1888, 1822, 1823, 1888, 1887, 1822, 1889, 1823, 1824, 1889, 1888, 1823, 1890, 1824, 1825, 1890, 1889, 1824, 1891, 1825, 1826, 1891, 1890, 1825, 1892, 1826, 1827, 1892, 1891, 1826, 1893, 1827, 1828, 1893, 1892, 1827, 1829, 1893, 1828, 1894, 1893, 1829, 1895, 1829, 1830, 1895, 1894, 1829, 1831, 1895, 1830, 1896, 1895, 1831, 1832, 1896, 1831, 1897, 1896, 1832, 1898, 1832, 1833, 1898, 1897, 1832, 1899, 1833, 1834, 1899, 1898, 1833, 1900, 1834, 1835, 1900, 1899, 1834, 1901, 1835, 1836, 1901, 1900, 1835, 1837, 1901, 1836, 1902, 1901, 1837, 1903, 1837, 1838, 1903, 1902, 1837, 1839, 1903, 1838, 1904, 1903, 1839, 1840, 1904, 1839, 1905, 1904, 1840, 1906, 1905, 1840, 1906, 1840, 1841, 1907, 1906, 1841, 1907, 1841, 1842, 1908, 1907, 1842, 1908, 1842, 1843, 1909, 1908, 1843, 1909, 1843, 1844, 1910, 1909, 1844, 1910, 1844, 1845, 1911, 1910, 1845, 1911, 1845, 1846, 1847, 1911, 1846, 1912, 1911, 1847, 1913, 1912, 1847, 1913, 1847, 1848, 1914, 1913, 1848, 1914, 1848, 1849, 1915, 1914, 1849, 1915, 1849, 1850, 1916, 1915, 1850, 1916, 1850, 1851, 1917, 1916, 1851, 1917, 1851, 1852, 1918, 1917, 1852, 1918, 1852, 1853, 1919, 1918, 1853, 1919, 1853, 1854, 1855, 1919, 1854, 1920, 1919, 1855, 1921, 1855, 1856, 1921, 1920, 1855, 1922, 1856, 1857, 1922, 1921, 1856, 1923, 1857, 1858, 1923, 1922, 1857, 1924, 1858, 1859, 1924, 1923, 1858, 1925, 1859, 1860, 1925, 1924, 1859, 1862, 1860, 1861, 1862, 1925, 1860, 1992, 1926, 1927, 1992, 1991, 1926, 1993, 1927, 1928, 1993, 1992, 1927, 1994, 1928, 1929, 1994, 1993, 1928, 1930, 1994, 1929, 1995, 1994, 1930, 1996, 1930, 1931, 1996, 1995, 1930, 1997, 1931, 1932, 1997, 1996, 1931, 1998, 1932, 1933, 1998, 1997, 1932, 1999, 1933, 1934, 1999, 1998, 1933, 2000, 1934, 1935, 2000, 1999, 1934, 2001, 1935, 1936, 2001, 2000, 1935, 2002, 1936, 1937, 2002, 2001, 1936, 2003, 1937, 1938, 2003, 2002, 1937, 2004, 1938, 1939, 2004, 2003, 1938, 2005, 1939, 1940, 2005, 2004, 1939, 2006, 1940, 1941, 2006, 2005, 1940, 2007, 1941, 1942, 2007, 2006, 1941, 2008, 1942, 1943, 2008, 2007, 1942, 2009, 1943, 1944, 2009, 2008, 1943, 1945, 2009, 1944, 2010, 2009, 1945, 2011, 2010, 1945, 2011, 1945, 1946, 1947, 2011, 1946, 2012, 2011, 1947, 2013, 2012, 1947, 2013, 1947, 1948, 2014, 2013, 1948, 2014, 1948, 1949, 2015, 1949, 1950, 2015, 2014, 1949, 2016, 1950, 1951, 2016, 2015, 1950, 2017, 1951, 1952, 2017, 2016, 1951, 2018, 1952, 1953, 2018, 2017, 1952, 2019, 1953, 1954, 2019, 2018, 1953, 2020, 1954, 1955, 2020, 2019, 1954, 1956, 2020, 1955, 2021, 2020, 1956, 2022, 1956, 1957, 2022, 2021, 1956, 1958, 2022, 1957, 2023, 2022, 1958, 2024, 1958, 1959, 2024, 2023, 1958, 2025, 1959, 1960, 2025, 2024, 1959, 1961, 2025, 1960, 2026, 2025, 1961, 1962, 2026, 1961, 2027, 2026, 1962, 1963, 2027, 1962, 2028, 2027, 1963, 2029, 1963, 1964, 2029, 2028, 1963, 2030, 1964, 1965, 2030, 2029, 1964, 1966, 2030, 1965, 2031, 2030, 1966, 2032, 1966, 1967, 2032, 2031, 1966, 1968, 2032, 1967, 2033, 2032, 1968, 2034, 2033, 1968, 2034, 1968, 1969, 2035, 2034, 1969, 2035, 1969, 1970, 2036, 2035, 1970, 2036, 1970, 1971, 2037, 2036, 1971, 2037, 1971, 1972, 2038, 2037, 1972, 2038, 1972, 1973, 1974, 2038, 1973, 2039, 2038, 1974, 2040, 2039, 1974, 2040, 1974, 1975, 2041, 2040, 1975, 2041, 1975, 1976, 2042, 2041, 1976, 2042, 1976, 1977, 2043, 2042, 1977, 2043, 1977, 1978, 2044, 2043, 1978, 2044, 1978, 1979, 2045, 2044, 1979, 2045, 1979, 1980, 2046, 2045, 1980, 2046, 1980, 1981, 1982, 2046, 1981, 2047, 2046, 1982, 2048, 1982, 1983, 2048, 2047, 1982, 2049, 1983, 1984, 2049, 2048, 1983, 2050, 1984, 1985, 2050, 2049, 1984, 2051, 1985, 1986, 2051, 2050, 1985, 1987, 2051, 1986, 2052, 2051, 1987, 2053, 1987, 1988, 2053, 2052, 1987, 1990, 1988, 1989, 1990, 2053, 1988, 2120, 2054, 2055, 2120, 2119, 2054, 2121, 2055, 2056, 2121, 2120, 2055, 2122, 2056, 2057, 2122, 2121, 2056, 2123, 2057, 2058, 2123, 2122, 2057, 2124, 2058, 2059, 2124, 2123, 2058, 2125, 2059, 2060, 2125, 2124, 2059, 2126, 2060, 2061, 2126, 2125, 2060, 2127, 2061, 2062, 2127, 2126, 2061, 2128, 2062, 2063, 2128, 2127, 2062, 2129, 2063, 2064, 2129, 2128, 2063, 2130, 2064, 2065, 2130, 2129, 2064, 2131, 2065, 2066, 2131, 2130, 2065, 2132, 2066, 2067, 2132, 2131, 2066, 2133, 2067, 2068, 2133, 2132, 2067, 2134, 2068, 2069, 2134, 2133, 2068, 2135, 2069, 2070, 2135, 2134, 2069, 2136, 2070, 2071, 2136, 2135, 2070, 2137, 2071, 2072, 2137, 2136, 2071, 2138, 2137, 2072, 2138, 2072, 2073, 2139, 2138, 2073, 2139, 2073, 2074, 2140, 2139, 2074, 2140, 2074, 2075, 2141, 2140, 2075, 2141, 2075, 2076, 2142, 2141, 2076, 2142, 2076, 2077, 2143, 2077, 2078, 2143, 2142, 2077, 2144, 2078, 2079, 2144, 2143, 2078, 2145, 2079, 2080, 2145, 2144, 2079, 2146, 2080, 2081, 2146, 2145, 2080, 2147, 2081, 2082, 2147, 2146, 2081, 2148, 2082, 2083, 2148, 2147, 2082, 2084, 2148, 2083, 2149, 2148, 2084, 2150, 2084, 2085, 2150, 2149, 2084, 2151, 2085, 2086, 2151, 2150, 2085, 2087, 2151, 2086, 2152, 2151, 2087, 2153, 2087, 2088, 2153, 2152, 2087, 2154, 2088, 2089, 2154, 2153, 2088, 2155, 2089, 2090, 2155, 2154, 2089, 2156, 2090, 2091, 2156, 2155, 2090, 2092, 2156, 2091, 2157, 2156, 2092, 2158, 2092, 2093, 2158, 2157, 2092, 2159, 2093, 2094, 2159, 2158, 2093, 2160, 2094, 2095, 2160, 2159, 2094, 2161, 2095, 2096, 2161, 2160, 2095, 2162, 2161, 2096, 2162, 2096, 2097, 2163, 2097, 2098, 2163, 2162, 2097, 2164, 2163, 2098, 2164, 2098, 2099, 2165, 2164, 2099, 2165, 2099, 2100, 2166, 2165, 2100, 2166, 2100, 2101, 2167, 2166, 2101, 2167, 2101, 2102, 2168, 2167, 2102, 2168, 2102, 2103, 2169, 2168, 2103, 2169, 2103, 2104, 2170, 2169, 2104, 2170, 2104, 2105, 2171, 2170, 2105, 2171, 2105, 2106, 2172, 2171, 2106, 2172, 2106, 2107, 2173, 2172, 2107, 2173, 2107, 2108, 2174, 2173, 2108, 2174, 2108, 2109, 2175, 2174, 2109, 2175, 2109, 2110, 2176, 2175, 2110, 2176, 2110, 2111, 2177, 2111, 2112, 2177, 2176, 2111, 2178, 2112, 2113, 2178, 2177, 2112, 2114, 2178, 2113, 2179, 2178, 2114, 2180, 2114, 2115, 2180, 2179, 2114, 2181, 2115, 2116, 2181, 2180, 2115, 2118, 2116, 2117, 2118, 2181, 2116, 2301, 2237, 2300, 2301, 2238, 2237, 2299, 2300, 2237, 2299, 2236, 2235, 2299, 2237, 2236, 2302, 2238, 2301, 2302, 2239, 2238, 2298, 2299, 2235, 2303, 2239, 2302, 2303, 2240, 2239, 2297, 2235, 2234, 2297, 2298, 2235, 2304, 2241, 2240, 2304, 2240, 2303, 2296, 2297, 2234, 2296, 2234, 2233, 2305, 2242, 2241, 2305, 2243, 2242, 2305, 2241, 2304, 2295, 2233, 2232, 2295, 2296, 2233, 2306, 2243, 2305, 2294, 2232, 2231, 2294, 2295, 2232, 2230, 2294, 2231, 2307, 2244, 2243, 2307, 2243, 2306, 2293, 2294, 2230, 2182, 2244, 2307, 2245, 2182, 2307, 2292, 2230, 2229, 2292, 2293, 2230, 2183, 2182, 2245, 2246, 2183, 2245, 2291, 2229, 2228, 2291, 2292, 2229, 2184, 2183, 2246, 2247, 2184, 2246, 2290, 2291, 2228, 2290, 2228, 2227, 2248, 2184, 2247, 2248, 2185, 2184, 2289, 2227, 2226, 2289, 2290, 2227, 2249, 2186, 2185, 2249, 2185, 2248, 2288, 2289, 2226, 2288, 2226, 2225, 2250, 2187, 2186, 2250, 2186, 2249, 2287, 2288, 2225, 2287, 2225, 2224, 2251, 2188, 2187, 2251, 2187, 2250, 2223, 2287, 2224, 2286, 2287, 2223, 2252, 2189, 2188, 2252, 2188, 2251, 2285, 2286, 2223, 2285, 2223, 2222, 2253, 2189, 2252, 2190, 2189, 2253, 2284, 2285, 2222, 2221, 2284, 2222, 2191, 2190, 2253, 2191, 2253, 2254, 2220, 2283, 2284, 2220, 2284, 2221, 2255, 2191, 2254, 2192, 2191, 2255, 2219, 2282, 2283, 2219, 2283, 2220, 2193, 2192, 2255, 2193, 2255, 2256, 2218, 2282, 2219, 2218, 2281, 2282, 2194, 2256, 2257, 2194, 2193, 2256, 2217, 2281, 2218, 2217, 2280, 2281, 2195, 2257, 2258, 2195, 2194, 2257, 2216, 2280, 2217, 2216, 2279, 2280, 2259, 2195, 2258, 2196, 2195, 2259, 2215, 2279, 2216, 2215, 2278, 2279, 2197, 2196, 2259, 2197, 2259, 2260, 2214, 2278, 2215, 2214, 2277, 2278, 2261, 2197, 2260, 2276, 2277, 2214, 2198, 2197, 2261, 2213, 2276, 2214, 2262, 2198, 2261, 2199, 2198, 2262, 2212, 2276, 2213, 2212, 2275, 2276, 2200, 2199, 2262, 2200, 2262, 2263, 2200, 2263, 2264, 2211, 2275, 2212, 2211, 2273, 2274, 2211, 2274, 2275, 2201, 2200, 2264, 2210, 2273, 2211, 2202, 2201, 2264, 2202, 2264, 2265, 2209, 2273, 2210, 2209, 2272, 2273, 2203, 2202, 2265, 2203, 2265, 2266, 2208, 2272, 2209, 2208, 2271, 2272, 2204, 2203, 2266, 2204, 2266, 2267, 2207, 2271, 2208, 2207, 2269, 2270, 2207, 2270, 2271, 2205, 2204, 2267, 2205, 2267, 2268, 2206, 2269, 2207, 2206, 2205, 2268, 2206, 2268, 2269, 2374, 2308, 2309, 2374, 2373, 2308, 2375, 2309, 2310, 2375, 2374, 2309, 2376, 2310, 2311, 2376, 2311, 2312, 2376, 2375, 2310, 2377, 2376, 2312, 2378, 2312, 2313, 2378, 2377, 2312, 2379, 2313, 2314, 2379, 2378, 2313, 2380, 2314, 2315, 2380, 2315, 2316, 2380, 2379, 2314, 2381, 2316, 2317, 2381, 2380, 2316, 2382, 2381, 2317, 2383, 2317, 2318, 2383, 2382, 2317, 2384, 2318, 2319, 2384, 2383, 2318, 2385, 2319, 2320, 2385, 2384, 2319, 2386, 2320, 2321, 2386, 2321, 2322, 2386, 2385, 2320, 2387, 2386, 2322, 2388, 2322, 2323, 2388, 2323, 2324, 2388, 2387, 2322, 2389, 2388, 2324, 2390, 2389, 2324, 2390, 2324, 2325, 2391, 2325, 2326, 2391, 2390, 2325, 2392, 2391, 2326, 2392, 2326, 2327, 2392, 2327, 2328, 2393, 2392, 2328, 2394, 2393, 2328, 2394, 2328, 2329, 2394, 2329, 2330, 2395, 2394, 2330, 2396, 2395, 2330, 2396, 2330, 2331, 2397, 2331, 2332, 2397, 2396, 2331, 2398, 2332, 2333, 2398, 2397, 2332, 2399, 2333, 2334, 2399, 2398, 2333, 2400, 2334, 2335, 2400, 2399, 2334, 2401, 2335, 2336, 2401, 2400, 2335, 2402, 2336, 2337, 2402, 2337, 2338, 2402, 2401, 2336, 2403, 2402, 2338, 2404, 2338, 2339, 2404, 2403, 2338, 2405, 2339, 2340, 2405, 2404, 2339, 2406, 2340, 2341, 2406, 2405, 2340, 2407, 2341, 2342, 2407, 2342, 2343, 2407, 2406, 2341, 2408, 2343, 2344, 2408, 2407, 2343, 2409, 2408, 2344, 2410, 2344, 2345, 2410, 2409, 2344, 2411, 2345, 2346, 2411, 2410, 2345, 2412, 2346, 2347, 2412, 2347, 2348, 2412, 2411, 2346, 2413, 2412, 2348, 2414, 2348, 2349, 2414, 2413, 2348, 2415, 2349, 2350, 2415, 2350, 2351, 2415, 2414, 2349, 2416, 2415, 2351, 2417, 2416, 2351, 2417, 2351, 2352, 2418, 2417, 2352, 2418, 2352, 2353, 2419, 2418, 2353, 2419, 2353, 2354, 2420, 2419, 2354, 2420, 2354, 2355, 2421, 2420, 2355, 2421, 2355, 2356, 2421, 2356, 2357, 2422, 2421, 2357, 2423, 2422, 2357, 2423, 2357, 2358, 2424, 2423, 2358, 2424, 2358, 2359, 2424, 2359, 2360, 2425, 2424, 2360, 2426, 2425, 2360, 2426, 2360, 2361, 2427, 2426, 2361, 2427, 2361, 2362, 2428, 2427, 2362, 2428, 2362, 2363, 2428, 2363, 2364, 2429, 2428, 2364, 2430, 2364, 2365, 2430, 2365, 2366, 2430, 2429, 2364, 2431, 2430, 2366, 2432, 2366, 2367, 2432, 2431, 2366, 2433, 2367, 2368, 2433, 2432, 2367, 2434, 2368, 2369, 2434, 2369, 2370, 2434, 2433, 2368, 2435, 2434, 2370, 2372, 2370, 2371, 2372, 2435, 2370, 2502, 2436, 2437, 2502, 2501, 2436, 2503, 2437, 2438, 2503, 2502, 2437, 2504, 2438, 2439, 2504, 2503, 2438, 2505, 2439, 2440, 2505, 2504, 2439, 2506, 2440, 2441, 2506, 2505, 2440, 2507, 2441, 2442, 2507, 2506, 2441, 2508, 2442, 2443, 2508, 2507, 2442, 2509, 2443, 2444, 2509, 2508, 2443, 2445, 2509, 2444, 2510, 2509, 2445, 2511, 2445, 2446, 2511, 2510, 2445, 2512, 2446, 2447, 2512, 2511, 2446, 2513, 2447, 2448, 2513, 2512, 2447, 2514, 2448, 2449, 2514, 2513, 2448, 2515, 2449, 2450, 2515, 2514, 2449, 2451, 2515, 2450, 2516, 2515, 2451, 2452, 2516, 2451, 2517, 2516, 2452, 2453, 2517, 2452, 2518, 2517, 2453, 2454, 2518, 2453, 2519, 2518, 2454, 2520, 2519, 2454, 2520, 2454, 2455, 2521, 2520, 2455, 2521, 2455, 2456, 2522, 2521, 2456, 2522, 2456, 2457, 2523, 2522, 2457, 2523, 2457, 2458, 2459, 2523, 2458, 2524, 2523, 2459, 2525, 2459, 2460, 2525, 2524, 2459, 2526, 2460, 2461, 2526, 2525, 2460, 2527, 2461, 2462, 2527, 2526, 2461, 2528, 2462, 2463, 2528, 2527, 2462, 2464, 2528, 2463, 2529, 2528, 2464, 2530, 2464, 2465, 2530, 2529, 2464, 2531, 2465, 2466, 2531, 2530, 2465, 2532, 2466, 2467, 2532, 2531, 2466, 2533, 2467, 2468, 2533, 2532, 2467, 2469, 2533, 2468, 2534, 2533, 2469, 2535, 2469, 2470, 2535, 2534, 2469, 2536, 2470, 2471, 2536, 2535, 2470, 2472, 2536, 2471, 2537, 2536, 2472, 2538, 2472, 2473, 2538, 2537, 2472, 2539, 2473, 2474, 2539, 2538, 2473, 2540, 2474, 2475, 2540, 2539, 2474, 2541, 2475, 2476, 2541, 2540, 2475, 2477, 2541, 2476, 2542, 2541, 2477, 2543, 2477, 2478, 2543, 2542, 2477, 2479, 2543, 2478, 2544, 2543, 2479, 2480, 2544, 2479, 2545, 2544, 2480, 2481, 2545, 2480, 2546, 2545, 2481, 2547, 2546, 2481, 2547, 2481, 2482, 2483, 2547, 2482, 2548, 2547, 2483, 2484, 2548, 2483, 2549, 2548, 2484, 2485, 2549, 2484, 2550, 2549, 2485, 2551, 2550, 2485, 2551, 2485, 2486, 2552, 2551, 2486, 2552, 2486, 2487, 2488, 2552, 2487, 2553, 2552, 2488, 2554, 2553, 2488, 2554, 2488, 2489, 2490, 2554, 2489, 2555, 2554, 2490, 2556, 2555, 2490, 2556, 2490, 2491, 2557, 2556, 2491, 2557, 2491, 2492, 2493, 2557, 2492, 2558, 2557, 2493, 2559, 2493, 2494, 2559, 2558, 2493, 2495, 2559, 2494, 2560, 2559, 2495, 2561, 2495, 2496, 2561, 2560, 2495, 2497, 2561, 2496, 2562, 2561, 2497, 2498, 2562, 2497, 2563, 2562, 2498, 2500, 2498, 2499, 2500, 2563, 2498, 2630, 2564, 2565, 2630, 2629, 2564, 2631, 2565, 2566, 2631, 2630, 2565, 2632, 2566, 2567, 2632, 2631, 2566, 2633, 2567, 2568, 2633, 2632, 2567, 2569, 2633, 2568, 2634, 2633, 2569, 2635, 2569, 2570, 2635, 2634, 2569, 2636, 2570, 2571, 2636, 2635, 2570, 2637, 2571, 2572, 2637, 2636, 2571, 2638, 2572, 2573, 2638, 2637, 2572, 2639, 2573, 2574, 2639, 2638, 2573, 2640, 2574, 2575, 2640, 2639, 2574, 2641, 2575, 2576, 2641, 2640, 2575, 2642, 2576, 2577, 2642, 2641, 2576, 2643, 2577, 2578, 2643, 2642, 2577, 2644, 2578, 2579, 2644, 2643, 2578, 2580, 2644, 2579, 2645, 2644, 2580, 2646, 2580, 2581, 2646, 2645, 2580, 2647, 2581, 2582, 2647, 2646, 2581, 2648, 2647, 2582, 2648, 2582, 2583, 2649, 2648, 2583, 2649, 2583, 2584, 2650, 2649, 2584, 2650, 2584, 2585, 2651, 2650, 2585, 2651, 2585, 2586, 2652, 2651, 2586, 2652, 2586, 2587, 2653, 2587, 2588, 2653, 2652, 2587, 2654, 2588, 2589, 2654, 2653, 2588, 2655, 2589, 2590, 2655, 2654, 2589, 2656, 2590, 2591, 2656, 2655, 2590, 2657, 2591, 2592, 2657, 2656, 2591, 2658, 2592, 2593, 2658, 2657, 2592, 2659, 2593, 2594, 2659, 2658, 2593, 2595, 2659, 2594, 2660, 2659, 2595, 2661, 2595, 2596, 2661, 2660, 2595, 2662, 2596, 2597, 2662, 2661, 2596, 2663, 2597, 2598, 2663, 2662, 2597, 2599, 2663, 2598, 2664, 2663, 2599, 2665, 2599, 2600, 2665, 2664, 2599, 2666, 2600, 2601, 2666, 2665, 2600, 2667, 2601, 2602, 2667, 2666, 2601, 2668, 2602, 2603, 2668, 2667, 2602, 2669, 2603, 2604, 2669, 2668, 2603, 2605, 2669, 2604, 2670, 2669, 2605, 2671, 2605, 2606, 2671, 2670, 2605, 2672, 2671, 2606, 2672, 2606, 2607, 2673, 2607, 2608, 2673, 2672, 2607, 2674, 2673, 2608, 2674, 2608, 2609, 2675, 2674, 2609, 2675, 2609, 2610, 2676, 2675, 2610, 2676, 2610, 2611, 2677, 2676, 2611, 2677, 2611, 2612, 2678, 2677, 2612, 2678, 2612, 2613, 2679, 2678, 2613, 2679, 2613, 2614, 2680, 2679, 2614, 2680, 2614, 2615, 2681, 2680, 2615, 2681, 2615, 2616, 2682, 2681, 2616, 2682, 2616, 2617, 2618, 2682, 2617, 2683, 2682, 2618, 2684, 2683, 2618, 2684, 2618, 2619, 2620, 2684, 2619, 2685, 2684, 2620, 2686, 2620, 2621, 2686, 2685, 2620, 2622, 2686, 2621, 2687, 2686, 2622, 2623, 2687, 2622, 2688, 2687, 2623, 2689, 2623, 2624, 2689, 2688, 2623, 2690, 2624, 2625, 2690, 2689, 2624, 2626, 2690, 2625, 2691, 2690, 2626, 2628, 2626, 2627, 2628, 2691, 2626, 2758, 2692, 2693, 2758, 2757, 2692, 2759, 2693, 2694, 2759, 2758, 2693, 2760, 2694, 2695, 2760, 2759, 2694, 2696, 2760, 2695, 2761, 2760, 2696, 2762, 2696, 2697, 2762, 2761, 2696, 2763, 2697, 2698, 2763, 2762, 2697, 2764, 2698, 2699, 2764, 2763, 2698, 2765, 2699, 2700, 2765, 2764, 2699, 2766, 2700, 2701, 2766, 2765, 2700, 2767, 2701, 2702, 2767, 2766, 2701, 2768, 2702, 2703, 2768, 2767, 2702, 2769, 2703, 2704, 2769, 2768, 2703, 2770, 2704, 2705, 2770, 2769, 2704, 2771, 2705, 2706, 2771, 2770, 2705, 2772, 2706, 2707, 2772, 2771, 2706, 2773, 2707, 2708, 2773, 2772, 2707, 2709, 2773, 2708, 2774, 2773, 2709, 2775, 2709, 2710, 2775, 2774, 2709, 2776, 2775, 2710, 2776, 2710, 2711, 2777, 2776, 2711, 2777, 2711, 2712, 2778, 2777, 2712, 2778, 2712, 2713, 2779, 2778, 2713, 2779, 2713, 2714, 2715, 2779, 2714, 2780, 2779, 2715, 2781, 2715, 2716, 2781, 2780, 2715, 2782, 2716, 2717, 2782, 2781, 2716, 2718, 2782, 2717, 2783, 2782, 2718, 2719, 2783, 2718, 2784, 2783, 2719, 2785, 2719, 2720, 2785, 2784, 2719, 2786, 2720, 2721, 2786, 2785, 2720, 2722, 2786, 2721, 2787, 2786, 2722, 2788, 2722, 2723, 2788, 2787, 2722, 2724, 2788, 2723, 2789, 2788, 2724, 2790, 2724, 2725, 2790, 2789, 2724, 2791, 2725, 2726, 2791, 2790, 2725, 2727, 2791, 2726, 2792, 2791, 2727, 2793, 2727, 2728, 2793, 2792, 2727, 2729, 2793, 2728, 2794, 2793, 2729, 2730, 2794, 2729, 2795, 2794, 2730, 2796, 2730, 2731, 2796, 2795, 2730, 2797, 2731, 2732, 2797, 2796, 2731, 2733, 2797, 2732, 2798, 2797, 2733, 2799, 2733, 2734, 2799, 2798, 2733, 2800, 2799, 2734, 2800, 2734, 2735, 2736, 2800, 2735, 2801, 2800, 2736, 2802, 2801, 2736, 2802, 2736, 2737, 2803, 2802, 2737, 2803, 2737, 2738, 2739, 2803, 2738, 2804, 2803, 2739, 2805, 2804, 2739, 2805, 2739, 2740, 2806, 2805, 2740, 2806, 2740, 2741, 2807, 2806, 2741, 2807, 2741, 2742, 2808, 2807, 2742, 2808, 2742, 2743, 2744, 2808, 2743, 2809, 2808, 2744, 2810, 2809, 2744, 2810, 2744, 2745, 2811, 2810, 2745, 2811, 2745, 2746, 2747, 2811, 2746, 2812, 2811, 2747, 2813, 2812, 2747, 2813, 2747, 2748, 2814, 2813, 2748, 2814, 2748, 2749, 2750, 2814, 2749, 2815, 2814, 2750, 2816, 2750, 2751, 2816, 2815, 2750, 2817, 2751, 2752, 2817, 2816, 2751, 2818, 2752, 2753, 2818, 2817, 2752, 2754, 2818, 2753, 2819, 2818, 2754, 2755, 2819, 2754, 2756, 2819, 2755, 2886, 2820, 2821, 2886, 2885, 2820, 2887, 2821, 2822, 2887, 2886, 2821, 2888, 2822, 2823, 2888, 2887, 2822, 2889, 2823, 2824, 2889, 2888, 2823, 2890, 2824, 2825, 2890, 2889, 2824, 2891, 2825, 2826, 2891, 2890, 2825, 2892, 2826, 2827, 2892, 2891, 2826, 2893, 2827, 2828, 2893, 2892, 2827, 2829, 2893, 2828, 2894, 2893, 2829, 2895, 2829, 2830, 2895, 2894, 2829, 2896, 2830, 2831, 2896, 2895, 2830, 2897, 2831, 2832, 2897, 2896, 2831, 2898, 2832, 2833, 2898, 2897, 2832, 2899, 2833, 2834, 2899, 2898, 2833, 2900, 2834, 2835, 2900, 2899, 2834, 2901, 2835, 2836, 2901, 2900, 2835, 2837, 2901, 2836, 2902, 2901, 2837, 2903, 2837, 2838, 2903, 2902, 2837, 2839, 2903, 2838, 2904, 2903, 2839, 2905, 2904, 2839, 2905, 2839, 2840, 2906, 2905, 2840, 2906, 2840, 2841, 2907, 2906, 2841, 2907, 2841, 2842, 2908, 2907, 2842, 2908, 2842, 2843, 2909, 2843, 2844, 2909, 2908, 2843, 2910, 2844, 2845, 2910, 2909, 2844, 2911, 2845, 2846, 2911, 2910, 2845, 2912, 2846, 2847, 2912, 2911, 2846, 2913, 2847, 2848, 2913, 2912, 2847, 2914, 2848, 2849, 2914, 2913, 2848, 2915, 2849, 2850, 2915, 2914, 2849, 2916, 2850, 2851, 2916, 2915, 2850, 2917, 2851, 2852, 2917, 2916, 2851, 2918, 2852, 2853, 2918, 2917, 2852, 2919, 2853, 2854, 2919, 2918, 2853, 2920, 2854, 2855, 2920, 2919, 2854, 2856, 2920, 2855, 2921, 2920, 2856, 2922, 2856, 2857, 2922, 2921, 2856, 2923, 2857, 2858, 2923, 2922, 2857, 2924, 2858, 2859, 2924, 2923, 2858, 2925, 2859, 2860, 2925, 2924, 2859, 2926, 2860, 2861, 2926, 2925, 2860, 2927, 2861, 2862, 2927, 2926, 2861, 2928, 2927, 2862, 2928, 2862, 2863, 2929, 2863, 2864, 2929, 2928, 2863, 2930, 2929, 2864, 2930, 2864, 2865, 2931, 2930, 2865, 2931, 2865, 2866, 2932, 2931, 2866, 2932, 2866, 2867, 2933, 2932, 2867, 2933, 2867, 2868, 2934, 2933, 2868, 2934, 2868, 2869, 2935, 2934, 2869, 2935, 2869, 2870, 2936, 2935, 2870, 2936, 2870, 2871, 2937, 2936, 2871, 2937, 2871, 2872, 2938, 2937, 2872, 2938, 2872, 2873, 2874, 2938, 2873, 2939, 2938, 2874, 2875, 2939, 2874, 2940, 2939, 2875, 2876, 2940, 2875, 2941, 2940, 2876, 2877, 2941, 2876, 2942, 2941, 2877, 2943, 2877, 2878, 2943, 2942, 2877, 2879, 2943, 2878, 2944, 2943, 2879, 2880, 2944, 2879, 2945, 2944, 2880, 2946, 2880, 2881, 2946, 2945, 2880, 2947, 2881, 2882, 2947, 2946, 2881, 2883, 2947, 2882, 2884, 2947, 2883, 3014, 2948, 2949, 3014, 3013, 2948, 3015, 2949, 2950, 3015, 3014, 2949, 2951, 3015, 2950, 3016, 3015, 2951, 3017, 2951, 2952, 3017, 3016, 2951, 3018, 2952, 2953, 3018, 3017, 2952, 3019, 2953, 2954, 3019, 3018, 2953, 3020, 2954, 2955, 3020, 3019, 2954, 2956, 3020, 2955, 3021, 3020, 2956, 3022, 2956, 2957, 3022, 3021, 2956, 2958, 3022, 2957, 3023, 3022, 2958, 3024, 2958, 2959, 3024, 3023, 2958, 3025, 2959, 2960, 3025, 3024, 2959, 3026, 2960, 2961, 3026, 3025, 2960, 3027, 2961, 2962, 3027, 3026, 2961, 3028, 2962, 2963, 3028, 3027, 2962, 2964, 3028, 2963, 3029, 3028, 2964, 3030, 2964, 2965, 3030, 3029, 2964, 3031, 2965, 2966, 3031, 3030, 2965, 2967, 3031, 2966, 3032, 3031, 2967, 3033, 3032, 2967, 3033, 2967, 2968, 3034, 3033, 2968, 3034, 2968, 2969, 3035, 3034, 2969, 3035, 2969, 2970, 3036, 3035, 2970, 3036, 2970, 2971, 3037, 2971, 2972, 3037, 3036, 2971, 2973, 3037, 2972, 3038, 3037, 2973, 3039, 2973, 2974, 3039, 3038, 2973, 3040, 2974, 2975, 3040, 3039, 2974, 3041, 2975, 2976, 3041, 3040, 2975, 3042, 2976, 2977, 3042, 3041, 2976, 3043, 2977, 2978, 3043, 3042, 2977, 2979, 3043, 2978, 3044, 3043, 2979, 3045, 2979, 2980, 3045, 3044, 2979, 3046, 2980, 2981, 3046, 3045, 2980, 3047, 2981, 2982, 3047, 3046, 2981, 3048, 2982, 2983, 3048, 3047, 2982, 3049, 2983, 2984, 3049, 3048, 2983, 2985, 3049, 2984, 3050, 3049, 2985, 3051, 2985, 2986, 3051, 3050, 2985, 3052, 2986, 2987, 3052, 3051, 2986, 3053, 2987, 2988, 3053, 3052, 2987, 3054, 2988, 2989, 3054, 3053, 2988, 3055, 2989, 2990, 3055, 3054, 2989, 2991, 3055, 2990, 3056, 3055, 2991, 3057, 3056, 2991, 3057, 2991, 2992, 3058, 3057, 2992, 3058, 2992, 2993, 3059, 3058, 2993, 3059, 2993, 2994, 3060, 3059, 2994, 3060, 2994, 2995, 3061, 3060, 2995, 3061, 2995, 2996, 3062, 3061, 2996, 3062, 2996, 2997, 3063, 3062, 2997, 3063, 2997, 2998, 3064, 3063, 2998, 3064, 2998, 2999, 3065, 3064, 2999, 3065, 2999, 3000, 3066, 3065, 3000, 3066, 3000, 3001, 3067, 3066, 3001, 3067, 3001, 3002, 3003, 3067, 3002, 3068, 3067, 3003, 3069, 3068, 3003, 3069, 3003, 3004, 3005, 3069, 3004, 3070, 3069, 3005, 3071, 3005, 3006, 3071, 3070, 3005, 3007, 3071, 3006, 3072, 3071, 3007, 3008, 3072, 3007, 3073, 3072, 3008, 3074, 3008, 3009, 3074, 3073, 3008, 3010, 3074, 3009, 3075, 3074, 3010, 3011, 3075, 3010, 3012, 3075, 3011, 3142, 3076, 3077, 3142, 3141, 3076, 3143, 3077, 3078, 3143, 3142, 3077, 3144, 3078, 3079, 3144, 3143, 3078, 3145, 3079, 3080, 3145, 3144, 3079, 3081, 3145, 3080, 3146, 3145, 3081, 3147, 3081, 3082, 3147, 3146, 3081, 3083, 3147, 3082, 3148, 3147, 3083, 3149, 3083, 3084, 3149, 3148, 3083, 3085, 3149, 3084, 3150, 3149, 3085, 3151, 3085, 3086, 3151, 3150, 3085, 3152, 3086, 3087, 3152, 3151, 3086, 3088, 3152, 3087, 3153, 3152, 3088, 3154, 3088, 3089, 3154, 3153, 3088, 3155, 3089, 3090, 3155, 3154, 3089, 3156, 3090, 3091, 3156, 3155, 3090, 3157, 3091, 3092, 3157, 3156, 3091, 3093, 3157, 3092, 3158, 3157, 3093, 3159, 3093, 3094, 3159, 3158, 3093, 3160, 3159, 3094, 3160, 3094, 3095, 3161, 3160, 3095, 3161, 3095, 3096, 3162, 3161, 3096, 3162, 3096, 3097, 3163, 3162, 3097, 3163, 3097, 3098, 3164, 3163, 3098, 3164, 3098, 3099, 3165, 3099, 3100, 3165, 3164, 3099, 3166, 3100, 3101, 3166, 3165, 3100, 3167, 3101, 3102, 3167, 3166, 3101, 3168, 3102, 3103, 3168, 3167, 3102, 3169, 3103, 3104, 3169, 3168, 3103, 3170, 3104, 3105, 3170, 3169, 3104, 3171, 3105, 3106, 3171, 3170, 3105, 3172, 3106, 3107, 3172, 3171, 3106, 3173, 3107, 3108, 3173, 3172, 3107, 3174, 3108, 3109, 3174, 3173, 3108, 3175, 3109, 3110, 3175, 3174, 3109, 3176, 3110, 3111, 3176, 3175, 3110, 3177, 3111, 3112, 3177, 3176, 3111, 3178, 3112, 3113, 3178, 3177, 3112, 3179, 3113, 3114, 3179, 3178, 3113, 3180, 3114, 3115, 3180, 3179, 3114, 3181, 3115, 3116, 3181, 3180, 3115, 3182, 3116, 3117, 3182, 3181, 3116, 3183, 3117, 3118, 3183, 3182, 3117, 3184, 3183, 3118, 3184, 3118, 3119, 3185, 3119, 3120, 3185, 3184, 3119, 3186, 3185, 3120, 3186, 3120, 3121, 3187, 3186, 3121, 3187, 3121, 3122, 3188, 3187, 3122, 3188, 3122, 3123, 3189, 3188, 3123, 3189, 3123, 3124, 3190, 3189, 3124, 3190, 3124, 3125, 3191, 3190, 3125, 3191, 3125, 3126, 3192, 3191, 3126, 3192, 3126, 3127, 3193, 3192, 3127, 3193, 3127, 3128, 3194, 3193, 3128, 3194, 3128, 3129, 3195, 3194, 3129, 3195, 3129, 3130, 3196, 3195, 3130, 3196, 3130, 3131, 3132, 3196, 3131, 3197, 3196, 3132, 3198, 3132, 3133, 3198, 3197, 3132, 3199, 3133, 3134, 3199, 3198, 3133, 3200, 3134, 3135, 3200, 3199, 3134, 3136, 3200, 3135, 3201, 3200, 3136, 3202, 3136, 3137, 3202, 3201, 3136, 3203, 3137, 3138, 3203, 3202, 3137, 3140, 3138, 3139, 3140, 3203, 3138, 3270, 3204, 3205, 3270, 3269, 3204, 3271, 3205, 3206, 3271, 3270, 3205, 3272, 3206, 3207, 3272, 3271, 3206, 3273, 3207, 3208, 3273, 3272, 3207, 3274, 3208, 3209, 3274, 3273, 3208, 3275, 3209, 3210, 3275, 3274, 3209, 3276, 3210, 3211, 3276, 3275, 3210, 3212, 3276, 3211, 3277, 3276, 3212, 3278, 3212, 3213, 3278, 3277, 3212, 3279, 3213, 3214, 3279, 3278, 3213, 3280, 3214, 3215, 3280, 3279, 3214, 3281, 3215, 3216, 3281, 3280, 3215, 3282, 3216, 3217, 3282, 3281, 3216, 3218, 3282, 3217, 3283, 3282, 3218, 3284, 3218, 3219, 3284, 3283, 3218, 3285, 3219, 3220, 3285, 3284, 3219, 3286, 3220, 3221, 3286, 3285, 3220, 3287, 3221, 3222, 3287, 3286, 3221, 3288, 3287, 3222, 3288, 3222, 3223, 3289, 3288, 3223, 3289, 3223, 3224, 3290, 3289, 3224, 3290, 3224, 3225, 3291, 3290, 3225, 3291, 3225, 3226, 3292, 3291, 3226, 3292, 3226, 3227, 3293, 3227, 3228, 3293, 3292, 3227, 3294, 3228, 3229, 3294, 3293, 3228, 3295, 3229, 3230, 3295, 3294, 3229, 3296, 3230, 3231, 3296, 3295, 3230, 3297, 3231, 3232, 3297, 3296, 3231, 3298, 3232, 3233, 3298, 3297, 3232, 3299, 3233, 3234, 3299, 3298, 3233, 3300, 3234, 3235, 3300, 3299, 3234, 3301, 3235, 3236, 3301, 3300, 3235, 3302, 3236, 3237, 3302, 3301, 3236, 3303, 3237, 3238, 3303, 3302, 3237, 3304, 3238, 3239, 3304, 3303, 3238, 3305, 3239, 3240, 3305, 3304, 3239, 3306, 3240, 3241, 3306, 3305, 3240, 3307, 3241, 3242, 3307, 3306, 3241, 3243, 3307, 3242, 3308, 3307, 3243, 3309, 3243, 3244, 3309, 3308, 3243, 3310, 3244, 3245, 3310, 3309, 3244, 3311, 3245, 3246, 3311, 3310, 3245, 3312, 3311, 3246, 3312, 3246, 3247, 3313, 3247, 3248, 3313, 3312, 3247, 3314, 3313, 3248, 3314, 3248, 3249, 3250, 3314, 3249, 3315, 3314, 3250, 3316, 3315, 3250, 3316, 3250, 3251, 3317, 3316, 3251, 3317, 3251, 3252, 3318, 3317, 3252, 3318, 3252, 3253, 3319, 3318, 3253, 3319, 3253, 3254, 3320, 3319, 3254, 3320, 3254, 3255, 3256, 3320, 3255, 3321, 3320, 3256, 3322, 3321, 3256, 3322, 3256, 3257, 3323, 3322, 3257, 3323, 3257, 3258, 3324, 3323, 3258, 3324, 3258, 3259, 3325, 3324, 3259, 3325, 3259, 3260, 3326, 3325, 3260, 3326, 3260, 3261, 3327, 3261, 3262, 3327, 3326, 3261, 3263, 3327, 3262, 3328, 3327, 3263, 3329, 3263, 3264, 3329, 3328, 3263, 3330, 3264, 3265, 3330, 3329, 3264, 3331, 3265, 3266, 3331, 3330, 3265, 3267, 3331, 3266, 3268, 3331, 3267, 3398, 3332, 3333, 3398, 3397, 3332, 3399, 3333, 3334, 3399, 3398, 3333, 3400, 3334, 3335, 3400, 3399, 3334, 3401, 3335, 3336, 3401, 3400, 3335, 3337, 3401, 3336, 3402, 3401, 3337, 3403, 3337, 3338, 3403, 3402, 3337, 3339, 3403, 3338, 3404, 3403, 3339, 3405, 3339, 3340, 3405, 3404, 3339, 3406, 3340, 3341, 3406, 3405, 3340, 3407, 3341, 3342, 3407, 3406, 3341, 3408, 3342, 3343, 3408, 3407, 3342, 3409, 3343, 3344, 3409, 3408, 3343, 3410, 3344, 3345, 3410, 3409, 3344, 3411, 3345, 3346, 3411, 3410, 3345, 3412, 3346, 3347, 3412, 3411, 3346, 3413, 3347, 3348, 3413, 3412, 3347, 3414, 3348, 3349, 3414, 3413, 3348, 3415, 3349, 3350, 3415, 3414, 3349, 3416, 3415, 3350, 3416, 3350, 3351, 3417, 3416, 3351, 3417, 3351, 3352, 3418, 3417, 3352, 3418, 3352, 3353, 3419, 3418, 3353, 3419, 3353, 3354, 3420, 3419, 3354, 3420, 3354, 3355, 3421, 3355, 3356, 3421, 3420, 3355, 3422, 3356, 3357, 3422, 3421, 3356, 3423, 3357, 3358, 3423, 3422, 3357, 3424, 3358, 3359, 3424, 3423, 3358, 3425, 3359, 3360, 3425, 3424, 3359, 3426, 3360, 3361, 3426, 3425, 3360, 3427, 3361, 3362, 3427, 3426, 3361, 3428, 3362, 3363, 3428, 3427, 3362, 3429, 3363, 3364, 3429, 3428, 3363, 3430, 3364, 3365, 3430, 3429, 3364, 3431, 3365, 3366, 3431, 3430, 3365, 3432, 3366, 3367, 3432, 3431, 3366, 3433, 3367, 3368, 3433, 3432, 3367, 3434, 3368, 3369, 3434, 3433, 3368, 3435, 3369, 3370, 3435, 3434, 3369, 3371, 3435, 3370, 3436, 3435, 3371, 3437, 3371, 3372, 3437, 3436, 3371, 3438, 3372, 3373, 3438, 3437, 3372, 3374, 3438, 3373, 3439, 3438, 3374, 3440, 3439, 3374, 3440, 3374, 3375, 3441, 3440, 3375, 3441, 3375, 3376, 3442, 3441, 3376, 3442, 3376, 3377, 3443, 3442, 3377, 3443, 3377, 3378, 3444, 3443, 3378, 3444, 3378, 3379, 3380, 3444, 3379, 3445, 3444, 3380, 3446, 3445, 3380, 3446, 3380, 3381, 3447, 3446, 3381, 3447, 3381, 3382, 3448, 3447, 3382, 3448, 3382, 3383, 3449, 3448, 3383, 3449, 3383, 3384, 3385, 3449, 3384, 3450, 3449, 3385, 3451, 3450, 3385, 3451, 3385, 3386, 3452, 3451, 3386, 3452, 3386, 3387, 3388, 3452, 3387, 3453, 3452, 3388, 3389, 3453, 3388, 3454, 3453, 3389, 3455, 3389, 3390, 3455, 3454, 3389, 3391, 3455, 3390, 3456, 3455, 3391, 3392, 3456, 3391, 3457, 3456, 3392, 3393, 3457, 3392, 3458, 3457, 3393, 3394, 3458, 3393, 3459, 3458, 3394, 3396, 3394, 3395, 3396, 3459, 3394, 3526, 3460, 3461, 3526, 3525, 3460, 3527, 3461, 3462, 3527, 3526, 3461, 3528, 3462, 3463, 3528, 3527, 3462, 3529, 3463, 3464, 3529, 3528, 3463, 3530, 3464, 3465, 3530, 3529, 3464, 3531, 3465, 3466, 3531, 3530, 3465, 3532, 3466, 3467, 3532, 3531, 3466, 3468, 3532, 3467, 3533, 3532, 3468, 3534, 3468, 3469, 3534, 3533, 3468, 3535, 3469, 3470, 3535, 3534, 3469, 3536, 3470, 3471, 3536, 3535, 3470, 3537, 3471, 3472, 3537, 3536, 3471, 3538, 3472, 3473, 3538, 3537, 3472, 3539, 3473, 3474, 3539, 3538, 3473, 3540, 3474, 3475, 3540, 3539, 3474, 3541, 3475, 3476, 3541, 3540, 3475, 3542, 3476, 3477, 3542, 3541, 3476, 3543, 3477, 3478, 3543, 3542, 3477, 3544, 3543, 3478, 3544, 3478, 3479, 3545, 3544, 3479, 3545, 3479, 3480, 3546, 3545, 3480, 3546, 3480, 3481, 3547, 3546, 3481, 3547, 3481, 3482, 3548, 3547, 3482, 3548, 3482, 3483, 3549, 3483, 3484, 3549, 3548, 3483, 3550, 3484, 3485, 3550, 3549, 3484, 3551, 3485, 3486, 3551, 3550, 3485, 3552, 3486, 3487, 3552, 3551, 3486, 3553, 3487, 3488, 3553, 3552, 3487, 3554, 3488, 3489, 3554, 3553, 3488, 3555, 3489, 3490, 3555, 3554, 3489, 3556, 3490, 3491, 3556, 3555, 3490, 3557, 3491, 3492, 3557, 3556, 3491, 3558, 3492, 3493, 3558, 3557, 3492, 3559, 3493, 3494, 3559, 3558, 3493, 3560, 3494, 3495, 3560, 3559, 3494, 3561, 3495, 3496, 3561, 3560, 3495, 3562, 3496, 3497, 3562, 3561, 3496, 3563, 3497, 3498, 3563, 3562, 3497, 3564, 3498, 3499, 3564, 3563, 3498, 3565, 3499, 3500, 3565, 3564, 3499, 3566, 3500, 3501, 3566, 3565, 3500, 3567, 3501, 3502, 3567, 3566, 3501, 3568, 3567, 3502, 3568, 3502, 3503, 3569, 3503, 3504, 3569, 3568, 3503, 3570, 3569, 3504, 3570, 3504, 3505, 3571, 3570, 3505, 3571, 3505, 3506, 3572, 3571, 3506, 3572, 3506, 3507, 3573, 3572, 3507, 3573, 3507, 3508, 3574, 3573, 3508, 3574, 3508, 3509, 3575, 3574, 3509, 3575, 3509, 3510, 3511, 3575, 3510, 3576, 3575, 3511, 3577, 3576, 3511, 3577, 3511, 3512, 3578, 3577, 3512, 3578, 3512, 3513, 3579, 3578, 3513, 3579, 3513, 3514, 3515, 3579, 3514, 3580, 3579, 3515, 3581, 3580, 3515, 3581, 3515, 3516, 3517, 3581, 3516, 3582, 3581, 3517, 3518, 3582, 3517, 3583, 3582, 3518, 3584, 3518, 3519, 3584, 3583, 3518, 3520, 3584, 3519, 3585, 3584, 3520, 3586, 3520, 3521, 3586, 3585, 3520, 3522, 3586, 3521, 3587, 3586, 3522, 3524, 3522, 3523, 3524, 3587, 3522, 3654, 3588, 3589, 3654, 3653, 3588, 3655, 3589, 3590, 3655, 3654, 3589, 3656, 3590, 3591, 3656, 3655, 3590, 3657, 3591, 3592, 3657, 3656, 3591, 3658, 3592, 3593, 3658, 3657, 3592, 3659, 3593, 3594, 3659, 3658, 3593, 3660, 3594, 3595, 3660, 3659, 3594, 3661, 3595, 3596, 3661, 3660, 3595, 3662, 3596, 3597, 3662, 3661, 3596, 3663, 3597, 3598, 3663, 3662, 3597, 3664, 3598, 3599, 3664, 3663, 3598, 3665, 3599, 3600, 3665, 3664, 3599, 3666, 3600, 3601, 3666, 3665, 3600, 3667, 3601, 3602, 3667, 3666, 3601, 3668, 3602, 3603, 3668, 3667, 3602, 3669, 3603, 3604, 3669, 3668, 3603, 3605, 3669, 3604, 3670, 3669, 3605, 3671, 3605, 3606, 3671, 3670, 3605, 3672, 3671, 3606, 3672, 3606, 3607, 3673, 3672, 3607, 3673, 3607, 3608, 3674, 3673, 3608, 3674, 3608, 3609, 3675, 3674, 3609, 3675, 3609, 3610, 3676, 3675, 3610, 3676, 3610, 3611, 3677, 3611, 3612, 3677, 3676, 3611, 3678, 3612, 3613, 3678, 3677, 3612, 3679, 3613, 3614, 3679, 3678, 3613, 3680, 3614, 3615, 3680, 3679, 3614, 3681, 3615, 3616, 3681, 3680, 3615, 3682, 3616, 3617, 3682, 3681, 3616, 3683, 3617, 3618, 3683, 3682, 3617, 3684, 3618, 3619, 3684, 3683, 3618, 3685, 3619, 3620, 3685, 3684, 3619, 3686, 3620, 3621, 3686, 3685, 3620, 3687, 3621, 3622, 3687, 3686, 3621, 3688, 3622, 3623, 3688, 3687, 3622, 3689, 3623, 3624, 3689, 3688, 3623, 3690, 3624, 3625, 3690, 3689, 3624, 3691, 3625, 3626, 3691, 3690, 3625, 3692, 3626, 3627, 3692, 3691, 3626, 3628, 3692, 3627, 3693, 3692, 3628, 3694, 3628, 3629, 3694, 3693, 3628, 3695, 3629, 3630, 3695, 3694, 3629, 3696, 3695, 3630, 3696, 3630, 3631, 3632, 3696, 3631, 3697, 3696, 3632, 3698, 3697, 3632, 3698, 3632, 3633, 3699, 3698, 3633, 3699, 3633, 3634, 3700, 3699, 3634, 3700, 3634, 3635, 3701, 3700, 3635, 3701, 3635, 3636, 3702, 3701, 3636, 3702, 3636, 3637, 3638, 3702, 3637, 3703, 3702, 3638, 3704, 3703, 3638, 3704, 3638, 3639, 3640, 3704, 3639, 3705, 3704, 3640, 3641, 3705, 3640, 3706, 3705, 3641, 3707, 3706, 3641, 3707, 3641, 3642, 3643, 3707, 3642, 3708, 3707, 3643, 3644, 3708, 3643, 3709, 3708, 3644, 3710, 3644, 3645, 3710, 3709, 3644, 3646, 3710, 3645, 3711, 3710, 3646, 3647, 3711, 3646, 3712, 3711, 3647, 3713, 3647, 3648, 3713, 3712, 3647, 3649, 3713, 3648, 3714, 3713, 3649, 3650, 3714, 3649, 3715, 3714, 3650, 3651, 3715, 3650, 3652, 3715, 3651, 3834, 3771, 3770, 3834, 3772, 3771, 3835, 3772, 3834, 3833, 3834, 3770, 3836, 3772, 3835, 3836, 3773, 3772, 3836, 3774, 3773, 3832, 3833, 3770, 3832, 3770, 3769, 3837, 3774, 3836, 3831, 3768, 3767, 3831, 3769, 3768, 3831, 3832, 3769, 3838, 3775, 3774, 3838, 3774, 3837, 3830, 3831, 3767, 3839, 3776, 3775, 3839, 3775, 3838, 3829, 3767, 3766, 3829, 3830, 3767, 3765, 3829, 3766, 3840, 3777, 3776, 3840, 3776, 3839, 3828, 3829, 3765, 3778, 3777, 3840, 3841, 3778, 3840, 3827, 3765, 3764, 3827, 3828, 3765, 3716, 3778, 3841, 3779, 3716, 3841, 3826, 3764, 3763, 3826, 3827, 3764, 3780, 3717, 3716, 3780, 3716, 3779, 3825, 3763, 3762, 3825, 3826, 3763, 3718, 3717, 3780, 3781, 3718, 3780, 3824, 3762, 3761, 3824, 3825, 3762, 3719, 3718, 3781, 3782, 3719, 3781, 3823, 3761, 3760, 3823, 3824, 3761, 3783, 3720, 3719, 3783, 3719, 3782, 3822, 3823, 3760, 3822, 3760, 3759, 3721, 3720, 3783, 3784, 3721, 3783, 3758, 3822, 3759, 3821, 3822, 3758, 3722, 3721, 3784, 3785, 3722, 3784, 3820, 3821, 3758, 3820, 3758, 3757, 3786, 3723, 3722, 3786, 3722, 3785, 3819, 3757, 3756, 3819, 3820, 3757, 3724, 3723, 3786, 3724, 3786, 3787, 3818, 3819, 3756, 3755, 3818, 3756, 3788, 3724, 3787, 3725, 3724, 3788, 3817, 3818, 3755, 3754, 3817, 3755, 3726, 3725, 3788, 3726, 3788, 3789, 3753, 3816, 3817, 3753, 3817, 3754, 3727, 3726, 3789, 3727, 3789, 3790, 3752, 3816, 3753, 3752, 3815, 3816, 3791, 3727, 3790, 3728, 3727, 3791, 3814, 3815, 3752, 3751, 3814, 3752, 3792, 3728, 3791, 3729, 3728, 3792, 3750, 3814, 3751, 3750, 3813, 3814, 3730, 3792, 3793, 3730, 3729, 3792, 3749, 3813, 3750, 3749, 3812, 3813, 3731, 3730, 3793, 3731, 3793, 3794, 3748, 3812, 3749, 3748, 3811, 3812, 3795, 3731, 3794, 3810, 3811, 3748, 3732, 3731, 3795, 3747, 3810, 3748, 3733, 3732, 3795, 3733, 3795, 3796, 3746, 3810, 3747, 3746, 3809, 3810, 3734, 3733, 3796, 3734, 3796, 3797, 3745, 3809, 3746, 3745, 3808, 3809, 3735, 3734, 3797, 3735, 3797, 3798, 3744, 3808, 3745, 3744, 3807, 3808, 3736, 3735, 3798, 3736, 3798, 3799, 3743, 3807, 3744, 3743, 3806, 3807, 3737, 3736, 3799, 3737, 3799, 3800, 3742, 3806, 3743, 3742, 3805, 3806, 3738, 3737, 3800, 3738, 3800, 3801, 3741, 3805, 3742, 3741, 3804, 3805, 3739, 3738, 3801, 3739, 3801, 3802, 3739, 3802, 3803, 3740, 3804, 3741, 3740, 3739, 3803, 3740, 3803, 3804, 3908, 3843, 3842, 3908, 3842, 3844, 3909, 3844, 3845, 3909, 3908, 3844, 3910, 3845, 3846, 3910, 3846, 3847, 3910, 3909, 3845, 3911, 3847, 3848, 3911, 3910, 3847, 3912, 3911, 3848, 3913, 3848, 3849, 3913, 3849, 3850, 3913, 3912, 3848, 3914, 3850, 3851, 3914, 3913, 3850, 3915, 3914, 3851, 3916, 3851, 3852, 3916, 3915, 3851, 3917, 3852, 3853, 3917, 3916, 3852, 3918, 3853, 3854, 3918, 3917, 3853, 4010, 3855, 3856, 4011, 3855, 4010, 4009, 4010, 3856, 4008, 4009, 3856, 4007, 4008, 3856, 4006, 4007, 3856, 4005, 4006, 3856, 4004, 4005, 3856, 4003, 4004, 3856, 4002, 4003, 3856, 4001, 4002, 3856, 4000, 4001, 3856, 3999, 4000, 3856, 3857, 3999, 3856, 3919, 3854, 3855, 3919, 3918, 3854, 4012, 3855, 4011, 4012, 3919, 3855, 4013, 3919, 4012, 3998, 3999, 3857, 3997, 3998, 3857, 3996, 3997, 3857, 3995, 3996, 3857, 3994, 3995, 3857, 3993, 3994, 3857, 3858, 3993, 3857, 3920, 4013, 4014, 3920, 4014, 4015, 3920, 4015, 4016, 3920, 4016, 4017, 3920, 4017, 4018, 3920, 4018, 4019, 3920, 4019, 4020, 3920, 3919, 4013, 3992, 3993, 3858, 3991, 3992, 3858, 3990, 3991, 3858, 3989, 3990, 3858, 3921, 3920, 4020, 3921, 4020, 4021, 3921, 4021, 4022, 3921, 4022, 4023, 3921, 4023, 4024, 3988, 3858, 3859, 3988, 3989, 3858, 4025, 3921, 4024, 3987, 3988, 3859, 3986, 3987, 3859, 3985, 3986, 3859, 3922, 3921, 4025, 3922, 4025, 4026, 3922, 4026, 4027, 3922, 4027, 4028, 3984, 3859, 3860, 3984, 3985, 3859, 3983, 3984, 3860, 3982, 3983, 3860, 3981, 3982, 3860, 3923, 3922, 4028, 3923, 4028, 4029, 3923, 4029, 4030, 3923, 4030, 4031, 3923, 4031, 4032, 3980, 3860, 3861, 3980, 3981, 3860, 3979, 3980, 3861, 3978, 3979, 3861, 3977, 3978, 3861, 3976, 3977, 3861, 3924, 3923, 4032, 3924, 4032, 4033, 3924, 4033, 4034, 3924, 4034, 4035, 3924, 4035, 4036, 3924, 4036, 4037, 3975, 3976, 3861, 3975, 3861, 3862, 3974, 3975, 3862, 3973, 3974, 3862, 3972, 3973, 3862, 3971, 3972, 3862, 3970, 3971, 3862, 3863, 3970, 3862, 3925, 4043, 4044, 3925, 4044, 4045, 3925, 3924, 4037, 3925, 4037, 4038, 3925, 4038, 4039, 3925, 4039, 4040, 3925, 4040, 4041, 3925, 4041, 4042, 3925, 4042, 4043, 4054, 3970, 3863, 3926, 4045, 4046, 3926, 4046, 4047, 3926, 4047, 4048, 3926, 4048, 4049, 3926, 4049, 4050, 3926, 4050, 4051, 3926, 4051, 4052, 3926, 4052, 4053, 3926, 4053, 4054, 3926, 3925, 4045, 3927, 3926, 4054, 3927, 4054, 3863, 3928, 3863, 3864, 3928, 3864, 3865, 3928, 3927, 3863, 3929, 3865, 3866, 3929, 3928, 3865, 3930, 3929, 3866, 3931, 3866, 3867, 3931, 3867, 3868, 3931, 3930, 3866, 3932, 3931, 3868, 3933, 3868, 3869, 3933, 3932, 3868, 3934, 3869, 3870, 3934, 3933, 3869, 3935, 3870, 3871, 3935, 3871, 3872, 3935, 3934, 3870, 3936, 3935, 3872, 3937, 3936, 3872, 3937, 3872, 3873, 3938, 3937, 3873, 3938, 3873, 3874, 3939, 3938, 3874, 3939, 3874, 3875, 3940, 3939, 3875, 3940, 3875, 3876, 3941, 3940, 3876, 3941, 3876, 3877, 3941, 3877, 3878, 3942, 3941, 3878, 3942, 3878, 3879, 3943, 3942, 3879, 3944, 3943, 3879, 3944, 3879, 3880, 3945, 3944, 3880, 3945, 3880, 3881, 3946, 3945, 3881, 3946, 3881, 3882, 3947, 3882, 3883, 3947, 3946, 3882, 3948, 3883, 3884, 3948, 3947, 3883, 3949, 3884, 3885, 3949, 3885, 3886, 3949, 3948, 3884, 3950, 3949, 3886, 3951, 3886, 3887, 3951, 3950, 3886, 3952, 3887, 3888, 3952, 3888, 3889, 3952, 3951, 3887, 3953, 3952, 3889, 3954, 3889, 3890, 3954, 3953, 3889, 3955, 3890, 3891, 3955, 3891, 3892, 3955, 3954, 3890, 3956, 3955, 3892, 3957, 3892, 3893, 3957, 3956, 3892, 3958, 3893, 3894, 3958, 3894, 3895, 3958, 3957, 3893, 3959, 3958, 3895, 3960, 3895, 3896, 3960, 3959, 3895, 3961, 3896, 3897, 3961, 3960, 3896, 3962, 3961, 3897, 3962, 3897, 3898, 3962, 3898, 3899, 3963, 3962, 3899, 3964, 3963, 3899, 3964, 3899, 3900, 3965, 3964, 3900, 3965, 3900, 3901, 3965, 3901, 3902, 3966, 3965, 3902, 3967, 3966, 3902, 3967, 3902, 3903, 3968, 3967, 3903, 3968, 3903, 3904, 3968, 3904, 3905, 3969, 3968, 3905, 3907, 3969, 3905, 3907, 3905, 3906, 4158, 4094, 4095, 4158, 4095, 4096, 4158, 4157, 4094, 4156, 4093, 4094, 4156, 4094, 4157, 4159, 4158, 4096, 4155, 4092, 4093, 4155, 4093, 4156, 4160, 4096, 4097, 4160, 4159, 4096, 4154, 4090, 4091, 4154, 4091, 4092, 4154, 4092, 4155, 4161, 4160, 4097, 4161, 4097, 4098, 4153, 4090, 4154, 4089, 4090, 4153, 4162, 4098, 4099, 4162, 4161, 4098, 4100, 4162, 4099, 4152, 4089, 4153, 4088, 4089, 4152, 4163, 4162, 4100, 4151, 4088, 4152, 4164, 4100, 4101, 4164, 4163, 4100, 4102, 4164, 4101, 4150, 4087, 4088, 4150, 4088, 4151, 4165, 4164, 4102, 4103, 4165, 4102, 4149, 4086, 4087, 4149, 4087, 4150, 4166, 4165, 4103, 4104, 4166, 4103, 4148, 4085, 4086, 4148, 4086, 4149, 4167, 4166, 4104, 4147, 4084, 4085, 4147, 4085, 4148, 4168, 4167, 4104, 4168, 4104, 4105, 4146, 4084, 4147, 4146, 4083, 4084, 4106, 4168, 4105, 4169, 4168, 4106, 4082, 4083, 4146, 4145, 4082, 4146, 4107, 4169, 4106, 4170, 4169, 4107, 4144, 4082, 4145, 4144, 4081, 4082, 4171, 4170, 4107, 4171, 4107, 4108, 4143, 4080, 4081, 4143, 4081, 4144, 4172, 4171, 4108, 4172, 4108, 4109, 4079, 4080, 4143, 4142, 4079, 4143, 4173, 4172, 4109, 4173, 4109, 4110, 4078, 4079, 4142, 4078, 4142, 4141, 4111, 4174, 4173, 4111, 4173, 4110, 4077, 4078, 4141, 4077, 4141, 4140, 4175, 4174, 4111, 4112, 4175, 4111, 4076, 4077, 4140, 4076, 4140, 4139, 4113, 4176, 4175, 4113, 4175, 4112, 4075, 4076, 4139, 4075, 4139, 4138, 4177, 4176, 4113, 4114, 4177, 4113, 4137, 4075, 4138, 4074, 4075, 4137, 4115, 4178, 4177, 4115, 4177, 4114, 4073, 4074, 4137, 4073, 4137, 4136, 4116, 4179, 4178, 4116, 4178, 4115, 4180, 4179, 4116, 4072, 4136, 4135, 4072, 4073, 4136, 4117, 4180, 4116, 4134, 4072, 4135, 4071, 4072, 4134, 4055, 4118, 4180, 4055, 4180, 4117, 4070, 4071, 4134, 4070, 4134, 4133, 4056, 4118, 4055, 4056, 4119, 4118, 4120, 4119, 4056, 4069, 4070, 4133, 4069, 4133, 4132, 4131, 4069, 4132, 4057, 4120, 4056, 4068, 4069, 4131, 4058, 4120, 4057, 4058, 4121, 4120, 4067, 4068, 4131, 4067, 4130, 4129, 4067, 4131, 4130, 4059, 4121, 4058, 4059, 4122, 4121, 4059, 4123, 4122, 4066, 4067, 4129, 4060, 4123, 4059, 4065, 4066, 4129, 4065, 4129, 4128, 4061, 4123, 4060, 4061, 4124, 4123, 4061, 4125, 4124, 4064, 4065, 4128, 4064, 4128, 4127, 4062, 4125, 4061, 4063, 4126, 4125, 4063, 4127, 4126, 4063, 4064, 4127, 4063, 4125, 4062, 4181, 4215, 4214, 4182, 4216, 4215, 4182, 4215, 4181, 4183, 4217, 4216, 4183, 4216, 4182, 4184, 4218, 4217, 4184, 4217, 4183, 4185, 4219, 4218, 4185, 4218, 4184, 4186, 4220, 4219, 4186, 4219, 4185, 4187, 4220, 4186, 4187, 4221, 4220, 4188, 4221, 4187, 4188, 4222, 4221, 4189, 4222, 4188, 4189, 4223, 4222, 4190, 4223, 4189, 4190, 4224, 4223, 4191, 4224, 4190, 4191, 4225, 4224, 4192, 4225, 4191, 4192, 4226, 4225, 4193, 4226, 4192, 4193, 4227, 4226, 4194, 4227, 4193, 4194, 4228, 4227, 4195, 4228, 4194, 4195, 4229, 4228, 4195, 4230, 4229, 4196, 4230, 4195, 4196, 4231, 4230, 4197, 4231, 4196, 4197, 4232, 4231, 4198, 4233, 4232, 4198, 4232, 4197, 4199, 4233, 4198, 4199, 4234, 4233, 4200, 4235, 4234, 4200, 4236, 4235, 4200, 4234, 4199, 4201, 4237, 4236, 4201, 4236, 4200, 4202, 4238, 4237, 4202, 4237, 4201, 4203, 4239, 4238, 4203, 4240, 4239, 4203, 4238, 4202, 4204, 4241, 4240, 4204, 4240, 4203, 4205, 4242, 4241, 4205, 4243, 4242, 4205, 4241, 4204, 4206, 4244, 4243, 4206, 4243, 4205, 4207, 4245, 4244, 4207, 4246, 4245, 4207, 4244, 4206, 4208, 4247, 4246, 4208, 4246, 4207, 4209, 4248, 4247, 4209, 4249, 4248, 4209, 4247, 4208, 4210, 4249, 4209, 4210, 4250, 4249, 4210, 4251, 4250, 4211, 4251, 4210, 4211, 4252, 4251, 4212, 4252, 4211, 4212, 4253, 4252, 4212, 4254, 4253, 4213, 4254, 4212, 4213, 4255, 4254, 4259, 4258, 4256, 4257, 4259, 4256, 4260, 4294, 4293, 4261, 4295, 4294, 4261, 4294, 4260, 4262, 4296, 4295, 4262, 4295, 4261, 4263, 4297, 4296, 4263, 4296, 4262, 4264, 4298, 4297, 4264, 4297, 4263, 4265, 4298, 4264, 4265, 4299, 4298, 4266, 4299, 4265, 4266, 4300, 4299, 4267, 4300, 4266, 4267, 4301, 4300, 4268, 4301, 4267, 4268, 4302, 4301, 4269, 4302, 4268, 4269, 4303, 4302, 4270, 4303, 4269, 4270, 4304, 4303, 4271, 4304, 4270, 4271, 4305, 4304, 4272, 4305, 4271, 4272, 4306, 4305, 4273, 4306, 4272, 4273, 4307, 4306, 4274, 4307, 4273, 4274, 4308, 4307, 4275, 4308, 4274, 4275, 4309, 4308, 4275, 4310, 4309, 4276, 4310, 4275, 4276, 4311, 4310, 4277, 4312, 4311, 4277, 4311, 4276, 4278, 4312, 4277, 4278, 4313, 4312, 4279, 4314, 4313, 4279, 4315, 4314, 4279, 4313, 4278, 4280, 4316, 4315, 4280, 4315, 4279, 4281, 4317, 4316, 4281, 4316, 4280, 4282, 4318, 4317, 4282, 4319, 4318, 4282, 4317, 4281, 4283, 4319, 4282, 4283, 4320, 4319, 4284, 4321, 4320, 4284, 4322, 4321, 4284, 4320, 4283, 4285, 4323, 4322, 4285, 4322, 4284, 4286, 4324, 4323, 4286, 4325, 4324, 4286, 4323, 4285, 4287, 4326, 4325, 4287, 4327, 4326, 4287, 4325, 4286, 4288, 4327, 4287, 4288, 4328, 4327, 4289, 4328, 4288, 4289, 4329, 4328, 4289, 4330, 4329, 4290, 4330, 4289, 4290, 4331, 4330, 4290, 4332, 4331, 4291, 4332, 4290, 4291, 4333, 4332, 4291, 4334, 4333, 4292, 4334, 4291, 4292, 4335, 4334, 4339, 4338, 4336, 4337, 4339, 4336, 4406, 4340, 4341, 4406, 4405, 4340, 4407, 4341, 4342, 4407, 4406, 4341, 4408, 4342, 4343, 4408, 4407, 4342, 4409, 4343, 4344, 4409, 4408, 4343, 4410, 4344, 4345, 4410, 4409, 4344, 4411, 4345, 4346, 4411, 4410, 4345, 4412, 4346, 4347, 4412, 4411, 4346, 4413, 4347, 4348, 4413, 4412, 4347, 4414, 4348, 4349, 4414, 4413, 4348, 4415, 4349, 4350, 4415, 4414, 4349, 4416, 4350, 4351, 4416, 4415, 4350, 4417, 4351, 4352, 4417, 4416, 4351, 4418, 4352, 4353, 4418, 4417, 4352, 4419, 4353, 4354, 4419, 4418, 4353, 4420, 4354, 4355, 4420, 4419, 4354, 4421, 4355, 4356, 4421, 4420, 4355, 4357, 4421, 4356, 4422, 4421, 4357, 4423, 4357, 4358, 4423, 4422, 4357, 4424, 4423, 4358, 4424, 4358, 4359, 4425, 4424, 4359, 4425, 4359, 4360, 4426, 4425, 4360, 4426, 4360, 4361, 4427, 4426, 4361, 4427, 4361, 4362, 4428, 4427, 4362, 4428, 4362, 4363, 4429, 4363, 4364, 4429, 4428, 4363, 4430, 4364, 4365, 4430, 4429, 4364, 4431, 4365, 4366, 4431, 4430, 4365, 4432, 4366, 4367, 4432, 4431, 4366, 4433, 4367, 4368, 4433, 4432, 4367, 4434, 4368, 4369, 4434, 4433, 4368, 4435, 4369, 4370, 4435, 4434, 4369, 4436, 4370, 4371, 4436, 4435, 4370, 4437, 4371, 4372, 4437, 4436, 4371, 4438, 4372, 4373, 4438, 4437, 4372, 4439, 4373, 4374, 4439, 4438, 4373, 4440, 4374, 4375, 4440, 4439, 4374, 4441, 4375, 4376, 4441, 4440, 4375, 4442, 4376, 4377, 4442, 4441, 4376, 4443, 4377, 4378, 4443, 4442, 4377, 4444, 4378, 4379, 4444, 4443, 4378, 4380, 4444, 4379, 4445, 4444, 4380, 4446, 4380, 4381, 4446, 4445, 4380, 4447, 4381, 4382, 4447, 4446, 4381, 4448, 4447, 4382, 4448, 4382, 4383, 4384, 4448, 4383, 4449, 4448, 4384, 4450, 4449, 4384, 4450, 4384, 4385, 4451, 4450, 4385, 4451, 4385, 4386, 4452, 4451, 4386, 4452, 4386, 4387, 4453, 4452, 4387, 4453, 4387, 4388, 4454, 4453, 4388, 4454, 4388, 4389, 4390, 4454, 4389, 4455, 4454, 4390, 4456, 4455, 4390, 4456, 4390, 4391, 4392, 4456, 4391, 4457, 4456, 4392, 4393, 4457, 4392, 4458, 4457, 4393, 4459, 4458, 4393, 4459, 4393, 4394, 4395, 4459, 4394, 4460, 4459, 4395, 4396, 4460, 4395, 4461, 4460, 4396, 4462, 4396, 4397, 4462, 4461, 4396, 4398, 4462, 4397, 4463, 4462, 4398, 4399, 4463, 4398, 4464, 4463, 4399, 4465, 4399, 4400, 4465, 4464, 4399, 4401, 4465, 4400, 4466, 4465, 4401, 4402, 4466, 4401, 4467, 4466, 4402, 4403, 4467, 4402, 4404, 4467, 4403, 4494, 4493, 4492, 4490, 4492, 4491, 4496, 4495, 4494, 4489, 4494, 4492, 4489, 4492, 4490, 4498, 4497, 4496, 4487, 4489, 4488, 4500, 4499, 4498, 4500, 4498, 4496, 4501, 4496, 4494, 4501, 4494, 4489, 4501, 4500, 4496, 4484, 4486, 4485, 4484, 4487, 4486, 4484, 4489, 4487, 4482, 4484, 4483, 4481, 4484, 4482, 4477, 4479, 4478, 4477, 4480, 4479, 4477, 4481, 4480, 4476, 4484, 4481, 4476, 4481, 4477, 4476, 4489, 4484, 4472, 4474, 4473, 4472, 4475, 4474, 4472, 4476, 4475, 4469, 4501, 4489, 4469, 4471, 4470, 4469, 4472, 4471, 4469, 4489, 4476, 4469, 4476, 4472, 4502, 4501, 4469, 4505, 4504, 4503, 4506, 4503, 4502, 4506, 4505, 4503, 4507, 4506, 4502, 4509, 4508, 4507, 4510, 4509, 4507, 4511, 4507, 4502, 4511, 4510, 4507, 4513, 4512, 4511, 4513, 4511, 4502, 4516, 4515, 4514, 4517, 4514, 4513, 4517, 4516, 4514, 4468, 4502, 4469, 4533, 4502, 4468, 4533, 4513, 4502, 4519, 4518, 4517, 4520, 4513, 4533, 4520, 4517, 4513, 4520, 4533, 4532, 4520, 4519, 4517, 4521, 4520, 4532, 4522, 4532, 4531, 4522, 4521, 4532, 4529, 4531, 4530, 4528, 4531, 4529, 4527, 4523, 4522, 4527, 4522, 4531, 4527, 4531, 4528, 4526, 4524, 4523, 4526, 4525, 4524, 4526, 4523, 4527, 4600, 4534, 4535, 4600, 4599, 4534, 4601, 4535, 4536, 4601, 4600, 4535, 4602, 4536, 4537, 4602, 4601, 4536, 4603, 4537, 4538, 4603, 4602, 4537, 4604, 4538, 4539, 4604, 4603, 4538, 4605, 4539, 4540, 4605, 4604, 4539, 4541, 4605, 4540, 4606, 4605, 4541, 4607, 4541, 4542, 4607, 4606, 4541, 4543, 4607, 4542, 4608, 4607, 4543, 4609, 4543, 4544, 4609, 4608, 4543, 4610, 4544, 4545, 4610, 4609, 4544, 4611, 4545, 4546, 4611, 4610, 4545, 4612, 4546, 4547, 4612, 4611, 4546, 4613, 4547, 4548, 4613, 4612, 4547, 4614, 4548, 4549, 4614, 4613, 4548, 4615, 4549, 4550, 4615, 4614, 4549, 4616, 4550, 4551, 4616, 4615, 4550, 4617, 4551, 4552, 4617, 4616, 4551, 4618, 4617, 4552, 4618, 4552, 4553, 4619, 4618, 4553, 4619, 4553, 4554, 4620, 4619, 4554, 4620, 4554, 4555, 4621, 4620, 4555, 4621, 4555, 4556, 4622, 4621, 4556, 4622, 4556, 4557, 4623, 4557, 4558, 4623, 4622, 4557, 4624, 4558, 4559, 4624, 4623, 4558, 4625, 4559, 4560, 4625, 4624, 4559, 4626, 4560, 4561, 4626, 4625, 4560, 4627, 4561, 4562, 4627, 4626, 4561, 4628, 4562, 4563, 4628, 4627, 4562, 4629, 4563, 4564, 4629, 4628, 4563, 4630, 4564, 4565, 4630, 4629, 4564, 4631, 4565, 4566, 4631, 4630, 4565, 4632, 4566, 4567, 4632, 4631, 4566, 4633, 4567, 4568, 4633, 4632, 4567, 4634, 4568, 4569, 4634, 4633, 4568, 4635, 4569, 4570, 4635, 4634, 4569, 4636, 4570, 4571, 4636, 4635, 4570, 4637, 4571, 4572, 4637, 4636, 4571, 4638, 4572, 4573, 4638, 4637, 4572, 4639, 4573, 4574, 4639, 4638, 4573, 4640, 4574, 4575, 4640, 4639, 4574, 4641, 4575, 4576, 4641, 4640, 4575, 4642, 4641, 4576, 4642, 4576, 4577, 4643, 4577, 4578, 4643, 4642, 4577, 4644, 4643, 4578, 4644, 4578, 4579, 4645, 4644, 4579, 4645, 4579, 4580, 4646, 4645, 4580, 4646, 4580, 4581, 4647, 4646, 4581, 4647, 4581, 4582, 4648, 4647, 4582, 4648, 4582, 4583, 4649, 4648, 4583, 4649, 4583, 4584, 4585, 4649, 4584, 4650, 4649, 4585, 4651, 4650, 4585, 4651, 4585, 4586, 4652, 4651, 4586, 4652, 4586, 4587, 4588, 4652, 4587, 4653, 4652, 4588, 4654, 4653, 4588, 4654, 4588, 4589, 4590, 4654, 4589, 4655, 4654, 4590, 4591, 4655, 4590, 4656, 4655, 4591, 4592, 4656, 4591, 4657, 4656, 4592, 4593, 4657, 4592, 4658, 4657, 4593, 4659, 4593, 4594, 4659, 4658, 4593, 4660, 4594, 4595, 4660, 4659, 4594, 4596, 4660, 4595, 4661, 4660, 4596, 4598, 4596, 4597, 4598, 4661, 4596, 4728, 4662, 4663, 4728, 4727, 4662, 4729, 4663, 4664, 4729, 4728, 4663, 4730, 4664, 4665, 4730, 4729, 4664, 4731, 4665, 4666, 4731, 4730, 4665, 4732, 4666, 4667, 4732, 4731, 4666, 4733, 4667, 4668, 4733, 4732, 4667, 4734, 4668, 4669, 4734, 4733, 4668, 4735, 4669, 4670, 4735, 4734, 4669, 4671, 4735, 4670, 4736, 4735, 4671, 4737, 4671, 4672, 4737, 4736, 4671, 4738, 4672, 4673, 4738, 4737, 4672, 4739, 4673, 4674, 4739, 4738, 4673, 4740, 4674, 4675, 4740, 4739, 4674, 4741, 4675, 4676, 4741, 4740, 4675, 4742, 4676, 4677, 4742, 4741, 4676, 4743, 4677, 4678, 4743, 4742, 4677, 4744, 4678, 4679, 4744, 4743, 4678, 4745, 4679, 4680, 4745, 4744, 4679, 4746, 4745, 4680, 4746, 4680, 4681, 4747, 4746, 4681, 4747, 4681, 4682, 4748, 4747, 4682, 4748, 4682, 4683, 4749, 4748, 4683, 4749, 4683, 4684, 4750, 4749, 4684, 4750, 4684, 4685, 4751, 4685, 4686, 4751, 4750, 4685, 4752, 4686, 4687, 4752, 4751, 4686, 4753, 4687, 4688, 4753, 4752, 4687, 4754, 4688, 4689, 4754, 4753, 4688, 4755, 4689, 4690, 4755, 4754, 4689, 4756, 4690, 4691, 4756, 4755, 4690, 4757, 4691, 4692, 4757, 4756, 4691, 4758, 4692, 4693, 4758, 4757, 4692, 4759, 4693, 4694, 4759, 4758, 4693, 4760, 4694, 4695, 4760, 4759, 4694, 4761, 4695, 4696, 4761, 4760, 4695, 4762, 4696, 4697, 4762, 4761, 4696, 4763, 4697, 4698, 4763, 4762, 4697, 4764, 4698, 4699, 4764, 4763, 4698, 4765, 4699, 4700, 4765, 4764, 4699, 4701, 4765, 4700, 4766, 4765, 4701, 4767, 4701, 4702, 4767, 4766, 4701, 4768, 4702, 4703, 4768, 4767, 4702, 4704, 4768, 4703, 4769, 4768, 4704, 4770, 4769, 4704, 4770, 4704, 4705, 4771, 4770, 4705, 4771, 4705, 4706, 4707, 4771, 4706, 4772, 4771, 4707, 4773, 4772, 4707, 4773, 4707, 4708, 4774, 4773, 4708, 4774, 4708, 4709, 4710, 4774, 4709, 4775, 4774, 4710, 4776, 4775, 4710, 4776, 4710, 4711, 4777, 4776, 4711, 4777, 4711, 4712, 4713, 4777, 4712, 4778, 4777, 4713, 4779, 4778, 4713, 4779, 4713, 4714, 4780, 4779, 4714, 4780, 4714, 4715, 4716, 4780, 4715, 4781, 4780, 4716, 4717, 4781, 4716, 4782, 4781, 4717, 4783, 4782, 4717, 4783, 4717, 4718, 4719, 4783, 4718, 4784, 4783, 4719, 4785, 4719, 4720, 4785, 4784, 4719, 4721, 4785, 4720, 4786, 4785, 4721, 4722, 4786, 4721, 4787, 4786, 4722, 4723, 4787, 4722, 4788, 4787, 4723, 4789, 4723, 4724, 4789, 4788, 4723, 4726, 4724, 4725, 4726, 4789, 4724, 4856, 4790, 4791, 4856, 4855, 4790, 4857, 4791, 4792, 4857, 4856, 4791, 4858, 4792, 4793, 4858, 4857, 4792, 4859, 4793, 4794, 4859, 4858, 4793, 4860, 4794, 4795, 4860, 4859, 4794, 4861, 4795, 4796, 4861, 4860, 4795, 4862, 4796, 4797, 4862, 4861, 4796, 4798, 4862, 4797, 4863, 4862, 4798, 4864, 4798, 4799, 4864, 4863, 4798, 4865, 4799, 4800, 4865, 4864, 4799, 4866, 4800, 4801, 4866, 4865, 4800, 4867, 4801, 4802, 4867, 4866, 4801, 4868, 4802, 4803, 4868, 4867, 4802, 4804, 4868, 4803, 4869, 4868, 4804, 4870, 4804, 4805, 4870, 4869, 4804, 4871, 4805, 4806, 4871, 4870, 4805, 4872, 4806, 4807, 4872, 4871, 4806, 4873, 4807, 4808, 4873, 4872, 4807, 4874, 4873, 4808, 4874, 4808, 4809, 4875, 4874, 4809, 4875, 4809, 4810, 4876, 4875, 4810, 4876, 4810, 4811, 4877, 4876, 4811, 4877, 4811, 4812, 4878, 4877, 4812, 4878, 4812, 4813, 4879, 4813, 4814, 4879, 4878, 4813, 4880, 4814, 4815, 4880, 4879, 4814, 4881, 4815, 4816, 4881, 4880, 4815, 4882, 4816, 4817, 4882, 4881, 4816, 4883, 4817, 4818, 4883, 4882, 4817, 4884, 4818, 4819, 4884, 4883, 4818, 4885, 4819, 4820, 4885, 4884, 4819, 4886, 4820, 4821, 4886, 4885, 4820, 4887, 4821, 4822, 4887, 4886, 4821, 4888, 4822, 4823, 4888, 4887, 4822, 4889, 4823, 4824, 4889, 4888, 4823, 4890, 4824, 4825, 4890, 4889, 4824, 4891, 4825, 4826, 4891, 4890, 4825, 4892, 4826, 4827, 4892, 4891, 4826, 4893, 4827, 4828, 4893, 4892, 4827, 4829, 4893, 4828, 4894, 4893, 4829, 4895, 4829, 4830, 4895, 4894, 4829, 4896, 4830, 4831, 4896, 4895, 4830, 4897, 4831, 4832, 4897, 4896, 4831, 4898, 4897, 4832, 4898, 4832, 4833, 4899, 4833, 4834, 4899, 4898, 4833, 4900, 4899, 4834, 4900, 4834, 4835, 4836, 4900, 4835, 4901, 4900, 4836, 4902, 4901, 4836, 4902, 4836, 4837, 4903, 4902, 4837, 4903, 4837, 4838, 4904, 4903, 4838, 4904, 4838, 4839, 4905, 4904, 4839, 4905, 4839, 4840, 4906, 4905, 4840, 4906, 4840, 4841, 4842, 4906, 4841, 4907, 4906, 4842, 4908, 4907, 4842, 4908, 4842, 4843, 4909, 4908, 4843, 4909, 4843, 4844, 4910, 4909, 4844, 4910, 4844, 4845, 4911, 4910, 4845, 4911, 4845, 4846, 4912, 4911, 4846, 4912, 4846, 4847, 4913, 4847, 4848, 4913, 4912, 4847, 4849, 4913, 4848, 4914, 4913, 4849, 4915, 4849, 4850, 4915, 4914, 4849, 4916, 4850, 4851, 4916, 4915, 4850, 4917, 4851, 4852, 4917, 4916, 4851, 4853, 4917, 4852, 4854, 4917, 4853, 4984, 4918, 4919, 4984, 4983, 4918, 4985, 4919, 4920, 4985, 4984, 4919, 4986, 4920, 4921, 4986, 4985, 4920, 4987, 4921, 4922, 4987, 4986, 4921, 4923, 4987, 4922, 4988, 4987, 4923, 4989, 4923, 4924, 4989, 4988, 4923, 4990, 4924, 4925, 4990, 4989, 4924, 4991, 4925, 4926, 4991, 4990, 4925, 4927, 4991, 4926, 4992, 4991, 4927, 4993, 4927, 4928, 4993, 4992, 4927, 4994, 4928, 4929, 4994, 4993, 4928, 4995, 4929, 4930, 4995, 4994, 4929, 4931, 4995, 4930, 4996, 4995, 4931, 4932, 4996, 4931, 4997, 4996, 4932, 4998, 4932, 4933, 4998, 4997, 4932, 4999, 4933, 4934, 4999, 4998, 4933, 4935, 4999, 4934, 5000, 4999, 4935, 5001, 4935, 4936, 5001, 5000, 4935, 5002, 5001, 4936, 5002, 4936, 4937, 5003, 5002, 4937, 5003, 4937, 4938, 5004, 5003, 4938, 5004, 4938, 4939, 5005, 5004, 4939, 5005, 4939, 4940, 5006, 5005, 4940, 5006, 4940, 4941, 5007, 4941, 4942, 5007, 5006, 4941, 5008, 4942, 4943, 5008, 5007, 4942, 5009, 4943, 4944, 5009, 5008, 4943, 5010, 4944, 4945, 5010, 5009, 4944, 5011, 4945, 4946, 5011, 5010, 4945, 5012, 4946, 4947, 5012, 5011, 4946, 5013, 4947, 4948, 5013, 5012, 4947, 5014, 4948, 4949, 5014, 5013, 4948, 5015, 4949, 4950, 5015, 5014, 4949, 5016, 4950, 4951, 5016, 5015, 4950, 5017, 4951, 4952, 5017, 5016, 4951, 5018, 4952, 4953, 5018, 5017, 4952, 5019, 4953, 4954, 5019, 5018, 4953, 5020, 4954, 4955, 5020, 5019, 4954, 5021, 4955, 4956, 5021, 5020, 4955, 5022, 4956, 4957, 5022, 5021, 4956, 5023, 4957, 4958, 5023, 5022, 4957, 5024, 4958, 4959, 5024, 5023, 4958, 5025, 4959, 4960, 5025, 5024, 4959, 5026, 5025, 4960, 5026, 4960, 4961, 5027, 4961, 4962, 5027, 5026, 4961, 5028, 5027, 4962, 5028, 4962, 4963, 5029, 5028, 4963, 5029, 4963, 4964, 5030, 5029, 4964, 5030, 4964, 4965, 5031, 5030, 4965, 5031, 4965, 4966, 5032, 5031, 4966, 5032, 4966, 4967, 5033, 5032, 4967, 5033, 4967, 4968, 5034, 5033, 4968, 5034, 4968, 4969, 5035, 5034, 4969, 5035, 4969, 4970, 5036, 5035, 4970, 5036, 4970, 4971, 5037, 5036, 4971, 5037, 4971, 4972, 4973, 5037, 4972, 5038, 5037, 4973, 5039, 5038, 4973, 5039, 4973, 4974, 4975, 5039, 4974, 5040, 5039, 4975, 4976, 5040, 4975, 5041, 5040, 4976, 5042, 4976, 4977, 5042, 5041, 4976, 4978, 5042, 4977, 5043, 5042, 4978, 5044, 4978, 4979, 5044, 5043, 4978, 5045, 4979, 4980, 5045, 5044, 4979, 4982, 4980, 4981, 4982, 5045, 4980, 5112, 5046, 5047, 5112, 5111, 5046, 5113, 5047, 5048, 5113, 5112, 5047, 5114, 5048, 5049, 5114, 5113, 5048, 5115, 5049, 5050, 5115, 5114, 5049, 5116, 5050, 5051, 5116, 5115, 5050, 5117, 5051, 5052, 5117, 5116, 5051, 5118, 5052, 5053, 5118, 5117, 5052, 5119, 5053, 5054, 5119, 5118, 5053, 5055, 5119, 5054, 5120, 5119, 5055, 5056, 5120, 5055, 5121, 5120, 5056, 5122, 5056, 5057, 5122, 5121, 5056, 5123, 5057, 5058, 5123, 5122, 5057, 5124, 5058, 5059, 5124, 5123, 5058, 5125, 5059, 5060, 5125, 5124, 5059, 5061, 5125, 5060, 5126, 5125, 5061, 5127, 5061, 5062, 5127, 5126, 5061, 5128, 5062, 5063, 5128, 5127, 5062, 5064, 5128, 5063, 5129, 5128, 5064, 5065, 5129, 5064, 5130, 5129, 5065, 5131, 5130, 5065, 5131, 5065, 5066, 5132, 5131, 5066, 5132, 5066, 5067, 5133, 5132, 5067, 5133, 5067, 5068, 5134, 5133, 5068, 5134, 5068, 5069, 5135, 5069, 5070, 5135, 5134, 5069, 5136, 5070, 5071, 5136, 5135, 5070, 5137, 5071, 5072, 5137, 5136, 5071, 5138, 5072, 5073, 5138, 5137, 5072, 5139, 5073, 5074, 5139, 5138, 5073, 5140, 5074, 5075, 5140, 5139, 5074, 5141, 5075, 5076, 5141, 5140, 5075, 5142, 5076, 5077, 5142, 5141, 5076, 5143, 5077, 5078, 5143, 5142, 5077, 5144, 5078, 5079, 5144, 5143, 5078, 5145, 5079, 5080, 5145, 5144, 5079, 5146, 5080, 5081, 5146, 5145, 5080, 5147, 5081, 5082, 5147, 5146, 5081, 5083, 5147, 5082, 5148, 5147, 5083, 5149, 5083, 5084, 5149, 5148, 5083, 5085, 5149, 5084, 5150, 5149, 5085, 5151, 5085, 5086, 5151, 5150, 5085, 5152, 5086, 5087, 5152, 5151, 5086, 5153, 5087, 5088, 5153, 5152, 5087, 5154, 5153, 5088, 5154, 5088, 5089, 5155, 5089, 5090, 5155, 5154, 5089, 5156, 5155, 5090, 5156, 5090, 5091, 5157, 5156, 5091, 5157, 5091, 5092, 5158, 5157, 5092, 5158, 5092, 5093, 5159, 5158, 5093, 5159, 5093, 5094, 5160, 5159, 5094, 5160, 5094, 5095, 5161, 5160, 5095, 5161, 5095, 5096, 5162, 5161, 5096, 5162, 5096, 5097, 5163, 5162, 5097, 5163, 5097, 5098, 5164, 5163, 5098, 5164, 5098, 5099, 5100, 5164, 5099, 5165, 5164, 5100, 5166, 5165, 5100, 5166, 5100, 5101, 5102, 5166, 5101, 5167, 5166, 5102, 5168, 5102, 5103, 5168, 5167, 5102, 5169, 5103, 5104, 5169, 5168, 5103, 5170, 5104, 5105, 5170, 5169, 5104, 5171, 5105, 5106, 5171, 5170, 5105, 5107, 5171, 5106, 5172, 5171, 5107, 5173, 5107, 5108, 5173, 5172, 5107, 5109, 5173, 5108, 5110, 5173, 5109, 5240, 5174, 5175, 5240, 5239, 5174, 5241, 5175, 5176, 5241, 5240, 5175, 5242, 5176, 5177, 5242, 5241, 5176, 5243, 5177, 5178, 5243, 5242, 5177, 5244, 5178, 5179, 5244, 5243, 5178, 5245, 5179, 5180, 5245, 5244, 5179, 5246, 5180, 5181, 5246, 5245, 5180, 5182, 5246, 5181, 5247, 5246, 5182, 5183, 5247, 5182, 5248, 5247, 5183, 5249, 5183, 5184, 5249, 5248, 5183, 5250, 5184, 5185, 5250, 5249, 5184, 5186, 5250, 5185, 5251, 5250, 5186, 5252, 5186, 5187, 5252, 5251, 5186, 5253, 5187, 5188, 5253, 5252, 5187, 5189, 5253, 5188, 5254, 5253, 5189, 5190, 5254, 5189, 5255, 5254, 5190, 5256, 5190, 5191, 5256, 5255, 5190, 5192, 5256, 5191, 5257, 5256, 5192, 5193, 5257, 5192, 5258, 5257, 5193, 5259, 5258, 5193, 5259, 5193, 5194, 5260, 5259, 5194, 5260, 5194, 5195, 5261, 5260, 5195, 5261, 5195, 5196, 5262, 5261, 5196, 5262, 5196, 5197, 5263, 5197, 5198, 5263, 5262, 5197, 5264, 5198, 5199, 5264, 5263, 5198, 5200, 5264, 5199, 5265, 5264, 5200, 5266, 5200, 5201, 5266, 5265, 5200, 5267, 5201, 5202, 5267, 5266, 5201, 5268, 5202, 5203, 5268, 5267, 5202, 5269, 5203, 5204, 5269, 5268, 5203, 5270, 5204, 5205, 5270, 5269, 5204, 5271, 5205, 5206, 5271, 5270, 5205, 5272, 5206, 5207, 5272, 5271, 5206, 5273, 5207, 5208, 5273, 5272, 5207, 5274, 5208, 5209, 5274, 5273, 5208, 5210, 5274, 5209, 5275, 5274, 5210, 5276, 5210, 5211, 5276, 5275, 5210, 5277, 5211, 5212, 5277, 5276, 5211, 5278, 5212, 5213, 5278, 5277, 5212, 5279, 5213, 5214, 5279, 5278, 5213, 5280, 5214, 5215, 5280, 5279, 5214, 5281, 5215, 5216, 5281, 5280, 5215, 5282, 5281, 5216, 5282, 5216, 5217, 5283, 5217, 5218, 5283, 5282, 5217, 5284, 5283, 5218, 5284, 5218, 5219, 5285, 5284, 5219, 5285, 5219, 5220, 5286, 5285, 5220, 5286, 5220, 5221, 5287, 5286, 5221, 5287, 5221, 5222, 5288, 5287, 5222, 5288, 5222, 5223, 5289, 5288, 5223, 5289, 5223, 5224, 5290, 5289, 5224, 5290, 5224, 5225, 5291, 5290, 5225, 5291, 5225, 5226, 5292, 5291, 5226, 5292, 5226, 5227, 5228, 5292, 5227, 5293, 5292, 5228, 5229, 5293, 5228, 5294, 5293, 5229, 5230, 5294, 5229, 5295, 5294, 5230, 5231, 5295, 5230, 5296, 5295, 5231, 5297, 5231, 5232, 5297, 5296, 5231, 5233, 5297, 5232, 5298, 5297, 5233, 5299, 5233, 5234, 5299, 5298, 5233, 5235, 5299, 5234, 5300, 5299, 5235, 5236, 5300, 5235, 5301, 5300, 5236, 5238, 5236, 5237, 5238, 5301, 5236, 5368, 5302, 5303, 5368, 5367, 5302, 5369, 5303, 5304, 5369, 5368, 5303, 5370, 5304, 5305, 5370, 5369, 5304, 5371, 5305, 5306, 5371, 5370, 5305, 5372, 5306, 5307, 5372, 5371, 5306, 5373, 5307, 5308, 5373, 5372, 5307, 5374, 5308, 5309, 5374, 5373, 5308, 5375, 5309, 5310, 5375, 5374, 5309, 5376, 5310, 5311, 5376, 5375, 5310, 5312, 5376, 5311, 5377, 5376, 5312, 5378, 5312, 5313, 5378, 5377, 5312, 5379, 5313, 5314, 5379, 5378, 5313, 5315, 5379, 5314, 5380, 5379, 5315, 5381, 5315, 5316, 5381, 5380, 5315, 5382, 5316, 5317, 5382, 5381, 5316, 5318, 5382, 5317, 5383, 5382, 5318, 5319, 5383, 5318, 5384, 5383, 5319, 5385, 5319, 5320, 5385, 5384, 5319, 5321, 5385, 5320, 5386, 5385, 5321, 5387, 5386, 5321, 5387, 5321, 5322, 5388, 5387, 5322, 5388, 5322, 5323, 5324, 5388, 5323, 5389, 5388, 5324, 5390, 5389, 5324, 5390, 5324, 5325, 5326, 5390, 5325, 5391, 5390, 5326, 5392, 5326, 5327, 5392, 5391, 5326, 5393, 5327, 5328, 5393, 5392, 5327, 5329, 5393, 5328, 5394, 5393, 5329, 5395, 5329, 5330, 5395, 5394, 5329, 5396, 5330, 5331, 5396, 5395, 5330, 5397, 5331, 5332, 5397, 5396, 5331, 5333, 5397, 5332, 5398, 5397, 5333, 5399, 5333, 5334, 5399, 5398, 5333, 5400, 5334, 5335, 5400, 5399, 5334, 5336, 5400, 5335, 5401, 5400, 5336, 5402, 5336, 5337, 5402, 5401, 5336, 5338, 5402, 5337, 5403, 5402, 5338, 5339, 5403, 5338, 5404, 5403, 5339, 5340, 5404, 5339, 5405, 5404, 5340, 5406, 5340, 5341, 5406, 5405, 5340, 5407, 5341, 5342, 5407, 5406, 5341, 5408, 5342, 5343, 5408, 5407, 5342, 5409, 5343, 5344, 5409, 5408, 5343, 5345, 5409, 5344, 5410, 5409, 5345, 5411, 5410, 5345, 5411, 5345, 5346, 5347, 5411, 5346, 5412, 5411, 5347, 5413, 5412, 5347, 5413, 5347, 5348, 5414, 5413, 5348, 5414, 5348, 5349, 5350, 5414, 5349, 5415, 5414, 5350, 5416, 5415, 5350, 5416, 5350, 5351, 5417, 5416, 5351, 5417, 5351, 5352, 5418, 5417, 5352, 5418, 5352, 5353, 5419, 5418, 5353, 5419, 5353, 5354, 5420, 5419, 5354, 5420, 5354, 5355, 5421, 5420, 5355, 5421, 5355, 5356, 5422, 5421, 5356, 5422, 5356, 5357, 5423, 5422, 5357, 5423, 5357, 5358, 5359, 5423, 5358, 5424, 5423, 5359, 5360, 5424, 5359, 5425, 5424, 5360, 5426, 5360, 5361, 5426, 5425, 5360, 5362, 5426, 5361, 5427, 5426, 5362, 5428, 5362, 5363, 5428, 5427, 5362, 5429, 5363, 5364, 5429, 5428, 5363, 5366, 5364, 5365, 5366, 5429, 5364, 5496, 5430, 5431, 5496, 5495, 5430, 5497, 5431, 5432, 5497, 5496, 5431, 5498, 5432, 5433, 5498, 5497, 5432, 5499, 5433, 5434, 5499, 5498, 5433, 5435, 5499, 5434, 5500, 5499, 5435, 5501, 5435, 5436, 5501, 5500, 5435, 5502, 5436, 5437, 5502, 5501, 5436, 5503, 5437, 5438, 5503, 5502, 5437, 5504, 5438, 5439, 5504, 5503, 5438, 5505, 5439, 5440, 5505, 5504, 5439, 5506, 5440, 5441, 5506, 5505, 5440, 5507, 5441, 5442, 5507, 5506, 5441, 5508, 5442, 5443, 5508, 5507, 5442, 5509, 5443, 5444, 5509, 5508, 5443, 5510, 5444, 5445, 5510, 5509, 5444, 5511, 5445, 5446, 5511, 5510, 5445, 5512, 5446, 5447, 5512, 5511, 5446, 5513, 5447, 5448, 5513, 5512, 5447, 5514, 5513, 5448, 5514, 5448, 5449, 5515, 5514, 5449, 5515, 5449, 5450, 5516, 5515, 5450, 5516, 5450, 5451, 5517, 5516, 5451, 5517, 5451, 5452, 5518, 5517, 5452, 5518, 5452, 5453, 5519, 5453, 5454, 5519, 5518, 5453, 5520, 5454, 5455, 5520, 5519, 5454, 5521, 5455, 5456, 5521, 5520, 5455, 5522, 5456, 5457, 5522, 5521, 5456, 5523, 5457, 5458, 5523, 5522, 5457, 5524, 5458, 5459, 5524, 5523, 5458, 5525, 5459, 5460, 5525, 5524, 5459, 5526, 5460, 5461, 5526, 5525, 5460, 5527, 5461, 5462, 5527, 5526, 5461, 5528, 5462, 5463, 5528, 5527, 5462, 5464, 5528, 5463, 5529, 5528, 5464, 5530, 5464, 5465, 5530, 5529, 5464, 5531, 5465, 5466, 5531, 5530, 5465, 5532, 5466, 5467, 5532, 5531, 5466, 5533, 5467, 5468, 5533, 5532, 5467, 5534, 5468, 5469, 5534, 5533, 5468, 5470, 5534, 5469, 5535, 5534, 5470, 5536, 5470, 5471, 5536, 5535, 5470, 5472, 5536, 5471, 5537, 5536, 5472, 5538, 5537, 5472, 5538, 5472, 5473, 5539, 5538, 5473, 5539, 5473, 5474, 5540, 5539, 5474, 5540, 5474, 5475, 5541, 5540, 5475, 5541, 5475, 5476, 5542, 5541, 5476, 5542, 5476, 5477, 5543, 5542, 5477, 5543, 5477, 5478, 5544, 5543, 5478, 5544, 5478, 5479, 5545, 5544, 5479, 5545, 5479, 5480, 5546, 5545, 5480, 5546, 5480, 5481, 5547, 5546, 5481, 5547, 5481, 5482, 5548, 5547, 5482, 5548, 5482, 5483, 5484, 5548, 5483, 5549, 5548, 5484, 5550, 5549, 5484, 5550, 5484, 5485, 5486, 5550, 5485, 5551, 5550, 5486, 5552, 5486, 5487, 5552, 5551, 5486, 5488, 5552, 5487, 5553, 5552, 5488, 5554, 5488, 5489, 5554, 5553, 5488, 5490, 5554, 5489, 5555, 5554, 5490, 5491, 5555, 5490, 5556, 5555, 5491, 5557, 5491, 5492, 5557, 5556, 5491, 5493, 5557, 5492, 5494, 5557, 5493, 5624, 5558, 5559, 5624, 5623, 5558, 5625, 5559, 5560, 5625, 5624, 5559, 5626, 5560, 5561, 5626, 5625, 5560, 5627, 5561, 5562, 5627, 5626, 5561, 5628, 5562, 5563, 5628, 5627, 5562, 5629, 5563, 5564, 5629, 5628, 5563, 5630, 5564, 5565, 5630, 5629, 5564, 5631, 5565, 5566, 5631, 5630, 5565, 5567, 5631, 5566, 5632, 5631, 5567, 5633, 5567, 5568, 5633, 5632, 5567, 5634, 5568, 5569, 5634, 5633, 5568, 5635, 5569, 5570, 5635, 5634, 5569, 5636, 5570, 5571, 5636, 5635, 5570, 5637, 5571, 5572, 5637, 5636, 5571, 5573, 5637, 5572, 5638, 5637, 5573, 5574, 5638, 5573, 5639, 5638, 5574, 5575, 5639, 5574, 5640, 5639, 5575, 5576, 5640, 5575, 5641, 5640, 5576, 5642, 5641, 5576, 5642, 5576, 5577, 5643, 5642, 5577, 5643, 5577, 5578, 5644, 5643, 5578, 5644, 5578, 5579, 5645, 5644, 5579, 5645, 5579, 5580, 5581, 5645, 5580, 5646, 5645, 5581, 5647, 5581, 5582, 5647, 5646, 5581, 5648, 5582, 5583, 5648, 5647, 5582, 5649, 5583, 5584, 5649, 5648, 5583, 5650, 5584, 5585, 5650, 5649, 5584, 5586, 5650, 5585, 5651, 5650, 5586, 5652, 5586, 5587, 5652, 5651, 5586, 5653, 5587, 5588, 5653, 5652, 5587, 5654, 5588, 5589, 5654, 5653, 5588, 5655, 5589, 5590, 5655, 5654, 5589, 5591, 5655, 5590, 5656, 5655, 5591, 5657, 5591, 5592, 5657, 5656, 5591, 5658, 5592, 5593, 5658, 5657, 5592, 5594, 5658, 5593, 5659, 5658, 5594, 5660, 5594, 5595, 5660, 5659, 5594, 5661, 5595, 5596, 5661, 5660, 5595, 5662, 5596, 5597, 5662, 5661, 5596, 5663, 5597, 5598, 5663, 5662, 5597, 5599, 5663, 5598, 5664, 5663, 5599, 5665, 5599, 5600, 5665, 5664, 5599, 5601, 5665, 5600, 5666, 5665, 5601, 5602, 5666, 5601, 5667, 5666, 5602, 5603, 5667, 5602, 5668, 5667, 5603, 5669, 5668, 5603, 5669, 5603, 5604, 5605, 5669, 5604, 5670, 5669, 5605, 5606, 5670, 5605, 5671, 5670, 5606, 5607, 5671, 5606, 5672, 5671, 5607, 5673, 5672, 5607, 5673, 5607, 5608, 5674, 5673, 5608, 5674, 5608, 5609, 5610, 5674, 5609, 5675, 5674, 5610, 5676, 5675, 5610, 5676, 5610, 5611, 5612, 5676, 5611, 5677, 5676, 5612, 5678, 5677, 5612, 5678, 5612, 5613, 5679, 5678, 5613, 5679, 5613, 5614, 5615, 5679, 5614, 5680, 5679, 5615, 5681, 5615, 5616, 5681, 5680, 5615, 5617, 5681, 5616, 5682, 5681, 5617, 5683, 5617, 5618, 5683, 5682, 5617, 5619, 5683, 5618, 5684, 5683, 5619, 5620, 5684, 5619, 5685, 5684, 5620, 5622, 5620, 5621, 5622, 5685, 5620, 5752, 5686, 5687, 5752, 5687, 5688, 5752, 5751, 5686, 5753, 5688, 5689, 5753, 5752, 5688, 5754, 5753, 5689, 5755, 5689, 5690, 5755, 5754, 5689, 5756, 5690, 5691, 5756, 5691, 5692, 5756, 5755, 5690, 5757, 5756, 5692, 5758, 5692, 5693, 5758, 5693, 5694, 5758, 5757, 5692, 5759, 5758, 5694, 5760, 5694, 5695, 5760, 5759, 5694, 5761, 5695, 5696, 5761, 5760, 5695, 5762, 5696, 5697, 5762, 5761, 5696, 5763, 5697, 5698, 5763, 5762, 5697, 5764, 5698, 5699, 5764, 5763, 5698, 5765, 5699, 5700, 5765, 5700, 5701, 5765, 5764, 5699, 5766, 5765, 5701, 5767, 5701, 5702, 5767, 5766, 5701, 5768, 5702, 5703, 5768, 5703, 5704, 5768, 5767, 5702, 5769, 5768, 5704, 5770, 5769, 5704, 5770, 5704, 5705, 5771, 5770, 5705, 5771, 5705, 5706, 5771, 5706, 5707, 5772, 5771, 5707, 5773, 5772, 5707, 5773, 5707, 5708, 5774, 5708, 5709, 5774, 5773, 5708, 5775, 5709, 5710, 5775, 5710, 5711, 5775, 5774, 5709, 5776, 5711, 5712, 5776, 5775, 5711, 5777, 5776, 5712, 5778, 5712, 5713, 5778, 5777, 5712, 5779, 5713, 5714, 5779, 5778, 5713, 5780, 5714, 5715, 5780, 5779, 5714, 5781, 5715, 5716, 5781, 5716, 5717, 5781, 5780, 5715, 5782, 5781, 5717, 5783, 5717, 5718, 5783, 5718, 5719, 5783, 5782, 5717, 5784, 5783, 5719, 5785, 5719, 5720, 5785, 5784, 5719, 5786, 5720, 5721, 5786, 5785, 5720, 5787, 5721, 5722, 5787, 5786, 5721, 5788, 5722, 5723, 5788, 5787, 5722, 5789, 5723, 5724, 5789, 5724, 5725, 5789, 5788, 5723, 5790, 5789, 5725, 5791, 5725, 5726, 5791, 5726, 5727, 5791, 5790, 5725, 5792, 5791, 5727, 5793, 5727, 5728, 5793, 5792, 5727, 5794, 5793, 5728, 5794, 5728, 5729, 5795, 5794, 5729, 5795, 5729, 5730, 5796, 5795, 5730, 5796, 5730, 5731, 5797, 5796, 5731, 5797, 5731, 5732, 5798, 5797, 5732, 5798, 5732, 5733, 5798, 5733, 5734, 5799, 5798, 5734, 5799, 5734, 5735, 5800, 5799, 5735, 5801, 5800, 5735, 5801, 5735, 5736, 5802, 5801, 5736, 5802, 5736, 5737, 5803, 5802, 5737, 5803, 5737, 5738, 5804, 5803, 5738, 5804, 5738, 5739, 5805, 5804, 5739, 5805, 5739, 5740, 5805, 5740, 5741, 5806, 5805, 5741, 5807, 5741, 5742, 5807, 5806, 5741, 5808, 5742, 5743, 5808, 5807, 5742, 5809, 5743, 5744, 5809, 5744, 5745, 5809, 5808, 5743, 5810, 5809, 5745, 5811, 5745, 5746, 5811, 5810, 5745, 5812, 5746, 5747, 5812, 5747, 5748, 5812, 5811, 5746, 5813, 5812, 5748, 5750, 5748, 5749, 5750, 5813, 5748, 5917, 5853, 5854, 5917, 5916, 5853, 5915, 5852, 5853, 5915, 5853, 5916, 5918, 5854, 5855, 5918, 5917, 5854, 5914, 5851, 5852, 5914, 5852, 5915, 5919, 5918, 5855, 5919, 5855, 5856, 5913, 5849, 5850, 5913, 5850, 5851, 5913, 5851, 5914, 5920, 5856, 5857, 5920, 5919, 5856, 5912, 5849, 5913, 5921, 5857, 5858, 5921, 5920, 5857, 5911, 5848, 5849, 5911, 5849, 5912, 5922, 5858, 5859, 5922, 5921, 5858, 5860, 5922, 5859, 5910, 5847, 5848, 5910, 5848, 5911, 5923, 5922, 5860, 5846, 5847, 5910, 5909, 5846, 5910, 5924, 5860, 5861, 5924, 5923, 5860, 5845, 5846, 5909, 5908, 5845, 5909, 5925, 5861, 5862, 5925, 5924, 5861, 5907, 5844, 5845, 5907, 5845, 5908, 5926, 5862, 5863, 5926, 5925, 5862, 5843, 5844, 5907, 5864, 5926, 5863, 5906, 5843, 5907, 5927, 5926, 5864, 5905, 5843, 5906, 5905, 5842, 5843, 5928, 5927, 5864, 5928, 5864, 5865, 5841, 5842, 5905, 5904, 5841, 5905, 5929, 5928, 5865, 5929, 5865, 5866, 5903, 5841, 5904, 5903, 5840, 5841, 5930, 5929, 5866, 5930, 5866, 5867, 5839, 5840, 5903, 5902, 5839, 5903, 5931, 5930, 5867, 5931, 5867, 5868, 5838, 5839, 5902, 5901, 5838, 5902, 5932, 5931, 5868, 5932, 5868, 5869, 5900, 5838, 5901, 5837, 5838, 5900, 5933, 5932, 5869, 5870, 5933, 5869, 5836, 5837, 5900, 5836, 5900, 5899, 5871, 5934, 5933, 5871, 5933, 5870, 5835, 5836, 5899, 5835, 5899, 5898, 5935, 5934, 5871, 5872, 5935, 5871, 5834, 5835, 5898, 5834, 5898, 5897, 5936, 5935, 5872, 5873, 5936, 5872, 5896, 5834, 5897, 5833, 5834, 5896, 5874, 5937, 5936, 5874, 5936, 5873, 5832, 5896, 5895, 5832, 5833, 5896, 5875, 5938, 5937, 5875, 5937, 5874, 5831, 5895, 5894, 5831, 5832, 5895, 5876, 5939, 5938, 5876, 5938, 5875, 5830, 5831, 5894, 5830, 5894, 5893, 5814, 5939, 5876, 5814, 5877, 5939, 5829, 5830, 5893, 5829, 5893, 5892, 5815, 5877, 5814, 5815, 5878, 5877, 5879, 5878, 5815, 5828, 5829, 5892, 5828, 5892, 5891, 5816, 5879, 5815, 5827, 5828, 5891, 5827, 5891, 5890, 5817, 5879, 5816, 5817, 5880, 5879, 5826, 5827, 5890, 5826, 5890, 5889, 5818, 5880, 5817, 5818, 5881, 5880, 5818, 5882, 5881, 5825, 5826, 5889, 5825, 5889, 5888, 5819, 5882, 5818, 5824, 5825, 5888, 5824, 5888, 5887, 5820, 5882, 5819, 5820, 5883, 5882, 5823, 5824, 5887, 5823, 5887, 5886, 5821, 5884, 5883, 5821, 5883, 5820, 5822, 5885, 5884, 5822, 5886, 5885, 5822, 5884, 5821, 5822, 5823, 5886, 6006, 5940, 5941, 6006, 6005, 5940, 6007, 5941, 5942, 6007, 6006, 5941, 6008, 5942, 5943, 6008, 6007, 5942, 6009, 5943, 5944, 6009, 6008, 5943, 6010, 5944, 5945, 6010, 6009, 5944, 6011, 5945, 5946, 6011, 6010, 5945, 6012, 5946, 5947, 6012, 6011, 5946, 6013, 5947, 5948, 6013, 6012, 5947, 5949, 6013, 5948, 6014, 6013, 5949, 5950, 6014, 5949, 6015, 6014, 5950, 6016, 5950, 5951, 6016, 6015, 5950, 6017, 5951, 5952, 6017, 6016, 5951, 6018, 5952, 5953, 6018, 6017, 5952, 6019, 5953, 5954, 6019, 6018, 5953, 6020, 5954, 5955, 6020, 6019, 5954, 6021, 5955, 5956, 6021, 6020, 5955, 6022, 5956, 5957, 6022, 6021, 5956, 6023, 5957, 5958, 6023, 6022, 5957, 6024, 6023, 5958, 6024, 5958, 5959, 6025, 6024, 5959, 6025, 5959, 5960, 6026, 6025, 5960, 6026, 5960, 5961, 6027, 6026, 5961, 6027, 5961, 5962, 6028, 6027, 5962, 6028, 5962, 5963, 6029, 5963, 5964, 6029, 6028, 5963, 6030, 5964, 5965, 6030, 6029, 5964, 6031, 5965, 5966, 6031, 6030, 5965, 6032, 5966, 5967, 6032, 6031, 5966, 6033, 5967, 5968, 6033, 6032, 5967, 6034, 5968, 5969, 6034, 6033, 5968, 5970, 6034, 5969, 6035, 6034, 5970, 6036, 5970, 5971, 6036, 6035, 5970, 6037, 5971, 5972, 6037, 6036, 5971, 6038, 5972, 5973, 6038, 6037, 5972, 6039, 5973, 5974, 6039, 6038, 5973, 6040, 5974, 5975, 6040, 6039, 5974, 6041, 5975, 5976, 6041, 6040, 5975, 6042, 5976, 5977, 6042, 6041, 5976, 5978, 6042, 5977, 6043, 6042, 5978, 6044, 5978, 5979, 6044, 6043, 5978, 6045, 5979, 5980, 6045, 6044, 5979, 6046, 5980, 5981, 6046, 6045, 5980, 6047, 5981, 5982, 6047, 6046, 5981, 6048, 6047, 5982, 6048, 5982, 5983, 6049, 5983, 5984, 6049, 6048, 5983, 6050, 6049, 5984, 6050, 5984, 5985, 6051, 6050, 5985, 6051, 5985, 5986, 6052, 6051, 5986, 6052, 5986, 5987, 6053, 6052, 5987, 6053, 5987, 5988, 6054, 6053, 5988, 6054, 5988, 5989, 6055, 6054, 5989, 6055, 5989, 5990, 6056, 6055, 5990, 6056, 5990, 5991, 6057, 6056, 5991, 6057, 5991, 5992, 6058, 6057, 5992, 6058, 5992, 5993, 6059, 6058, 5993, 6059, 5993, 5994, 6060, 6059, 5994, 6060, 5994, 5995, 6061, 6060, 5995, 6061, 5995, 5996, 6062, 6061, 5996, 6062, 5996, 5997, 5998, 6062, 5997, 6063, 6062, 5998, 6064, 5998, 5999, 6064, 6063, 5998, 6000, 6064, 5999, 6065, 6064, 6000, 6066, 6000, 6001, 6066, 6065, 6000, 6067, 6001, 6002, 6067, 6066, 6001, 6004, 6002, 6003, 6004, 6067, 6002, 6134, 6068, 6069, 6134, 6133, 6068, 6135, 6069, 6070, 6135, 6134, 6069, 6136, 6070, 6071, 6136, 6135, 6070, 6137, 6071, 6072, 6137, 6136, 6071, 6138, 6072, 6073, 6138, 6137, 6072, 6139, 6073, 6074, 6139, 6138, 6073, 6140, 6074, 6075, 6140, 6139, 6074, 6141, 6075, 6076, 6141, 6140, 6075, 6142, 6076, 6077, 6142, 6141, 6076, 6143, 6077, 6078, 6143, 6142, 6077, 6144, 6078, 6079, 6144, 6143, 6078, 6145, 6079, 6080, 6145, 6144, 6079, 6146, 6080, 6081, 6146, 6145, 6080, 6147, 6081, 6082, 6147, 6146, 6081, 6148, 6082, 6083, 6148, 6147, 6082, 6149, 6083, 6084, 6149, 6148, 6083, 6150, 6084, 6085, 6150, 6149, 6084, 6151, 6085, 6086, 6151, 6150, 6085, 6087, 6151, 6086, 6152, 6151, 6087, 6153, 6152, 6087, 6153, 6087, 6088, 6089, 6153, 6088, 6154, 6153, 6089, 6155, 6154, 6089, 6155, 6089, 6090, 6156, 6155, 6090, 6156, 6090, 6091, 6092, 6156, 6091, 6157, 6156, 6092, 6158, 6092, 6093, 6158, 6157, 6092, 6159, 6093, 6094, 6159, 6158, 6093, 6095, 6159, 6094, 6160, 6159, 6095, 6161, 6095, 6096, 6161, 6160, 6095, 6162, 6096, 6097, 6162, 6161, 6096, 6098, 6162, 6097, 6163, 6162, 6098, 6164, 6098, 6099, 6164, 6163, 6098, 6100, 6164, 6099, 6165, 6164, 6100, 6101, 6165, 6100, 6166, 6165, 6101, 6167, 6101, 6102, 6167, 6166, 6101, 6103, 6167, 6102, 6168, 6167, 6103, 6169, 6103, 6104, 6169, 6168, 6103, 6105, 6169, 6104, 6170, 6169, 6105, 6106, 6170, 6105, 6171, 6170, 6106, 6107, 6171, 6106, 6172, 6171, 6107, 6108, 6172, 6107, 6173, 6172, 6108, 6174, 6108, 6109, 6174, 6173, 6108, 6110, 6174, 6109, 6175, 6174, 6110, 6176, 6175, 6110, 6176, 6110, 6111, 6177, 6176, 6111, 6177, 6111, 6112, 6178, 6177, 6112, 6178, 6112, 6113, 6179, 6178, 6113, 6179, 6113, 6114, 6180, 6179, 6114, 6180, 6114, 6115, 6116, 6180, 6115, 6181, 6180, 6116, 6182, 6181, 6116, 6182, 6116, 6117, 6183, 6182, 6117, 6183, 6117, 6118, 6184, 6183, 6118, 6184, 6118, 6119, 6185, 6184, 6119, 6185, 6119, 6120, 6186, 6185, 6120, 6186, 6120, 6121, 6187, 6186, 6121, 6187, 6121, 6122, 6188, 6187, 6122, 6188, 6122, 6123, 6189, 6188, 6123, 6189, 6123, 6124, 6190, 6189, 6124, 6190, 6124, 6125, 6191, 6125, 6126, 6191, 6190, 6125, 6192, 6126, 6127, 6192, 6191, 6126, 6193, 6127, 6128, 6193, 6192, 6127, 6129, 6193, 6128, 6194, 6193, 6129, 6195, 6129, 6130, 6195, 6194, 6129, 6132, 6130, 6131, 6132, 6195, 6130, 6262, 6196, 6197, 6262, 6261, 6196, 6263, 6197, 6198, 6263, 6262, 6197, 6264, 6198, 6199, 6264, 6263, 6198, 6265, 6199, 6200, 6265, 6264, 6199, 6266, 6200, 6201, 6266, 6265, 6200, 6267, 6201, 6202, 6267, 6266, 6201, 6268, 6202, 6203, 6268, 6267, 6202, 6269, 6203, 6204, 6269, 6268, 6203, 6270, 6204, 6205, 6270, 6269, 6204, 6271, 6205, 6206, 6271, 6270, 6205, 6207, 6271, 6206, 6272, 6271, 6207, 6273, 6207, 6208, 6273, 6272, 6207, 6274, 6208, 6209, 6274, 6273, 6208, 6275, 6209, 6210, 6275, 6274, 6209, 6276, 6210, 6211, 6276, 6275, 6210, 6277, 6211, 6212, 6277, 6276, 6211, 6278, 6212, 6213, 6278, 6277, 6212, 6279, 6213, 6214, 6279, 6278, 6213, 6280, 6279, 6214, 6280, 6214, 6215, 6281, 6280, 6215, 6281, 6215, 6216, 6282, 6281, 6216, 6282, 6216, 6217, 6283, 6282, 6217, 6283, 6217, 6218, 6284, 6283, 6218, 6284, 6218, 6219, 6285, 6219, 6220, 6285, 6284, 6219, 6286, 6220, 6221, 6286, 6285, 6220, 6287, 6221, 6222, 6287, 6286, 6221, 6288, 6222, 6223, 6288, 6287, 6222, 6289, 6223, 6224, 6289, 6288, 6223, 6290, 6224, 6225, 6290, 6289, 6224, 6291, 6225, 6226, 6291, 6290, 6225, 6292, 6226, 6227, 6292, 6291, 6226, 6228, 6292, 6227, 6293, 6292, 6228, 6294, 6228, 6229, 6294, 6293, 6228, 6230, 6294, 6229, 6295, 6294, 6230, 6231, 6295, 6230, 6296, 6295, 6231, 6297, 6231, 6232, 6297, 6296, 6231, 6298, 6232, 6233, 6298, 6297, 6232, 6234, 6298, 6233, 6299, 6298, 6234, 6300, 6234, 6235, 6300, 6299, 6234, 6301, 6235, 6236, 6301, 6300, 6235, 6237, 6301, 6236, 6302, 6301, 6237, 6303, 6237, 6238, 6303, 6302, 6237, 6304, 6303, 6238, 6304, 6238, 6239, 6305, 6239, 6240, 6305, 6304, 6239, 6306, 6305, 6240, 6306, 6240, 6241, 6307, 6306, 6241, 6307, 6241, 6242, 6308, 6307, 6242, 6308, 6242, 6243, 6309, 6308, 6243, 6309, 6243, 6244, 6310, 6309, 6244, 6310, 6244, 6245, 6311, 6310, 6245, 6311, 6245, 6246, 6312, 6311, 6246, 6312, 6246, 6247, 6313, 6312, 6247, 6313, 6247, 6248, 6314, 6313, 6248, 6314, 6248, 6249, 6315, 6314, 6249, 6315, 6249, 6250, 6316, 6315, 6250, 6316, 6250, 6251, 6317, 6316, 6251, 6317, 6251, 6252, 6318, 6317, 6252, 6318, 6252, 6253, 6319, 6253, 6254, 6319, 6318, 6253, 6320, 6254, 6255, 6320, 6319, 6254, 6321, 6255, 6256, 6321, 6320, 6255, 6322, 6256, 6257, 6322, 6321, 6256, 6323, 6257, 6258, 6323, 6322, 6257, 6260, 6258, 6259, 6260, 6323, 6258, 6390, 6324, 6325, 6390, 6389, 6324, 6391, 6325, 6326, 6391, 6390, 6325, 6392, 6326, 6327, 6392, 6391, 6326, 6393, 6327, 6328, 6393, 6392, 6327, 6394, 6328, 6329, 6394, 6393, 6328, 6395, 6329, 6330, 6395, 6394, 6329, 6396, 6330, 6331, 6396, 6395, 6330, 6397, 6331, 6332, 6397, 6396, 6331, 6398, 6332, 6333, 6398, 6397, 6332, 6399, 6333, 6334, 6399, 6398, 6333, 6400, 6334, 6335, 6400, 6399, 6334, 6401, 6335, 6336, 6401, 6400, 6335, 6402, 6336, 6337, 6402, 6401, 6336, 6403, 6337, 6338, 6403, 6402, 6337, 6404, 6338, 6339, 6404, 6403, 6338, 6405, 6339, 6340, 6405, 6404, 6339, 6406, 6340, 6341, 6406, 6405, 6340, 6407, 6341, 6342, 6407, 6406, 6341, 6408, 6407, 6342, 6408, 6342, 6343, 6409, 6408, 6343, 6409, 6343, 6344, 6410, 6409, 6344, 6410, 6344, 6345, 6411, 6410, 6345, 6411, 6345, 6346, 6412, 6411, 6346, 6412, 6346, 6347, 6413, 6347, 6348, 6413, 6412, 6347, 6414, 6348, 6349, 6414, 6413, 6348, 6415, 6349, 6350, 6415, 6414, 6349, 6351, 6415, 6350, 6416, 6415, 6351, 6417, 6351, 6352, 6417, 6416, 6351, 6418, 6352, 6353, 6418, 6417, 6352, 6354, 6418, 6353, 6419, 6418, 6354, 6355, 6419, 6354, 6420, 6419, 6355, 6421, 6355, 6356, 6421, 6420, 6355, 6422, 6356, 6357, 6422, 6421, 6356, 6358, 6422, 6357, 6423, 6422, 6358, 6424, 6358, 6359, 6424, 6423, 6358, 6425, 6359, 6360, 6425, 6424, 6359, 6361, 6425, 6360, 6426, 6425, 6361, 6427, 6361, 6362, 6427, 6426, 6361, 6363, 6427, 6362, 6428, 6427, 6363, 6429, 6363, 6364, 6429, 6428, 6363, 6430, 6364, 6365, 6430, 6429, 6364, 6431, 6365, 6366, 6431, 6430, 6365, 6432, 6431, 6366, 6432, 6366, 6367, 6433, 6367, 6368, 6433, 6432, 6367, 6434, 6433, 6368, 6434, 6368, 6369, 6435, 6434, 6369, 6435, 6369, 6370, 6436, 6435, 6370, 6436, 6370, 6371, 6437, 6436, 6371, 6437, 6371, 6372, 6438, 6437, 6372, 6438, 6372, 6373, 6439, 6438, 6373, 6439, 6373, 6374, 6440, 6439, 6374, 6440, 6374, 6375, 6441, 6440, 6375, 6441, 6375, 6376, 6442, 6441, 6376, 6442, 6376, 6377, 6443, 6442, 6377, 6443, 6377, 6378, 6444, 6443, 6378, 6444, 6378, 6379, 6445, 6444, 6379, 6445, 6379, 6380, 6446, 6445, 6380, 6446, 6380, 6381, 6447, 6381, 6382, 6447, 6446, 6381, 6448, 6382, 6383, 6448, 6447, 6382, 6449, 6383, 6384, 6449, 6448, 6383, 6450, 6384, 6385, 6450, 6449, 6384, 6451, 6385, 6386, 6451, 6450, 6385, 6388, 6386, 6387, 6388, 6451, 6386, 6518, 6452, 6453, 6518, 6517, 6452, 6519, 6453, 6454, 6519, 6518, 6453, 6520, 6454, 6455, 6520, 6519, 6454, 6521, 6455, 6456, 6521, 6520, 6455, 6522, 6456, 6457, 6522, 6521, 6456, 6458, 6522, 6457, 6523, 6522, 6458, 6524, 6458, 6459, 6524, 6523, 6458, 6525, 6459, 6460, 6525, 6524, 6459, 6526, 6460, 6461, 6526, 6525, 6460, 6527, 6461, 6462, 6527, 6526, 6461, 6528, 6462, 6463, 6528, 6527, 6462, 6529, 6463, 6464, 6529, 6528, 6463, 6530, 6464, 6465, 6530, 6529, 6464, 6531, 6465, 6466, 6531, 6530, 6465, 6532, 6466, 6467, 6532, 6531, 6466, 6533, 6467, 6468, 6533, 6532, 6467, 6534, 6468, 6469, 6534, 6533, 6468, 6535, 6469, 6470, 6535, 6534, 6469, 6536, 6535, 6470, 6536, 6470, 6471, 6537, 6536, 6471, 6537, 6471, 6472, 6538, 6537, 6472, 6538, 6472, 6473, 6539, 6538, 6473, 6539, 6473, 6474, 6540, 6539, 6474, 6540, 6474, 6475, 6541, 6475, 6476, 6541, 6540, 6475, 6542, 6476, 6477, 6542, 6541, 6476, 6543, 6477, 6478, 6543, 6542, 6477, 6479, 6543, 6478, 6544, 6543, 6479, 6545, 6479, 6480, 6545, 6544, 6479, 6546, 6480, 6481, 6546, 6545, 6480, 6547, 6481, 6482, 6547, 6546, 6481, 6548, 6482, 6483, 6548, 6547, 6482, 6484, 6548, 6483, 6549, 6548, 6484, 6550, 6484, 6485, 6550, 6549, 6484, 6486, 6550, 6485, 6551, 6550, 6486, 6552, 6486, 6487, 6552, 6551, 6486, 6553, 6487, 6488, 6553, 6552, 6487, 6489, 6553, 6488, 6554, 6553, 6489, 6555, 6489, 6490, 6555, 6554, 6489, 6556, 6490, 6491, 6556, 6555, 6490, 6492, 6556, 6491, 6557, 6556, 6492, 6558, 6492, 6493, 6558, 6557, 6492, 6559, 6493, 6494, 6559, 6558, 6493, 6560, 6559, 6494, 6560, 6494, 6495, 6561, 6495, 6496, 6561, 6560, 6495, 6562, 6561, 6496, 6562, 6496, 6497, 6563, 6562, 6497, 6563, 6497, 6498, 6564, 6563, 6498, 6564, 6498, 6499, 6565, 6564, 6499, 6565, 6499, 6500, 6566, 6565, 6500, 6566, 6500, 6501, 6567, 6566, 6501, 6567, 6501, 6502, 6568, 6567, 6502, 6568, 6502, 6503, 6569, 6568, 6503, 6569, 6503, 6504, 6570, 6569, 6504, 6570, 6504, 6505, 6571, 6570, 6505, 6571, 6505, 6506, 6572, 6571, 6506, 6572, 6506, 6507, 6573, 6572, 6507, 6573, 6507, 6508, 6574, 6573, 6508, 6574, 6508, 6509, 6575, 6509, 6510, 6575, 6574, 6509, 6576, 6510, 6511, 6576, 6575, 6510, 6577, 6511, 6512, 6577, 6576, 6511, 6578, 6512, 6513, 6578, 6577, 6512, 6579, 6513, 6514, 6579, 6578, 6513, 6516, 6514, 6515, 6516, 6579, 6514, 6646, 6580, 6581, 6646, 6645, 6580, 6647, 6581, 6582, 6647, 6646, 6581, 6648, 6582, 6583, 6648, 6647, 6582, 6649, 6583, 6584, 6649, 6648, 6583, 6650, 6584, 6585, 6650, 6649, 6584, 6651, 6585, 6586, 6651, 6650, 6585, 6587, 6651, 6586, 6652, 6651, 6587, 6588, 6652, 6587, 6653, 6652, 6588, 6589, 6653, 6588, 6654, 6653, 6589, 6655, 6589, 6590, 6655, 6654, 6589, 6591, 6655, 6590, 6656, 6655, 6591, 6657, 6591, 6592, 6657, 6656, 6591, 6658, 6592, 6593, 6658, 6657, 6592, 6659, 6593, 6594, 6659, 6658, 6593, 6660, 6594, 6595, 6660, 6659, 6594, 6661, 6595, 6596, 6661, 6660, 6595, 6662, 6596, 6597, 6662, 6661, 6596, 6598, 6662, 6597, 6663, 6662, 6598, 6664, 6663, 6598, 6664, 6598, 6599, 6600, 6664, 6599, 6665, 6664, 6600, 6666, 6665, 6600, 6666, 6600, 6601, 6667, 6666, 6601, 6667, 6601, 6602, 6603, 6667, 6602, 6668, 6667, 6603, 6669, 6603, 6604, 6669, 6668, 6603, 6670, 6604, 6605, 6670, 6669, 6604, 6606, 6670, 6605, 6671, 6670, 6606, 6607, 6671, 6606, 6672, 6671, 6607, 6673, 6607, 6608, 6673, 6672, 6607, 6609, 6673, 6608, 6674, 6673, 6609, 6675, 6609, 6610, 6675, 6674, 6609, 6611, 6675, 6610, 6676, 6675, 6611, 6612, 6676, 6611, 6677, 6676, 6612, 6678, 6612, 6613, 6678, 6677, 6612, 6679, 6613, 6614, 6679, 6678, 6613, 6615, 6679, 6614, 6680, 6679, 6615, 6681, 6615, 6616, 6681, 6680, 6615, 6682, 6616, 6617, 6682, 6681, 6616, 6683, 6617, 6618, 6683, 6682, 6617, 6684, 6618, 6619, 6684, 6683, 6618, 6685, 6619, 6620, 6685, 6684, 6619, 6686, 6620, 6621, 6686, 6685, 6620, 6622, 6686, 6621, 6687, 6686, 6622, 6688, 6687, 6622, 6688, 6622, 6623, 6689, 6688, 6623, 6689, 6623, 6624, 6690, 6689, 6624, 6690, 6624, 6625, 6691, 6690, 6625, 6691, 6625, 6626, 6692, 6691, 6626, 6692, 6626, 6627, 6693, 6692, 6627, 6693, 6627, 6628, 6694, 6693, 6628, 6694, 6628, 6629, 6630, 6694, 6629, 6695, 6694, 6630, 6631, 6695, 6630, 6696, 6695, 6631, 6697, 6696, 6631, 6697, 6631, 6632, 6698, 6697, 6632, 6698, 6632, 6633, 6634, 6698, 6633, 6699, 6698, 6634, 6635, 6699, 6634, 6700, 6699, 6635, 6636, 6700, 6635, 6701, 6700, 6636, 6702, 6636, 6637, 6702, 6701, 6636, 6638, 6702, 6637, 6703, 6702, 6638, 6704, 6638, 6639, 6704, 6703, 6638, 6640, 6704, 6639, 6705, 6704, 6640, 6706, 6640, 6641, 6706, 6705, 6640, 6707, 6641, 6642, 6707, 6706, 6641, 6644, 6642, 6643, 6644, 6707, 6642, 6774, 6708, 6709, 6774, 6773, 6708, 6775, 6709, 6710, 6775, 6774, 6709, 6776, 6710, 6711, 6776, 6775, 6710, 6777, 6711, 6712, 6777, 6776, 6711, 6778, 6712, 6713, 6778, 6777, 6712, 6779, 6713, 6714, 6779, 6778, 6713, 6780, 6714, 6715, 6780, 6779, 6714, 6781, 6715, 6716, 6781, 6780, 6715, 6782, 6716, 6717, 6782, 6781, 6716, 6783, 6717, 6718, 6783, 6782, 6717, 6784, 6718, 6719, 6784, 6783, 6718, 6720, 6784, 6719, 6785, 6784, 6720, 6721, 6785, 6720, 6786, 6785, 6721, 6787, 6721, 6722, 6787, 6786, 6721, 6723, 6787, 6722, 6788, 6787, 6723, 6789, 6723, 6724, 6789, 6788, 6723, 6790, 6724, 6725, 6790, 6789, 6724, 6791, 6725, 6726, 6791, 6790, 6725, 6792, 6791, 6726, 6792, 6726, 6727, 6728, 6792, 6727, 6793, 6792, 6728, 6794, 6793, 6728, 6794, 6728, 6729, 6795, 6794, 6729, 6795, 6729, 6730, 6731, 6795, 6730, 6796, 6795, 6731, 6797, 6731, 6732, 6797, 6796, 6731, 6798, 6732, 6733, 6798, 6797, 6732, 6799, 6733, 6734, 6799, 6798, 6733, 6800, 6734, 6735, 6800, 6799, 6734, 6801, 6735, 6736, 6801, 6800, 6735, 6802, 6736, 6737, 6802, 6801, 6736, 6803, 6737, 6738, 6803, 6802, 6737, 6739, 6803, 6738, 6804, 6803, 6739, 6805, 6739, 6740, 6805, 6804, 6739, 6806, 6740, 6741, 6806, 6805, 6740, 6742, 6806, 6741, 6807, 6806, 6742, 6808, 6742, 6743, 6808, 6807, 6742, 6809, 6743, 6744, 6809, 6808, 6743, 6745, 6809, 6744, 6810, 6809, 6745, 6811, 6745, 6746, 6811, 6810, 6745, 6812, 6746, 6747, 6812, 6811, 6746, 6748, 6812, 6747, 6813, 6812, 6748, 6814, 6748, 6749, 6814, 6813, 6748, 6750, 6814, 6749, 6815, 6814, 6750, 6751, 6815, 6750, 6816, 6815, 6751, 6817, 6816, 6751, 6817, 6751, 6752, 6818, 6817, 6752, 6818, 6752, 6753, 6819, 6818, 6753, 6819, 6753, 6754, 6820, 6819, 6754, 6820, 6754, 6755, 6821, 6820, 6755, 6821, 6755, 6756, 6822, 6821, 6756, 6822, 6756, 6757, 6823, 6822, 6757, 6823, 6757, 6758, 6824, 6823, 6758, 6824, 6758, 6759, 6825, 6824, 6759, 6825, 6759, 6760, 6761, 6825, 6760, 6826, 6825, 6761, 6827, 6826, 6761, 6827, 6761, 6762, 6828, 6827, 6762, 6828, 6762, 6763, 6829, 6828, 6763, 6829, 6763, 6764, 6830, 6829, 6764, 6830, 6764, 6765, 6766, 6830, 6765, 6831, 6830, 6766, 6832, 6766, 6767, 6832, 6831, 6766, 6768, 6832, 6767, 6833, 6832, 6768, 6834, 6768, 6769, 6834, 6833, 6768, 6835, 6769, 6770, 6835, 6834, 6769, 6771, 6835, 6770, 6772, 6835, 6771, 6902, 6836, 6837, 6902, 6901, 6836, 6903, 6837, 6838, 6903, 6902, 6837, 6904, 6838, 6839, 6904, 6903, 6838, 6905, 6839, 6840, 6905, 6904, 6839, 6906, 6840, 6841, 6906, 6905, 6840, 6907, 6841, 6842, 6907, 6906, 6841, 6908, 6842, 6843, 6908, 6907, 6842, 6909, 6843, 6844, 6909, 6908, 6843, 6910, 6844, 6845, 6910, 6909, 6844, 6911, 6845, 6846, 6911, 6910, 6845, 6912, 6846, 6847, 6912, 6911, 6846, 6848, 6912, 6847, 6913, 6912, 6848, 6914, 6848, 6849, 6914, 6913, 6848, 6915, 6849, 6850, 6915, 6914, 6849, 6916, 6850, 6851, 6916, 6915, 6850, 6917, 6851, 6852, 6917, 6916, 6851, 6918, 6852, 6853, 6918, 6917, 6852, 6919, 6853, 6854, 6919, 6918, 6853, 6855, 6919, 6854, 6920, 6919, 6855, 6921, 6920, 6855, 6921, 6855, 6856, 6857, 6921, 6856, 6922, 6921, 6857, 6923, 6922, 6857, 6923, 6857, 6858, 6924, 6923, 6858, 6924, 6858, 6859, 6860, 6924, 6859, 6925, 6924, 6860, 6926, 6860, 6861, 6926, 6925, 6860, 6862, 6926, 6861, 6927, 6926, 6862, 6928, 6862, 6863, 6928, 6927, 6862, 6929, 6863, 6864, 6929, 6928, 6863, 6930, 6864, 6865, 6930, 6929, 6864, 6931, 6865, 6866, 6931, 6930, 6865, 6932, 6866, 6867, 6932, 6931, 6866, 6868, 6932, 6867, 6933, 6932, 6868, 6934, 6868, 6869, 6934, 6933, 6868, 6870, 6934, 6869, 6935, 6934, 6870, 6936, 6870, 6871, 6936, 6935, 6870, 6872, 6936, 6871, 6937, 6936, 6872, 6938, 6872, 6873, 6938, 6937, 6872, 6874, 6938, 6873, 6939, 6938, 6874, 6940, 6874, 6875, 6940, 6939, 6874, 6941, 6875, 6876, 6941, 6940, 6875, 6877, 6941, 6876, 6942, 6941, 6877, 6878, 6942, 6877, 6943, 6942, 6878, 6944, 6943, 6878, 6944, 6878, 6879, 6945, 6944, 6879, 6945, 6879, 6880, 6946, 6945, 6880, 6946, 6880, 6881, 6882, 6946, 6881, 6947, 6946, 6882, 6948, 6947, 6882, 6948, 6882, 6883, 6949, 6948, 6883, 6949, 6883, 6884, 6950, 6949, 6884, 6950, 6884, 6885, 6951, 6950, 6885, 6951, 6885, 6886, 6952, 6951, 6886, 6952, 6886, 6887, 6953, 6952, 6887, 6953, 6887, 6888, 6954, 6953, 6888, 6954, 6888, 6889, 6955, 6954, 6889, 6955, 6889, 6890, 6956, 6955, 6890, 6956, 6890, 6891, 6957, 6956, 6891, 6957, 6891, 6892, 6958, 6957, 6892, 6958, 6892, 6893, 6959, 6893, 6894, 6959, 6958, 6893, 6960, 6894, 6895, 6960, 6959, 6894, 6961, 6895, 6896, 6961, 6960, 6895, 6962, 6896, 6897, 6962, 6961, 6896, 6898, 6962, 6897, 6963, 6962, 6898, 6900, 6898, 6899, 6900, 6963, 6898, 7030, 6964, 6965, 7030, 7029, 6964, 7031, 6965, 6966, 7031, 7030, 6965, 7032, 6966, 6967, 7032, 7031, 6966, 7033, 6967, 6968, 7033, 7032, 6967, 7034, 6968, 6969, 7034, 7033, 6968, 7035, 6969, 6970, 7035, 7034, 6969, 7036, 6970, 6971, 7036, 7035, 6970, 7037, 6971, 6972, 7037, 7036, 6971, 7038, 6972, 6973, 7038, 7037, 6972, 7039, 6973, 6974, 7039, 7038, 6973, 7040, 6974, 6975, 7040, 7039, 6974, 7041, 6975, 6976, 7041, 7040, 6975, 7042, 6976, 6977, 7042, 7041, 6976, 7043, 6977, 6978, 7043, 7042, 6977, 7044, 6978, 6979, 7044, 7043, 6978, 7045, 6979, 6980, 7045, 7044, 6979, 7046, 6980, 6981, 7046, 7045, 6980, 6982, 7046, 6981, 7047, 7046, 6982, 7048, 7047, 6982, 7048, 6982, 6983, 7049, 7048, 6983, 7049, 6983, 6984, 7050, 7049, 6984, 7050, 6984, 6985, 7051, 7050, 6985, 7051, 6985, 6986, 6987, 7051, 6986, 7052, 7051, 6987, 7053, 6987, 6988, 7053, 7052, 6987, 7054, 6988, 6989, 7054, 7053, 6988, 6990, 7054, 6989, 7055, 7054, 6990, 7056, 6990, 6991, 7056, 7055, 6990, 6992, 7056, 6991, 7057, 7056, 6992, 7058, 6992, 6993, 7058, 7057, 6992, 7059, 6993, 6994, 7059, 7058, 6993, 6995, 7059, 6994, 7060, 7059, 6995, 6996, 7060, 6995, 7061, 7060, 6996, 7062, 6996, 6997, 7062, 7061, 6996, 7063, 6997, 6998, 7063, 7062, 6997, 6999, 7063, 6998, 7064, 7063, 6999, 7065, 6999, 7000, 7065, 7064, 6999, 7001, 7065, 7000, 7066, 7065, 7001, 7002, 7066, 7001, 7067, 7066, 7002, 7068, 7002, 7003, 7068, 7067, 7002, 7069, 7003, 7004, 7069, 7068, 7003, 7070, 7004, 7005, 7070, 7069, 7004, 7071, 7005, 7006, 7071, 7070, 7005, 7007, 7071, 7006, 7072, 7071, 7007, 7073, 7072, 7007, 7073, 7007, 7008, 7074, 7073, 7008, 7074, 7008, 7009, 7075, 7074, 7009, 7075, 7009, 7010, 7076, 7075, 7010, 7076, 7010, 7011, 7077, 7076, 7011, 7077, 7011, 7012, 7078, 7077, 7012, 7078, 7012, 7013, 7079, 7078, 7013, 7079, 7013, 7014, 7080, 7079, 7014, 7080, 7014, 7015, 7081, 7080, 7015, 7081, 7015, 7016, 7082, 7081, 7016, 7082, 7016, 7017, 7083, 7082, 7017, 7083, 7017, 7018, 7084, 7083, 7018, 7084, 7018, 7019, 7085, 7084, 7019, 7085, 7019, 7020, 7086, 7085, 7020, 7086, 7020, 7021, 7087, 7021, 7022, 7087, 7086, 7021, 7088, 7022, 7023, 7088, 7087, 7022, 7089, 7023, 7024, 7089, 7088, 7023, 7090, 7024, 7025, 7090, 7089, 7024, 7091, 7025, 7026, 7091, 7090, 7025, 7028, 7026, 7027, 7028, 7091, 7026, 7158, 7092, 7093, 7158, 7157, 7092, 7159, 7093, 7094, 7159, 7158, 7093, 7160, 7094, 7095, 7160, 7159, 7094, 7161, 7095, 7096, 7161, 7160, 7095, 7162, 7096, 7097, 7162, 7161, 7096, 7163, 7097, 7098, 7163, 7162, 7097, 7164, 7098, 7099, 7164, 7163, 7098, 7165, 7099, 7100, 7165, 7164, 7099, 7166, 7100, 7101, 7166, 7165, 7100, 7167, 7101, 7102, 7167, 7166, 7101, 7168, 7102, 7103, 7168, 7167, 7102, 7169, 7103, 7104, 7169, 7168, 7103, 7170, 7104, 7105, 7170, 7169, 7104, 7171, 7105, 7106, 7171, 7170, 7105, 7172, 7106, 7107, 7172, 7171, 7106, 7173, 7107, 7108, 7173, 7172, 7107, 7174, 7108, 7109, 7174, 7173, 7108, 7175, 7109, 7110, 7175, 7174, 7109, 7176, 7175, 7110, 7176, 7110, 7111, 7177, 7176, 7111, 7177, 7111, 7112, 7178, 7177, 7112, 7178, 7112, 7113, 7114, 7178, 7113, 7179, 7178, 7114, 7180, 7179, 7114, 7180, 7114, 7115, 7181, 7115, 7116, 7181, 7180, 7115, 7182, 7116, 7117, 7182, 7181, 7116, 7183, 7117, 7118, 7183, 7182, 7117, 7184, 7118, 7119, 7184, 7183, 7118, 7185, 7119, 7120, 7185, 7184, 7119, 7186, 7120, 7121, 7186, 7185, 7120, 7187, 7121, 7122, 7187, 7186, 7121, 7188, 7122, 7123, 7188, 7187, 7122, 7189, 7123, 7124, 7189, 7188, 7123, 7125, 7189, 7124, 7190, 7189, 7125, 7191, 7125, 7126, 7191, 7190, 7125, 7127, 7191, 7126, 7192, 7191, 7127, 7128, 7192, 7127, 7193, 7192, 7128, 7194, 7128, 7129, 7194, 7193, 7128, 7195, 7129, 7130, 7195, 7194, 7129, 7131, 7195, 7130, 7196, 7195, 7131, 7197, 7131, 7132, 7197, 7196, 7131, 7198, 7132, 7133, 7198, 7197, 7132, 7199, 7133, 7134, 7199, 7198, 7133, 7200, 7199, 7134, 7200, 7134, 7135, 7201, 7135, 7136, 7201, 7200, 7135, 7202, 7201, 7136, 7202, 7136, 7137, 7203, 7202, 7137, 7203, 7137, 7138, 7204, 7203, 7138, 7204, 7138, 7139, 7205, 7204, 7139, 7205, 7139, 7140, 7206, 7205, 7140, 7206, 7140, 7141, 7207, 7206, 7141, 7207, 7141, 7142, 7208, 7207, 7142, 7208, 7142, 7143, 7209, 7208, 7143, 7209, 7143, 7144, 7210, 7209, 7144, 7210, 7144, 7145, 7211, 7210, 7145, 7211, 7145, 7146, 7212, 7211, 7146, 7212, 7146, 7147, 7213, 7212, 7147, 7213, 7147, 7148, 7214, 7213, 7148, 7214, 7148, 7149, 7215, 7149, 7150, 7215, 7214, 7149, 7216, 7150, 7151, 7216, 7215, 7150, 7217, 7151, 7152, 7217, 7216, 7151, 7218, 7152, 7153, 7218, 7217, 7152, 7219, 7153, 7154, 7219, 7218, 7153, 7156, 7154, 7155, 7156, 7219, 7154, 7286, 7220, 7221, 7286, 7285, 7220, 7287, 7221, 7222, 7287, 7286, 7221, 7288, 7222, 7223, 7288, 7287, 7222, 7289, 7223, 7224, 7289, 7288, 7223, 7290, 7224, 7225, 7290, 7289, 7224, 7291, 7225, 7226, 7291, 7226, 7227, 7291, 7290, 7225, 7292, 7291, 7227, 7293, 7227, 7228, 7293, 7292, 7227, 7294, 7228, 7229, 7294, 7229, 7230, 7294, 7293, 7228, 7295, 7230, 7231, 7295, 7294, 7230, 7296, 7295, 7231, 7297, 7231, 7232, 7297, 7296, 7231, 7298, 7232, 7233, 7298, 7233, 7234, 7298, 7297, 7232, 7299, 7298, 7234, 7300, 7234, 7235, 7300, 7299, 7234, 7301, 7235, 7236, 7301, 7236, 7237, 7301, 7300, 7235, 7302, 7301, 7237, 7303, 7302, 7237, 7303, 7237, 7238, 7304, 7303, 7238, 7304, 7238, 7239, 7305, 7304, 7239, 7305, 7239, 7240, 7306, 7305, 7240, 7306, 7240, 7241, 7307, 7306, 7241, 7307, 7241, 7242, 7308, 7242, 7243, 7308, 7307, 7242, 7309, 7243, 7244, 7309, 7244, 7245, 7309, 7308, 7243, 7310, 7309, 7245, 7311, 7245, 7246, 7311, 7310, 7245, 7312, 7246, 7247, 7312, 7311, 7246, 7313, 7247, 7248, 7313, 7312, 7247, 7314, 7248, 7249, 7314, 7313, 7248, 7315, 7249, 7250, 7315, 7314, 7249, 7316, 7250, 7251, 7316, 7315, 7250, 7317, 7251, 7252, 7317, 7316, 7251, 7318, 7252, 7253, 7318, 7317, 7252, 7319, 7253, 7254, 7319, 7318, 7253, 7320, 7254, 7255, 7320, 7319, 7254, 7321, 7255, 7256, 7321, 7320, 7255, 7322, 7256, 7257, 7322, 7257, 7258, 7322, 7321, 7256, 7323, 7322, 7258, 7324, 7258, 7259, 7324, 7323, 7258, 7325, 7259, 7260, 7325, 7260, 7261, 7325, 7324, 7259, 7326, 7325, 7261, 7327, 7261, 7262, 7327, 7326, 7261, 7328, 7327, 7262, 7328, 7262, 7263, 7328, 7263, 7264, 7329, 7328, 7264, 7330, 7329, 7264, 7330, 7264, 7265, 7331, 7330, 7265, 7331, 7265, 7266, 7332, 7331, 7266, 7332, 7266, 7267, 7333, 7332, 7267, 7333, 7267, 7268, 7333, 7268, 7269, 7334, 7333, 7269, 7335, 7334, 7269, 7335, 7269, 7270, 7336, 7335, 7270, 7336, 7270, 7271, 7336, 7271, 7272, 7337, 7336, 7272, 7337, 7272, 7273, 7338, 7337, 7273, 7338, 7273, 7274, 7339, 7338, 7274, 7340, 7339, 7274, 7340, 7274, 7275, 7340, 7275, 7276, 7341, 7340, 7276, 7342, 7276, 7277, 7342, 7341, 7276, 7343, 7277, 7278, 7343, 7342, 7277, 7344, 7278, 7279, 7344, 7279, 7280, 7344, 7343, 7278, 7345, 7280, 7281, 7345, 7344, 7280, 7346, 7281, 7282, 7346, 7345, 7281, 7347, 7346, 7282, 7284, 7282, 7283, 7284, 7347, 7282, 7451, 7387, 7388, 7451, 7450, 7387, 7449, 7386, 7387, 7449, 7387, 7450, 7452, 7388, 7389, 7452, 7451, 7388, 7448, 7385, 7386, 7448, 7386, 7449, 7453, 7389, 7390, 7453, 7452, 7389, 7447, 7384, 7385, 7447, 7385, 7448, 7454, 7390, 7391, 7454, 7453, 7390, 7446, 7383, 7384, 7446, 7384, 7447, 7455, 7391, 7392, 7455, 7454, 7391, 7393, 7455, 7392, 7445, 7382, 7383, 7445, 7383, 7446, 7456, 7455, 7393, 7394, 7456, 7393, 7444, 7381, 7382, 7444, 7382, 7445, 7457, 7456, 7394, 7443, 7380, 7381, 7443, 7381, 7444, 7458, 7394, 7395, 7458, 7457, 7394, 7396, 7458, 7395, 7442, 7379, 7380, 7442, 7380, 7443, 7459, 7458, 7396, 7397, 7459, 7396, 7441, 7378, 7379, 7441, 7379, 7442, 7460, 7459, 7397, 7377, 7378, 7441, 7440, 7377, 7441, 7461, 7460, 7397, 7461, 7397, 7398, 7439, 7376, 7377, 7439, 7377, 7440, 7399, 7461, 7398, 7462, 7461, 7399, 7438, 7376, 7439, 7438, 7375, 7376, 7463, 7462, 7399, 7463, 7399, 7400, 7374, 7375, 7438, 7437, 7374, 7438, 7464, 7463, 7400, 7464, 7400, 7401, 7373, 7374, 7437, 7436, 7373, 7437, 7402, 7464, 7401, 7465, 7464, 7402, 7435, 7373, 7436, 7435, 7372, 7373, 7403, 7465, 7402, 7466, 7465, 7403, 7371, 7372, 7435, 7371, 7435, 7434, 7404, 7467, 7466, 7404, 7466, 7403, 7433, 7371, 7434, 7370, 7371, 7433, 7405, 7468, 7467, 7405, 7467, 7404, 7432, 7370, 7433, 7369, 7370, 7432, 7469, 7468, 7405, 7406, 7469, 7405, 7368, 7369, 7432, 7368, 7432, 7431, 7407, 7470, 7469, 7407, 7469, 7406, 7367, 7431, 7430, 7367, 7368, 7431, 7408, 7471, 7470, 7408, 7470, 7407, 7366, 7430, 7429, 7366, 7367, 7430, 7409, 7472, 7471, 7409, 7471, 7408, 7473, 7472, 7409, 7365, 7429, 7428, 7365, 7366, 7429, 7410, 7473, 7409, 7364, 7365, 7428, 7364, 7428, 7427, 7348, 7473, 7410, 7348, 7411, 7473, 7363, 7364, 7427, 7363, 7427, 7426, 7349, 7411, 7348, 7349, 7412, 7411, 7413, 7412, 7349, 7362, 7363, 7426, 7362, 7426, 7425, 7350, 7413, 7349, 7361, 7362, 7425, 7361, 7425, 7424, 7351, 7413, 7350, 7351, 7414, 7413, 7360, 7361, 7424, 7360, 7424, 7423, 7352, 7414, 7351, 7352, 7415, 7414, 7359, 7360, 7423, 7359, 7423, 7422, 7353, 7415, 7352, 7353, 7416, 7415, 7353, 7417, 7416, 7358, 7359, 7422, 7358, 7422, 7421, 7354, 7417, 7353, 7354, 7418, 7417, 7357, 7358, 7421, 7357, 7420, 7419, 7357, 7421, 7420, 7355, 7419, 7418, 7355, 7418, 7354, 7356, 7357, 7419, 7356, 7419, 7355, 7540, 7474, 7475, 7540, 7539, 7474, 7541, 7475, 7476, 7541, 7540, 7475, 7542, 7476, 7477, 7542, 7541, 7476, 7543, 7477, 7478, 7543, 7542, 7477, 7544, 7478, 7479, 7544, 7543, 7478, 7545, 7479, 7480, 7545, 7544, 7479, 7546, 7480, 7481, 7546, 7545, 7480, 7547, 7481, 7482, 7547, 7482, 7483, 7547, 7546, 7481, 7548, 7547, 7483, 7549, 7483, 7484, 7549, 7548, 7483, 7550, 7484, 7485, 7550, 7549, 7484, 7551, 7485, 7486, 7551, 7550, 7485, 7552, 7486, 7487, 7552, 7551, 7486, 7553, 7487, 7488, 7553, 7488, 7489, 7553, 7552, 7487, 7554, 7553, 7489, 7555, 7489, 7490, 7555, 7554, 7489, 7556, 7490, 7491, 7556, 7555, 7490, 7557, 7491, 7492, 7557, 7556, 7491, 7558, 7557, 7492, 7558, 7492, 7493, 7559, 7558, 7493, 7559, 7493, 7494, 7560, 7559, 7494, 7560, 7494, 7495, 7561, 7560, 7495, 7561, 7495, 7496, 7562, 7496, 7497, 7562, 7561, 7496, 7563, 7497, 7498, 7563, 7562, 7497, 7564, 7498, 7499, 7564, 7499, 7500, 7564, 7563, 7498, 7565, 7500, 7501, 7565, 7564, 7500, 7566, 7565, 7501, 7567, 7501, 7502, 7567, 7566, 7501, 7568, 7502, 7503, 7568, 7503, 7504, 7568, 7567, 7502, 7569, 7568, 7504, 7570, 7504, 7505, 7570, 7505, 7506, 7570, 7569, 7504, 7571, 7570, 7506, 7572, 7506, 7507, 7572, 7571, 7506, 7573, 7507, 7508, 7573, 7508, 7509, 7573, 7572, 7507, 7574, 7573, 7509, 7575, 7509, 7510, 7575, 7510, 7511, 7575, 7574, 7509, 7576, 7575, 7511, 7577, 7511, 7512, 7577, 7512, 7513, 7577, 7576, 7511, 7578, 7577, 7513, 7579, 7513, 7514, 7579, 7578, 7513, 7580, 7514, 7515, 7580, 7515, 7516, 7580, 7579, 7514, 7581, 7580, 7516, 7582, 7581, 7516, 7582, 7516, 7517, 7583, 7582, 7517, 7583, 7517, 7518, 7584, 7583, 7518, 7584, 7518, 7519, 7585, 7584, 7519, 7585, 7519, 7520, 7586, 7585, 7520, 7586, 7520, 7521, 7586, 7521, 7522, 7587, 7586, 7522, 7588, 7587, 7522, 7588, 7522, 7523, 7589, 7588, 7523, 7589, 7523, 7524, 7589, 7524, 7525, 7590, 7589, 7525, 7591, 7590, 7525, 7591, 7525, 7526, 7592, 7591, 7526, 7592, 7526, 7527, 7592, 7527, 7528, 7593, 7592, 7528, 7594, 7593, 7528, 7594, 7528, 7529, 7595, 7529, 7530, 7595, 7594, 7529, 7596, 7530, 7531, 7596, 7595, 7530, 7597, 7531, 7532, 7597, 7596, 7531, 7598, 7532, 7533, 7598, 7597, 7532, 7599, 7533, 7534, 7599, 7598, 7533, 7600, 7534, 7535, 7600, 7599, 7534, 7601, 7535, 7536, 7601, 7600, 7535, 7538, 7536, 7537, 7538, 7601, 7536, 7720, 7658, 7657, 7721, 7658, 7720, 7719, 7720, 7657, 7719, 7656, 7655, 7719, 7657, 7656, 7722, 7658, 7721, 7722, 7659, 7658, 7718, 7719, 7655, 7723, 7659, 7722, 7723, 7660, 7659, 7717, 7655, 7654, 7717, 7718, 7655, 7724, 7661, 7660, 7724, 7660, 7723, 7716, 7654, 7653, 7716, 7717, 7654, 7725, 7662, 7661, 7725, 7661, 7724, 7715, 7653, 7652, 7715, 7716, 7653, 7726, 7663, 7662, 7726, 7662, 7725, 7714, 7652, 7651, 7714, 7715, 7652, 7664, 7663, 7726, 7727, 7664, 7726, 7713, 7651, 7650, 7713, 7714, 7651, 7665, 7602, 7664, 7665, 7664, 7727, 7712, 7650, 7649, 7712, 7713, 7650, 7666, 7603, 7602, 7666, 7602, 7665, 7711, 7649, 7648, 7711, 7712, 7649, 7667, 7604, 7603, 7667, 7603, 7666, 7710, 7711, 7648, 7710, 7648, 7647, 7668, 7605, 7604, 7668, 7604, 7667, 7709, 7647, 7646, 7709, 7710, 7647, 7669, 7606, 7605, 7669, 7605, 7668, 7708, 7709, 7646, 7708, 7646, 7645, 7607, 7606, 7669, 7670, 7607, 7669, 7707, 7708, 7645, 7707, 7645, 7644, 7671, 7608, 7607, 7671, 7607, 7670, 7706, 7707, 7644, 7706, 7644, 7643, 7609, 7608, 7671, 7672, 7609, 7671, 7705, 7643, 7642, 7705, 7706, 7643, 7673, 7609, 7672, 7610, 7609, 7673, 7704, 7705, 7642, 7641, 7704, 7642, 7611, 7610, 7673, 7611, 7673, 7674, 7640, 7703, 7704, 7640, 7704, 7641, 7612, 7611, 7674, 7612, 7674, 7675, 7639, 7702, 7703, 7639, 7703, 7640, 7613, 7612, 7675, 7613, 7675, 7676, 7701, 7702, 7639, 7638, 7701, 7639, 7614, 7676, 7677, 7614, 7613, 7676, 7637, 7701, 7638, 7637, 7700, 7701, 7678, 7614, 7677, 7699, 7700, 7637, 7615, 7614, 7678, 7636, 7699, 7637, 7616, 7678, 7679, 7616, 7615, 7678, 7635, 7699, 7636, 7635, 7698, 7699, 7617, 7616, 7679, 7617, 7679, 7680, 7634, 7698, 7635, 7634, 7697, 7698, 7618, 7680, 7681, 7618, 7617, 7680, 7633, 7697, 7634, 7633, 7696, 7697, 7619, 7618, 7681, 7619, 7681, 7682, 7632, 7696, 7633, 7632, 7695, 7696, 7620, 7619, 7682, 7620, 7682, 7683, 7631, 7695, 7632, 7631, 7694, 7695, 7693, 7694, 7631, 7621, 7620, 7683, 7621, 7683, 7684, 7630, 7693, 7631, 7622, 7621, 7684, 7622, 7684, 7685, 7622, 7685, 7686, 7629, 7692, 7693, 7629, 7693, 7630, 7623, 7622, 7686, 7628, 7692, 7629, 7628, 7691, 7692, 7624, 7623, 7686, 7624, 7686, 7687, 7624, 7687, 7688, 7627, 7691, 7628, 7627, 7690, 7691, 7625, 7624, 7688, 7625, 7688, 7689, 7626, 7690, 7627, 7626, 7625, 7689, 7626, 7689, 7690, 7794, 7728, 7729, 7794, 7793, 7728, 7795, 7729, 7730, 7795, 7794, 7729, 7796, 7730, 7731, 7796, 7795, 7730, 7797, 7731, 7732, 7797, 7796, 7731, 7798, 7732, 7733, 7798, 7733, 7734, 7798, 7797, 7732, 7799, 7798, 7734, 7800, 7734, 7735, 7800, 7799, 7734, 7801, 7735, 7736, 7801, 7736, 7737, 7801, 7800, 7735, 7802, 7801, 7737, 7803, 7737, 7738, 7803, 7802, 7737, 7804, 7738, 7739, 7804, 7803, 7738, 7805, 7739, 7740, 7805, 7804, 7739, 7806, 7740, 7741, 7806, 7741, 7742, 7806, 7805, 7740, 7807, 7742, 7743, 7807, 7806, 7742, 7808, 7807, 7743, 7809, 7743, 7744, 7809, 7808, 7743, 7810, 7744, 7745, 7810, 7809, 7744, 7811, 7745, 7746, 7811, 7810, 7745, 7812, 7811, 7746, 7812, 7746, 7747, 7813, 7812, 7747, 7813, 7747, 7748, 7814, 7813, 7748, 7814, 7748, 7749, 7815, 7814, 7749, 7815, 7749, 7750, 7816, 7750, 7751, 7816, 7815, 7750, 7817, 7751, 7752, 7817, 7816, 7751, 7818, 7752, 7753, 7818, 7753, 7754, 7818, 7817, 7752, 7819, 7754, 7755, 7819, 7818, 7754, 7820, 7819, 7755, 7821, 7755, 7756, 7821, 7820, 7755, 7822, 7756, 7757, 7822, 7821, 7756, 7823, 7757, 7758, 7823, 7822, 7757, 7824, 7758, 7759, 7824, 7759, 7760, 7824, 7823, 7758, 7825, 7824, 7760, 7826, 7760, 7761, 7826, 7825, 7760, 7827, 7761, 7762, 7827, 7826, 7761, 7828, 7762, 7763, 7828, 7827, 7762, 7829, 7763, 7764, 7829, 7828, 7763, 7830, 7764, 7765, 7830, 7829, 7764, 7831, 7765, 7766, 7831, 7830, 7765, 7832, 7766, 7767, 7832, 7831, 7766, 7833, 7767, 7768, 7833, 7768, 7769, 7833, 7832, 7767, 7834, 7833, 7769, 7835, 7769, 7770, 7835, 7770, 7771, 7835, 7834, 7769, 7836, 7835, 7771, 7837, 7836, 7771, 7837, 7771, 7772, 7838, 7837, 7772, 7838, 7772, 7773, 7839, 7838, 7773, 7839, 7773, 7774, 7840, 7839, 7774, 7840, 7774, 7775, 7841, 7840, 7775, 7841, 7775, 7776, 7842, 7841, 7776, 7842, 7776, 7777, 7843, 7842, 7777, 7843, 7777, 7778, 7844, 7843, 7778, 7844, 7778, 7779, 7845, 7844, 7779, 7845, 7779, 7780, 7846, 7845, 7780, 7846, 7780, 7781, 7847, 7846, 7781, 7847, 7781, 7782, 7848, 7847, 7782, 7848, 7782, 7783, 7849, 7783, 7784, 7849, 7848, 7783, 7850, 7784, 7785, 7850, 7849, 7784, 7851, 7785, 7786, 7851, 7850, 7785, 7852, 7786, 7787, 7852, 7851, 7786, 7853, 7787, 7788, 7853, 7788, 7789, 7853, 7852, 7787, 7854, 7853, 7789, 7855, 7789, 7790, 7855, 7854, 7789, 7792, 7790, 7791, 7792, 7855, 7790, 7959, 7895, 7896, 7959, 7958, 7895, 7957, 7894, 7895, 7957, 7895, 7958, 7960, 7896, 7897, 7960, 7959, 7896, 7956, 7893, 7894, 7956, 7894, 7957, 7961, 7897, 7898, 7961, 7960, 7897, 7955, 7892, 7893, 7955, 7893, 7956, 7962, 7898, 7899, 7962, 7899, 7900, 7962, 7961, 7898, 7954, 7891, 7892, 7954, 7892, 7955, 7963, 7962, 7900, 7953, 7889, 7890, 7953, 7890, 7891, 7953, 7891, 7954, 7964, 7900, 7901, 7964, 7963, 7900, 7952, 7889, 7953, 7965, 7901, 7902, 7965, 7964, 7901, 7951, 7888, 7889, 7951, 7889, 7952, 7966, 7902, 7903, 7966, 7965, 7902, 7950, 7886, 7887, 7950, 7887, 7888, 7950, 7888, 7951, 7967, 7903, 7904, 7967, 7966, 7903, 7949, 7886, 7950, 7885, 7886, 7949, 7968, 7904, 7905, 7968, 7967, 7904, 7906, 7968, 7905, 7948, 7885, 7949, 7969, 7968, 7906, 7884, 7885, 7948, 7947, 7884, 7948, 7970, 7969, 7906, 7970, 7906, 7907, 7946, 7884, 7947, 7946, 7883, 7884, 7971, 7970, 7907, 7971, 7907, 7908, 7945, 7882, 7883, 7945, 7883, 7946, 7972, 7971, 7908, 7972, 7908, 7909, 7881, 7882, 7945, 7944, 7881, 7945, 7973, 7972, 7909, 7973, 7909, 7910, 7880, 7881, 7944, 7943, 7880, 7944, 7911, 7973, 7910, 7974, 7973, 7911, 7942, 7880, 7943, 7879, 7880, 7942, 7912, 7975, 7974, 7912, 7974, 7911, 7976, 7975, 7912, 7878, 7879, 7942, 7878, 7942, 7941, 7913, 7976, 7912, 7877, 7878, 7941, 7877, 7941, 7940, 7914, 7977, 7976, 7914, 7976, 7913, 7876, 7877, 7940, 7876, 7940, 7939, 7915, 7978, 7977, 7915, 7977, 7914, 7979, 7978, 7915, 7875, 7939, 7938, 7875, 7876, 7939, 7916, 7979, 7915, 7874, 7938, 7937, 7874, 7875, 7938, 7917, 7980, 7979, 7917, 7981, 7980, 7917, 7979, 7916, 7873, 7874, 7937, 7873, 7937, 7936, 7918, 7981, 7917, 7872, 7873, 7936, 7872, 7936, 7935, 7856, 7981, 7918, 7856, 7919, 7981, 7856, 7920, 7919, 7871, 7872, 7935, 7871, 7935, 7934, 7857, 7920, 7856, 7857, 7921, 7920, 7870, 7871, 7934, 7870, 7933, 7932, 7870, 7934, 7933, 7858, 7921, 7857, 7869, 7870, 7932, 7859, 7921, 7858, 7859, 7922, 7921, 7868, 7869, 7932, 7868, 7931, 7930, 7868, 7932, 7931, 7860, 7922, 7859, 7860, 7923, 7922, 7867, 7868, 7930, 7867, 7930, 7929, 7861, 7923, 7860, 7861, 7924, 7923, 7861, 7925, 7924, 7866, 7867, 7929, 7862, 7925, 7861, 7865, 7866, 7929, 7865, 7929, 7928, 7863, 7926, 7925, 7863, 7925, 7862, 7864, 7927, 7926, 7864, 7928, 7927, 7864, 7926, 7863, 7864, 7865, 7928, 8048, 7982, 7983, 8048, 8047, 7982, 8049, 7983, 7984, 8049, 8048, 7983, 8050, 7984, 7985, 8050, 8049, 7984, 7986, 8050, 7985, 8051, 8050, 7986, 7987, 8051, 7986, 8052, 8051, 7987, 8053, 7987, 7988, 8053, 8052, 7987, 8054, 7988, 7989, 8054, 8053, 7988, 8055, 7989, 7990, 8055, 8054, 7989, 8056, 7990, 7991, 8056, 8055, 7990, 8057, 7991, 7992, 8057, 8056, 7991, 8058, 7992, 7993, 8058, 8057, 7992, 8059, 7993, 7994, 8059, 8058, 7993, 8060, 7994, 7995, 8060, 8059, 7994, 8061, 7995, 7996, 8061, 8060, 7995, 8062, 7996, 7997, 8062, 8061, 7996, 8063, 7997, 7998, 8063, 8062, 7997, 8064, 7998, 7999, 8064, 8063, 7998, 8065, 7999, 8000, 8065, 8064, 7999, 8066, 8065, 8000, 8066, 8000, 8001, 8067, 8066, 8001, 8067, 8001, 8002, 8068, 8067, 8002, 8068, 8002, 8003, 8069, 8068, 8003, 8069, 8003, 8004, 8070, 8069, 8004, 8070, 8004, 8005, 8071, 8005, 8006, 8071, 8070, 8005, 8072, 8006, 8007, 8072, 8071, 8006, 8008, 8072, 8007, 8073, 8072, 8008, 8074, 8008, 8009, 8074, 8073, 8008, 8075, 8009, 8010, 8075, 8074, 8009, 8076, 8010, 8011, 8076, 8075, 8010, 8012, 8076, 8011, 8077, 8076, 8012, 8078, 8012, 8013, 8078, 8077, 8012, 8079, 8013, 8014, 8079, 8078, 8013, 8015, 8079, 8014, 8080, 8079, 8015, 8081, 8015, 8016, 8081, 8080, 8015, 8082, 8016, 8017, 8082, 8081, 8016, 8083, 8017, 8018, 8083, 8082, 8017, 8084, 8018, 8019, 8084, 8083, 8018, 8020, 8084, 8019, 8085, 8084, 8020, 8021, 8085, 8020, 8086, 8085, 8021, 8022, 8086, 8021, 8087, 8086, 8022, 8023, 8087, 8022, 8088, 8087, 8023, 8089, 8023, 8024, 8089, 8088, 8023, 8025, 8089, 8024, 8090, 8089, 8025, 8091, 8090, 8025, 8091, 8025, 8026, 8092, 8091, 8026, 8092, 8026, 8027, 8028, 8092, 8027, 8093, 8092, 8028, 8029, 8093, 8028, 8094, 8093, 8029, 8095, 8094, 8029, 8095, 8029, 8030, 8031, 8095, 8030, 8096, 8095, 8031, 8097, 8096, 8031, 8097, 8031, 8032, 8033, 8097, 8032, 8098, 8097, 8033, 8099, 8098, 8033, 8099, 8033, 8034, 8100, 8099, 8034, 8100, 8034, 8035, 8101, 8100, 8035, 8101, 8035, 8036, 8037, 8101, 8036, 8102, 8101, 8037, 8038, 8102, 8037, 8103, 8102, 8038, 8104, 8038, 8039, 8104, 8103, 8038, 8040, 8104, 8039, 8105, 8104, 8040, 8106, 8040, 8041, 8106, 8105, 8040, 8042, 8106, 8041, 8107, 8106, 8042, 8108, 8042, 8043, 8108, 8107, 8042, 8109, 8043, 8044, 8109, 8108, 8043, 8046, 8044, 8045, 8046, 8109, 8044, 8176, 8110, 8111, 8176, 8175, 8110, 8177, 8111, 8112, 8177, 8176, 8111, 8178, 8112, 8113, 8178, 8177, 8112, 8179, 8113, 8114, 8179, 8178, 8113, 8180, 8114, 8115, 8180, 8179, 8114, 8181, 8115, 8116, 8181, 8180, 8115, 8117, 8181, 8116, 8182, 8181, 8117, 8183, 8117, 8118, 8183, 8182, 8117, 8184, 8118, 8119, 8184, 8183, 8118, 8185, 8119, 8120, 8185, 8184, 8119, 8186, 8120, 8121, 8186, 8185, 8120, 8122, 8186, 8121, 8187, 8186, 8122, 8188, 8122, 8123, 8188, 8187, 8122, 8189, 8123, 8124, 8189, 8188, 8123, 8190, 8124, 8125, 8190, 8189, 8124, 8191, 8125, 8126, 8191, 8190, 8125, 8192, 8126, 8127, 8192, 8191, 8126, 8193, 8127, 8128, 8193, 8192, 8127, 8194, 8193, 8128, 8194, 8128, 8129, 8195, 8194, 8129, 8195, 8129, 8130, 8196, 8195, 8130, 8196, 8130, 8131, 8197, 8196, 8131, 8197, 8131, 8132, 8198, 8197, 8132, 8198, 8132, 8133, 8199, 8133, 8134, 8199, 8198, 8133, 8200, 8134, 8135, 8200, 8199, 8134, 8201, 8135, 8136, 8201, 8200, 8135, 8202, 8136, 8137, 8202, 8201, 8136, 8203, 8137, 8138, 8203, 8202, 8137, 8204, 8138, 8139, 8204, 8203, 8138, 8205, 8139, 8140, 8205, 8204, 8139, 8206, 8140, 8141, 8206, 8205, 8140, 8207, 8141, 8142, 8207, 8206, 8141, 8208, 8142, 8143, 8208, 8207, 8142, 8209, 8143, 8144, 8209, 8208, 8143, 8210, 8144, 8145, 8210, 8209, 8144, 8211, 8145, 8146, 8211, 8210, 8145, 8212, 8146, 8147, 8212, 8211, 8146, 8213, 8147, 8148, 8213, 8212, 8147, 8214, 8148, 8149, 8214, 8213, 8148, 8215, 8149, 8150, 8215, 8214, 8149, 8151, 8215, 8150, 8216, 8215, 8151, 8217, 8151, 8152, 8217, 8216, 8151, 8218, 8217, 8152, 8218, 8152, 8153, 8154, 8218, 8153, 8219, 8218, 8154, 8220, 8219, 8154, 8220, 8154, 8155, 8156, 8220, 8155, 8221, 8220, 8156, 8157, 8221, 8156, 8222, 8221, 8157, 8223, 8222, 8157, 8223, 8157, 8158, 8159, 8223, 8158, 8224, 8223, 8159, 8160, 8224, 8159, 8225, 8224, 8160, 8161, 8225, 8160, 8226, 8225, 8161, 8227, 8226, 8161, 8227, 8161, 8162, 8163, 8227, 8162, 8228, 8227, 8163, 8229, 8228, 8163, 8229, 8163, 8164, 8230, 8229, 8164, 8230, 8164, 8165, 8166, 8230, 8165, 8231, 8230, 8166, 8232, 8166, 8167, 8232, 8231, 8166, 8233, 8167, 8168, 8233, 8232, 8167, 8234, 8168, 8169, 8234, 8233, 8168, 8235, 8169, 8170, 8235, 8234, 8169, 8236, 8170, 8171, 8236, 8235, 8170, 8237, 8171, 8172, 8237, 8236, 8171, 8174, 8172, 8173, 8174, 8237, 8172, 8304, 8238, 8239, 8304, 8303, 8238, 8305, 8239, 8240, 8305, 8304, 8239, 8306, 8240, 8241, 8306, 8305, 8240, 8307, 8241, 8242, 8307, 8306, 8241, 8308, 8242, 8243, 8308, 8307, 8242, 8309, 8243, 8244, 8309, 8308, 8243, 8245, 8309, 8244, 8310, 8309, 8245, 8311, 8245, 8246, 8311, 8310, 8245, 8247, 8311, 8246, 8312, 8311, 8247, 8313, 8247, 8248, 8313, 8312, 8247, 8314, 8248, 8249, 8314, 8313, 8248, 8315, 8249, 8250, 8315, 8314, 8249, 8316, 8250, 8251, 8316, 8315, 8250, 8317, 8251, 8252, 8317, 8316, 8251, 8318, 8252, 8253, 8318, 8317, 8252, 8319, 8253, 8254, 8319, 8318, 8253, 8320, 8254, 8255, 8320, 8319, 8254, 8321, 8255, 8256, 8321, 8320, 8255, 8322, 8321, 8256, 8322, 8256, 8257, 8323, 8322, 8257, 8323, 8257, 8258, 8324, 8323, 8258, 8324, 8258, 8259, 8325, 8324, 8259, 8325, 8259, 8260, 8326, 8325, 8260, 8326, 8260, 8261, 8327, 8261, 8262, 8327, 8326, 8261, 8328, 8262, 8263, 8328, 8327, 8262, 8329, 8263, 8264, 8329, 8328, 8263, 8330, 8264, 8265, 8330, 8329, 8264, 8331, 8265, 8266, 8331, 8330, 8265, 8332, 8266, 8267, 8332, 8331, 8266, 8333, 8267, 8268, 8333, 8332, 8267, 8334, 8268, 8269, 8334, 8333, 8268, 8335, 8269, 8270, 8335, 8334, 8269, 8336, 8270, 8271, 8336, 8335, 8270, 8337, 8271, 8272, 8337, 8336, 8271, 8338, 8272, 8273, 8338, 8337, 8272, 8339, 8273, 8274, 8339, 8338, 8273, 8340, 8274, 8275, 8340, 8339, 8274, 8341, 8275, 8276, 8341, 8340, 8275, 8342, 8276, 8277, 8342, 8341, 8276, 8278, 8342, 8277, 8343, 8342, 8278, 8279, 8343, 8278, 8344, 8343, 8279, 8345, 8279, 8280, 8345, 8344, 8279, 8346, 8345, 8280, 8346, 8280, 8281, 8282, 8346, 8281, 8347, 8346, 8282, 8283, 8347, 8282, 8348, 8347, 8283, 8349, 8348, 8283, 8349, 8283, 8284, 8350, 8349, 8284, 8350, 8284, 8285, 8351, 8350, 8285, 8351, 8285, 8286, 8287, 8351, 8286, 8352, 8351, 8287, 8353, 8352, 8287, 8353, 8287, 8288, 8354, 8353, 8288, 8354, 8288, 8289, 8355, 8354, 8289, 8355, 8289, 8290, 8356, 8355, 8290, 8356, 8290, 8291, 8357, 8356, 8291, 8357, 8291, 8292, 8358, 8357, 8292, 8358, 8292, 8293, 8359, 8358, 8293, 8359, 8293, 8294, 8360, 8359, 8294, 8360, 8294, 8295, 8361, 8295, 8296, 8361, 8360, 8295, 8362, 8296, 8297, 8362, 8361, 8296, 8363, 8297, 8298, 8363, 8362, 8297, 8364, 8298, 8299, 8364, 8363, 8298, 8365, 8299, 8300, 8365, 8364, 8299, 8302, 8300, 8301, 8302, 8365, 8300, 8432, 8366, 8367, 8432, 8431, 8366, 8433, 8367, 8368, 8433, 8432, 8367, 8434, 8368, 8369, 8434, 8433, 8368, 8435, 8369, 8370, 8435, 8434, 8369, 8436, 8370, 8371, 8436, 8435, 8370, 8437, 8371, 8372, 8437, 8436, 8371, 8438, 8372, 8373, 8438, 8437, 8372, 8439, 8373, 8374, 8439, 8438, 8373, 8440, 8374, 8375, 8440, 8439, 8374, 8441, 8375, 8376, 8441, 8440, 8375, 8377, 8441, 8376, 8442, 8441, 8377, 8378, 8442, 8377, 8443, 8442, 8378, 8444, 8378, 8379, 8444, 8443, 8378, 8445, 8379, 8380, 8445, 8444, 8379, 8446, 8380, 8381, 8446, 8445, 8380, 8447, 8381, 8382, 8447, 8446, 8381, 8448, 8382, 8383, 8448, 8447, 8382, 8449, 8383, 8384, 8449, 8448, 8383, 8450, 8449, 8384, 8450, 8384, 8385, 8451, 8450, 8385, 8451, 8385, 8386, 8452, 8451, 8386, 8452, 8386, 8387, 8453, 8452, 8387, 8453, 8387, 8388, 8454, 8453, 8388, 8454, 8388, 8389, 8455, 8389, 8390, 8455, 8454, 8389, 8456, 8390, 8391, 8456, 8455, 8390, 8457, 8391, 8392, 8457, 8456, 8391, 8393, 8457, 8392, 8458, 8457, 8393, 8459, 8393, 8394, 8459, 8458, 8393, 8460, 8394, 8395, 8460, 8459, 8394, 8396, 8460, 8395, 8461, 8460, 8396, 8462, 8396, 8397, 8462, 8461, 8396, 8463, 8397, 8398, 8463, 8462, 8397, 8464, 8398, 8399, 8464, 8463, 8398, 8465, 8399, 8400, 8465, 8464, 8399, 8401, 8465, 8400, 8466, 8465, 8401, 8467, 8401, 8402, 8467, 8466, 8401, 8468, 8402, 8403, 8468, 8467, 8402, 8469, 8403, 8404, 8469, 8468, 8403, 8405, 8469, 8404, 8470, 8469, 8405, 8406, 8470, 8405, 8471, 8470, 8406, 8407, 8471, 8406, 8472, 8471, 8407, 8473, 8407, 8408, 8473, 8472, 8407, 8474, 8473, 8408, 8474, 8408, 8409, 8410, 8474, 8409, 8475, 8474, 8410, 8411, 8475, 8410, 8476, 8475, 8411, 8477, 8476, 8411, 8477, 8411, 8412, 8413, 8477, 8412, 8478, 8477, 8413, 8414, 8478, 8413, 8479, 8478, 8414, 8415, 8479, 8414, 8480, 8479, 8415, 8481, 8480, 8415, 8481, 8415, 8416, 8417, 8481, 8416, 8482, 8481, 8417, 8418, 8482, 8417, 8483, 8482, 8418, 8484, 8483, 8418, 8484, 8418, 8419, 8485, 8484, 8419, 8485, 8419, 8420, 8421, 8485, 8420, 8486, 8485, 8421, 8487, 8486, 8421, 8487, 8421, 8422, 8488, 8487, 8422, 8488, 8422, 8423, 8424, 8488, 8423, 8489, 8488, 8424, 8425, 8489, 8424, 8490, 8489, 8425, 8491, 8425, 8426, 8491, 8490, 8425, 8427, 8491, 8426, 8492, 8491, 8427, 8493, 8427, 8428, 8493, 8492, 8427, 8430, 8428, 8429, 8430, 8493, 8428, 8560, 8494, 8495, 8560, 8559, 8494, 8561, 8495, 8496, 8561, 8560, 8495, 8562, 8496, 8497, 8562, 8561, 8496, 8563, 8497, 8498, 8563, 8562, 8497, 8564, 8498, 8499, 8564, 8563, 8498, 8565, 8499, 8500, 8565, 8564, 8499, 8566, 8500, 8501, 8566, 8565, 8500, 8502, 8566, 8501, 8567, 8566, 8502, 8568, 8502, 8503, 8568, 8567, 8502, 8504, 8568, 8503, 8569, 8568, 8504, 8505, 8569, 8504, 8570, 8569, 8505, 8571, 8505, 8506, 8571, 8570, 8505, 8507, 8571, 8506, 8572, 8571, 8507, 8573, 8507, 8508, 8573, 8572, 8507, 8574, 8508, 8509, 8574, 8573, 8508, 8575, 8509, 8510, 8575, 8574, 8509, 8576, 8510, 8511, 8576, 8575, 8510, 8577, 8511, 8512, 8577, 8576, 8511, 8578, 8577, 8512, 8578, 8512, 8513, 8579, 8578, 8513, 8579, 8513, 8514, 8580, 8579, 8514, 8580, 8514, 8515, 8581, 8580, 8515, 8581, 8515, 8516, 8582, 8581, 8516, 8582, 8516, 8517, 8583, 8517, 8518, 8583, 8582, 8517, 8584, 8518, 8519, 8584, 8583, 8518, 8585, 8519, 8520, 8585, 8584, 8519, 8586, 8520, 8521, 8586, 8585, 8520, 8587, 8521, 8522, 8587, 8586, 8521, 8588, 8522, 8523, 8588, 8587, 8522, 8589, 8523, 8524, 8589, 8588, 8523, 8590, 8524, 8525, 8590, 8589, 8524, 8591, 8525, 8526, 8591, 8590, 8525, 8592, 8526, 8527, 8592, 8591, 8526, 8593, 8527, 8528, 8593, 8592, 8527, 8594, 8528, 8529, 8594, 8593, 8528, 8595, 8529, 8530, 8595, 8594, 8529, 8596, 8530, 8531, 8596, 8595, 8530, 8532, 8596, 8531, 8597, 8596, 8532, 8598, 8532, 8533, 8598, 8597, 8532, 8599, 8533, 8534, 8599, 8598, 8533, 8535, 8599, 8534, 8600, 8599, 8535, 8536, 8600, 8535, 8601, 8600, 8536, 8602, 8601, 8536, 8602, 8536, 8537, 8538, 8602, 8537, 8603, 8602, 8538, 8604, 8603, 8538, 8604, 8538, 8539, 8605, 8604, 8539, 8605, 8539, 8540, 8541, 8605, 8540, 8606, 8605, 8541, 8607, 8606, 8541, 8607, 8541, 8542, 8608, 8607, 8542, 8608, 8542, 8543, 8609, 8608, 8543, 8609, 8543, 8544, 8610, 8609, 8544, 8610, 8544, 8545, 8611, 8610, 8545, 8611, 8545, 8546, 8547, 8611, 8546, 8612, 8611, 8547, 8613, 8612, 8547, 8613, 8547, 8548, 8614, 8613, 8548, 8614, 8548, 8549, 8615, 8614, 8549, 8615, 8549, 8550, 8616, 8615, 8550, 8616, 8550, 8551, 8617, 8551, 8552, 8617, 8616, 8551, 8618, 8552, 8553, 8618, 8617, 8552, 8619, 8553, 8554, 8619, 8618, 8553, 8620, 8554, 8555, 8620, 8619, 8554, 8621, 8555, 8556, 8621, 8620, 8555, 8558, 8556, 8557, 8558, 8621, 8556, 8688, 8622, 8623, 8688, 8687, 8622, 8689, 8623, 8624, 8689, 8688, 8623, 8690, 8624, 8625, 8690, 8689, 8624, 8691, 8625, 8626, 8691, 8690, 8625, 8627, 8691, 8626, 8692, 8691, 8627, 8693, 8627, 8628, 8693, 8692, 8627, 8694, 8628, 8629, 8694, 8693, 8628, 8695, 8629, 8630, 8695, 8694, 8629, 8696, 8630, 8631, 8696, 8695, 8630, 8697, 8631, 8632, 8697, 8696, 8631, 8698, 8632, 8633, 8698, 8697, 8632, 8634, 8698, 8633, 8699, 8698, 8634, 8700, 8634, 8635, 8700, 8699, 8634, 8636, 8700, 8635, 8701, 8700, 8636, 8702, 8636, 8637, 8702, 8701, 8636, 8703, 8637, 8638, 8703, 8702, 8637, 8704, 8638, 8639, 8704, 8703, 8638, 8640, 8704, 8639, 8705, 8704, 8640, 8706, 8705, 8640, 8706, 8640, 8641, 8707, 8706, 8641, 8707, 8641, 8642, 8708, 8707, 8642, 8708, 8642, 8643, 8644, 8708, 8643, 8709, 8708, 8644, 8710, 8709, 8644, 8710, 8644, 8645, 8646, 8710, 8645, 8711, 8710, 8646, 8712, 8646, 8647, 8712, 8711, 8646, 8713, 8647, 8648, 8713, 8712, 8647, 8714, 8648, 8649, 8714, 8713, 8648, 8715, 8649, 8650, 8715, 8714, 8649, 8716, 8650, 8651, 8716, 8715, 8650, 8717, 8651, 8652, 8717, 8716, 8651, 8718, 8652, 8653, 8718, 8717, 8652, 8719, 8653, 8654, 8719, 8718, 8653, 8720, 8654, 8655, 8720, 8719, 8654, 8721, 8655, 8656, 8721, 8720, 8655, 8722, 8656, 8657, 8722, 8721, 8656, 8723, 8657, 8658, 8723, 8722, 8657, 8724, 8658, 8659, 8724, 8723, 8658, 8725, 8659, 8660, 8725, 8724, 8659, 8726, 8660, 8661, 8726, 8725, 8660, 8727, 8661, 8662, 8727, 8726, 8661, 8663, 8727, 8662, 8728, 8727, 8663, 8729, 8663, 8664, 8729, 8728, 8663, 8730, 8729, 8664, 8730, 8664, 8665, 8731, 8665, 8666, 8731, 8730, 8665, 8732, 8731, 8666, 8732, 8666, 8667, 8668, 8732, 8667, 8733, 8732, 8668, 8669, 8733, 8668, 8734, 8733, 8669, 8735, 8734, 8669, 8735, 8669, 8670, 8736, 8735, 8670, 8736, 8670, 8671, 8672, 8736, 8671, 8737, 8736, 8672, 8673, 8737, 8672, 8738, 8737, 8673, 8739, 8738, 8673, 8739, 8673, 8674, 8740, 8739, 8674, 8740, 8674, 8675, 8741, 8740, 8675, 8741, 8675, 8676, 8742, 8741, 8676, 8742, 8676, 8677, 8743, 8742, 8677, 8743, 8677, 8678, 8744, 8743, 8678, 8744, 8678, 8679, 8745, 8679, 8680, 8745, 8744, 8679, 8746, 8680, 8681, 8746, 8745, 8680, 8747, 8681, 8682, 8747, 8746, 8681, 8748, 8682, 8683, 8748, 8747, 8682, 8749, 8683, 8684, 8749, 8748, 8683, 8686, 8684, 8685, 8686, 8749, 8684, 8816, 8750, 8751, 8816, 8815, 8750, 8817, 8751, 8752, 8817, 8816, 8751, 8818, 8752, 8753, 8818, 8817, 8752, 8819, 8753, 8754, 8819, 8818, 8753, 8755, 8819, 8754, 8820, 8819, 8755, 8821, 8755, 8756, 8821, 8820, 8755, 8822, 8756, 8757, 8822, 8821, 8756, 8758, 8822, 8757, 8823, 8822, 8758, 8759, 8823, 8758, 8824, 8823, 8759, 8825, 8759, 8760, 8825, 8824, 8759, 8826, 8760, 8761, 8826, 8825, 8760, 8827, 8761, 8762, 8827, 8826, 8761, 8828, 8762, 8763, 8828, 8827, 8762, 8829, 8763, 8764, 8829, 8828, 8763, 8765, 8829, 8764, 8830, 8829, 8765, 8831, 8765, 8766, 8831, 8830, 8765, 8832, 8766, 8767, 8832, 8831, 8766, 8768, 8832, 8767, 8833, 8832, 8768, 8834, 8833, 8768, 8834, 8768, 8769, 8835, 8834, 8769, 8835, 8769, 8770, 8836, 8835, 8770, 8836, 8770, 8771, 8837, 8836, 8771, 8837, 8771, 8772, 8838, 8837, 8772, 8838, 8772, 8773, 8839, 8773, 8774, 8839, 8838, 8773, 8840, 8774, 8775, 8840, 8839, 8774, 8841, 8775, 8776, 8841, 8840, 8775, 8842, 8776, 8777, 8842, 8841, 8776, 8843, 8777, 8778, 8843, 8842, 8777, 8844, 8778, 8779, 8844, 8843, 8778, 8845, 8779, 8780, 8845, 8844, 8779, 8846, 8780, 8781, 8846, 8845, 8780, 8847, 8781, 8782, 8847, 8846, 8781, 8848, 8782, 8783, 8848, 8847, 8782, 8849, 8783, 8784, 8849, 8848, 8783, 8850, 8784, 8785, 8850, 8849, 8784, 8851, 8785, 8786, 8851, 8850, 8785, 8852, 8786, 8787, 8852, 8851, 8786, 8853, 8787, 8788, 8853, 8852, 8787, 8854, 8788, 8789, 8854, 8853, 8788, 8855, 8789, 8790, 8855, 8854, 8789, 8856, 8790, 8791, 8856, 8855, 8790, 8792, 8856, 8791, 8857, 8856, 8792, 8858, 8857, 8792, 8858, 8792, 8793, 8859, 8858, 8793, 8859, 8793, 8794, 8795, 8859, 8794, 8860, 8859, 8795, 8796, 8860, 8795, 8861, 8860, 8796, 8797, 8861, 8796, 8862, 8861, 8797, 8863, 8862, 8797, 8863, 8797, 8798, 8864, 8863, 8798, 8864, 8798, 8799, 8800, 8864, 8799, 8865, 8864, 8800, 8866, 8865, 8800, 8866, 8800, 8801, 8867, 8866, 8801, 8867, 8801, 8802, 8868, 8867, 8802, 8868, 8802, 8803, 8869, 8868, 8803, 8869, 8803, 8804, 8870, 8869, 8804, 8870, 8804, 8805, 8871, 8870, 8805, 8871, 8805, 8806, 8872, 8871, 8806, 8872, 8806, 8807, 8873, 8807, 8808, 8873, 8872, 8807, 8874, 8808, 8809, 8874, 8873, 8808, 8875, 8809, 8810, 8875, 8874, 8809, 8876, 8810, 8811, 8876, 8875, 8810, 8877, 8811, 8812, 8877, 8876, 8811, 8814, 8812, 8813, 8814, 8877, 8812, 8944, 8878, 8879, 8944, 8943, 8878, 8945, 8879, 8880, 8945, 8944, 8879, 8946, 8880, 8881, 8946, 8945, 8880, 8947, 8881, 8882, 8947, 8946, 8881, 8948, 8882, 8883, 8948, 8947, 8882, 8949, 8883, 8884, 8949, 8948, 8883, 8950, 8884, 8885, 8950, 8949, 8884, 8951, 8885, 8886, 8951, 8950, 8885, 8952, 8886, 8887, 8952, 8951, 8886, 8953, 8887, 8888, 8953, 8952, 8887, 8954, 8888, 8889, 8954, 8953, 8888, 8955, 8889, 8890, 8955, 8954, 8889, 8956, 8890, 8891, 8956, 8955, 8890, 8892, 8956, 8891, 8957, 8956, 8892, 8958, 8892, 8893, 8958, 8957, 8892, 8959, 8893, 8894, 8959, 8958, 8893, 8960, 8894, 8895, 8960, 8959, 8894, 8961, 8895, 8896, 8961, 8960, 8895, 8962, 8961, 8896, 8962, 8896, 8897, 8898, 8962, 8897, 8963, 8962, 8898, 8964, 8963, 8898, 8964, 8898, 8899, 8900, 8964, 8899, 8965, 8964, 8900, 8966, 8965, 8900, 8966, 8900, 8901, 8902, 8966, 8901, 8967, 8966, 8902, 8968, 8902, 8903, 8968, 8967, 8902, 8969, 8903, 8904, 8969, 8968, 8903, 8970, 8904, 8905, 8970, 8969, 8904, 8906, 8970, 8905, 8971, 8970, 8906, 8972, 8906, 8907, 8972, 8971, 8906, 8973, 8907, 8908, 8973, 8972, 8907, 8974, 8908, 8909, 8974, 8973, 8908, 8975, 8909, 8910, 8975, 8974, 8909, 8976, 8910, 8911, 8976, 8975, 8910, 8912, 8976, 8911, 8977, 8976, 8912, 8913, 8977, 8912, 8978, 8977, 8913, 8979, 8913, 8914, 8979, 8978, 8913, 8915, 8979, 8914, 8980, 8979, 8915, 8981, 8915, 8916, 8981, 8980, 8915, 8917, 8981, 8916, 8982, 8981, 8917, 8983, 8917, 8918, 8983, 8982, 8917, 8984, 8918, 8919, 8984, 8983, 8918, 8985, 8919, 8920, 8985, 8984, 8919, 8986, 8985, 8920, 8986, 8920, 8921, 8922, 8986, 8921, 8987, 8986, 8922, 8923, 8987, 8922, 8988, 8987, 8923, 8989, 8988, 8923, 8989, 8923, 8924, 8990, 8989, 8924, 8990, 8924, 8925, 8926, 8990, 8925, 8991, 8990, 8926, 8992, 8991, 8926, 8992, 8926, 8927, 8993, 8992, 8927, 8993, 8927, 8928, 8929, 8993, 8928, 8994, 8993, 8929, 8995, 8994, 8929, 8995, 8929, 8930, 8996, 8995, 8930, 8996, 8930, 8931, 8932, 8996, 8931, 8997, 8996, 8932, 8998, 8997, 8932, 8998, 8932, 8933, 8999, 8998, 8933, 8999, 8933, 8934, 9000, 8999, 8934, 9000, 8934, 8935, 9001, 8935, 8936, 9001, 9000, 8935, 9002, 8936, 8937, 9002, 9001, 8936, 9003, 8937, 8938, 9003, 9002, 8937, 9004, 8938, 8939, 9004, 9003, 8938, 9005, 8939, 8940, 9005, 9004, 8939, 8942, 8940, 8941, 8942, 9005, 8940, 9072, 9006, 9007, 9072, 9071, 9006, 9073, 9007, 9008, 9073, 9072, 9007, 9074, 9008, 9009, 9074, 9073, 9008, 9075, 9009, 9010, 9075, 9074, 9009, 9076, 9010, 9011, 9076, 9075, 9010, 9012, 9076, 9011, 9077, 9076, 9012, 9078, 9012, 9013, 9078, 9077, 9012, 9079, 9013, 9014, 9079, 9078, 9013, 9080, 9014, 9015, 9080, 9079, 9014, 9081, 9015, 9016, 9081, 9080, 9015, 9017, 9081, 9016, 9082, 9081, 9017, 9083, 9017, 9018, 9083, 9082, 9017, 9019, 9083, 9018, 9084, 9083, 9019, 9085, 9019, 9020, 9085, 9084, 9019, 9086, 9020, 9021, 9086, 9085, 9020, 9087, 9021, 9022, 9087, 9086, 9021, 9088, 9022, 9023, 9088, 9087, 9022, 9089, 9023, 9024, 9089, 9088, 9023, 9090, 9089, 9024, 9090, 9024, 9025, 9091, 9090, 9025, 9091, 9025, 9026, 9092, 9091, 9026, 9092, 9026, 9027, 9093, 9092, 9027, 9093, 9027, 9028, 9029, 9093, 9028, 9094, 9093, 9029, 9095, 9029, 9030, 9095, 9094, 9029, 9096, 9030, 9031, 9096, 9095, 9030, 9097, 9031, 9032, 9097, 9096, 9031, 9098, 9032, 9033, 9098, 9097, 9032, 9099, 9033, 9034, 9099, 9098, 9033, 9100, 9034, 9035, 9100, 9099, 9034, 9101, 9035, 9036, 9101, 9100, 9035, 9102, 9036, 9037, 9102, 9101, 9036, 9103, 9037, 9038, 9103, 9102, 9037, 9104, 9038, 9039, 9104, 9103, 9038, 9105, 9039, 9040, 9105, 9104, 9039, 9106, 9040, 9041, 9106, 9105, 9040, 9107, 9041, 9042, 9107, 9106, 9041, 9108, 9042, 9043, 9108, 9107, 9042, 9109, 9043, 9044, 9109, 9108, 9043, 9045, 9109, 9044, 9110, 9109, 9045, 9111, 9045, 9046, 9111, 9110, 9045, 9112, 9046, 9047, 9112, 9111, 9046, 9113, 9047, 9048, 9113, 9112, 9047, 9114, 9113, 9048, 9114, 9048, 9049, 9050, 9114, 9049, 9115, 9114, 9050, 9051, 9115, 9050, 9116, 9115, 9051, 9052, 9116, 9051, 9117, 9116, 9052, 9118, 9117, 9052, 9118, 9052, 9053, 9054, 9118, 9053, 9119, 9118, 9054, 9120, 9119, 9054, 9120, 9054, 9055, 9056, 9120, 9055, 9121, 9120, 9056, 9122, 9121, 9056, 9122, 9056, 9057, 9123, 9122, 9057, 9123, 9057, 9058, 9124, 9123, 9058, 9124, 9058, 9059, 9125, 9124, 9059, 9125, 9059, 9060, 9126, 9125, 9060, 9126, 9060, 9061, 9127, 9126, 9061, 9127, 9061, 9062, 9128, 9127, 9062, 9128, 9062, 9063, 9129, 9063, 9064, 9129, 9128, 9063, 9130, 9064, 9065, 9130, 9129, 9064, 9131, 9065, 9066, 9131, 9130, 9065, 9132, 9066, 9067, 9132, 9131, 9066, 9133, 9067, 9068, 9133, 9132, 9067, 9070, 9068, 9069, 9070, 9133, 9068, 9200, 9134, 9135, 9200, 9199, 9134, 9201, 9135, 9136, 9201, 9200, 9135, 9202, 9136, 9137, 9202, 9201, 9136, 9203, 9137, 9138, 9203, 9202, 9137, 9139, 9203, 9138, 9204, 9203, 9139, 9205, 9139, 9140, 9205, 9204, 9139, 9141, 9205, 9140, 9206, 9205, 9141, 9207, 9141, 9142, 9207, 9206, 9141, 9143, 9207, 9142, 9208, 9207, 9143, 9209, 9143, 9144, 9209, 9208, 9143, 9145, 9209, 9144, 9210, 9209, 9145, 9146, 9210, 9145, 9211, 9210, 9146, 9212, 9146, 9147, 9212, 9211, 9146, 9213, 9147, 9148, 9213, 9212, 9147, 9214, 9148, 9149, 9214, 9213, 9148, 9215, 9149, 9150, 9215, 9214, 9149, 9216, 9150, 9151, 9216, 9215, 9150, 9217, 9151, 9152, 9217, 9216, 9151, 9218, 9217, 9152, 9218, 9152, 9153, 9219, 9218, 9153, 9219, 9153, 9154, 9220, 9219, 9154, 9220, 9154, 9155, 9221, 9220, 9155, 9221, 9155, 9156, 9222, 9221, 9156, 9222, 9156, 9157, 9223, 9157, 9158, 9223, 9222, 9157, 9224, 9158, 9159, 9224, 9223, 9158, 9225, 9159, 9160, 9225, 9224, 9159, 9226, 9160, 9161, 9226, 9225, 9160, 9227, 9161, 9162, 9227, 9226, 9161, 9228, 9162, 9163, 9228, 9227, 9162, 9164, 9228, 9163, 9229, 9228, 9164, 9230, 9164, 9165, 9230, 9229, 9164, 9166, 9230, 9165, 9231, 9230, 9166, 9232, 9166, 9167, 9232, 9231, 9166, 9168, 9232, 9167, 9233, 9232, 9168, 9169, 9233, 9168, 9234, 9233, 9169, 9235, 9169, 9170, 9235, 9234, 9169, 9236, 9170, 9171, 9236, 9235, 9170, 9237, 9171, 9172, 9237, 9236, 9171, 9238, 9172, 9173, 9238, 9237, 9172, 9239, 9173, 9174, 9239, 9238, 9173, 9240, 9174, 9175, 9240, 9239, 9174, 9241, 9175, 9176, 9241, 9240, 9175, 9177, 9241, 9176, 9242, 9241, 9177, 9243, 9242, 9177, 9243, 9177, 9178, 9179, 9243, 9178, 9244, 9243, 9179, 9245, 9244, 9179, 9245, 9179, 9180, 9246, 9245, 9180, 9246, 9180, 9181, 9247, 9246, 9181, 9247, 9181, 9182, 9183, 9247, 9182, 9248, 9247, 9183, 9249, 9248, 9183, 9249, 9183, 9184, 9250, 9249, 9184, 9250, 9184, 9185, 9186, 9250, 9185, 9251, 9250, 9186, 9187, 9251, 9186, 9252, 9251, 9187, 9188, 9252, 9187, 9253, 9252, 9188, 9254, 9253, 9188, 9254, 9188, 9189, 9255, 9254, 9189, 9255, 9189, 9190, 9256, 9255, 9190, 9256, 9190, 9191, 9192, 9256, 9191, 9257, 9256, 9192, 9258, 9192, 9193, 9258, 9257, 9192, 9259, 9193, 9194, 9259, 9258, 9193, 9195, 9259, 9194, 9260, 9259, 9195, 9261, 9195, 9196, 9261, 9260, 9195, 9198, 9196, 9197, 9198, 9261, 9196, 9385, 9263, 9262, 9385, 9262, 9264, 9386, 9264, 9265, 9386, 9385, 9264, 9387, 9265, 9266, 9387, 9386, 9265, 9388, 9266, 9267, 9388, 9387, 9266, 9389, 9267, 9268, 9389, 9388, 9267, 9390, 9268, 9269, 9390, 9389, 9268, 9391, 9269, 9270, 9391, 9390, 9269, 9272, 9369, 9271, 9392, 9270, 9271, 9392, 9391, 9270, 9392, 9271, 9369, 9370, 9369, 9272, 9273, 9370, 9272, 9384, 9392, 9369, 9371, 9370, 9273, 9274, 9371, 9273, 9372, 9371, 9274, 9275, 9372, 9274, 9373, 9372, 9275, 9276, 9373, 9275, 9374, 9373, 9276, 9277, 9374, 9276, 9375, 9374, 9277, 9278, 9375, 9277, 9376, 9375, 9278, 9279, 9376, 9278, 9377, 9376, 9279, 9280, 9377, 9279, 9378, 9377, 9280, 9281, 9378, 9280, 9379, 9378, 9281, 9282, 9379, 9281, 9380, 9379, 9282, 9283, 9380, 9282, 9381, 9380, 9283, 9284, 9381, 9283, 9382, 9381, 9284, 9285, 9382, 9284, 9383, 9382, 9285, 9286, 9383, 9285, 9368, 9383, 9286, 9287, 9368, 9286, 9329, 9328, 9368, 9329, 9368, 9287, 9330, 9287, 9288, 9330, 9329, 9287, 9331, 9288, 9289, 9331, 9330, 9288, 9332, 9289, 9290, 9332, 9331, 9289, 9333, 9290, 9291, 9333, 9332, 9290, 9334, 9291, 9292, 9334, 9333, 9291, 9335, 9292, 9293, 9335, 9334, 9292, 9336, 9293, 9294, 9336, 9335, 9293, 9337, 9294, 9295, 9337, 9336, 9294, 9338, 9295, 9296, 9338, 9337, 9295, 9339, 9296, 9297, 9339, 9338, 9296, 9340, 9297, 9298, 9340, 9339, 9297, 9341, 9298, 9299, 9341, 9340, 9298, 9342, 9299, 9300, 9342, 9341, 9299, 9343, 9300, 9301, 9343, 9342, 9300, 9344, 9301, 9302, 9344, 9343, 9301, 9345, 9302, 9303, 9345, 9344, 9302, 9346, 9345, 9303, 9346, 9303, 9304, 9347, 9346, 9304, 9347, 9304, 9305, 9348, 9347, 9305, 9348, 9305, 9306, 9349, 9348, 9306, 9349, 9306, 9307, 9350, 9349, 9307, 9350, 9307, 9308, 9351, 9350, 9308, 9351, 9308, 9309, 9352, 9351, 9309, 9352, 9309, 9310, 9353, 9352, 9310, 9353, 9310, 9311, 9354, 9353, 9311, 9354, 9311, 9312, 9355, 9354, 9312, 9355, 9312, 9313, 9356, 9355, 9313, 9356, 9313, 9314, 9357, 9356, 9314, 9357, 9314, 9315, 9358, 9357, 9315, 9358, 9315, 9316, 9359, 9316, 9317, 9359, 9358, 9316, 9360, 9317, 9318, 9360, 9359, 9317, 9361, 9318, 9319, 9361, 9360, 9318, 9362, 9319, 9320, 9362, 9361, 9319, 9363, 9320, 9321, 9363, 9362, 9320, 9364, 9321, 9322, 9364, 9363, 9321, 9365, 9322, 9323, 9365, 9364, 9322, 9366, 9323, 9324, 9366, 9365, 9323, 9367, 9324, 9325, 9367, 9366, 9324, 9327, 9325, 9326, 9327, 9367, 9325, 9394, 9393, 9396, 9462, 9395, 9394, 9460, 9458, 9459, 9461, 9523, 9460, 9524, 9396, 9397, 9524, 9397, 9398, 9524, 9394, 9396, 9524, 9462, 9394, 9524, 9463, 9462, 9524, 9464, 9463, 9525, 9398, 9399, 9525, 9399, 9400, 9525, 9524, 9398, 9525, 9464, 9524, 9525, 9465, 9464, 9525, 9466, 9465, 9526, 9400, 9401, 9526, 9401, 9402, 9526, 9525, 9400, 9526, 9467, 9466, 9526, 9468, 9467, 9526, 9466, 9525, 9527, 9402, 9403, 9527, 9468, 9526, 9527, 9403, 9404, 9527, 9469, 9468, 9527, 9470, 9469, 9527, 9526, 9402, 9528, 9404, 9405, 9528, 9405, 9406, 9528, 9527, 9404, 9528, 9470, 9527, 9528, 9471, 9470, 9528, 9472, 9471, 9529, 9406, 9407, 9529, 9407, 9408, 9529, 9528, 9406, 9529, 9473, 9472, 9529, 9474, 9473, 9529, 9472, 9528, 9530, 9408, 9409, 9530, 9474, 9529, 9530, 9409, 9410, 9530, 9475, 9474, 9530, 9476, 9475, 9530, 9529, 9408, 9531, 9530, 9410, 9531, 9410, 9411, 9531, 9411, 9412, 9531, 9412, 9413, 9531, 9476, 9530, 9531, 9477, 9476, 9531, 9478, 9477, 9532, 9413, 9414, 9532, 9414, 9415, 9532, 9531, 9413, 9532, 9478, 9531, 9532, 9479, 9478, 9532, 9480, 9479, 9533, 9415, 9416, 9533, 9416, 9417, 9533, 9532, 9415, 9533, 9480, 9532, 9533, 9481, 9480, 9533, 9482, 9481, 9534, 9417, 9418, 9534, 9418, 9419, 9534, 9533, 9417, 9534, 9482, 9533, 9534, 9483, 9482, 9534, 9484, 9483, 9535, 9484, 9534, 9535, 9419, 9420, 9535, 9420, 9421, 9535, 9485, 9484, 9535, 9486, 9485, 9535, 9534, 9419, 9536, 9421, 9422, 9536, 9422, 9423, 9536, 9535, 9421, 9536, 9486, 9535, 9536, 9487, 9486, 9536, 9488, 9487, 9537, 9423, 9424, 9537, 9424, 9425, 9537, 9536, 9423, 9537, 9488, 9536, 9537, 9489, 9488, 9537, 9490, 9489, 9538, 9425, 9426, 9538, 9426, 9427, 9538, 9537, 9425, 9538, 9490, 9537, 9538, 9491, 9490, 9538, 9492, 9491, 9539, 9538, 9427, 9539, 9492, 9538, 9539, 9427, 9428, 9539, 9493, 9492, 9540, 9494, 9493, 9540, 9495, 9494, 9540, 9493, 9539, 9540, 9428, 9429, 9540, 9429, 9430, 9540, 9539, 9428, 9541, 9496, 9495, 9541, 9497, 9496, 9541, 9430, 9431, 9541, 9431, 9432, 9541, 9540, 9430, 9541, 9495, 9540, 9542, 9498, 9497, 9542, 9499, 9498, 9542, 9497, 9541, 9542, 9432, 9433, 9542, 9433, 9434, 9542, 9541, 9432, 9543, 9500, 9499, 9543, 9501, 9500, 9543, 9499, 9542, 9543, 9434, 9435, 9543, 9435, 9436, 9543, 9542, 9434, 9544, 9502, 9501, 9544, 9503, 9502, 9544, 9436, 9437, 9544, 9437, 9438, 9544, 9501, 9543, 9544, 9543, 9436, 9545, 9504, 9503, 9545, 9505, 9504, 9545, 9438, 9439, 9545, 9439, 9440, 9545, 9503, 9544, 9545, 9544, 9438, 9546, 9545, 9440, 9546, 9506, 9505, 9546, 9507, 9506, 9546, 9440, 9441, 9546, 9441, 9442, 9546, 9505, 9545, 9547, 9508, 9507, 9547, 9509, 9508, 9547, 9507, 9546, 9547, 9546, 9442, 9547, 9442, 9443, 9547, 9443, 9444, 9548, 9510, 9509, 9548, 9511, 9510, 9548, 9509, 9547, 9548, 9547, 9444, 9548, 9444, 9445, 9548, 9445, 9446, 9549, 9512, 9511, 9549, 9513, 9512, 9549, 9511, 9548, 9549, 9548, 9446, 9549, 9446, 9447, 9549, 9447, 9448, 9550, 9514, 9513, 9550, 9515, 9514, 9550, 9513, 9549, 9550, 9448, 9449, 9550, 9449, 9450, 9550, 9549, 9448, 9551, 9516, 9515, 9551, 9517, 9516, 9551, 9450, 9451, 9551, 9451, 9452, 9551, 9515, 9550, 9551, 9550, 9450, 9552, 9518, 9517, 9552, 9519, 9518, 9552, 9452, 9453, 9552, 9453, 9454, 9552, 9517, 9551, 9552, 9551, 9452, 9553, 9552, 9454, 9553, 9520, 9519, 9553, 9521, 9520, 9553, 9454, 9455, 9553, 9455, 9456, 9553, 9519, 9552, 9554, 9521, 9553, 9554, 9522, 9521, 9554, 9523, 9522, 9554, 9456, 9457, 9554, 9457, 9458, 9554, 9553, 9456, 9554, 9458, 9460, 9554, 9460, 9523, 9558, 9556, 9555, 9558, 9555, 9557, 9562, 9559, 9560, 9562, 9560, 9561, 9566, 9563, 9564, 9566, 9564, 9565, 9567, 9563, 9566, 9568, 9562, 9563, 9568, 9563, 9567, 9572, 9568, 9569, 9572, 9569, 9570, 9572, 9570, 9571, 9574, 9572, 9573, 9574, 9559, 9562, 9574, 9562, 9568, 9574, 9568, 9572, 9678, 9614, 9615, 9678, 9677, 9614, 9676, 9613, 9614, 9676, 9614, 9677, 9679, 9615, 9616, 9679, 9616, 9617, 9679, 9678, 9615, 9675, 9612, 9613, 9675, 9613, 9676, 9680, 9679, 9617, 9674, 9611, 9612, 9674, 9612, 9675, 9681, 9680, 9617, 9681, 9617, 9618, 9681, 9618, 9619, 9673, 9610, 9611, 9673, 9611, 9674, 9682, 9681, 9619, 9672, 9609, 9610, 9672, 9610, 9673, 9683, 9619, 9620, 9683, 9682, 9619, 9671, 9608, 9609, 9671, 9609, 9672, 9684, 9620, 9621, 9684, 9621, 9622, 9684, 9683, 9620, 9670, 9607, 9608, 9670, 9608, 9671, 9685, 9684, 9622, 9669, 9606, 9607, 9669, 9607, 9670, 9686, 9622, 9623, 9686, 9685, 9622, 9668, 9605, 9606, 9668, 9606, 9669, 9687, 9623, 9624, 9687, 9686, 9623, 9667, 9605, 9668, 9667, 9604, 9605, 9688, 9624, 9625, 9688, 9687, 9624, 9666, 9604, 9667, 9666, 9602, 9603, 9666, 9603, 9604, 9689, 9688, 9625, 9689, 9625, 9626, 9665, 9602, 9666, 9690, 9689, 9626, 9690, 9626, 9627, 9664, 9602, 9665, 9664, 9601, 9602, 9691, 9690, 9627, 9691, 9627, 9628, 9663, 9600, 9601, 9663, 9601, 9664, 9692, 9691, 9628, 9692, 9628, 9629, 9662, 9600, 9663, 9662, 9599, 9600, 9693, 9692, 9629, 9693, 9629, 9630, 9661, 9599, 9662, 9694, 9693, 9630, 9598, 9599, 9661, 9631, 9695, 9694, 9631, 9694, 9630, 9597, 9598, 9661, 9597, 9661, 9660, 9632, 9695, 9631, 9596, 9597, 9660, 9596, 9660, 9659, 9633, 9696, 9695, 9633, 9697, 9696, 9633, 9695, 9632, 9595, 9659, 9658, 9595, 9596, 9659, 9634, 9697, 9633, 9594, 9595, 9658, 9594, 9658, 9657, 9635, 9698, 9697, 9635, 9697, 9634, 9593, 9594, 9657, 9593, 9657, 9656, 9636, 9699, 9698, 9636, 9698, 9635, 9592, 9593, 9656, 9592, 9656, 9655, 9637, 9699, 9636, 9637, 9700, 9699, 9591, 9592, 9655, 9591, 9655, 9654, 9575, 9638, 9700, 9575, 9700, 9637, 9590, 9591, 9654, 9590, 9653, 9652, 9590, 9654, 9653, 9576, 9638, 9575, 9576, 9639, 9638, 9589, 9590, 9652, 9589, 9652, 9651, 9577, 9639, 9576, 9577, 9640, 9639, 9588, 9589, 9651, 9588, 9651, 9650, 9578, 9640, 9577, 9578, 9641, 9640, 9578, 9642, 9641, 9587, 9588, 9650, 9587, 9650, 9649, 9579, 9642, 9578, 9586, 9587, 9649, 9580, 9642, 9579, 9580, 9643, 9642, 9580, 9644, 9643, 9585, 9586, 9649, 9585, 9649, 9648, 9581, 9644, 9580, 9581, 9645, 9644, 9584, 9585, 9648, 9584, 9648, 9647, 9582, 9645, 9581, 9583, 9646, 9645, 9583, 9647, 9646, 9583, 9584, 9647, 9583, 9645, 9582, 9703, 9702, 9701, 9706, 9704, 9703, 9706, 9705, 9704, 9707, 9703, 9701, 9707, 9706, 9703, 9711, 9709, 9708, 9711, 9710, 9709, 9713, 9712, 9711, 9713, 9711, 9708, 9714, 9708, 9707, 9714, 9707, 9701, 9714, 9713, 9708, 9716, 9715, 9714, 9716, 9714, 9701, 9848, 9717, 9718, 9786, 9785, 9850, 9781, 9779, 9780, 9784, 9847, 9783, 9851, 9718, 9719, 9851, 9719, 9720, 9851, 9848, 9718, 9852, 9720, 9721, 9852, 9721, 9722, 9852, 9851, 9720, 9853, 9849, 9848, 9853, 9848, 9851, 9854, 9722, 9723, 9854, 9723, 9724, 9854, 9852, 9722, 9855, 9853, 9851, 9855, 9851, 9852, 9856, 9724, 9725, 9856, 9725, 9726, 9856, 9854, 9724, 9857, 9850, 9849, 9857, 9849, 9853, 9857, 9787, 9786, 9857, 9788, 9787, 9857, 9786, 9850, 9858, 9852, 9854, 9858, 9855, 9852, 9859, 9726, 9727, 9859, 9727, 9728, 9859, 9856, 9726, 9860, 9853, 9855, 9860, 9857, 9853, 9860, 9789, 9788, 9860, 9790, 9789, 9860, 9788, 9857, 9861, 9854, 9856, 9861, 9858, 9854, 9862, 9728, 9729, 9862, 9729, 9730, 9862, 9859, 9728, 9863, 9790, 9860, 9863, 9791, 9790, 9863, 9792, 9791, 9863, 9860, 9855, 9863, 9855, 9858, 9864, 9861, 9856, 9864, 9856, 9859, 9865, 9862, 9730, 9865, 9730, 9731, 9865, 9731, 9732, 9866, 9863, 9858, 9866, 9792, 9863, 9866, 9858, 9861, 9866, 9793, 9792, 9866, 9794, 9793, 9867, 9864, 9859, 9867, 9859, 9862, 9868, 9865, 9732, 9868, 9732, 9733, 9868, 9733, 9734, 9869, 9794, 9866, 9869, 9861, 9864, 9869, 9795, 9794, 9869, 9796, 9795, 9869, 9866, 9861, 9870, 9862, 9865, 9870, 9867, 9862, 9871, 9734, 9735, 9871, 9735, 9736, 9871, 9868, 9734, 9872, 9864, 9867, 9872, 9869, 9864, 9872, 9796, 9869, 9872, 9797, 9796, 9872, 9798, 9797, 9873, 9870, 9865, 9873, 9865, 9868, 9874, 9736, 9737, 9874, 9737, 9738, 9874, 9871, 9736, 9875, 9867, 9870, 9875, 9872, 9867, 9875, 9798, 9872, 9875, 9799, 9798, 9875, 9800, 9799, 9876, 9873, 9868, 9876, 9871, 9874, 9876, 9868, 9871, 9877, 9738, 9739, 9877, 9874, 9738, 9877, 9739, 9740, 9878, 9873, 9876, 9878, 9870, 9873, 9878, 9800, 9875, 9878, 9875, 9870, 9878, 9801, 9800, 9878, 9802, 9801, 9879, 9876, 9874, 9880, 9740, 9741, 9880, 9741, 9742, 9880, 9877, 9740, 9881, 9878, 9876, 9881, 9802, 9878, 9881, 9803, 9802, 9881, 9804, 9803, 9882, 9874, 9877, 9882, 9877, 9880, 9882, 9879, 9874, 9883, 9742, 9743, 9883, 9743, 9744, 9883, 9880, 9742, 9884, 9804, 9881, 9884, 9876, 9879, 9884, 9881, 9876, 9884, 9805, 9804, 9884, 9806, 9805, 9885, 9882, 9880, 9886, 9883, 9744, 9886, 9744, 9745, 9886, 9745, 9746, 9887, 9879, 9882, 9887, 9884, 9879, 9887, 9882, 9885, 9887, 9807, 9806, 9887, 9808, 9807, 9887, 9806, 9884, 9888, 9883, 9886, 9888, 9885, 9880, 9888, 9880, 9883, 9889, 9746, 9747, 9889, 9747, 9748, 9889, 9886, 9746, 9890, 9808, 9887, 9890, 9809, 9808, 9890, 9810, 9809, 9890, 9887, 9885, 9891, 9888, 9886, 9892, 9889, 9748, 9892, 9748, 9749, 9893, 9890, 9885, 9893, 9885, 9888, 9893, 9811, 9810, 9893, 9812, 9811, 9893, 9810, 9890, 9894, 9891, 9886, 9894, 9886, 9889, 9895, 9749, 9750, 9895, 9750, 9751, 9895, 9892, 9749, 9896, 9888, 9891, 9896, 9812, 9893, 9896, 9893, 9888, 9896, 9813, 9812, 9896, 9814, 9813, 9897, 9894, 9889, 9897, 9889, 9892, 9898, 9751, 9752, 9898, 9752, 9753, 9898, 9895, 9751, 9899, 9814, 9896, 9899, 9896, 9891, 9899, 9891, 9894, 9899, 9894, 9897, 9899, 9815, 9814, 9899, 9816, 9815, 9900, 9897, 9892, 9900, 9892, 9895, 9901, 9898, 9753, 9901, 9753, 9754, 9901, 9754, 9755, 9902, 9816, 9899, 9902, 9897, 9900, 9902, 9899, 9897, 9902, 9817, 9816, 9903, 9895, 9898, 9903, 9900, 9895, 9904, 9901, 9755, 9904, 9755, 9756, 9904, 9756, 9757, 9905, 9819, 9818, 9905, 9817, 9902, 9905, 9902, 9900, 9905, 9818, 9817, 9906, 9903, 9898, 9906, 9898, 9901, 9907, 9757, 9758, 9907, 9904, 9757, 9907, 9758, 9759, 9908, 9820, 9819, 9908, 9821, 9820, 9908, 9900, 9903, 9908, 9819, 9905, 9908, 9905, 9900, 9908, 9903, 9906, 9909, 9901, 9904, 9909, 9906, 9901, 9909, 9904, 9907, 9910, 9759, 9760, 9910, 9760, 9761, 9910, 9907, 9759, 9911, 9822, 9821, 9911, 9823, 9822, 9911, 9908, 9906, 9911, 9821, 9908, 9912, 9909, 9907, 9913, 9761, 9762, 9913, 9762, 9763, 9913, 9910, 9761, 9914, 9824, 9823, 9914, 9825, 9824, 9914, 9823, 9911, 9914, 9906, 9909, 9914, 9911, 9906, 9915, 9912, 9907, 9915, 9907, 9910, 9915, 9910, 9913, 9916, 9763, 9764, 9916, 9764, 9765, 9916, 9913, 9763, 9917, 9826, 9825, 9917, 9827, 9826, 9917, 9825, 9914, 9917, 9909, 9912, 9917, 9914, 9909, 9918, 9915, 9913, 9918, 9913, 9916, 9919, 9765, 9766, 9919, 9766, 9767, 9919, 9916, 9765, 9920, 9828, 9827, 9920, 9829, 9828, 9920, 9827, 9917, 9920, 9912, 9915, 9920, 9917, 9912, 9921, 9918, 9916, 9922, 9919, 9767, 9922, 9767, 9768, 9922, 9768, 9769, 9923, 9830, 9829, 9923, 9831, 9830, 9923, 9829, 9920, 9923, 9915, 9918, 9923, 9920, 9915, 9924, 9916, 9919, 9924, 9921, 9916, 9925, 9769, 9770, 9925, 9770, 9771, 9925, 9922, 9769, 9926, 9832, 9831, 9926, 9833, 9832, 9926, 9831, 9923, 9926, 9918, 9921, 9926, 9923, 9918, 9927, 9924, 9919, 9927, 9919, 9922, 9927, 9922, 9925, 9928, 9925, 9771, 9928, 9771, 9772, 9928, 9772, 9773, 9929, 9834, 9833, 9929, 9835, 9834, 9929, 9833, 9926, 9929, 9921, 9924, 9929, 9926, 9921, 9930, 9925, 9928, 9930, 9927, 9925, 9931, 9928, 9773, 9931, 9773, 9774, 9931, 9774, 9775, 9932, 9836, 9835, 9932, 9837, 9836, 9932, 9835, 9929, 9932, 9924, 9927, 9932, 9929, 9924, 9933, 9930, 9928, 9933, 9928, 9931, 9934, 9775, 9776, 9934, 9776, 9777, 9934, 9931, 9775, 9935, 9838, 9837, 9935, 9839, 9838, 9935, 9837, 9932, 9935, 9927, 9930, 9935, 9932, 9927, 9935, 9930, 9933, 9936, 9933, 9931, 9937, 9934, 9777, 9937, 9777, 9778, 9937, 9778, 9779, 9937, 9779, 9781, 9938, 9935, 9933, 9938, 9840, 9839, 9938, 9841, 9840, 9938, 9839, 9935, 9939, 9936, 9931, 9939, 9931, 9934, 9940, 9933, 9936, 9940, 9938, 9933, 9940, 9841, 9938, 9940, 9842, 9841, 9940, 9843, 9842, 9941, 9939, 9934, 9941, 9937, 9781, 9941, 9781, 9782, 9941, 9934, 9937, 9942, 9844, 9843, 9942, 9845, 9844, 9942, 9940, 9936, 9942, 9936, 9939, 9942, 9843, 9940, 9943, 9783, 9847, 9943, 9939, 9941, 9943, 9846, 9845, 9943, 9847, 9846, 9943, 9942, 9939, 9943, 9941, 9782, 9943, 9782, 9783, 9943, 9845, 9942, 10010, 9944, 9945, 10010, 10009, 9944, 10011, 9945, 9946, 10011, 10010, 9945, 10012, 9946, 9947, 10012, 10011, 9946, 10013, 9947, 9948, 10013, 10012, 9947, 10014, 9948, 9949, 10014, 10013, 9948, 10015, 9949, 9950, 10015, 9950, 9951, 10015, 10014, 9949, 10016, 10015, 9951, 10017, 9951, 9952, 10017, 10016, 9951, 10018, 9952, 9953, 10018, 10017, 9952, 10019, 9953, 9954, 10019, 10018, 9953, 10020, 9954, 9955, 10020, 10019, 9954, 10021, 9955, 9956, 10021, 10020, 9955, 10022, 9956, 9957, 10022, 10021, 9956, 10023, 9957, 9958, 10023, 10022, 9957, 10024, 9958, 9959, 10024, 10023, 9958, 10025, 9959, 9960, 10025, 10024, 9959, 10026, 9960, 9961, 10026, 10025, 9960, 10027, 9961, 9962, 10027, 10026, 9961, 10028, 10027, 9962, 10028, 9962, 9963, 10028, 9963, 9964, 10029, 10028, 9964, 10029, 9964, 9965, 10030, 10029, 9965, 10031, 10030, 9965, 10031, 9965, 9966, 10032, 9966, 9967, 10032, 10031, 9966, 10033, 9967, 9968, 10033, 10032, 9967, 10034, 9968, 9969, 10034, 10033, 9968, 10035, 9969, 9970, 10035, 10034, 9969, 10036, 9970, 9971, 10036, 10035, 9970, 10037, 9971, 9972, 10037, 10036, 9971, 10038, 9972, 9973, 10038, 10037, 9972, 10039, 9973, 9974, 10039, 10038, 9973, 10040, 9974, 9975, 10040, 10039, 9974, 10041, 9975, 9976, 10041, 9976, 9977, 10041, 10040, 9975, 10042, 10041, 9977, 10043, 9977, 9978, 10043, 10042, 9977, 10044, 9978, 9979, 10044, 10043, 9978, 10045, 9979, 9980, 10045, 10044, 9979, 10046, 9980, 9981, 10046, 10045, 9980, 10047, 9981, 9982, 10047, 10046, 9981, 10048, 9982, 9983, 10048, 10047, 9982, 10049, 9983, 9984, 10049, 10048, 9983, 10050, 9984, 9985, 10050, 9985, 9986, 10050, 10049, 9984, 10051, 10050, 9986, 10052, 10051, 9986, 10052, 9986, 9987, 10053, 10052, 9987, 10053, 9987, 9988, 10054, 10053, 9988, 10054, 9988, 9989, 10055, 10054, 9989, 10055, 9989, 9990, 10056, 10055, 9990, 10056, 9990, 9991, 10057, 10056, 9991, 10057, 9991, 9992, 10058, 10057, 9992, 10058, 9992, 9993, 10059, 10058, 9993, 10059, 9993, 9994, 10060, 10059, 9994, 10060, 9994, 9995, 10061, 10060, 9995, 10061, 9995, 9996, 10062, 10061, 9996, 10062, 9996, 9997, 10063, 10062, 9997, 10063, 9997, 9998, 10064, 10063, 9998, 10064, 9998, 9999, 10065, 9999, 10000, 10065, 10064, 9999, 10066, 10000, 10001, 10066, 10065, 10000, 10067, 10001, 10002, 10067, 10066, 10001, 10068, 10002, 10003, 10068, 10067, 10002, 10069, 10003, 10004, 10069, 10068, 10003, 10070, 10004, 10005, 10070, 10069, 10004, 10071, 10005, 10006, 10071, 10006, 10007, 10071, 10070, 10005, 10008, 10071, 10007, 10141, 10072, 10073, 10136, 10134, 10135, 10144, 10073, 10074, 10144, 10074, 10075, 10144, 10141, 10073, 10145, 10075, 10076, 10145, 10076, 10077, 10145, 10144, 10075, 10146, 10077, 10078, 10146, 10078, 10079, 10146, 10145, 10077, 10147, 10141, 10144, 10147, 10142, 10141, 10148, 10079, 10080, 10148, 10080, 10081, 10148, 10146, 10079, 10149, 10144, 10145, 10149, 10147, 10144, 10150, 10081, 10082, 10150, 10082, 10083, 10150, 10148, 10081, 10151, 10149, 10145, 10151, 10145, 10146, 10152, 10083, 10084, 10152, 10084, 10085, 10152, 10150, 10083, 10153, 10142, 10147, 10153, 10143, 10142, 10153, 10140, 10143, 10154, 10151, 10146, 10154, 10146, 10148, 10155, 10085, 10086, 10155, 10086, 10087, 10155, 10152, 10085, 10156, 10153, 10147, 10156, 10140, 10153, 10156, 10147, 10149, 10157, 10154, 10148, 10157, 10148, 10150, 10158, 10155, 10087, 10158, 10087, 10088, 10158, 10088, 10089, 10159, 10156, 10149, 10159, 10140, 10156, 10159, 10149, 10151, 10160, 10150, 10152, 10160, 10157, 10150, 10161, 10089, 10090, 10161, 10090, 10091, 10161, 10158, 10089, 10162, 10151, 10154, 10162, 10159, 10151, 10162, 10140, 10159, 10163, 10160, 10152, 10163, 10152, 10155, 10164, 10091, 10092, 10164, 10161, 10091, 10164, 10092, 10093, 10165, 10162, 10154, 10165, 10154, 10157, 10165, 10140, 10162, 10166, 10155, 10158, 10166, 10163, 10155, 10167, 10164, 10093, 10167, 10093, 10094, 10167, 10094, 10095, 10168, 10157, 10160, 10168, 10165, 10157, 10168, 10140, 10165, 10169, 10166, 10158, 10169, 10161, 10164, 10169, 10158, 10161, 10170, 10095, 10096, 10170, 10096, 10097, 10170, 10167, 10095, 10171, 10168, 10160, 10171, 10140, 10168, 10171, 10160, 10163, 10172, 10164, 10167, 10172, 10169, 10164, 10173, 10170, 10097, 10173, 10097, 10098, 10173, 10098, 10099, 10174, 10163, 10166, 10174, 10171, 10163, 10174, 10140, 10171, 10175, 10172, 10167, 10176, 10099, 10100, 10176, 10100, 10101, 10176, 10173, 10099, 10177, 10174, 10166, 10177, 10166, 10169, 10177, 10140, 10174, 10178, 10167, 10170, 10178, 10175, 10167, 10179, 10176, 10101, 10179, 10101, 10102, 10179, 10102, 10103, 10180, 10177, 10169, 10180, 10140, 10177, 10180, 10169, 10172, 10181, 10170, 10173, 10181, 10178, 10170, 10182, 10103, 10104, 10182, 10179, 10103, 10183, 10172, 10175, 10183, 10180, 10172, 10183, 10140, 10180, 10184, 10173, 10176, 10184, 10181, 10173, 10185, 10182, 10104, 10185, 10104, 10105, 10185, 10105, 10106, 10186, 10175, 10178, 10186, 10183, 10175, 10186, 10178, 10181, 10186, 10140, 10183, 10187, 10176, 10179, 10187, 10184, 10176, 10187, 10179, 10182, 10188, 10106, 10107, 10188, 10185, 10106, 10188, 10107, 10108, 10189, 10186, 10181, 10189, 10140, 10186, 10190, 10187, 10182, 10190, 10182, 10185, 10191, 10188, 10108, 10191, 10108, 10109, 10191, 10109, 10110, 10192, 10181, 10184, 10192, 10189, 10181, 10192, 10140, 10189, 10193, 10190, 10185, 10194, 10110, 10111, 10194, 10111, 10112, 10194, 10191, 10110, 10195, 10184, 10187, 10195, 10187, 10190, 10195, 10192, 10184, 10195, 10140, 10192, 10196, 10188, 10191, 10196, 10193, 10185, 10196, 10185, 10188, 10197, 10112, 10113, 10197, 10113, 10114, 10197, 10194, 10112, 10198, 10140, 10195, 10198, 10139, 10140, 10198, 10195, 10190, 10199, 10196, 10191, 10200, 10197, 10114, 10200, 10114, 10115, 10200, 10115, 10116, 10201, 10198, 10190, 10201, 10190, 10193, 10201, 10139, 10198, 10202, 10199, 10191, 10202, 10191, 10194, 10203, 10116, 10117, 10203, 10117, 10118, 10203, 10200, 10116, 10204, 10201, 10193, 10204, 10139, 10201, 10204, 10193, 10196, 10205, 10202, 10194, 10205, 10194, 10197, 10206, 10203, 10118, 10206, 10118, 10119, 10206, 10119, 10120, 10207, 10139, 10204, 10207, 10204, 10196, 10207, 10196, 10199, 10208, 10205, 10197, 10208, 10197, 10200, 10209, 10120, 10121, 10209, 10121, 10122, 10209, 10206, 10120, 10210, 10207, 10199, 10210, 10199, 10202, 10210, 10139, 10207, 10211, 10208, 10200, 10211, 10200, 10203, 10212, 10209, 10122, 10212, 10122, 10123, 10212, 10123, 10124, 10213, 10205, 10208, 10213, 10139, 10210, 10213, 10210, 10202, 10213, 10202, 10205, 10214, 10203, 10206, 10214, 10211, 10203, 10215, 10124, 10125, 10215, 10125, 10126, 10215, 10212, 10124, 10216, 10213, 10208, 10216, 10208, 10211, 10216, 10139, 10213, 10217, 10206, 10209, 10217, 10214, 10206, 10218, 10126, 10127, 10218, 10127, 10128, 10218, 10215, 10126, 10219, 10216, 10211, 10219, 10139, 10216, 10220, 10209, 10212, 10220, 10217, 10209, 10221, 10128, 10129, 10221, 10129, 10130, 10221, 10218, 10128, 10222, 10211, 10214, 10222, 10219, 10211, 10222, 10139, 10219, 10223, 10212, 10215, 10223, 10220, 10212, 10224, 10221, 10130, 10224, 10130, 10131, 10224, 10131, 10132, 10225, 10217, 10220, 10225, 10222, 10214, 10225, 10214, 10217, 10225, 10139, 10222, 10226, 10215, 10218, 10226, 10223, 10215, 10227, 10134, 10136, 10227, 10132, 10133, 10227, 10133, 10134, 10227, 10224, 10132, 10228, 10220, 10223, 10228, 10225, 10220, 10228, 10139, 10225, 10229, 10226, 10218, 10229, 10218, 10221, 10230, 10228, 10223, 10230, 10139, 10228, 10231, 10229, 10221, 10231, 10221, 10224, 10231, 10224, 10227, 10232, 10223, 10226, 10232, 10226, 10229, 10232, 10230, 10223, 10232, 10139, 10230, 10233, 10231, 10227, 10233, 10136, 10137, 10233, 10227, 10136, 10234, 10232, 10229, 10234, 10139, 10232, 10235, 10234, 10229, 10235, 10139, 10234, 10235, 10231, 10233, 10235, 10229, 10231, 10236, 10233, 10137, 10236, 10235, 10233, 10236, 10139, 10235, 10236, 10137, 10138, 10236, 10138, 10139]
        point3f[] points = [(0.0000, 6.5000, 0.0000), (0.0000, 6.4677, 0.6472), (0.0000, 6.3711, 1.2879), (0.0000, 6.2112, 1.9159), (0.0000, 5.9896, 2.5248), (0.0000, 5.7084, 3.1087), (0.0000, 5.3706, 3.6616), (0.0000, 4.9793, 4.1781), (0.0000, 4.5385, 4.6531), (0.0000, 4.0527, 5.0819), (0.0000, 3.5266, 5.4602), (0.0000, 2.9654, 5.7842), (0.0000, 2.3747, 6.0507), (0.0000, 1.7605, 6.2571), (0.0000, 1.1287, 6.4013), (0.0000, 0.4857, 6.4818), (0.0000, -0.1620, 6.4980), (0.0000, -0.8082, 6.4496), (0.0000, -1.4464, 6.3370), (0.0000, -2.0702, 6.1615), (0.0000, -2.6734, 5.9248), (0.0000, -3.2500, 5.6292), (0.0000, -3.7943, 5.2776), (0.0000, -4.3010, 4.8736), (0.0000, -4.7648, 4.4211), (0.0000, -5.1814, 3.9247), (0.0000, -5.5464, 3.3893), (0.0000, -5.8563, 2.8202), (0.0000, -6.1080, 2.2231), (0.0000, -6.2990, 1.6039), (0.0000, -6.4274, 0.9688), (0.0000, -6.4919, 0.3240), (0.0000, -6.4919, -0.3240), (0.0000, -6.4274, -0.9688), (0.0000, -6.2990, -1.6039), (0.0000, -6.1080, -2.2231), (0.0000, -5.8563, -2.8202), (0.0000, -5.5464, -3.3893), (0.0000, -5.1814, -3.9247), (0.0000, -4.7648, -4.4211), (0.0000, -4.3010, -4.8736), (0.0000, -3.7943, -5.2776), (0.0000, -3.2500, -5.6292), (0.0000, -2.6734, -5.9248), (0.0000, -2.0702, -6.1615), (0.0000, -1.4464, -6.3370), (0.0000, -0.8082, -6.4496), (0.0000, -0.1620, -6.4980), (0.0000, 0.4857, -6.4818), (0.0000, 1.1287, -6.4013), (0.0000, 1.7605, -6.2571), (0.0000, 2.3747, -6.0507), (0.0000, 2.9654, -5.7842), (0.0000, 3.5266, -5.4602), (0.0000, 4.0527, -5.0819), (0.0000, 4.5385, -4.6531), (0.0000, 4.9793, -4.1781), (0.0000, 5.3706, -3.6616), (0.0000, 5.7084, -3.1087), (0.0000, 5.9896, -2.5248), (0.0000, 6.2112, -1.9159), (0.0000, 6.3711, -1.2879), (0.0000, 6.4677, -0.6472), (0.0000, 6.5000, 0.0000), (1.0000, 7.5000, 0.0000), (1.0000, 7.5000, 0.0000), (1.0000, 7.4627, 0.7468), (1.0000, 7.3513, 1.4861), (1.0000, 7.1668, 2.2107), (1.0000, 6.9111, 2.9133), (1.0000, 6.5867, 3.5869), (1.0000, 6.1968, 4.2249), (1.0000, 5.7453, 4.8209), (1.0000, 5.2368, 5.3690), (1.0000, 4.6762, 5.8637), (1.0000, 4.0691, 6.3002), (1.0000, 3.4216, 6.6740), (1.0000, 2.7401, 6.9816), (1.0000, 2.0313, 7.2197), (1.0000, 1.3024, 7.3861), (1.0000, 0.5605, 7.4790), (1.0000, -0.1870, 7.4977), (1.0000, -0.9326, 7.4418), (1.0000, -1.6689, 7.3120), (1.0000, -2.3886, 7.1095), (1.0000, -3.0847, 6.8363), (1.0000, -3.7500, 6.4952), (1.0000, -4.3781, 6.0895), (1.0000, -4.9626, 5.6234), (1.0000, -5.4979, 5.1013), (1.0000, -5.9785, 4.5285), (1.0000, -6.3997, 3.9108), (1.0000, -6.7573, 3.2541), (1.0000, -7.0477, 2.5652), (1.0000, -7.2681, 1.8507), (1.0000, -7.4162, 1.1178), (1.0000, -7.4907, 0.3738), (1.0000, -7.4907, -0.3738), (1.0000, -7.4162, -1.1178), (1.0000, -7.2681, -1.8507), (1.0000, -7.0477, -2.5652), (1.0000, -6.7573, -3.2541), (1.0000, -6.3997, -3.9108), (1.0000, -5.9785, -4.5285), (1.0000, -5.4979, -5.1013), (1.0000, -4.9626, -5.6234), (1.0000, -4.3781, -6.0895), (1.0000, -3.7500, -6.4952), (1.0000, -3.0847, -6.8363), (1.0000, -2.3886, -7.1095), (1.0000, -1.6689, -7.3120), (1.0000, -0.9326, -7.4418), (1.0000, -0.1870, -7.4977), (1.0000, 0.5605, -7.4790), (1.0000, 1.3024, -7.3861), (1.0000, 2.0313, -7.2197), (1.0000, 2.7401, -6.9816), (1.0000, 3.4216, -6.6740), (1.0000, 4.0691, -6.3002), (1.0000, 4.6762, -5.8637), (1.0000, 5.2368, -5.3690), (1.0000, 5.7453, -4.8209), (1.0000, 6.1968, -4.2249), (1.0000, 6.5867, -3.5869), (1.0000, 6.9111, -2.9133), (1.0000, 7.1668, -2.2107), (1.0000, 7.3513, -1.4861), (1.0000, 7.4627, -0.7468), (0.0000, 6.5000, 0.0000), (0.0000, 6.4677, 0.6472), (0.0000, 6.3711, 1.2879), (0.0000, 6.2112, 1.9159), (0.0000, 5.9896, 2.5248), (0.0000, 5.7084, 3.1087), (0.0000, 5.3706, 3.6616), (0.0000, 4.9793, 4.1781), (0.0000, 4.5385, 4.6531), (0.0000, 4.0527, 5.0819), (0.0000, 3.5266, 5.4602), (0.0000, 2.9654, 5.7842), (0.0000, 2.3747, 6.0507), (0.0000, 1.7605, 6.2571), (0.0000, 1.1287, 6.4013), (0.0000, 0.4857, 6.4818), (0.0000, -0.1620, 6.4980), (0.0000, -0.8082, 6.4496), (0.0000, -1.4464, 6.3370), (0.0000, -2.0702, 6.1615), (0.0000, -2.6734, 5.9248), (0.0000, -3.2500, 5.6292), (0.0000, -3.7943, 5.2776), (0.0000, -4.3010, 4.8736), (0.0000, -4.7648, 4.4211), (0.0000, -5.1814, 3.9247), (0.0000, -5.5464, 3.3893), (0.0000, -5.8563, 2.8202), (0.0000, -6.1080, 2.2231), (0.0000, -6.2990, 1.6039), (0.0000, -6.4274, 0.9688), (0.0000, -6.4919, 0.3240), (0.0000, -6.4919, -0.3240), (0.0000, -6.4274, -0.9688), (0.0000, -6.2990, -1.6039), (0.0000, -6.1080, -2.2231), (0.0000, -5.8563, -2.8202), (0.0000, -5.5464, -3.3893), (0.0000, -5.1814, -3.9247), (0.0000, -4.7648, -4.4211), (0.0000, -4.3010, -4.8736), (0.0000, -3.7943, -5.2776), (0.0000, -3.2500, -5.6292), (0.0000, -2.6734, -5.9248), (0.0000, -2.0702, -6.1615), (0.0000, -1.4464, -6.3370), (0.0000, -0.8082, -6.4496), (0.0000, -0.1620, -6.4980), (0.0000, 0.4857, -6.4818), (0.0000, 1.1287, -6.4013), (0.0000, 1.7605, -6.2571), (0.0000, 2.3747, -6.0507), (0.0000, 2.9654, -5.7842), (0.0000, 3.5266, -5.4602), (0.0000, 4.0527, -5.0819), (0.0000, 4.5385, -4.6531), (0.0000, 4.9793, -4.1781), (0.0000, 5.3706, -3.6616), (0.0000, 5.7084, -3.1087), (0.0000, 5.9896, -2.5248), (0.0000, 6.2112, -1.9159), (0.0000, 6.3711, -1.2879), (0.0000, 6.4677, -0.6472), (0.0000, 2.1250, 0.0000), (0.0000, 2.1144, 0.2116), (0.0000, 2.0829, 0.4211), (0.0000, 2.0306, 0.6264), (0.0000, 1.9581, 0.8254), (0.0000, 1.8662, 1.0163), (0.0000, 1.7558, 1.1971), (0.0000, 1.6278, 1.3659), (0.0000, 1.4838, 1.5212), (0.0000, 1.3249, 1.6614), (0.0000, 1.1529, 1.7851), (0.0000, 0.9694, 1.8910), (0.0000, 0.7763, 1.9781), (0.0000, 0.5755, 2.0456), (0.0000, 0.3690, 2.0927), (0.0000, 0.1588, 2.1191), (0.0000, -0.0530, 2.1243), (0.0000, -0.2642, 2.1085), (0.0000, -0.4729, 2.0717), (0.0000, -0.6768, 2.0143), (0.0000, -0.8740, 1.9369), (0.0000, -1.0625, 1.8403), (0.0000, -1.2405, 1.7254), (0.0000, -1.4061, 1.5933), (0.0000, -1.5577, 1.4454), (0.0000, -1.6939, 1.2831), (0.0000, -1.8132, 1.1080), (0.0000, -1.9146, 0.9220), (0.0000, -1.9968, 0.7268), (0.0000, -2.0593, 0.5244), (0.0000, -2.1013, 0.3167), (0.0000, -2.1224, 0.1059), (0.0000, -2.1224, -0.1059), (0.0000, -2.1013, -0.3167), (0.0000, -2.0593, -0.5244), (0.0000, -1.9968, -0.7268), (0.0000, -1.9146, -0.9220), (0.0000, -1.8132, -1.1080), (0.0000, -1.6939, -1.2831), (0.0000, -1.5577, -1.4454), (0.0000, -1.4061, -1.5933), (0.0000, -1.2405, -1.7254), (0.0000, -1.0625, -1.8403), (0.0000, -0.8740, -1.9369), (0.0000, -0.6768, -2.0143), (0.0000, -0.4729, -2.0717), (0.0000, -0.2642, -2.1085), (0.0000, -0.0530, -2.1243), (0.0000, 0.1588, -2.1191), (0.0000, 0.3690, -2.0927), (0.0000, 0.5755, -2.0456), (0.0000, 0.7763, -1.9781), (0.0000, 0.9694, -1.8910), (0.0000, 1.1529, -1.7851), (0.0000, 1.3249, -1.6614), (0.0000, 1.4838, -1.5212), (0.0000, 1.6278, -1.3659), (0.0000, 1.7558, -1.1971), (0.0000, 1.8662, -1.0163), (0.0000, 1.9581, -0.8254), (0.0000, 2.0306, -0.6264), (0.0000, 2.0829, -0.4211), (0.0000, 2.1144, -0.2116), (1.0000, 7.5000, 0.0000), (1.0000, 7.4627, 0.7468), (1.0000, 7.3513, 1.4861), (1.0000, 7.1668, 2.2107), (1.0000, 6.9111, 2.9133), (1.0000, 6.5867, 3.5869), (1.0000, 6.1968, 4.2249), (1.0000, 5.7453, 4.8209), (1.0000, 5.2368, 5.3690), (1.0000, 4.6762, 5.8637), (1.0000, 4.0691, 6.3002), (1.0000, 3.4216, 6.6740), (1.0000, 2.7401, 6.9816), (1.0000, 2.0313, 7.2197), (1.0000, 1.3024, 7.3861), (1.0000, 0.5605, 7.4790), (1.0000, -0.1870, 7.4977), (1.0000, -0.9326, 7.4418), (1.0000, -1.6689, 7.3120), (1.0000, -2.3886, 7.1095), (1.0000, -3.0847, 6.8363), (1.0000, -3.7500, 6.4952), (1.0000, -4.3781, 6.0895), (1.0000, -4.9626, 5.6234), (1.0000, -5.4979, 5.1013), (1.0000, -5.9785, 4.5285), (1.0000, -6.3997, 3.9108), (1.0000, -6.7573, 3.2541), (1.0000, -7.0477, 2.5652), (1.0000, -7.2681, 1.8507), (1.0000, -7.4162, 1.1178), (1.0000, -7.4907, 0.3738), (1.0000, -7.4907, -0.3738), (1.0000, -7.4162, -1.1178), (1.0000, -7.2681, -1.8507), (1.0000, -7.0477, -2.5652), (1.0000, -6.7573, -3.2541), (1.0000, -6.3997, -3.9108), (1.0000, -5.9785, -4.5285), (1.0000, -5.4979, -5.1013), (1.0000, -4.9626, -5.6234), (1.0000, -4.3781, -6.0895), (1.0000, -3.7500, -6.4952), (1.0000, -3.0847, -6.8363), (1.0000, -2.3886, -7.1095), (1.0000, -1.6689, -7.3120), (1.0000, -0.9326, -7.4418), (1.0000, -0.1870, -7.4977), (1.0000, 0.5605, -7.4790), (1.0000, 1.3024, -7.3861), (1.0000, 2.0313, -7.2197), (1.0000, 2.7401, -6.9816), (1.0000, 3.4216, -6.6740), (1.0000, 4.0691, -6.3002), (1.0000, 4.6762, -5.8637), (1.0000, 5.2368, -5.3690), (1.0000, 5.7453, -4.8209), (1.0000, 6.1968, -4.2249), (1.0000, 6.5867, -3.5869), (1.0000, 6.9111, -2.9133), (1.0000, 7.1668, -2.2107), (1.0000, 7.3513, -1.4861), (1.0000, 7.4627, -0.7468), (1.0000, 7.5000, 0.0000), (24.5000, 7.5000, 0.0000), (24.5000, 7.5000, 0.0000), (24.5000, 7.4627, 0.7468), (24.5000, 7.3513, 1.4861), (24.5000, 7.1668, 2.2107), (24.5000, 6.9111, 2.9133), (24.5000, 6.5867, 3.5869), (24.5000, 6.1968, 4.2249), (24.5000, 5.7453, 4.8209), (24.5000, 5.2368, 5.3690), (24.5000, 4.6762, 5.8637), (24.5000, 4.0691, 6.3002), (24.5000, 3.4216, 6.6740), (24.5000, 2.7401, 6.9816), (24.5000, 2.0313, 7.2197), (24.5000, 1.3024, 7.3861), (24.5000, 0.5605, 7.4790), (24.5000, -0.1870, 7.4977), (24.5000, -0.9326, 7.4418), (24.5000, -1.6689, 7.3120), (24.5000, -2.3886, 7.1095), (24.5000, -3.0847, 6.8363), (24.5000, -3.7500, 6.4952), (24.5000, -4.3781, 6.0895), (24.5000, -4.9626, 5.6234), (24.5000, -5.4979, 5.1013), (24.5000, -5.9785, 4.5285), (24.5000, -6.3997, 3.9108), (24.5000, -6.7573, 3.2541), (24.5000, -7.0477, 2.5652), (24.5000, -7.2681, 1.8507), (24.5000, -7.4162, 1.1178), (24.5000, -7.4907, 0.3738), (24.5000, -7.4907, -0.3738), (24.5000, -7.4162, -1.1178), (24.5000, -7.2681, -1.8507), (24.5000, -7.0477, -2.5652), (24.5000, -6.7573, -3.2541), (24.5000, -6.3997, -3.9108), (24.5000, -5.9785, -4.5285), (24.5000, -5.4979, -5.1013), (24.5000, -4.9626, -5.6234), (24.5000, -4.3781, -6.0895), (24.5000, -3.7500, -6.4952), (24.5000, -3.0847, -6.8363), (24.5000, -2.3886, -7.1095), (24.5000, -1.6689, -7.3120), (24.5000, -0.9326, -7.4418), (24.5000, -0.1870, -7.4977), (24.5000, 0.5605, -7.4790), (24.5000, 1.3024, -7.3861), (24.5000, 2.0313, -7.2197), (24.5000, 2.7401, -6.9816), (24.5000, 3.4216, -6.6740), (24.5000, 4.0691, -6.3002), (24.5000, 4.6762, -5.8637), (24.5000, 5.2368, -5.3690), (24.5000, 5.7453, -4.8209), (24.5000, 6.1968, -4.2249), (24.5000, 6.5867, -3.5869), (24.5000, 6.9111, -2.9133), (24.5000, 7.1668, -2.2107), (24.5000, 7.3513, -1.4861), (24.5000, 7.4627, -0.7468), (1.9490, 1.0000, 0.0000), (1.9490, 0.9950, 0.0996), (1.9490, 0.9802, 0.1981), (1.9490, 0.9556, 0.2948), (1.9490, 0.9215, 0.3884), (1.9490, 0.8782, 0.4783), (1.9490, 0.8262, 0.5633), (1.9490, 0.7660, 0.6428), (1.9490, 0.6982, 0.7159), (1.9490, 0.6235, 0.7818), (1.9490, 0.5425, 0.8400), (1.9490, 0.4562, 0.8899), (1.9490, 0.3653, 0.9309), (1.9490, 0.2708, 0.9626), (1.9490, 0.1736, 0.9848), (1.9490, 0.0747, 0.9972), (1.9490, -0.0249, 0.9997), (1.9490, -0.1243, 0.9922), (1.9490, -0.2225, 0.9749), (1.9490, -0.3185, 0.9479), (1.9490, -0.4113, 0.9115), (1.9490, -0.5000, 0.8660), (1.9490, -0.5837, 0.8119), (1.9490, -0.6617, 0.7498), (1.9490, -0.7331, 0.6802), (1.9490, -0.7971, 0.6038), (1.9490, -0.8533, 0.5214), (1.9490, -0.9010, 0.4339), (1.9490, -0.9397, 0.3420), (1.9490, -0.9691, 0.2468), (1.9490, -0.9888, 0.1490), (1.9490, -0.9988, 0.0498), (1.9490, -0.9988, -0.0498), (1.9490, -0.9888, -0.1490), (1.9490, -0.9691, -0.2468), (1.9490, -0.9397, -0.3420), (1.9490, -0.9010, -0.4339), (1.9490, -0.8533, -0.5214), (1.9490, -0.7971, -0.6038), (1.9490, -0.7331, -0.6802), (1.9490, -0.6617, -0.7498), (1.9490, -0.5837, -0.8119), (1.9490, -0.5000, -0.8660), (1.9490, -0.4113, -0.9115), (1.9490, -0.3185, -0.9479), (1.9490, -0.2225, -0.9749), (1.9490, -0.1243, -0.9922), (1.9490, -0.0249, -0.9997), (1.9490, 0.0747, -0.9972), (1.9490, 0.1736, -0.9848), (1.9490, 0.2708, -0.9626), (1.9490, 0.3653, -0.9309), (1.9490, 0.4562, -0.8899), (1.9490, 0.5425, -0.8400), (1.9490, 0.6235, -0.7818), (1.9490, 0.6982, -0.7159), (1.9490, 0.7660, -0.6428), (1.9490, 0.8262, -0.5633), (1.9490, 0.8782, -0.4783), (1.9490, 0.9215, -0.3884), (1.9490, 0.9556, -0.2948), (1.9490, 0.9802, -0.1981), (1.9490, 0.9950, -0.0996), (1.9490, 1.0000, 0.0000), (1.4618, 1.2812, 0.0000), (0.9745, 1.5625, 0.0000), (0.4872, 1.8438, 0.0000), (0.0000, 2.1250, 0.0000), (0.0000, 2.1250, 0.0000), (0.0000, 2.1144, 0.2116), (0.0000, 2.0829, 0.4211), (0.0000, 2.0306, 0.6264), (0.0000, 1.9581, 0.8254), (0.0000, 1.8662, 1.0163), (0.0000, 1.7558, 1.1971), (0.0000, 1.6278, 1.3659), (0.0000, 1.4838, 1.5212), (0.0000, 1.3249, 1.6614), (0.0000, 1.1529, 1.7851), (0.0000, 0.9694, 1.8910), (0.0000, 0.7763, 1.9781), (0.0000, 0.5755, 2.0456), (0.0000, 0.3690, 2.0927), (0.0000, 0.1588, 2.1191), (0.0000, -0.0530, 2.1243), (0.0000, -0.2642, 2.1085), (0.0000, -0.4729, 2.0717), (0.0000, -0.6768, 2.0143), (0.0000, -0.8740, 1.9369), (0.0000, -1.0625, 1.8403), (0.0000, -1.2405, 1.7254), (0.0000, -1.4061, 1.5933), (0.0000, -1.5577, 1.4454), (0.0000, -1.6939, 1.2831), (0.0000, -1.8132, 1.1080), (0.0000, -1.9146, 0.9220), (0.0000, -1.9968, 0.7268), (0.0000, -2.0593, 0.5244), (0.0000, -2.1013, 0.3167), (0.0000, -2.1224, 0.1059), (0.0000, -2.1224, -0.1059), (0.0000, -2.1013, -0.3167), (0.0000, -2.0593, -0.5244), (0.0000, -1.9968, -0.7268), (0.0000, -1.9146, -0.9220), (0.0000, -1.8132, -1.1080), (0.0000, -1.6939, -1.2831), (0.0000, -1.5577, -1.4454), (0.0000, -1.4061, -1.5933), (0.0000, -1.2405, -1.7254), (0.0000, -1.0625, -1.8403), (0.0000, -0.8740, -1.9369), (0.0000, -0.6768, -2.0143), (0.0000, -0.4729, -2.0717), (0.0000, -0.2642, -2.1085), (0.0000, -0.0530, -2.1243), (0.0000, 0.1588, -2.1191), (0.0000, 0.3690, -2.0927), (0.0000, 0.5755, -2.0456), (0.0000, 0.7763, -1.9781), (0.0000, 0.9694, -1.8910), (0.0000, 1.1529, -1.7851), (0.0000, 1.3249, -1.6614), (0.0000, 1.4838, -1.5212), (0.0000, 1.6278, -1.3659), (0.0000, 1.7558, -1.1971), (0.0000, 1.8662, -1.0163), (0.0000, 1.9581, -0.8254), (0.0000, 2.0306, -0.6264), (0.0000, 2.0829, -0.4211), (0.0000, 2.1144, -0.2116), (1.4618, 1.2812, 0.0000), (0.9745, 1.5625, 0.0000), (0.4872, 1.8438, 0.0000), (1.4618, 1.2566, 0.2500), (1.4618, 1.1837, 0.4903), (0.9745, 1.5325, 0.3048), (1.4618, 1.0653, 0.7118), (0.9745, 1.4436, 0.5979), (1.4618, 0.9060, 0.9060), (0.4873, 1.8083, 0.3597), (0.9745, 1.2992, 0.8681), (1.4618, 0.7118, 1.0653), (0.4873, 1.7034, 0.7056), (0.9745, 1.1049, 1.1049), (1.4618, 0.4903, 1.1837), (0.4873, 1.5330, 1.0243), (0.9745, 0.8681, 1.2992), (1.4618, 0.2500, 1.2566), (0.4873, 1.3037, 1.3037), (0.9745, 0.5979, 1.4436), (1.4618, 0.0000, 1.2812), (0.4873, 1.0243, 1.5330), (0.9745, 0.3048, 1.5325), (1.4618, -0.2500, 1.2566), (0.4873, 0.7056, 1.7034), (0.9745, 0.0000, 1.5625), (1.4618, -0.4903, 1.1837), (0.4873, 0.3597, 1.8083), (0.9745, -0.3048, 1.5325), (1.4618, -0.7118, 1.0653), (0.4873, 0.0000, 1.8438), (0.9745, -0.5979, 1.4436), (1.4618, -0.9060, 0.9060), (0.4873, -0.3597, 1.8083), (0.9745, -0.8681, 1.2992), (1.4618, -1.0653, 0.7118), (0.4873, -0.7056, 1.7034), (0.9745, -1.1049, 1.1049), (1.4618, -1.1837, 0.4903), (0.4873, -1.0243, 1.5330), (0.9745, -1.2992, 0.8681), (1.4618, -1.2566, 0.2500), (0.4873, -1.3037, 1.3037), (0.9745, -1.4436, 0.5979), (1.4618, -1.2812, -0.0000), (0.4873, -1.5330, 1.0243), (0.9745, -1.5325, 0.3048), (1.4618, -1.2566, -0.2500), (0.4873, -1.7034, 0.7056), (0.9745, -1.5625, -0.0000), (1.4618, -1.1837, -0.4903), (0.4873, -1.8083, 0.3597), (0.9745, -1.5325, -0.3048), (1.4618, -1.0653, -0.7118), (0.4873, -1.8438, -0.0000), (0.9745, -1.4436, -0.5979), (1.4618, -0.9060, -0.9060), (0.4873, -1.8083, -0.3597), (0.9745, -1.2992, -0.8681), (1.4618, -0.7118, -1.0653), (0.4873, -1.7034, -0.7056), (0.9745, -1.1049, -1.1049), (1.4618, -0.4903, -1.1837), (0.4873, -1.5330, -1.0243), (0.9745, -0.8681, -1.2992), (1.4618, -0.2500, -1.2566), (0.4873, -1.3037, -1.3037), (0.9745, -0.5979, -1.4436), (1.4618, 0.0000, -1.2812), (0.4873, -1.0243, -1.5330), (0.9745, -0.3048, -1.5325), (1.4618, 0.2500, -1.2566), (0.4873, -0.7056, -1.7034), (0.9745, 0.0000, -1.5625), (1.4618, 0.4903, -1.1837), (0.4873, -0.3597, -1.8083), (0.9745, 0.3048, -1.5325), (1.4618, 0.7118, -1.0653), (0.4873, 0.0000, -1.8438), (0.9745, 0.5979, -1.4436), (1.4618, 0.9060, -0.9060), (0.4873, 0.3597, -1.8083), (0.9745, 0.8681, -1.2992), (1.4618, 1.0653, -0.7118), (0.4873, 0.7056, -1.7034), (0.9745, 1.1049, -1.1049), (1.4618, 1.1837, -0.4903), (0.4873, 1.0243, -1.5330), (0.9745, 1.2992, -0.8681), (1.4618, 1.2566, -0.2500), (0.4873, 1.3037, -1.3037), (0.9745, 1.4436, -0.5979), (0.4873, 1.5330, -1.0243), (0.9745, 1.5325, -0.3048), (0.4873, 1.7034, -0.7056), (0.4873, 1.8083, -0.3597), (24.5000, 7.5000, 0.0000), (24.5000, 7.4627, 0.7468), (24.5000, 7.3513, 1.4861), (24.5000, 7.1668, 2.2107), (24.5000, 6.9111, 2.9133), (24.5000, 6.5867, 3.5869), (24.5000, 6.1968, 4.2249), (24.5000, 5.7453, 4.8209), (24.5000, 5.2368, 5.3690), (24.5000, 4.6762, 5.8637), (24.5000, 4.0691, 6.3002), (24.5000, 3.4216, 6.6740), (24.5000, 2.7401, 6.9816), (24.5000, 2.0313, 7.2197), (24.5000, 1.3024, 7.3861), (24.5000, 0.5605, 7.4790), (24.5000, -0.1870, 7.4977), (24.5000, -0.9326, 7.4418), (24.5000, -1.6689, 7.3120), (24.5000, -2.3886, 7.1095), (24.5000, -3.0847, 6.8363), (24.5000, -3.7500, 6.4952), (24.5000, -4.3781, 6.0895), (24.5000, -4.9626, 5.6234), (24.5000, -5.4979, 5.1013), (24.5000, -5.9785, 4.5285), (24.5000, -6.3997, 3.9108), (24.5000, -6.7573, 3.2541), (24.5000, -7.0477, 2.5652), (24.5000, -7.2681, 1.8507), (24.5000, -7.4162, 1.1178), (24.5000, -7.4907, 0.3738), (24.5000, -7.4907, -0.3738), (24.5000, -7.4162, -1.1178), (24.5000, -7.2681, -1.8507), (24.5000, -7.0477, -2.5652), (24.5000, -6.7573, -3.2541), (24.5000, -6.3997, -3.9108), (24.5000, -5.9785, -4.5285), (24.5000, -5.4979, -5.1013), (24.5000, -4.9626, -5.6234), (24.5000, -4.3781, -6.0895), (24.5000, -3.7500, -6.4952), (24.5000, -3.0847, -6.8363), (24.5000, -2.3886, -7.1095), (24.5000, -1.6689, -7.3120), (24.5000, -0.9326, -7.4418), (24.5000, -0.1870, -7.4977), (24.5000, 0.5605, -7.4790), (24.5000, 1.3024, -7.3861), (24.5000, 2.0313, -7.2197), (24.5000, 2.7401, -6.9816), (24.5000, 3.4216, -6.6740), (24.5000, 4.0691, -6.3002), (24.5000, 4.6762, -5.8637), (24.5000, 5.2368, -5.3690), (24.5000, 5.7453, -4.8209), (24.5000, 6.1968, -4.2249), (24.5000, 6.5867, -3.5869), (24.5000, 6.9111, -2.9133), (24.5000, 7.1668, -2.2107), (24.5000, 7.3513, -1.4861), (24.5000, 7.4627, -0.7468), (24.5000, 7.5000, 0.0000), (24.5782, 7.5062, 0.0000), (24.5782, 7.5062, 0.0000), (24.5782, 7.4689, 0.7474), (24.5782, 7.3573, 1.4873), (24.5782, 7.1727, 2.2125), (24.5782, 6.9167, 2.9157), (24.5782, 6.5921, 3.5898), (24.5782, 6.2019, 4.2284), (24.5782, 5.7500, 4.8249), (24.5782, 5.2411, 5.3734), (24.5782, 4.6800, 5.8685), (24.5782, 4.0724, 6.3054), (24.5782, 3.4244, 6.6795), (24.5782, 2.7423, 6.9873), (24.5782, 2.0330, 7.2256), (24.5782, 1.3034, 7.3921), (24.5782, 0.5609, 7.4852), (24.5782, -0.1871, 7.5038), (24.5782, -0.9333, 7.4479), (24.5782, -1.6703, 7.3180), (24.5782, -2.3906, 7.1153), (24.5782, -3.0872, 6.8419), (24.5782, -3.7531, 6.5005), (24.5782, -4.3817, 6.0945), (24.5782, -4.9667, 5.6280), (24.5782, -5.5024, 5.1055), (24.5782, -5.9834, 4.5322), (24.5782, -6.4049, 3.9140), (24.5782, -6.7628, 3.2568), (24.5782, -7.0535, 2.5673), (24.5782, -7.2740, 1.8522), (24.5782, -7.4223, 1.1187), (24.5782, -7.4968, 0.3742), (24.5782, -7.4968, -0.3742), (24.5782, -7.4223, -1.1187), (24.5782, -7.2740, -1.8522), (24.5782, -7.0535, -2.5673), (24.5782, -6.7628, -3.2568), (24.5782, -6.4049, -3.9140), (24.5782, -5.9834, -4.5322), (24.5782, -5.5024, -5.1055), (24.5782, -4.9667, -5.6280), (24.5782, -4.3817, -6.0945), (24.5782, -3.7531, -6.5005), (24.5782, -3.0872, -6.8419), (24.5782, -2.3906, -7.1153), (24.5782, -1.6703, -7.3180), (24.5782, -0.9333, -7.4479), (24.5782, -0.1871, -7.5038), (24.5782, 0.5609, -7.4852), (24.5782, 1.3034, -7.3921), (24.5782, 2.0330, -7.2256), (24.5782, 2.7423, -6.9873), (24.5782, 3.4244, -6.6795), (24.5782, 4.0724, -6.3054), (24.5782, 4.6800, -5.8685), (24.5782, 5.2411, -5.3734), (24.5782, 5.7500, -4.8249), (24.5782, 6.2019, -4.2284), (24.5782, 6.5921, -3.5898), (24.5782, 6.9167, -2.9157), (24.5782, 7.1727, -2.2125), (24.5782, 7.3573, -1.4873), (24.5782, 7.4689, -0.7474), (5.9490, 1.0000, 0.0000), (5.9490, 0.9950, 0.0996), (5.9490, 0.9802, 0.1981), (5.9490, 0.9556, 0.2948), (5.9490, 0.9215, 0.3884), (5.9490, 0.8782, 0.4783), (5.9490, 0.8262, 0.5633), (5.9490, 0.7660, 0.6428), (5.9490, 0.6982, 0.7159), (5.9490, 0.6235, 0.7818), (5.9490, 0.5425, 0.8400), (5.9490, 0.4562, 0.8899), (5.9490, 0.3653, 0.9309), (5.9490, 0.2708, 0.9626), (5.9490, 0.1736, 0.9848), (5.9490, 0.0747, 0.9972), (5.9490, -0.0249, 0.9997), (5.9490, -0.1243, 0.9922), (5.9490, -0.2225, 0.9749), (5.9490, -0.3185, 0.9479), (5.9490, -0.4113, 0.9115), (5.9490, -0.5000, 0.8660), (5.9490, -0.5837, 0.8119), (5.9490, -0.6617, 0.7498), (5.9490, -0.7331, 0.6802), (5.9490, -0.7971, 0.6038), (5.9490, -0.8533, 0.5214), (5.9490, -0.9010, 0.4339), (5.9490, -0.9397, 0.3420), (5.9490, -0.9691, 0.2468), (5.9490, -0.9888, 0.1490), (5.9490, -0.9988, 0.0498), (5.9490, -0.9988, -0.0498), (5.9490, -0.9888, -0.1490), (5.9490, -0.9691, -0.2468), (5.9490, -0.9397, -0.3420), (5.9490, -0.9010, -0.4339), (5.9490, -0.8533, -0.5214), (5.9490, -0.7971, -0.6038), (5.9490, -0.7331, -0.6802), (5.9490, -0.6617, -0.7498), (5.9490, -0.5837, -0.8119), (5.9490, -0.5000, -0.8660), (5.9490, -0.4113, -0.9115), (5.9490, -0.3185, -0.9479), (5.9490, -0.2225, -0.9749), (5.9490, -0.1243, -0.9922), (5.9490, -0.0249, -0.9997), (5.9490, 0.0747, -0.9972), (5.9490, 0.1736, -0.9848), (5.9490, 0.2708, -0.9626), (5.9490, 0.3653, -0.9309), (5.9490, 0.4562, -0.8899), (5.9490, 0.5425, -0.8400), (5.9490, 0.6235, -0.7818), (5.9490, 0.6982, -0.7159), (5.9490, 0.7660, -0.6428), (5.9490, 0.8262, -0.5633), (5.9490, 0.8782, -0.4783), (5.9490, 0.9215, -0.3884), (5.9490, 0.9556, -0.2948), (5.9490, 0.9802, -0.1981), (5.9490, 0.9950, -0.0996), (5.9490, 1.0000, 0.0000), (1.9490, 1.0000, 0.0000), (1.9490, 1.0000, 0.0000), (1.9490, 0.9950, 0.0996), (1.9490, 0.9802, 0.1981), (1.9490, 0.9556, 0.2948), (1.9490, 0.9215, 0.3884), (1.9490, 0.8782, 0.4783), (1.9490, 0.8262, 0.5633), (1.9490, 0.7660, 0.6428), (1.9490, 0.6982, 0.7159), (1.9490, 0.6235, 0.7818), (1.9490, 0.5425, 0.8400), (1.9490, 0.4562, 0.8899), (1.9490, 0.3653, 0.9309), (1.9490, 0.2708, 0.9626), (1.9490, 0.1736, 0.9848), (1.9490, 0.0747, 0.9972), (1.9490, -0.0249, 0.9997), (1.9490, -0.1243, 0.9922), (1.9490, -0.2225, 0.9749), (1.9490, -0.3185, 0.9479), (1.9490, -0.4113, 0.9115), (1.9490, -0.5000, 0.8660), (1.9490, -0.5837, 0.8119), (1.9490, -0.6617, 0.7498), (1.9490, -0.7331, 0.6802), (1.9490, -0.7971, 0.6038), (1.9490, -0.8533, 0.5214), (1.9490, -0.9010, 0.4339), (1.9490, -0.9397, 0.3420), (1.9490, -0.9691, 0.2468), (1.9490, -0.9888, 0.1490), (1.9490, -0.9988, 0.0498), (1.9490, -0.9988, -0.0498), (1.9490, -0.9888, -0.1490), (1.9490, -0.9691, -0.2468), (1.9490, -0.9397, -0.3420), (1.9490, -0.9010, -0.4339), (1.9490, -0.8533, -0.5214), (1.9490, -0.7971, -0.6038), (1.9490, -0.7331, -0.6802), (1.9490, -0.6617, -0.7498), (1.9490, -0.5837, -0.8119), (1.9490, -0.5000, -0.8660), (1.9490, -0.4113, -0.9115), (1.9490, -0.3185, -0.9479), (1.9490, -0.2225, -0.9749), (1.9490, -0.1243, -0.9922), (1.9490, -0.0249, -0.9997), (1.9490, 0.0747, -0.9972), (1.9490, 0.1736, -0.9848), (1.9490, 0.2708, -0.9626), (1.9490, 0.3653, -0.9309), (1.9490, 0.4562, -0.8899), (1.9490, 0.5425, -0.8400), (1.9490, 0.6235, -0.7818), (1.9490, 0.6982, -0.7159), (1.9490, 0.7660, -0.6428), (1.9490, 0.8262, -0.5633), (1.9490, 0.8782, -0.4783), (1.9490, 0.9215, -0.3884), (1.9490, 0.9556, -0.2948), (1.9490, 0.9802, -0.1981), (1.9490, 0.9950, -0.0996), (24.5782, 7.5062, 0.0000), (24.5782, 7.4689, 0.7474), (24.5782, 7.3573, 1.4873), (24.5782, 7.1727, 2.2125), (24.5782, 6.9167, 2.9157), (24.5782, 6.5921, 3.5898), (24.5782, 6.2019, 4.2284), (24.5782, 5.7500, 4.8249), (24.5782, 5.2411, 5.3734), (24.5782, 4.6800, 5.8685), (24.5782, 4.0724, 6.3054), (24.5782, 3.4244, 6.6795), (24.5782, 2.7423, 6.9873), (24.5782, 2.0330, 7.2256), (24.5782, 1.3034, 7.3921), (24.5782, 0.5609, 7.4852), (24.5782, -0.1871, 7.5038), (24.5782, -0.9333, 7.4479), (24.5782, -1.6703, 7.3180), (24.5782, -2.3906, 7.1153), (24.5782, -3.0872, 6.8419), (24.5782, -3.7531, 6.5005), (24.5782, -4.3817, 6.0945), (24.5782, -4.9667, 5.6280), (24.5782, -5.5024, 5.1055), (24.5782, -5.9834, 4.5322), (24.5782, -6.4049, 3.9140), (24.5782, -6.7628, 3.2568), (24.5782, -7.0535, 2.5673), (24.5782, -7.2740, 1.8522), (24.5782, -7.4223, 1.1187), (24.5782, -7.4968, 0.3742), (24.5782, -7.4968, -0.3742), (24.5782, -7.4223, -1.1187), (24.5782, -7.2740, -1.8522), (24.5782, -7.0535, -2.5673), (24.5782, -6.7628, -3.2568), (24.5782, -6.4049, -3.9140), (24.5782, -5.9834, -4.5322), (24.5782, -5.5024, -5.1055), (24.5782, -4.9667, -5.6280), (24.5782, -4.3817, -6.0945), (24.5782, -3.7531, -6.5005), (24.5782, -3.0872, -6.8419), (24.5782, -2.3906, -7.1153), (24.5782, -1.6703, -7.3180), (24.5782, -0.9333, -7.4479), (24.5782, -0.1871, -7.5038), (24.5782, 0.5609, -7.4852), (24.5782, 1.3034, -7.3921), (24.5782, 2.0330, -7.2256), (24.5782, 2.7423, -6.9873), (24.5782, 3.4244, -6.6795), (24.5782, 4.0724, -6.3054), (24.5782, 4.6800, -5.8685), (24.5782, 5.2411, -5.3734), (24.5782, 5.7500, -4.8249), (24.5782, 6.2019, -4.2284), (24.5782, 6.5921, -3.5898), (24.5782, 6.9167, -2.9157), (24.5782, 7.1727, -2.2125), (24.5782, 7.3573, -1.4873), (24.5782, 7.4689, -0.7474), (24.5782, 7.5062, 0.0000), (24.6545, 7.5245, 0.0000), (24.6545, 7.5245, 0.0000), (24.6545, 7.4871, 0.7492), (24.6545, 7.3753, 1.4909), (24.6545, 7.1902, 2.2179), (24.6545, 6.9336, 2.9228), (24.6545, 6.6082, 3.5986), (24.6545, 6.2170, 4.2387), (24.6545, 5.7641, 4.8366), (24.6545, 5.2539, 5.3865), (24.6545, 4.6914, 5.8829), (24.6545, 4.0824, 6.3208), (24.6545, 3.4327, 6.6958), (24.6545, 2.7490, 7.0043), (24.6545, 2.0379, 7.2432), (24.6545, 1.3066, 7.4102), (24.6545, 0.5623, 7.5034), (24.6545, -0.1876, 7.5221), (24.6545, -0.9356, 7.4661), (24.6545, -1.6744, 7.3358), (24.6545, -2.3964, 7.1327), (24.6545, -3.0947, 6.8586), (24.6545, -3.7622, 6.5164), (24.6545, -4.3924, 6.1094), (24.6545, -4.9788, 5.6417), (24.6545, -5.5158, 5.1179), (24.6545, -5.9980, 4.5433), (24.6545, -6.4206, 3.9235), (24.6545, -6.7793, 3.2647), (24.6545, -7.0707, 2.5735), (24.6545, -7.2918, 1.8567), (24.6545, -7.4404, 1.1215), (24.6545, -7.5151, 0.3751), (24.6545, -7.5151, -0.3751), (24.6545, -7.4404, -1.1215), (24.6545, -7.2918, -1.8567), (24.6545, -7.0707, -2.5735), (24.6545, -6.7793, -3.2647), (24.6545, -6.4206, -3.9235), (24.6545, -5.9980, -4.5433), (24.6545, -5.5158, -5.1179), (24.6545, -4.9788, -5.6417), (24.6545, -4.3924, -6.1094), (24.6545, -3.7622, -6.5164), (24.6545, -3.0947, -6.8586), (24.6545, -2.3964, -7.1327), (24.6545, -1.6744, -7.3358), (24.6545, -0.9356, -7.4661), (24.6545, -0.1876, -7.5221), (24.6545, 0.5623, -7.5034), (24.6545, 1.3066, -7.4102), (24.6545, 2.0379, -7.2432), (24.6545, 2.7490, -7.0043), (24.6545, 3.4327, -6.6958), (24.6545, 4.0824, -6.3208), (24.6545, 4.6914, -5.8829), (24.6545, 5.2539, -5.3865), (24.6545, 5.7641, -4.8366), (24.6545, 6.2170, -4.2387), (24.6545, 6.6082, -3.5986), (24.6545, 6.9336, -2.9228), (24.6545, 7.1902, -2.2179), (24.6545, 7.3753, -1.4909), (24.6545, 7.4871, -0.7492), (6.5499, 0.0000, 0.0000), (6.5499, 0.0000, 0.0000), (6.3996, 0.2500, 0.0000), (6.2494, 0.5000, 0.0000), (6.0992, 0.7500, 0.0000), (5.9490, 1.0000, 0.0000), (5.9490, 1.0000, 0.0000), (5.9490, 0.9950, 0.0996), (5.9490, 0.9802, 0.1981), (5.9490, 0.9556, 0.2948), (5.9490, 0.9215, 0.3884), (5.9490, 0.8782, 0.4783), (5.9490, 0.8262, 0.5633), (5.9490, 0.7660, 0.6428), (5.9490, 0.6982, 0.7159), (5.9490, 0.6235, 0.7818), (5.9490, 0.5425, 0.8400), (5.9490, 0.4562, 0.8899), (5.9490, 0.3653, 0.9309), (5.9490, 0.2708, 0.9626), (5.9490, 0.1736, 0.9848), (5.9490, 0.0747, 0.9972), (5.9490, -0.0249, 0.9997), (5.9490, -0.1243, 0.9922), (5.9490, -0.2225, 0.9749), (5.9490, -0.3185, 0.9479), (5.9490, -0.4113, 0.9115), (5.9490, -0.5000, 0.8660), (5.9490, -0.5837, 0.8119), (5.9490, -0.6617, 0.7498), (5.9490, -0.7331, 0.6802), (5.9490, -0.7971, 0.6038), (5.9490, -0.8533, 0.5214), (5.9490, -0.9010, 0.4339), (5.9490, -0.9397, 0.3420), (5.9490, -0.9691, 0.2468), (5.9490, -0.9888, 0.1490), (5.9490, -0.9988, 0.0498), (5.9490, -0.9988, -0.0498), (5.9490, -0.9888, -0.1490), (5.9490, -0.9691, -0.2468), (5.9490, -0.9397, -0.3420), (5.9490, -0.9010, -0.4339), (5.9490, -0.8533, -0.5214), (5.9490, -0.7971, -0.6038), (5.9490, -0.7331, -0.6802), (5.9490, -0.6617, -0.7498), (5.9490, -0.5837, -0.8119), (5.9490, -0.5000, -0.8660), (5.9490, -0.4113, -0.9115), (5.9490, -0.3185, -0.9479), (5.9490, -0.2225, -0.9749), (5.9490, -0.1243, -0.9922), (5.9490, -0.0249, -0.9997), (5.9490, 0.0747, -0.9972), (5.9490, 0.1736, -0.9848), (5.9490, 0.2708, -0.9626), (5.9490, 0.3653, -0.9309), (5.9490, 0.4562, -0.8899), (5.9490, 0.5425, -0.8400), (5.9490, 0.6235, -0.7818), (5.9490, 0.6982, -0.7159), (5.9490, 0.7660, -0.6428), (5.9490, 0.8262, -0.5633), (5.9490, 0.8782, -0.4783), (5.9490, 0.9215, -0.3884), (5.9490, 0.9556, -0.2948), (5.9490, 0.9802, -0.1981), (5.9490, 0.9950, -0.0996), (6.3996, 0.2500, 0.0000), (6.2494, 0.5000, 0.0000), (6.0992, 0.7500, 0.0000), (6.3996, 0.2452, 0.0488), (6.3996, 0.2310, 0.0957), (6.3996, 0.2079, 0.1389), (6.2494, 0.4904, 0.0975), (6.3996, 0.1768, 0.1768), (6.2494, 0.4619, 0.1913), (6.3996, 0.1389, 0.2079), (6.2494, 0.4157, 0.2778), (6.3996, 0.0957, 0.2310), (6.0992, 0.7356, 0.1463), (6.2494, 0.3536, 0.3536), (6.3996, 0.0488, 0.2452), (6.0992, 0.6929, 0.2870), (6.2494, 0.2778, 0.4157), (6.3996, 0.0000, 0.2500), (6.0992, 0.6236, 0.4167), (6.2494, 0.1913, 0.4619), (6.3996, -0.0488, 0.2452), (6.0992, 0.5303, 0.5303), (6.2494, 0.0975, 0.4904), (6.3996, -0.0957, 0.2310), (6.0992, 0.4167, 0.6236), (6.2494, 0.0000, 0.5000), (6.3996, -0.1389, 0.2079), (6.0992, 0.2870, 0.6929), (6.2494, -0.0975, 0.4904), (6.3996, -0.1768, 0.1768), (6.0992, 0.1463, 0.7356), (6.2494, -0.1913, 0.4619), (6.3996, -0.2079, 0.1389), (6.0992, 0.0000, 0.7500), (6.2494, -0.2778, 0.4157), (6.3996, -0.2310, 0.0957), (6.0992, -0.1463, 0.7356), (6.2494, -0.3536, 0.3536), (6.3996, -0.2452, 0.0488), (6.0992, -0.2870, 0.6929), (6.2494, -0.4157, 0.2778), (6.3996, -0.2500, -0.0000), (6.0992, -0.4167, 0.6236), (6.2494, -0.4619, 0.1913), (6.3996, -0.2452, -0.0488), (6.0992, -0.5303, 0.5303), (6.2494, -0.4904, 0.0975), (6.3996, -0.2310, -0.0957), (6.0992, -0.6236, 0.4167), (6.2494, -0.5000, -0.0000), (6.3996, -0.2079, -0.1389), (6.0992, -0.6929, 0.2870), (6.2494, -0.4904, -0.0975), (6.3996, -0.1768, -0.1768), (6.0992, -0.7356, 0.1463), (6.2494, -0.4619, -0.1913), (6.3996, -0.1389, -0.2079), (6.0992, -0.7500, -0.0000), (6.2494, -0.4157, -0.2778), (6.3996, -0.0957, -0.2310), (6.0992, -0.7356, -0.1463), (6.2494, -0.3536, -0.3536), (6.3996, -0.0488, -0.2452), (6.0992, -0.6929, -0.2870), (6.2494, -0.2778, -0.4157), (6.3996, 0.0000, -0.2500), (6.0992, -0.6236, -0.4167), (6.2494, -0.1913, -0.4619), (6.3996, 0.0488, -0.2452), (6.0992, -0.5303, -0.5303), (6.2494, -0.0975, -0.4904), (6.3996, 0.0957, -0.2310), (6.0992, -0.4167, -0.6236), (6.2494, 0.0000, -0.5000), (6.3996, 0.1389, -0.2079), (6.0992, -0.2870, -0.6929), (6.2494, 0.0975, -0.4904), (6.3996, 0.1768, -0.1768), (6.0992, -0.1463, -0.7356), (6.2494, 0.1913, -0.4619), (6.3996, 0.2079, -0.1389), (6.0992, 0.0000, -0.7500), (6.2494, 0.2778, -0.4157), (6.3996, 0.2310, -0.0957), (6.0992, 0.1463, -0.7356), (6.2494, 0.3536, -0.3536), (6.3996, 0.2452, -0.0488), (6.0992, 0.2870, -0.6929), (6.2494, 0.4157, -0.2778), (6.0992, 0.4167, -0.6236), (6.2494, 0.4619, -0.1913), (6.0992, 0.5303, -0.5303), (6.2494, 0.4904, -0.0975), (6.0992, 0.6236, -0.4167), (6.0992, 0.6929, -0.2870), (6.0992, 0.7356, -0.1463), (24.6545, 7.5245, 0.0000), (24.6545, 7.4871, 0.7492), (24.6545, 7.3753, 1.4909), (24.6545, 7.1902, 2.2179), (24.6545, 6.9336, 2.9228), (24.6545, 6.6082, 3.5986), (24.6545, 6.2170, 4.2387), (24.6545, 5.7641, 4.8366), (24.6545, 5.2539, 5.3865), (24.6545, 4.6914, 5.8829), (24.6545, 4.0824, 6.3208), (24.6545, 3.4327, 6.6958), (24.6545, 2.7490, 7.0043), (24.6545, 2.0379, 7.2432), (24.6545, 1.3066, 7.4102), (24.6545, 0.5623, 7.5034), (24.6545, -0.1876, 7.5221), (24.6545, -0.9356, 7.4661), (24.6545, -1.6744, 7.3358), (24.6545, -2.3964, 7.1327), (24.6545, -3.0947, 6.8586), (24.6545, -3.7622, 6.5164), (24.6545, -4.3924, 6.1094), (24.6545, -4.9788, 5.6417), (24.6545, -5.5158, 5.1179), (24.6545, -5.9980, 4.5433), (24.6545, -6.4206, 3.9235), (24.6545, -6.7793, 3.2647), (24.6545, -7.0707, 2.5735), (24.6545, -7.2918, 1.8567), (24.6545, -7.4404, 1.1215), (24.6545, -7.5151, 0.3751), (24.6545, -7.5151, -0.3751), (24.6545, -7.4404, -1.1215), (24.6545, -7.2918, -1.8567), (24.6545, -7.0707, -2.5735), (24.6545, -6.7793, -3.2647), (24.6545, -6.4206, -3.9235), (24.6545, -5.9980, -4.5433), (24.6545, -5.5158, -5.1179), (24.6545, -4.9788, -5.6417), (24.6545, -4.3924, -6.1094), (24.6545, -3.7622, -6.5164), (24.6545, -3.0947, -6.8586), (24.6545, -2.3964, -7.1327), (24.6545, -1.6744, -7.3358), (24.6545, -0.9356, -7.4661), (24.6545, -0.1876, -7.5221), (24.6545, 0.5623, -7.5034), (24.6545, 1.3066, -7.4102), (24.6545, 2.0379, -7.2432), (24.6545, 2.7490, -7.0043), (24.6545, 3.4327, -6.6958), (24.6545, 4.0824, -6.3208), (24.6545, 4.6914, -5.8829), (24.6545, 5.2539, -5.3865), (24.6545, 5.7641, -4.8366), (24.6545, 6.2170, -4.2387), (24.6545, 6.6082, -3.5986), (24.6545, 6.9336, -2.9228), (24.6545, 7.1902, -2.2179), (24.6545, 7.3753, -1.4909), (24.6545, 7.4871, -0.7492), (24.6545, 7.5245, 0.0000), (24.7270, 7.5545, 0.0000), (24.7270, 7.5545, 0.0000), (24.7270, 7.5170, 0.7522), (24.7270, 7.4047, 1.4969), (24.7270, 7.2189, 2.2267), (24.7270, 6.9613, 2.9344), (24.7270, 6.6345, 3.6130), (24.7270, 6.2418, 4.2556), (24.7270, 5.7871, 4.8559), (24.7270, 5.2748, 5.4080), (24.7270, 4.7102, 5.9063), (24.7270, 4.0987, 6.3460), (24.7270, 3.4464, 6.7225), (24.7270, 2.7600, 7.0323), (24.7270, 2.0461, 7.2721), (24.7270, 1.3118, 7.4397), (24.7270, 0.5645, 7.5334), (24.7270, -0.1883, 7.5521), (24.7270, -0.9394, 7.4959), (24.7270, -1.6810, 7.3651), (24.7270, -2.4060, 7.1611), (24.7270, -3.1071, 6.8860), (24.7270, -3.7772, 6.5424), (24.7270, -4.4099, 6.1338), (24.7270, -4.9987, 5.6642), (24.7270, -5.5378, 5.1384), (24.7270, -6.0219, 4.5614), (24.7270, -6.4462, 3.9392), (24.7270, -6.8064, 3.2778), (24.7270, -7.0989, 2.5838), (24.7270, -7.3209, 1.8641), (24.7270, -7.4701, 1.1259), (24.7270, -7.5451, 0.3766), (24.7270, -7.5451, -0.3766), (24.7270, -7.4701, -1.1259), (24.7270, -7.3209, -1.8641), (24.7270, -7.0989, -2.5838), (24.7270, -6.8064, -3.2778), (24.7270, -6.4462, -3.9392), (24.7270, -6.0219, -4.5614), (24.7270, -5.5378, -5.1384), (24.7270, -4.9987, -5.6642), (24.7270, -4.4099, -6.1338), (24.7270, -3.7772, -6.5424), (24.7270, -3.1071, -6.8860), (24.7270, -2.4060, -7.1611), (24.7270, -1.6810, -7.3651), (24.7270, -0.9394, -7.4959), (24.7270, -0.1883, -7.5521), (24.7270, 0.5645, -7.5334), (24.7270, 1.3118, -7.4397), (24.7270, 2.0461, -7.2721), (24.7270, 2.7600, -7.0323), (24.7270, 3.4464, -6.7225), (24.7270, 4.0987, -6.3460), (24.7270, 4.7102, -5.9063), (24.7270, 5.2748, -5.4080), (24.7270, 5.7871, -4.8559), (24.7270, 6.2418, -4.2556), (24.7270, 6.6345, -3.6130), (24.7270, 6.9613, -2.9344), (24.7270, 7.2189, -2.2267), (24.7270, 7.4047, -1.4969), (24.7270, 7.5170, -0.7522), (24.7270, 7.5545, 0.0000), (24.7270, 7.5170, 0.7522), (24.7270, 7.4047, 1.4969), (24.7270, 7.2189, 2.2267), (24.7270, 6.9613, 2.9344), (24.7270, 6.6345, 3.6130), (24.7270, 6.2418, 4.2556), (24.7270, 5.7871, 4.8559), (24.7270, 5.2748, 5.4080), (24.7270, 4.7102, 5.9063), (24.7270, 4.0987, 6.3460), (24.7270, 3.4464, 6.7225), (24.7270, 2.7600, 7.0323), (24.7270, 2.0461, 7.2721), (24.7270, 1.3118, 7.4397), (24.7270, 0.5645, 7.5334), (24.7270, -0.1883, 7.5521), (24.7270, -0.9394, 7.4959), (24.7270, -1.6810, 7.3651), (24.7270, -2.4060, 7.1611), (24.7270, -3.1071, 6.8860), (24.7270, -3.7772, 6.5424), (24.7270, -4.4099, 6.1338), (24.7270, -4.9987, 5.6642), (24.7270, -5.5378, 5.1384), (24.7270, -6.0219, 4.5614), (24.7270, -6.4462, 3.9392), (24.7270, -6.8064, 3.2778), (24.7270, -7.0989, 2.5838), (24.7270, -7.3209, 1.8641), (24.7270, -7.4701, 1.1259), (24.7270, -7.5451, 0.3766), (24.7270, -7.5451, -0.3766), (24.7270, -7.4701, -1.1259), (24.7270, -7.3209, -1.8641), (24.7270, -7.0989, -2.5838), (24.7270, -6.8064, -3.2778), (24.7270, -6.4462, -3.9392), (24.7270, -6.0219, -4.5614), (24.7270, -5.5378, -5.1384), (24.7270, -4.9987, -5.6642), (24.7270, -4.4099, -6.1338), (24.7270, -3.7772, -6.5424), (24.7270, -3.1071, -6.8860), (24.7270, -2.4060, -7.1611), (24.7270, -1.6810, -7.3651), (24.7270, -0.9394, -7.4959), (24.7270, -0.1883, -7.5521), (24.7270, 0.5645, -7.5334), (24.7270, 1.3118, -7.4397), (24.7270, 2.0461, -7.2721), (24.7270, 2.7600, -7.0323), (24.7270, 3.4464, -6.7225), (24.7270, 4.0987, -6.3460), (24.7270, 4.7102, -5.9063), (24.7270, 5.2748, -5.4080), (24.7270, 5.7871, -4.8559), (24.7270, 6.2418, -4.2556), (24.7270, 6.6345, -3.6130), (24.7270, 6.9613, -2.9344), (24.7270, 7.2189, -2.2267), (24.7270, 7.4047, -1.4969), (24.7270, 7.5170, -0.7522), (24.7270, 7.5545, 0.0000), (24.7939, 7.5955, 0.0000), (24.7939, 7.5955, 0.0000), (24.7939, 7.5577, 0.7563), (24.7939, 7.4449, 1.5050), (24.7939, 7.2580, 2.2388), (24.7939, 6.9991, 2.9504), (24.7939, 6.6705, 3.6326), (24.7939, 6.2757, 4.2787), (24.7939, 5.8185, 4.8823), (24.7939, 5.3035, 5.4374), (24.7939, 4.7357, 5.9384), (24.7939, 4.1209, 6.3804), (24.7939, 3.4651, 6.7590), (24.7939, 2.7749, 7.0704), (24.7939, 2.0572, 7.3116), (24.7939, 1.3189, 7.4801), (24.7939, 0.5676, 7.5743), (24.7939, -0.1894, 7.5931), (24.7939, -0.9445, 7.5365), (24.7939, -1.6902, 7.4051), (24.7939, -2.4191, 7.2000), (24.7939, -3.1239, 6.9233), (24.7939, -3.7977, 6.5779), (24.7939, -4.4338, 6.1671), (24.7939, -5.0258, 5.6950), (24.7939, -5.5679, 5.1662), (24.7939, -6.0546, 4.5862), (24.7939, -6.4812, 3.9606), (24.7939, -6.8433, 3.2956), (24.7939, -7.1374, 2.5978), (24.7939, -7.3606, 1.8742), (24.7939, -7.5107, 1.1320), (24.7939, -7.5860, 0.3786), (24.7939, -7.5860, -0.3786), (24.7939, -7.5107, -1.1320), (24.7939, -7.3606, -1.8742), (24.7939, -7.1374, -2.5978), (24.7939, -6.8433, -3.2956), (24.7939, -6.4812, -3.9606), (24.7939, -6.0546, -4.5862), (24.7939, -5.5679, -5.1662), (24.7939, -5.0258, -5.6950), (24.7939, -4.4338, -6.1671), (24.7939, -3.7977, -6.5779), (24.7939, -3.1239, -6.9233), (24.7939, -2.4191, -7.2000), (24.7939, -1.6902, -7.4051), (24.7939, -0.9445, -7.5365), (24.7939, -0.1894, -7.5931), (24.7939, 0.5676, -7.5743), (24.7939, 1.3189, -7.4801), (24.7939, 2.0572, -7.3116), (24.7939, 2.7749, -7.0704), (24.7939, 3.4651, -6.7590), (24.7939, 4.1209, -6.3804), (24.7939, 4.7357, -5.9384), (24.7939, 5.3035, -5.4374), (24.7939, 5.8185, -4.8823), (24.7939, 6.2757, -4.2787), (24.7939, 6.6705, -3.6326), (24.7939, 6.9991, -2.9504), (24.7939, 7.2580, -2.2388), (24.7939, 7.4449, -1.5050), (24.7939, 7.5577, -0.7563), (24.7939, 7.5955, 0.0000), (24.7939, 7.5577, 0.7563), (24.7939, 7.4449, 1.5050), (24.7939, 7.2580, 2.2388), (24.7939, 6.9991, 2.9504), (24.7939, 6.6705, 3.6326), (24.7939, 6.2757, 4.2787), (24.7939, 5.8185, 4.8823), (24.7939, 5.3035, 5.4374), (24.7939, 4.7357, 5.9384), (24.7939, 4.1209, 6.3804), (24.7939, 3.4651, 6.7590), (24.7939, 2.7749, 7.0704), (24.7939, 2.0572, 7.3116), (24.7939, 1.3189, 7.4801), (24.7939, 0.5676, 7.5743), (24.7939, -0.1894, 7.5931), (24.7939, -0.9445, 7.5365), (24.7939, -1.6902, 7.4051), (24.7939, -2.4191, 7.2000), (24.7939, -3.1239, 6.9233), (24.7939, -3.7977, 6.5779), (24.7939, -4.4338, 6.1671), (24.7939, -5.0258, 5.6950), (24.7939, -5.5679, 5.1662), (24.7939, -6.0546, 4.5862), (24.7939, -6.4812, 3.9606), (24.7939, -6.8433, 3.2956), (24.7939, -7.1374, 2.5978), (24.7939, -7.3606, 1.8742), (24.7939, -7.5107, 1.1320), (24.7939, -7.5860, 0.3786), (24.7939, -7.5860, -0.3786), (24.7939, -7.5107, -1.1320), (24.7939, -7.3606, -1.8742), (24.7939, -7.1374, -2.5978), (24.7939, -6.8433, -3.2956), (24.7939, -6.4812, -3.9606), (24.7939, -6.0546, -4.5862), (24.7939, -5.5679, -5.1662), (24.7939, -5.0258, -5.6950), (24.7939, -4.4338, -6.1671), (24.7939, -3.7977, -6.5779), (24.7939, -3.1239, -6.9233), (24.7939, -2.4191, -7.2000), (24.7939, -1.6902, -7.4051), (24.7939, -0.9445, -7.5365), (24.7939, -0.1894, -7.5931), (24.7939, 0.5676, -7.5743), (24.7939, 1.3189, -7.4801), (24.7939, 2.0572, -7.3116), (24.7939, 2.7749, -7.0704), (24.7939, 3.4651, -6.7590), (24.7939, 4.1209, -6.3804), (24.7939, 4.7357, -5.9384), (24.7939, 5.3035, -5.4374), (24.7939, 5.8185, -4.8823), (24.7939, 6.2757, -4.2787), (24.7939, 6.6705, -3.6326), (24.7939, 6.9991, -2.9504), (24.7939, 7.2580, -2.2388), (24.7939, 7.4449, -1.5050), (24.7939, 7.5577, -0.7563), (24.7939, 7.5955, 0.0000), (24.8536, 7.6464, 0.0000), (24.8536, 7.6464, 0.0000), (24.8536, 7.6084, 0.7613), (24.8536, 7.4948, 1.5151), (24.8536, 7.3067, 2.2538), (24.8536, 7.0460, 2.9701), (24.8536, 6.7153, 3.6569), (24.8536, 6.3178, 4.3074), (24.8536, 5.8575, 4.9150), (24.8536, 5.3390, 5.4738), (24.8536, 4.7675, 5.9782), (24.8536, 4.1486, 6.4232), (24.8536, 3.4884, 6.8044), (24.8536, 2.7936, 7.1179), (24.8536, 2.0710, 7.3607), (24.8536, 1.3278, 7.5303), (24.8536, 0.5714, 7.6251), (24.8536, -0.1906, 7.6441), (24.8536, -0.9508, 7.5871), (24.8536, -1.7015, 7.4547), (24.8536, -2.4353, 7.2483), (24.8536, -3.1449, 6.9698), (24.8536, -3.8232, 6.6220), (24.8536, -4.4636, 6.2084), (24.8536, -5.0595, 5.7332), (24.8536, -5.6052, 5.2009), (24.8536, -6.0952, 4.6170), (24.8536, -6.5246, 3.9871), (24.8536, -6.8892, 3.3177), (24.8536, -7.1853, 2.6152), (24.8536, -7.4100, 1.8868), (24.8536, -7.5610, 1.1396), (24.8536, -7.6369, 0.3811), (24.8536, -7.6369, -0.3811), (24.8536, -7.5610, -1.1396), (24.8536, -7.4100, -1.8868), (24.8536, -7.1853, -2.6152), (24.8536, -6.8892, -3.3177), (24.8536, -6.5246, -3.9871), (24.8536, -6.0952, -4.6170), (24.8536, -5.6052, -5.2009), (24.8536, -5.0595, -5.7332), (24.8536, -4.4636, -6.2084), (24.8536, -3.8232, -6.6220), (24.8536, -3.1449, -6.9698), (24.8536, -2.4353, -7.2483), (24.8536, -1.7015, -7.4547), (24.8536, -0.9508, -7.5871), (24.8536, -0.1906, -7.6441), (24.8536, 0.5714, -7.6251), (24.8536, 1.3278, -7.5303), (24.8536, 2.0710, -7.3607), (24.8536, 2.7936, -7.1179), (24.8536, 3.4884, -6.8044), (24.8536, 4.1486, -6.4232), (24.8536, 4.7675, -5.9782), (24.8536, 5.3390, -5.4738), (24.8536, 5.8575, -4.9150), (24.8536, 6.3178, -4.3074), (24.8536, 6.7153, -3.6569), (24.8536, 7.0460, -2.9701), (24.8536, 7.3067, -2.2538), (24.8536, 7.4948, -1.5151), (24.8536, 7.6084, -0.7613), (24.8536, 7.6464, 0.0000), (24.8536, 7.6084, 0.7613), (24.8536, 7.4948, 1.5151), (24.8536, 7.3067, 2.2538), (24.8536, 7.0460, 2.9701), (24.8536, 6.7153, 3.6569), (24.8536, 6.3178, 4.3074), (24.8536, 5.8575, 4.9150), (24.8536, 5.3390, 5.4738), (24.8536, 4.7675, 5.9782), (24.8536, 4.1486, 6.4232), (24.8536, 3.4884, 6.8044), (24.8536, 2.7936, 7.1179), (24.8536, 2.0710, 7.3607), (24.8536, 1.3278, 7.5303), (24.8536, 0.5714, 7.6251), (24.8536, -0.1906, 7.6441), (24.8536, -0.9508, 7.5871), (24.8536, -1.7015, 7.4547), (24.8536, -2.4353, 7.2483), (24.8536, -3.1449, 6.9698), (24.8536, -3.8232, 6.6220), (24.8536, -4.4636, 6.2084), (24.8536, -5.0595, 5.7332), (24.8536, -5.6052, 5.2009), (24.8536, -6.0952, 4.6170), (24.8536, -6.5246, 3.9871), (24.8536, -6.8892, 3.3177), (24.8536, -7.1853, 2.6152), (24.8536, -7.4100, 1.8868), (24.8536, -7.5610, 1.1396), (24.8536, -7.6369, 0.3811), (24.8536, -7.6369, -0.3811), (24.8536, -7.5610, -1.1396), (24.8536, -7.4100, -1.8868), (24.8536, -7.1853, -2.6152), (24.8536, -6.8892, -3.3177), (24.8536, -6.5246, -3.9871), (24.8536, -6.0952, -4.6170), (24.8536, -5.6052, -5.2009), (24.8536, -5.0595, -5.7332), (24.8536, -4.4636, -6.2084), (24.8536, -3.8232, -6.6220), (24.8536, -3.1449, -6.9698), (24.8536, -2.4353, -7.2483), (24.8536, -1.7015, -7.4547), (24.8536, -0.9508, -7.5871), (24.8536, -0.1906, -7.6441), (24.8536, 0.5714, -7.6251), (24.8536, 1.3278, -7.5303), (24.8536, 2.0710, -7.3607), (24.8536, 2.7936, -7.1179), (24.8536, 3.4884, -6.8044), (24.8536, 4.1486, -6.4232), (24.8536, 4.7675, -5.9782), (24.8536, 5.3390, -5.4738), (24.8536, 5.8575, -4.9150), (24.8536, 6.3178, -4.3074), (24.8536, 6.7153, -3.6569), (24.8536, 7.0460, -2.9701), (24.8536, 7.3067, -2.2538), (24.8536, 7.4948, -1.5151), (24.8536, 7.6084, -0.7613), (24.8536, 7.6464, 0.0000), (24.9045, 7.7061, 0.0000), (24.9045, 7.7061, 0.0000), (24.9045, 7.6678, 0.7673), (24.9045, 7.5533, 1.5269), (24.9045, 7.3637, 2.2714), (24.9045, 7.1010, 2.9933), (24.9045, 6.7677, 3.6855), (24.9045, 6.3671, 4.3410), (24.9045, 5.9032, 4.9534), (24.9045, 5.3807, 5.5165), (24.9045, 4.8047, 6.0249), (24.9045, 4.1809, 6.4733), (24.9045, 3.5156, 6.8574), (24.9045, 2.8154, 7.1734), (24.9045, 2.0871, 7.4181), (24.9045, 1.3382, 7.5890), (24.9045, 0.5759, 7.6846), (24.9045, -0.1921, 7.7037), (24.9045, -0.9582, 7.6463), (24.9045, -1.7148, 7.5129), (24.9045, -2.4543, 7.3048), (24.9045, -3.1694, 7.0242), (24.9045, -3.8531, 6.6737), (24.9045, -4.4984, 6.2569), (24.9045, -5.0990, 5.7779), (24.9045, -5.6490, 5.2415), (24.9045, -6.1428, 4.6530), (24.9045, -6.5756, 4.0182), (24.9045, -6.9430, 3.3436), (24.9045, -7.2414, 2.6356), (24.9045, -7.4678, 1.9015), (24.9045, -7.6200, 1.1485), (24.9045, -7.6965, 0.3841), (24.9045, -7.6965, -0.3841), (24.9045, -7.6200, -1.1485), (24.9045, -7.4678, -1.9015), (24.9045, -7.2414, -2.6356), (24.9045, -6.9430, -3.3436), (24.9045, -6.5756, -4.0182), (24.9045, -6.1428, -4.6530), (24.9045, -5.6490, -5.2415), (24.9045, -5.0990, -5.7779), (24.9045, -4.4984, -6.2569), (24.9045, -3.8531, -6.6737), (24.9045, -3.1694, -7.0242), (24.9045, -2.4543, -7.3048), (24.9045, -1.7148, -7.5129), (24.9045, -0.9582, -7.6463), (24.9045, -0.1921, -7.7037), (24.9045, 0.5759, -7.6846), (24.9045, 1.3382, -7.5890), (24.9045, 2.0871, -7.4181), (24.9045, 2.8154, -7.1734), (24.9045, 3.5156, -6.8574), (24.9045, 4.1809, -6.4733), (24.9045, 4.8047, -6.0249), (24.9045, 5.3807, -5.5165), (24.9045, 5.9032, -4.9534), (24.9045, 6.3671, -4.3410), (24.9045, 6.7677, -3.6855), (24.9045, 7.1010, -2.9933), (24.9045, 7.3637, -2.2714), (24.9045, 7.5533, -1.5269), (24.9045, 7.6678, -0.7673), (24.9045, 7.7061, 0.0000), (24.9045, 7.6678, 0.7673), (24.9045, 7.5533, 1.5269), (24.9045, 7.3637, 2.2714), (24.9045, 7.1010, 2.9933), (24.9045, 6.7677, 3.6855), (24.9045, 6.3671, 4.3410), (24.9045, 5.9032, 4.9534), (24.9045, 5.3807, 5.5165), (24.9045, 4.8047, 6.0249), (24.9045, 4.1809, 6.4733), (24.9045, 3.5156, 6.8574), (24.9045, 2.8154, 7.1734), (24.9045, 2.0871, 7.4181), (24.9045, 1.3382, 7.5890), (24.9045, 0.5759, 7.6846), (24.9045, -0.1921, 7.7037), (24.9045, -0.9582, 7.6463), (24.9045, -1.7148, 7.5129), (24.9045, -2.4543, 7.3048), (24.9045, -3.1694, 7.0242), (24.9045, -3.8531, 6.6737), (24.9045, -4.4984, 6.2569), (24.9045, -5.0990, 5.7779), (24.9045, -5.6490, 5.2415), (24.9045, -6.1428, 4.6530), (24.9045, -6.5756, 4.0182), (24.9045, -6.9430, 3.3436), (24.9045, -7.2414, 2.6356), (24.9045, -7.4678, 1.9015), (24.9045, -7.6200, 1.1485), (24.9045, -7.6965, 0.3841), (24.9045, -7.6965, -0.3841), (24.9045, -7.6200, -1.1485), (24.9045, -7.4678, -1.9015), (24.9045, -7.2414, -2.6356), (24.9045, -6.9430, -3.3436), (24.9045, -6.5756, -4.0182), (24.9045, -6.1428, -4.6530), (24.9045, -5.6490, -5.2415), (24.9045, -5.0990, -5.7779), (24.9045, -4.4984, -6.2569), (24.9045, -3.8531, -6.6737), (24.9045, -3.1694, -7.0242), (24.9045, -2.4543, -7.3048), (24.9045, -1.7148, -7.5129), (24.9045, -0.9582, -7.6463), (24.9045, -0.1921, -7.7037), (24.9045, 0.5759, -7.6846), (24.9045, 1.3382, -7.5890), (24.9045, 2.0871, -7.4181), (24.9045, 2.8154, -7.1734), (24.9045, 3.5156, -6.8574), (24.9045, 4.1809, -6.4733), (24.9045, 4.8047, -6.0249), (24.9045, 5.3807, -5.5165), (24.9045, 5.9032, -4.9534), (24.9045, 6.3671, -4.3410), (24.9045, 6.7677, -3.6855), (24.9045, 7.1010, -2.9933), (24.9045, 7.3637, -2.2714), (24.9045, 7.5533, -1.5269), (24.9045, 7.6678, -0.7673), (24.9045, 7.7061, 0.0000), (24.9455, 7.7730, 0.0000), (24.9455, 7.7730, 0.0000), (24.9455, 7.7344, 0.7739), (24.9455, 7.6189, 1.5402), (24.9455, 7.4277, 2.2911), (24.9455, 7.1626, 3.0193), (24.9455, 6.8264, 3.7175), (24.9455, 6.4224, 4.3787), (24.9455, 5.9545, 4.9964), (24.9455, 5.4274, 5.5644), (24.9455, 4.8464, 6.0772), (24.9455, 4.2172, 6.5295), (24.9455, 3.5461, 6.9170), (24.9455, 2.8398, 7.2357), (24.9455, 2.1052, 7.4825), (24.9455, 1.3498, 7.6549), (24.9455, 0.5809, 7.7513), (24.9455, -0.1938, 7.7706), (24.9455, -0.9665, 7.7127), (24.9455, -1.7297, 7.5781), (24.9455, -2.4756, 7.3682), (24.9455, -3.1969, 7.0851), (24.9455, -3.8865, 6.7316), (24.9455, -4.5374, 6.3112), (24.9455, -5.1433, 5.8281), (24.9455, -5.6980, 5.2870), (24.9455, -6.1961, 4.6934), (24.9455, -6.6326, 4.0531), (24.9455, -7.0032, 3.3726), (24.9455, -7.3042, 2.6585), (24.9455, -7.5326, 1.9180), (24.9455, -7.6862, 1.1585), (24.9455, -7.7633, 0.3875), (24.9455, -7.7633, -0.3875), (24.9455, -7.6862, -1.1585), (24.9455, -7.5326, -1.9180), (24.9455, -7.3042, -2.6585), (24.9455, -7.0032, -3.3726), (24.9455, -6.6326, -4.0531), (24.9455, -6.1961, -4.6934), (24.9455, -5.6980, -5.2870), (24.9455, -5.1433, -5.8281), (24.9455, -4.5374, -6.3112), (24.9455, -3.8865, -6.7316), (24.9455, -3.1969, -7.0851), (24.9455, -2.4756, -7.3682), (24.9455, -1.7297, -7.5781), (24.9455, -0.9665, -7.7127), (24.9455, -0.1938, -7.7706), (24.9455, 0.5809, -7.7513), (24.9455, 1.3498, -7.6549), (24.9455, 2.1052, -7.4825), (24.9455, 2.8398, -7.2357), (24.9455, 3.5461, -6.9170), (24.9455, 4.2172, -6.5295), (24.9455, 4.8464, -6.0772), (24.9455, 5.4274, -5.5644), (24.9455, 5.9545, -4.9964), (24.9455, 6.4224, -4.3787), (24.9455, 6.8264, -3.7175), (24.9455, 7.1626, -3.0193), (24.9455, 7.4277, -2.2911), (24.9455, 7.6189, -1.5402), (24.9455, 7.7344, -0.7739), (24.9455, 7.7730, 0.0000), (24.9455, 7.7344, 0.7739), (24.9455, 7.6189, 1.5402), (24.9455, 7.4277, 2.2911), (24.9455, 7.1626, 3.0193), (24.9455, 6.8264, 3.7175), (24.9455, 6.4224, 4.3787), (24.9455, 5.9545, 4.9964), (24.9455, 5.4274, 5.5644), (24.9455, 4.8464, 6.0772), (24.9455, 4.2172, 6.5295), (24.9455, 3.5461, 6.9170), (24.9455, 2.8398, 7.2357), (24.9455, 2.1052, 7.4825), (24.9455, 1.3498, 7.6549), (24.9455, 0.5809, 7.7513), (24.9455, -0.1938, 7.7706), (24.9455, -0.9665, 7.7127), (24.9455, -1.7297, 7.5781), (24.9455, -2.4756, 7.3682), (24.9455, -3.1969, 7.0851), (24.9455, -3.8865, 6.7316), (24.9455, -4.5374, 6.3112), (24.9455, -5.1433, 5.8281), (24.9455, -5.6980, 5.2870), (24.9455, -6.1961, 4.6934), (24.9455, -6.6326, 4.0531), (24.9455, -7.0032, 3.3726), (24.9455, -7.3042, 2.6585), (24.9455, -7.5326, 1.9180), (24.9455, -7.6862, 1.1585), (24.9455, -7.7633, 0.3875), (24.9455, -7.7633, -0.3875), (24.9455, -7.6862, -1.1585), (24.9455, -7.5326, -1.9180), (24.9455, -7.3042, -2.6585), (24.9455, -7.0032, -3.3726), (24.9455, -6.6326, -4.0531), (24.9455, -6.1961, -4.6934), (24.9455, -5.6980, -5.2870), (24.9455, -5.1433, -5.8281), (24.9455, -4.5374, -6.3112), (24.9455, -3.8865, -6.7316), (24.9455, -3.1969, -7.0851), (24.9455, -2.4756, -7.3682), (24.9455, -1.7297, -7.5781), (24.9455, -0.9665, -7.7127), (24.9455, -0.1938, -7.7706), (24.9455, 0.5809, -7.7513), (24.9455, 1.3498, -7.6549), (24.9455, 2.1052, -7.4825), (24.9455, 2.8398, -7.2357), (24.9455, 3.5461, -6.9170), (24.9455, 4.2172, -6.5295), (24.9455, 4.8464, -6.0772), (24.9455, 5.4274, -5.5644), (24.9455, 5.9545, -4.9964), (24.9455, 6.4224, -4.3787), (24.9455, 6.8264, -3.7175), (24.9455, 7.1626, -3.0193), (24.9455, 7.4277, -2.2911), (24.9455, 7.6189, -1.5402), (24.9455, 7.7344, -0.7739), (24.9455, 7.7730, 0.0000), (24.9755, 7.8455, 0.0000), (24.9755, 7.8455, 0.0000), (24.9755, 7.8065, 0.7812), (24.9755, 7.6899, 1.5546), (24.9755, 7.4969, 2.3125), (24.9755, 7.2294, 3.0475), (24.9755, 6.8901, 3.7521), (24.9755, 6.4822, 4.4195), (24.9755, 6.0100, 5.0430), (24.9755, 5.4780, 5.6163), (24.9755, 4.8916, 6.1339), (24.9755, 4.2565, 6.5904), (24.9755, 3.5792, 6.9815), (24.9755, 2.8663, 7.3032), (24.9755, 2.1249, 7.5523), (24.9755, 1.3624, 7.7263), (24.9755, 0.5863, 7.8236), (24.9755, -0.1956, 7.8431), (24.9755, -0.9755, 7.7846), (24.9755, -1.7458, 7.6488), (24.9755, -2.4987, 7.4370), (24.9755, -3.2267, 7.1512), (24.9755, -3.9227, 6.7944), (24.9755, -4.5798, 6.3701), (24.9755, -5.1913, 5.8824), (24.9755, -5.7512, 5.3363), (24.9755, -6.2539, 4.7371), (24.9755, -6.6945, 4.0909), (24.9755, -7.0685, 3.4040), (24.9755, -7.3724, 2.6833), (24.9755, -7.6029, 1.9359), (24.9755, -7.7579, 1.1693), (24.9755, -7.8357, 0.3911), (24.9755, -7.8357, -0.3911), (24.9755, -7.7579, -1.1693), (24.9755, -7.6029, -1.9359), (24.9755, -7.3724, -2.6833), (24.9755, -7.0685, -3.4040), (24.9755, -6.6945, -4.0909), (24.9755, -6.2539, -4.7371), (24.9755, -5.7512, -5.3363), (24.9755, -5.1913, -5.8824), (24.9755, -4.5798, -6.3701), (24.9755, -3.9227, -6.7944), (24.9755, -3.2267, -7.1512), (24.9755, -2.4987, -7.4370), (24.9755, -1.7458, -7.6488), (24.9755, -0.9755, -7.7846), (24.9755, -0.1956, -7.8431), (24.9755, 0.5863, -7.8236), (24.9755, 1.3624, -7.7263), (24.9755, 2.1249, -7.5523), (24.9755, 2.8663, -7.3032), (24.9755, 3.5792, -6.9815), (24.9755, 4.2565, -6.5904), (24.9755, 4.8916, -6.1339), (24.9755, 5.4780, -5.6163), (24.9755, 6.0100, -5.0430), (24.9755, 6.4822, -4.4195), (24.9755, 6.8901, -3.7521), (24.9755, 7.2294, -3.0475), (24.9755, 7.4969, -2.3125), (24.9755, 7.6899, -1.5546), (24.9755, 7.8065, -0.7812), (24.9755, 7.8455, 0.0000), (24.9755, 7.8065, 0.7812), (24.9755, 7.6899, 1.5546), (24.9755, 7.4969, 2.3125), (24.9755, 7.2294, 3.0475), (24.9755, 6.8901, 3.7521), (24.9755, 6.4822, 4.4195), (24.9755, 6.0100, 5.0430), (24.9755, 5.4780, 5.6163), (24.9755, 4.8916, 6.1339), (24.9755, 4.2565, 6.5904), (24.9755, 3.5792, 6.9815), (24.9755, 2.8663, 7.3032), (24.9755, 2.1249, 7.5523), (24.9755, 1.3624, 7.7263), (24.9755, 0.5863, 7.8236), (24.9755, -0.1956, 7.8431), (24.9755, -0.9755, 7.7846), (24.9755, -1.7458, 7.6488), (24.9755, -2.4987, 7.4370), (24.9755, -3.2267, 7.1512), (24.9755, -3.9227, 6.7944), (24.9755, -4.5798, 6.3701), (24.9755, -5.1913, 5.8824), (24.9755, -5.7512, 5.3363), (24.9755, -6.2539, 4.7371), (24.9755, -6.6945, 4.0909), (24.9755, -7.0685, 3.4040), (24.9755, -7.3724, 2.6833), (24.9755, -7.6029, 1.9359), (24.9755, -7.7579, 1.1693), (24.9755, -7.8357, 0.3911), (24.9755, -7.8357, -0.3911), (24.9755, -7.7579, -1.1693), (24.9755, -7.6029, -1.9359), (24.9755, -7.3724, -2.6833), (24.9755, -7.0685, -3.4040), (24.9755, -6.6945, -4.0909), (24.9755, -6.2539, -4.7371), (24.9755, -5.7512, -5.3363), (24.9755, -5.1913, -5.8824), (24.9755, -4.5798, -6.3701), (24.9755, -3.9227, -6.7944), (24.9755, -3.2267, -7.1512), (24.9755, -2.4987, -7.4370), (24.9755, -1.7458, -7.6488), (24.9755, -0.9755, -7.7846), (24.9755, -0.1956, -7.8431), (24.9755, 0.5863, -7.8236), (24.9755, 1.3624, -7.7263), (24.9755, 2.1249, -7.5523), (24.9755, 2.8663, -7.3032), (24.9755, 3.5792, -6.9815), (24.9755, 4.2565, -6.5904), (24.9755, 4.8916, -6.1339), (24.9755, 5.4780, -5.6163), (24.9755, 6.0100, -5.0430), (24.9755, 6.4822, -4.4195), (24.9755, 6.8901, -3.7521), (24.9755, 7.2294, -3.0475), (24.9755, 7.4969, -2.3125), (24.9755, 7.6899, -1.5546), (24.9755, 7.8065, -0.7812), (24.9755, 7.8455, 0.0000), (24.9938, 7.9218, 0.0000), (24.9938, 7.9218, 0.0000), (24.9938, 7.8824, 0.7888), (24.9938, 7.7647, 1.5697), (24.9938, 7.5698, 2.3350), (24.9938, 7.2997, 3.0771), (24.9938, 6.9571, 3.7886), (24.9938, 6.5453, 4.4625), (24.9938, 6.0684, 5.0920), (24.9938, 5.5313, 5.6709), (24.9938, 4.9392, 6.1935), (24.9938, 4.2979, 6.6545), (24.9938, 3.6140, 7.0494), (24.9938, 2.8942, 7.3742), (24.9938, 2.1455, 7.6257), (24.9938, 1.3756, 7.8014), (24.9938, 0.5920, 7.8996), (24.9938, -0.1975, 7.9193), (24.9938, -0.9850, 7.8603), (24.9938, -1.7628, 7.7232), (24.9938, -2.5230, 7.5093), (24.9938, -3.2581, 7.2208), (24.9938, -3.9609, 6.8605), (24.9938, -4.6243, 6.4320), (24.9938, -5.2417, 5.9396), (24.9938, -5.8071, 5.3882), (24.9938, -6.3147, 4.7832), (24.9938, -6.7596, 4.1307), (24.9938, -7.1373, 3.4371), (24.9938, -7.4440, 2.7094), (24.9938, -7.6768, 1.9548), (24.9938, -7.8333, 1.1807), (24.9938, -7.9119, 0.3949), (24.9938, -7.9119, -0.3949), (24.9938, -7.8333, -1.1807), (24.9938, -7.6768, -1.9548), (24.9938, -7.4440, -2.7094), (24.9938, -7.1373, -3.4371), (24.9938, -6.7596, -4.1307), (24.9938, -6.3147, -4.7832), (24.9938, -5.8071, -5.3882), (24.9938, -5.2417, -5.9396), (24.9938, -4.6243, -6.4320), (24.9938, -3.9609, -6.8605), (24.9938, -3.2581, -7.2208), (24.9938, -2.5230, -7.5093), (24.9938, -1.7628, -7.7232), (24.9938, -0.9850, -7.8603), (24.9938, -0.1975, -7.9193), (24.9938, 0.5920, -7.8996), (24.9938, 1.3756, -7.8014), (24.9938, 2.1455, -7.6257), (24.9938, 2.8942, -7.3742), (24.9938, 3.6140, -7.0494), (24.9938, 4.2979, -6.6545), (24.9938, 4.9392, -6.1935), (24.9938, 5.5313, -5.6709), (24.9938, 6.0684, -5.0920), (24.9938, 6.5453, -4.4625), (24.9938, 6.9571, -3.7886), (24.9938, 7.2997, -3.0771), (24.9938, 7.5698, -2.3350), (24.9938, 7.7647, -1.5697), (24.9938, 7.8824, -0.7888), (24.9938, 7.9218, 0.0000), (24.9938, 7.8824, 0.7888), (24.9938, 7.7647, 1.5697), (24.9938, 7.5698, 2.3350), (24.9938, 7.2997, 3.0771), (24.9938, 6.9571, 3.7886), (24.9938, 6.5453, 4.4625), (24.9938, 6.0684, 5.0920), (24.9938, 5.5313, 5.6709), (24.9938, 4.9392, 6.1935), (24.9938, 4.2979, 6.6545), (24.9938, 3.6140, 7.0494), (24.9938, 2.8942, 7.3742), (24.9938, 2.1455, 7.6257), (24.9938, 1.3756, 7.8014), (24.9938, 0.5920, 7.8996), (24.9938, -0.1975, 7.9193), (24.9938, -0.9850, 7.8603), (24.9938, -1.7628, 7.7232), (24.9938, -2.5230, 7.5093), (24.9938, -3.2581, 7.2208), (24.9938, -3.9609, 6.8605), (24.9938, -4.6243, 6.4320), (24.9938, -5.2417, 5.9396), (24.9938, -5.8071, 5.3882), (24.9938, -6.3147, 4.7832), (24.9938, -6.7596, 4.1307), (24.9938, -7.1373, 3.4371), (24.9938, -7.4440, 2.7094), (24.9938, -7.6768, 1.9548), (24.9938, -7.8333, 1.1807), (24.9938, -7.9119, 0.3949), (24.9938, -7.9119, -0.3949), (24.9938, -7.8333, -1.1807), (24.9938, -7.6768, -1.9548), (24.9938, -7.4440, -2.7094), (24.9938, -7.1373, -3.4371), (24.9938, -6.7596, -4.1307), (24.9938, -6.3147, -4.7832), (24.9938, -5.8071, -5.3882), (24.9938, -5.2417, -5.9396), (24.9938, -4.6243, -6.4320), (24.9938, -3.9609, -6.8605), (24.9938, -3.2581, -7.2208), (24.9938, -2.5230, -7.5093), (24.9938, -1.7628, -7.7232), (24.9938, -0.9850, -7.8603), (24.9938, -0.1975, -7.9193), (24.9938, 0.5920, -7.8996), (24.9938, 1.3756, -7.8014), (24.9938, 2.1455, -7.6257), (24.9938, 2.8942, -7.3742), (24.9938, 3.6140, -7.0494), (24.9938, 4.2979, -6.6545), (24.9938, 4.9392, -6.1935), (24.9938, 5.5313, -5.6709), (24.9938, 6.0684, -5.0920), (24.9938, 6.5453, -4.4625), (24.9938, 6.9571, -3.7886), (24.9938, 7.2997, -3.0771), (24.9938, 7.5698, -2.3350), (24.9938, 7.7647, -1.5697), (24.9938, 7.8824, -0.7888), (24.9938, 7.9218, 0.0000), (25.0000, 8.0000, 0.0000), (25.0000, 8.0000, 0.0000), (25.0000, 7.9602, 0.7965), (25.0000, 7.8414, 1.5852), (25.0000, 7.6446, 2.3580), (25.0000, 7.3718, 3.1075), (25.0000, 7.0258, 3.8260), (25.0000, 6.6099, 4.5066), (25.0000, 6.1284, 5.1423), (25.0000, 5.5859, 5.7269), (25.0000, 4.9879, 6.2547), (25.0000, 4.3404, 6.7202), (25.0000, 3.6497, 7.1190), (25.0000, 2.9227, 7.4470), (25.0000, 2.1667, 7.7010), (25.0000, 1.3892, 7.8785), (25.0000, 0.5978, 7.9776), (25.0000, -0.1994, 7.9975), (25.0000, -0.9947, 7.9379), (25.0000, -1.7802, 7.7994), (25.0000, -2.5479, 7.5834), (25.0000, -3.2903, 7.2920), (25.0000, -4.0000, 6.9282), (25.0000, -4.6699, 6.4955), (25.0000, -5.2935, 5.9982), (25.0000, -5.8644, 5.4414), (25.0000, -6.3771, 4.8304), (25.0000, -6.8263, 4.1715), (25.0000, -7.2078, 3.4711), (25.0000, -7.5175, 2.7362), (25.0000, -7.7526, 1.9741), (25.0000, -7.9106, 1.1923), (25.0000, -7.9901, 0.3988), (25.0000, -7.9901, -0.3988), (25.0000, -7.9106, -1.1923), (25.0000, -7.7526, -1.9741), (25.0000, -7.5175, -2.7362), (25.0000, -7.2078, -3.4711), (25.0000, -6.8263, -4.1715), (25.0000, -6.3771, -4.8304), (25.0000, -5.8644, -5.4414), (25.0000, -5.2935, -5.9982), (25.0000, -4.6699, -6.4955), (25.0000, -4.0000, -6.9282), (25.0000, -3.2903, -7.2920), (25.0000, -2.5479, -7.5834), (25.0000, -1.7802, -7.7994), (25.0000, -0.9947, -7.9379), (25.0000, -0.1994, -7.9975), (25.0000, 0.5978, -7.9776), (25.0000, 1.3892, -7.8785), (25.0000, 2.1667, -7.7010), (25.0000, 2.9227, -7.4470), (25.0000, 3.6497, -7.1190), (25.0000, 4.3404, -6.7202), (25.0000, 4.9879, -6.2547), (25.0000, 5.5859, -5.7269), (25.0000, 6.1284, -5.1423), (25.0000, 6.6099, -4.5066), (25.0000, 7.0258, -3.8260), (25.0000, 7.3718, -3.1075), (25.0000, 7.6446, -2.3580), (25.0000, 7.8414, -1.5852), (25.0000, 7.9602, -0.7965), (25.0000, 8.5000, 0.0000), (25.0000, 8.4578, 0.8463), (25.0000, 8.3315, 1.6842), (25.0000, 8.1224, 2.5054), (25.0000, 7.8325, 3.3017), (25.0000, 7.4649, 4.0652), (25.0000, 7.0230, 4.7882), (25.0000, 6.5114, 5.4637), (25.0000, 5.9350, 6.0849), (25.0000, 5.2997, 6.6456), (25.0000, 4.6116, 7.1402), (25.0000, 3.8778, 7.5639), (25.0000, 3.1054, 7.9124), (25.0000, 2.3021, 8.1823), (25.0000, 1.4760, 8.3709), (25.0000, 0.6352, 8.4762), (25.0000, -0.2119, 8.4974), (25.0000, -1.0569, 8.4340), (25.0000, -1.8914, 8.2869), (25.0000, -2.7071, 8.0574), (25.0000, -3.4959, 7.7478), (25.0000, -4.2500, 7.3612), (25.0000, -4.9618, 6.9015), (25.0000, -5.6243, 6.3731), (25.0000, -6.2309, 5.7815), (25.0000, -6.7756, 5.1323), (25.0000, -7.2530, 4.4322), (25.0000, -7.6582, 3.6880), (25.0000, -7.9874, 2.9072), (25.0000, -8.2372, 2.0974), (25.0000, -8.4051, 1.2669), (25.0000, -8.4894, 0.4237), (25.0000, -8.4894, -0.4237), (25.0000, -8.4051, -1.2669), (25.0000, -8.2372, -2.0974), (25.0000, -7.9874, -2.9072), (25.0000, -7.6582, -3.6880), (25.0000, -7.2530, -4.4322), (25.0000, -6.7756, -5.1323), (25.0000, -6.2309, -5.7815), (25.0000, -5.6243, -6.3731), (25.0000, -4.9618, -6.9015), (25.0000, -4.2500, -7.3612), (25.0000, -3.4959, -7.7478), (25.0000, -2.7071, -8.0574), (25.0000, -1.8914, -8.2869), (25.0000, -1.0569, -8.4340), (25.0000, -0.2119, -8.4974), (25.0000, 0.6352, -8.4762), (25.0000, 1.4760, -8.3709), (25.0000, 2.3021, -8.1823), (25.0000, 3.1054, -7.9124), (25.0000, 3.8778, -7.5639), (25.0000, 4.6116, -7.1402), (25.0000, 5.2997, -6.6456), (25.0000, 5.9350, -6.0849), (25.0000, 6.5114, -5.4637), (25.0000, 7.0230, -4.7882), (25.0000, 7.4649, -4.0652), (25.0000, 7.8325, -3.3017), (25.0000, 8.1224, -2.5054), (25.0000, 8.3315, -1.6842), (25.0000, 8.4578, -0.8463), (25.0000, 8.0000, 0.0000), (25.0000, 7.9602, 0.7965), (25.0000, 7.8414, 1.5852), (25.0000, 7.6446, 2.3580), (25.0000, 7.3718, 3.1075), (25.0000, 7.0258, 3.8260), (25.0000, 6.6099, 4.5066), (25.0000, 6.1284, 5.1423), (25.0000, 5.5859, 5.7269), (25.0000, 4.9879, 6.2547), (25.0000, 4.3404, 6.7202), (25.0000, 3.6497, 7.1190), (25.0000, 2.9227, 7.4470), (25.0000, 2.1667, 7.7010), (25.0000, 1.3892, 7.8785), (25.0000, 0.5978, 7.9776), (25.0000, -0.1994, 7.9975), (25.0000, -0.9947, 7.9379), (25.0000, -1.7802, 7.7994), (25.0000, -2.5479, 7.5834), (25.0000, -3.2903, 7.2920), (25.0000, -4.0000, 6.9282), (25.0000, -4.6699, 6.4955), (25.0000, -5.2935, 5.9982), (25.0000, -5.8644, 5.4414), (25.0000, -6.3771, 4.8304), (25.0000, -6.8263, 4.1715), (25.0000, -7.2078, 3.4711), (25.0000, -7.5175, 2.7362), (25.0000, -7.7526, 1.9741), (25.0000, -7.9106, 1.1923), (25.0000, -7.9901, 0.3988), (25.0000, -7.9901, -0.3988), (25.0000, -7.9106, -1.1923), (25.0000, -7.7526, -1.9741), (25.0000, -7.5175, -2.7362), (25.0000, -7.2078, -3.4711), (25.0000, -6.8263, -4.1715), (25.0000, -6.3771, -4.8304), (25.0000, -5.8644, -5.4414), (25.0000, -5.2935, -5.9982), (25.0000, -4.6699, -6.4955), (25.0000, -4.0000, -6.9282), (25.0000, -3.2903, -7.2920), (25.0000, -2.5479, -7.5834), (25.0000, -1.7802, -7.7994), (25.0000, -0.9947, -7.9379), (25.0000, -0.1994, -7.9975), (25.0000, 0.5978, -7.9776), (25.0000, 1.3892, -7.8785), (25.0000, 2.1667, -7.7010), (25.0000, 2.9227, -7.4470), (25.0000, 3.6497, -7.1190), (25.0000, 4.3404, -6.7202), (25.0000, 4.9879, -6.2547), (25.0000, 5.5859, -5.7269), (25.0000, 6.1284, -5.1423), (25.0000, 6.6099, -4.5066), (25.0000, 7.0258, -3.8260), (25.0000, 7.3718, -3.1075), (25.0000, 7.6446, -2.3580), (25.0000, 7.8414, -1.5852), (25.0000, 7.9602, -0.7965), (25.0000, 8.5000, 0.0000), (25.0000, 8.4578, 0.8463), (25.0000, 8.3315, 1.6842), (25.0000, 8.1224, 2.5054), (25.0000, 7.8325, 3.3017), (25.0000, 7.4649, 4.0652), (25.0000, 7.0230, 4.7882), (25.0000, 6.5114, 5.4637), (25.0000, 5.9350, 6.0849), (25.0000, 5.2997, 6.6456), (25.0000, 4.6116, 7.1402), (25.0000, 3.8778, 7.5639), (25.0000, 3.1054, 7.9124), (25.0000, 2.3021, 8.1823), (25.0000, 1.4760, 8.3709), (25.0000, 0.6352, 8.4762), (25.0000, -0.2119, 8.4974), (25.0000, -1.0569, 8.4340), (25.0000, -1.8914, 8.2869), (25.0000, -2.7071, 8.0574), (25.0000, -3.4959, 7.7478), (25.0000, -4.2500, 7.3612), (25.0000, -4.9618, 6.9015), (25.0000, -5.6243, 6.3731), (25.0000, -6.2309, 5.7815), (25.0000, -6.7756, 5.1323), (25.0000, -7.2530, 4.4322), (25.0000, -7.6582, 3.6880), (25.0000, -7.9874, 2.9072), (25.0000, -8.2372, 2.0974), (25.0000, -8.4051, 1.2669), (25.0000, -8.4894, 0.4237), (25.0000, -8.4894, -0.4237), (25.0000, -8.4051, -1.2669), (25.0000, -8.2372, -2.0974), (25.0000, -7.9874, -2.9072), (25.0000, -7.6582, -3.6880), (25.0000, -7.2530, -4.4322), (25.0000, -6.7756, -5.1323), (25.0000, -6.2309, -5.7815), (25.0000, -5.6243, -6.3731), (25.0000, -4.9618, -6.9015), (25.0000, -4.2500, -7.3612), (25.0000, -3.4959, -7.7478), (25.0000, -2.7071, -8.0574), (25.0000, -1.8914, -8.2869), (25.0000, -1.0569, -8.4340), (25.0000, -0.2119, -8.4974), (25.0000, 0.6352, -8.4762), (25.0000, 1.4760, -8.3709), (25.0000, 2.3021, -8.1823), (25.0000, 3.1054, -7.9124), (25.0000, 3.8778, -7.5639), (25.0000, 4.6116, -7.1402), (25.0000, 5.2997, -6.6456), (25.0000, 5.9350, -6.0849), (25.0000, 6.5114, -5.4637), (25.0000, 7.0230, -4.7882), (25.0000, 7.4649, -4.0652), (25.0000, 7.8325, -3.3017), (25.0000, 8.1224, -2.5054), (25.0000, 8.3315, -1.6842), (25.0000, 8.4578, -0.8463), (25.0000, 8.5000, 0.0000), (64.0000, 8.5000, 0.0000), (64.0000, 8.5000, 0.0000), (64.0000, 8.4578, 0.8463), (64.0000, 8.3315, 1.6842), (64.0000, 8.1224, 2.5054), (64.0000, 7.8325, 3.3017), (64.0000, 7.4649, 4.0652), (64.0000, 7.0230, 4.7882), (64.0000, 6.5114, 5.4637), (64.0000, 5.9350, 6.0849), (64.0000, 5.2997, 6.6456), (64.0000, 4.6116, 7.1402), (64.0000, 3.8778, 7.5639), (64.0000, 3.1054, 7.9124), (64.0000, 2.3021, 8.1823), (64.0000, 1.4760, 8.3709), (64.0000, 0.6352, 8.4762), (64.0000, -0.2119, 8.4974), (64.0000, -1.0569, 8.4340), (64.0000, -1.8914, 8.2869), (64.0000, -2.7071, 8.0574), (64.0000, -3.4959, 7.7478), (64.0000, -4.2500, 7.3612), (64.0000, -4.9618, 6.9015), (64.0000, -5.6243, 6.3731), (64.0000, -6.2309, 5.7815), (64.0000, -6.7756, 5.1323), (64.0000, -7.2530, 4.4322), (64.0000, -7.6582, 3.6880), (64.0000, -7.9874, 2.9072), (64.0000, -8.2372, 2.0974), (64.0000, -8.4051, 1.2669), (64.0000, -8.4894, 0.4237), (64.0000, -8.4894, -0.4237), (64.0000, -8.4051, -1.2669), (64.0000, -8.2372, -2.0974), (64.0000, -7.9874, -2.9072), (64.0000, -7.6582, -3.6880), (64.0000, -7.2530, -4.4322), (64.0000, -6.7756, -5.1323), (64.0000, -6.2309, -5.7815), (64.0000, -5.6243, -6.3731), (64.0000, -4.9618, -6.9015), (64.0000, -4.2500, -7.3612), (64.0000, -3.4959, -7.7478), (64.0000, -2.7071, -8.0574), (64.0000, -1.8914, -8.2869), (64.0000, -1.0569, -8.4340), (64.0000, -0.2119, -8.4974), (64.0000, 0.6352, -8.4762), (64.0000, 1.4760, -8.3709), (64.0000, 2.3021, -8.1823), (64.0000, 3.1054, -7.9124), (64.0000, 3.8778, -7.5639), (64.0000, 4.6116, -7.1402), (64.0000, 5.2997, -6.6456), (64.0000, 5.9350, -6.0849), (64.0000, 6.5114, -5.4637), (64.0000, 7.0230, -4.7882), (64.0000, 7.4649, -4.0652), (64.0000, 7.8325, -3.3017), (64.0000, 8.1224, -2.5054), (64.0000, 8.3315, -1.6842), (64.0000, 8.4578, -0.8463), (64.0000, 8.5000, 0.0000), (64.0000, 8.4578, 0.8463), (64.0000, 8.3315, 1.6842), (64.0000, 8.1224, 2.5054), (64.0000, 7.8325, 3.3017), (64.0000, 7.4649, 4.0652), (64.0000, 7.0230, 4.7882), (64.0000, 6.5114, 5.4637), (64.0000, 5.9350, 6.0849), (64.0000, 5.2997, 6.6456), (64.0000, 4.6116, 7.1402), (64.0000, 3.8778, 7.5639), (64.0000, 3.1054, 7.9124), (64.0000, 2.3021, 8.1823), (64.0000, 1.4760, 8.3709), (64.0000, 0.6352, 8.4762), (64.0000, -0.2119, 8.4974), (64.0000, -1.0569, 8.4340), (64.0000, -1.8914, 8.2869), (64.0000, -2.7071, 8.0574), (64.0000, -3.4959, 7.7478), (64.0000, -4.2500, 7.3612), (64.0000, -4.9618, 6.9015), (64.0000, -5.6243, 6.3731), (64.0000, -6.2309, 5.7815), (64.0000, -6.7756, 5.1323), (64.0000, -7.2530, 4.4322), (64.0000, -7.6582, 3.6880), (64.0000, -7.9874, 2.9072), (64.0000, -8.2372, 2.0974), (64.0000, -8.4051, 1.2669), (64.0000, -8.4894, 0.4237), (64.0000, -8.4894, -0.4237), (64.0000, -8.4051, -1.2669), (64.0000, -8.2372, -2.0974), (64.0000, -7.9874, -2.9072), (64.0000, -7.6582, -3.6880), (64.0000, -7.2530, -4.4322), (64.0000, -6.7756, -5.1323), (64.0000, -6.2309, -5.7815), (64.0000, -5.6243, -6.3731), (64.0000, -4.9618, -6.9015), (64.0000, -4.2500, -7.3612), (64.0000, -3.4959, -7.7478), (64.0000, -2.7071, -8.0574), (64.0000, -1.8914, -8.2869), (64.0000, -1.0569, -8.4340), (64.0000, -0.2119, -8.4974), (64.0000, 0.6352, -8.4762), (64.0000, 1.4760, -8.3709), (64.0000, 2.3021, -8.1823), (64.0000, 3.1054, -7.9124), (64.0000, 3.8778, -7.5639), (64.0000, 4.6116, -7.1402), (64.0000, 5.2997, -6.6456), (64.0000, 5.9350, -6.0849), (64.0000, 6.5114, -5.4637), (64.0000, 7.0230, -4.7882), (64.0000, 7.4649, -4.0652), (64.0000, 7.8325, -3.3017), (64.0000, 8.1224, -2.5054), (64.0000, 8.3315, -1.6842), (64.0000, 8.4578, -0.8463), (64.0000, 8.5000, 0.0000), (64.1564, 8.5123, 0.0000), (64.1564, 8.5123, 0.0000), (64.1564, 8.4700, 0.8476), (64.1564, 8.3435, 1.6867), (64.1564, 8.1341, 2.5090), (64.1564, 7.8439, 3.3065), (64.1564, 7.4757, 4.0710), (64.1564, 7.0332, 4.7952), (64.1564, 6.5208, 5.4716), (64.1564, 5.9436, 6.0937), (64.1564, 5.3073, 6.6552), (64.1564, 4.6183, 7.1506), (64.1564, 3.8834, 7.5749), (64.1564, 3.1099, 7.9239), (64.1564, 2.3055, 8.1942), (64.1564, 1.4781, 8.3830), (64.1564, 0.6361, 8.4885), (64.1564, -0.2122, 8.5097), (64.1564, -1.0585, 8.4462), (64.1564, -1.8942, 8.2989), (64.1564, -2.7111, 8.0691), (64.1564, -3.5010, 7.7590), (64.1564, -4.2562, 7.3719), (64.1564, -4.9690, 6.9115), (64.1564, -5.6325, 6.3824), (64.1564, -6.2400, 5.7898), (64.1564, -6.7854, 5.1398), (64.1564, -7.2635, 4.4386), (64.1564, -7.6693, 3.6934), (64.1564, -7.9990, 2.9114), (64.1564, -8.2491, 2.1005), (64.1564, -8.4172, 1.2687), (64.1564, -8.5017, 0.4243), (64.1564, -8.5017, -0.4243), (64.1564, -8.4172, -1.2687), (64.1564, -8.2491, -2.1005), (64.1564, -7.9990, -2.9114), (64.1564, -7.6693, -3.6934), (64.1564, -7.2635, -4.4386), (64.1564, -6.7854, -5.1398), (64.1564, -6.2400, -5.7898), (64.1564, -5.6325, -6.3824), (64.1564, -4.9690, -6.9115), (64.1564, -4.2562, -7.3719), (64.1564, -3.5010, -7.7590), (64.1564, -2.7111, -8.0691), (64.1564, -1.8942, -8.2989), (64.1564, -1.0585, -8.4462), (64.1564, -0.2122, -8.5097), (64.1564, 0.6361, -8.4885), (64.1564, 1.4781, -8.3830), (64.1564, 2.3055, -8.1942), (64.1564, 3.1099, -7.9239), (64.1564, 3.8834, -7.5749), (64.1564, 4.6183, -7.1506), (64.1564, 5.3073, -6.6552), (64.1564, 5.9436, -6.0937), (64.1564, 6.5208, -5.4716), (64.1564, 7.0332, -4.7952), (64.1564, 7.4757, -4.0710), (64.1564, 7.8439, -3.3065), (64.1564, 8.1341, -2.5090), (64.1564, 8.3435, -1.6867), (64.1564, 8.4700, -0.8476), (64.1564, 8.5123, 0.0000), (64.1564, 8.4700, 0.8476), (64.1564, 8.3435, 1.6867), (64.1564, 8.1341, 2.5090), (64.1564, 7.8439, 3.3065), (64.1564, 7.4757, 4.0710), (64.1564, 7.0332, 4.7952), (64.1564, 6.5208, 5.4716), (64.1564, 5.9436, 6.0937), (64.1564, 5.3073, 6.6552), (64.1564, 4.6183, 7.1506), (64.1564, 3.8834, 7.5749), (64.1564, 3.1099, 7.9239), (64.1564, 2.3055, 8.1942), (64.1564, 1.4781, 8.3830), (64.1564, 0.6361, 8.4885), (64.1564, -0.2122, 8.5097), (64.1564, -1.0585, 8.4462), (64.1564, -1.8942, 8.2989), (64.1564, -2.7111, 8.0691), (64.1564, -3.5010, 7.7590), (64.1564, -4.2562, 7.3719), (64.1564, -4.9690, 6.9115), (64.1564, -5.6325, 6.3824), (64.1564, -6.2400, 5.7898), (64.1564, -6.7854, 5.1398), (64.1564, -7.2635, 4.4386), (64.1564, -7.6693, 3.6934), (64.1564, -7.9990, 2.9114), (64.1564, -8.2491, 2.1005), (64.1564, -8.4172, 1.2687), (64.1564, -8.5017, 0.4243), (64.1564, -8.5017, -0.4243), (64.1564, -8.4172, -1.2687), (64.1564, -8.2491, -2.1005), (64.1564, -7.9990, -2.9114), (64.1564, -7.6693, -3.6934), (64.1564, -7.2635, -4.4386), (64.1564, -6.7854, -5.1398), (64.1564, -6.2400, -5.7898), (64.1564, -5.6325, -6.3824), (64.1564, -4.9690, -6.9115), (64.1564, -4.2562, -7.3719), (64.1564, -3.5010, -7.7590), (64.1564, -2.7111, -8.0691), (64.1564, -1.8942, -8.2989), (64.1564, -1.0585, -8.4462), (64.1564, -0.2122, -8.5097), (64.1564, 0.6361, -8.4885), (64.1564, 1.4781, -8.3830), (64.1564, 2.3055, -8.1942), (64.1564, 3.1099, -7.9239), (64.1564, 3.8834, -7.5749), (64.1564, 4.6183, -7.1506), (64.1564, 5.3073, -6.6552), (64.1564, 5.9436, -6.0937), (64.1564, 6.5208, -5.4716), (64.1564, 7.0332, -4.7952), (64.1564, 7.4757, -4.0710), (64.1564, 7.8439, -3.3065), (64.1564, 8.1341, -2.5090), (64.1564, 8.3435, -1.6867), (64.1564, 8.4700, -0.8476), (64.1564, 8.5123, 0.0000), (64.3090, 8.5489, 0.0000), (64.3090, 8.5489, 0.0000), (64.3090, 8.5065, 0.8512), (64.3090, 8.3794, 1.6939), (64.3090, 8.1691, 2.5198), (64.3090, 7.8776, 3.3207), (64.3090, 7.5079, 4.0886), (64.3090, 7.0635, 4.8158), (64.3090, 6.5489, 5.4952), (64.3090, 5.9692, 6.1199), (64.3090, 5.3302, 6.6838), (64.3090, 4.6382, 7.1813), (64.3090, 3.9001, 7.6075), (64.3090, 3.1233, 7.9580), (64.3090, 2.3154, 8.2294), (64.3090, 1.4845, 8.4191), (64.3090, 0.6389, 8.5250), (64.3090, -0.2131, 8.5463), (64.3090, -1.0630, 8.4826), (64.3090, -1.9023, 8.3346), (64.3090, -2.7227, 8.1038), (64.3090, -3.5161, 7.7924), (64.3090, -4.2745, 7.4036), (64.3090, -4.9904, 6.9412), (64.3090, -5.6567, 6.4098), (64.3090, -6.2668, 5.8148), (64.3090, -6.8146, 5.1619), (64.3090, -7.2947, 4.4577), (64.3090, -7.7023, 3.7092), (64.3090, -8.0334, 2.9239), (64.3090, -8.2846, 2.1095), (64.3090, -8.4535, 1.2742), (64.3090, -8.5383, 0.4261), (64.3090, -8.5383, -0.4261), (64.3090, -8.4535, -1.2742), (64.3090, -8.2846, -2.1095), (64.3090, -8.0334, -2.9239), (64.3090, -7.7023, -3.7092), (64.3090, -7.2947, -4.4577), (64.3090, -6.8146, -5.1619), (64.3090, -6.2668, -5.8148), (64.3090, -5.6567, -6.4098), (64.3090, -4.9904, -6.9412), (64.3090, -4.2745, -7.4036), (64.3090, -3.5161, -7.7924), (64.3090, -2.7227, -8.1038), (64.3090, -1.9023, -8.3346), (64.3090, -1.0630, -8.4826), (64.3090, -0.2131, -8.5463), (64.3090, 0.6389, -8.5250), (64.3090, 1.4845, -8.4191), (64.3090, 2.3154, -8.2294), (64.3090, 3.1233, -7.9580), (64.3090, 3.9001, -7.6075), (64.3090, 4.6382, -7.1813), (64.3090, 5.3302, -6.6838), (64.3090, 5.9692, -6.1199), (64.3090, 6.5489, -5.4952), (64.3090, 7.0635, -4.8158), (64.3090, 7.5079, -4.0886), (64.3090, 7.8776, -3.3207), (64.3090, 8.1691, -2.5198), (64.3090, 8.3794, -1.6939), (64.3090, 8.5065, -0.8512), (64.3090, 8.5489, 0.0000), (64.3090, 8.5065, 0.8512), (64.3090, 8.3794, 1.6939), (64.3090, 8.1691, 2.5198), (64.3090, 7.8776, 3.3207), (64.3090, 7.5079, 4.0886), (64.3090, 7.0635, 4.8158), (64.3090, 6.5489, 5.4952), (64.3090, 5.9692, 6.1199), (64.3090, 5.3302, 6.6838), (64.3090, 4.6382, 7.1813), (64.3090, 3.9001, 7.6075), (64.3090, 3.1233, 7.9580), (64.3090, 2.3154, 8.2294), (64.3090, 1.4845, 8.4191), (64.3090, 0.6389, 8.5250), (64.3090, -0.2131, 8.5463), (64.3090, -1.0630, 8.4826), (64.3090, -1.9023, 8.3346), (64.3090, -2.7227, 8.1038), (64.3090, -3.5161, 7.7924), (64.3090, -4.2745, 7.4036), (64.3090, -4.9904, 6.9412), (64.3090, -5.6567, 6.4098), (64.3090, -6.2668, 5.8148), (64.3090, -6.8146, 5.1619), (64.3090, -7.2947, 4.4577), (64.3090, -7.7023, 3.7092), (64.3090, -8.0334, 2.9239), (64.3090, -8.2846, 2.1095), (64.3090, -8.4535, 1.2742), (64.3090, -8.5383, 0.4261), (64.3090, -8.5383, -0.4261), (64.3090, -8.4535, -1.2742), (64.3090, -8.2846, -2.1095), (64.3090, -8.0334, -2.9239), (64.3090, -7.7023, -3.7092), (64.3090, -7.2947, -4.4577), (64.3090, -6.8146, -5.1619), (64.3090, -6.2668, -5.8148), (64.3090, -5.6567, -6.4098), (64.3090, -4.9904, -6.9412), (64.3090, -4.2745, -7.4036), (64.3090, -3.5161, -7.7924), (64.3090, -2.7227, -8.1038), (64.3090, -1.9023, -8.3346), (64.3090, -1.0630, -8.4826), (64.3090, -0.2131, -8.5463), (64.3090, 0.6389, -8.5250), (64.3090, 1.4845, -8.4191), (64.3090, 2.3154, -8.2294), (64.3090, 3.1233, -7.9580), (64.3090, 3.9001, -7.6075), (64.3090, 4.6382, -7.1813), (64.3090, 5.3302, -6.6838), (64.3090, 5.9692, -6.1199), (64.3090, 6.5489, -5.4952), (64.3090, 7.0635, -4.8158), (64.3090, 7.5079, -4.0886), (64.3090, 7.8776, -3.3207), (64.3090, 8.1691, -2.5198), (64.3090, 8.3794, -1.6939), (64.3090, 8.5065, -0.8512), (64.3090, 8.5489, 0.0000), (64.4540, 8.6090, 0.0000), (64.4540, 8.6090, 0.0000), (64.4540, 8.5662, 0.8572), (64.4540, 8.4383, 1.7058), (64.4540, 8.2265, 2.5375), (64.4540, 7.9330, 3.3440), (64.4540, 7.5606, 4.1173), (64.4540, 7.1131, 4.8496), (64.4540, 6.5949, 5.5338), (64.4540, 6.0111, 6.1629), (64.4540, 5.3676, 6.7308), (64.4540, 4.6708, 7.2318), (64.4540, 3.9275, 7.6609), (64.4540, 3.1452, 8.0139), (64.4540, 2.3317, 8.2872), (64.4540, 1.4949, 8.4782), (64.4540, 0.6434, 8.5849), (64.4540, -0.2146, 8.6063), (64.4540, -1.0705, 8.5422), (64.4540, -1.9157, 8.3931), (64.4540, -2.7418, 8.1607), (64.4540, -3.5408, 7.8471), (64.4540, -4.3045, 7.4556), (64.4540, -5.0254, 6.9900), (64.4540, -5.6964, 6.4549), (64.4540, -6.3108, 5.8556), (64.4540, -6.8625, 5.1981), (64.4540, -7.3460, 4.4890), (64.4540, -7.7564, 3.7353), (64.4540, -8.0898, 2.9444), (64.4540, -8.3428, 2.1243), (64.4540, -8.5128, 1.2831), (64.4540, -8.5983, 0.4291), (64.4540, -8.5983, -0.4291), (64.4540, -8.5128, -1.2831), (64.4540, -8.3428, -2.1243), (64.4540, -8.0898, -2.9444), (64.4540, -7.7564, -3.7353), (64.4540, -7.3460, -4.4890), (64.4540, -6.8625, -5.1981), (64.4540, -6.3108, -5.8556), (64.4540, -5.6964, -6.4549), (64.4540, -5.0254, -6.9900), (64.4540, -4.3045, -7.4556), (64.4540, -3.5408, -7.8471), (64.4540, -2.7418, -8.1607), (64.4540, -1.9157, -8.3931), (64.4540, -1.0705, -8.5422), (64.4540, -0.2146, -8.6063), (64.4540, 0.6434, -8.5849), (64.4540, 1.4949, -8.4782), (64.4540, 2.3317, -8.2872), (64.4540, 3.1452, -8.0139), (64.4540, 3.9275, -7.6609), (64.4540, 4.6708, -7.2318), (64.4540, 5.3676, -6.7308), (64.4540, 6.0111, -6.1629), (64.4540, 6.5949, -5.5338), (64.4540, 7.1131, -4.8496), (64.4540, 7.5606, -4.1173), (64.4540, 7.9330, -3.3440), (64.4540, 8.2265, -2.5375), (64.4540, 8.4383, -1.7058), (64.4540, 8.5662, -0.8572), (64.4540, 8.6090, 0.0000), (64.4540, 8.5662, 0.8572), (64.4540, 8.4383, 1.7058), (64.4540, 8.2265, 2.5375), (64.4540, 7.9330, 3.3440), (64.4540, 7.5606, 4.1173), (64.4540, 7.1131, 4.8496), (64.4540, 6.5949, 5.5338), (64.4540, 6.0111, 6.1629), (64.4540, 5.3676, 6.7308), (64.4540, 4.6708, 7.2318), (64.4540, 3.9275, 7.6609), (64.4540, 3.1452, 8.0139), (64.4540, 2.3317, 8.2872), (64.4540, 1.4949, 8.4782), (64.4540, 0.6434, 8.5849), (64.4540, -0.2146, 8.6063), (64.4540, -1.0705, 8.5422), (64.4540, -1.9157, 8.3931), (64.4540, -2.7418, 8.1607), (64.4540, -3.5408, 7.8471), (64.4540, -4.3045, 7.4556), (64.4540, -5.0254, 6.9900), (64.4540, -5.6964, 6.4549), (64.4540, -6.3108, 5.8556), (64.4540, -6.8625, 5.1981), (64.4540, -7.3460, 4.4890), (64.4540, -7.7564, 3.7353), (64.4540, -8.0898, 2.9444), (64.4540, -8.3428, 2.1243), (64.4540, -8.5128, 1.2831), (64.4540, -8.5983, 0.4291), (64.4540, -8.5983, -0.4291), (64.4540, -8.5128, -1.2831), (64.4540, -8.3428, -2.1243), (64.4540, -8.0898, -2.9444), (64.4540, -7.7564, -3.7353), (64.4540, -7.3460, -4.4890), (64.4540, -6.8625, -5.1981), (64.4540, -6.3108, -5.8556), (64.4540, -5.6964, -6.4549), (64.4540, -5.0254, -6.9900), (64.4540, -4.3045, -7.4556), (64.4540, -3.5408, -7.8471), (64.4540, -2.7418, -8.1607), (64.4540, -1.9157, -8.3931), (64.4540, -1.0705, -8.5422), (64.4540, -0.2146, -8.6063), (64.4540, 0.6434, -8.5849), (64.4540, 1.4949, -8.4782), (64.4540, 2.3317, -8.2872), (64.4540, 3.1452, -8.0139), (64.4540, 3.9275, -7.6609), (64.4540, 4.6708, -7.2318), (64.4540, 5.3676, -6.7308), (64.4540, 6.0111, -6.1629), (64.4540, 6.5949, -5.5338), (64.4540, 7.1131, -4.8496), (64.4540, 7.5606, -4.1173), (64.4540, 7.9330, -3.3440), (64.4540, 8.2265, -2.5375), (64.4540, 8.4383, -1.7058), (64.4540, 8.5662, -0.8572), (64.4540, 8.6090, 0.0000), (64.5878, 8.6910, 0.0000), (64.5878, 8.6910, 0.0000), (64.5878, 8.6478, 0.8653), (64.5878, 8.5187, 1.7221), (64.5878, 8.3049, 2.5617), (64.5878, 8.0085, 3.3759), (64.5878, 7.6326, 4.1565), (64.5878, 7.1808, 4.8958), (64.5878, 6.6577, 5.5865), (64.5878, 6.0684, 6.2216), (64.5878, 5.4187, 6.7949), (64.5878, 4.7153, 7.3007), (64.5878, 3.9649, 7.7339), (64.5878, 3.1752, 8.0902), (64.5878, 2.3539, 8.3662), (64.5878, 1.5092, 8.5589), (64.5878, 0.6495, 8.6667), (64.5878, -0.2167, 8.6883), (64.5878, -1.0807, 8.6235), (64.5878, -1.9339, 8.4731), (64.5878, -2.7680, 8.2384), (64.5878, -3.5745, 7.9219), (64.5878, -4.3455, 7.5266), (64.5878, -5.0733, 7.0565), (64.5878, -5.7507, 6.5163), (64.5878, -6.3709, 5.9114), (64.5878, -6.9279, 5.2477), (64.5878, -7.4159, 4.5318), (64.5878, -7.8303, 3.7709), (64.5878, -8.1669, 2.9725), (64.5878, -8.4222, 2.1446), (64.5878, -8.5939, 1.2953), (64.5878, -8.6802, 0.4332), (64.5878, -8.6802, -0.4332), (64.5878, -8.5939, -1.2953), (64.5878, -8.4222, -2.1446), (64.5878, -8.1669, -2.9725), (64.5878, -7.8303, -3.7709), (64.5878, -7.4159, -4.5318), (64.5878, -6.9279, -5.2477), (64.5878, -6.3709, -5.9114), (64.5878, -5.7507, -6.5163), (64.5878, -5.0733, -7.0565), (64.5878, -4.3455, -7.5266), (64.5878, -3.5745, -7.9219), (64.5878, -2.7680, -8.2384), (64.5878, -1.9339, -8.4731), (64.5878, -1.0807, -8.6235), (64.5878, -0.2167, -8.6883), (64.5878, 0.6495, -8.6667), (64.5878, 1.5092, -8.5589), (64.5878, 2.3539, -8.3662), (64.5878, 3.1752, -8.0902), (64.5878, 3.9649, -7.7339), (64.5878, 4.7153, -7.3007), (64.5878, 5.4187, -6.7949), (64.5878, 6.0684, -6.2216), (64.5878, 6.6577, -5.5865), (64.5878, 7.1808, -4.8958), (64.5878, 7.6326, -4.1565), (64.5878, 8.0085, -3.3759), (64.5878, 8.3049, -2.5617), (64.5878, 8.5187, -1.7221), (64.5878, 8.6478, -0.8653), (64.5878, 8.6910, 0.0000), (64.5878, 8.6478, 0.8653), (64.5878, 8.5187, 1.7221), (64.5878, 8.3049, 2.5617), (64.5878, 8.0085, 3.3759), (64.5878, 7.6326, 4.1565), (64.5878, 7.1808, 4.8958), (64.5878, 6.6577, 5.5865), (64.5878, 6.0684, 6.2216), (64.5878, 5.4187, 6.7949), (64.5878, 4.7153, 7.3007), (64.5878, 3.9649, 7.7339), (64.5878, 3.1752, 8.0902), (64.5878, 2.3539, 8.3662), (64.5878, 1.5092, 8.5589), (64.5878, 0.6495, 8.6667), (64.5878, -0.2167, 8.6883), (64.5878, -1.0807, 8.6235), (64.5878, -1.9339, 8.4731), (64.5878, -2.7680, 8.2384), (64.5878, -3.5745, 7.9219), (64.5878, -4.3455, 7.5266), (64.5878, -5.0733, 7.0565), (64.5878, -5.7507, 6.5163), (64.5878, -6.3709, 5.9114), (64.5878, -6.9279, 5.2477), (64.5878, -7.4159, 4.5318), (64.5878, -7.8303, 3.7709), (64.5878, -8.1669, 2.9725), (64.5878, -8.4222, 2.1446), (64.5878, -8.5939, 1.2953), (64.5878, -8.6802, 0.4332), (64.5878, -8.6802, -0.4332), (64.5878, -8.5939, -1.2953), (64.5878, -8.4222, -2.1446), (64.5878, -8.1669, -2.9725), (64.5878, -7.8303, -3.7709), (64.5878, -7.4159, -4.5318), (64.5878, -6.9279, -5.2477), (64.5878, -6.3709, -5.9114), (64.5878, -5.7507, -6.5163), (64.5878, -5.0733, -7.0565), (64.5878, -4.3455, -7.5266), (64.5878, -3.5745, -7.9219), (64.5878, -2.7680, -8.2384), (64.5878, -1.9339, -8.4731), (64.5878, -1.0807, -8.6235), (64.5878, -0.2167, -8.6883), (64.5878, 0.6495, -8.6667), (64.5878, 1.5092, -8.5589), (64.5878, 2.3539, -8.3662), (64.5878, 3.1752, -8.0902), (64.5878, 3.9649, -7.7339), (64.5878, 4.7153, -7.3007), (64.5878, 5.4187, -6.7949), (64.5878, 6.0684, -6.2216), (64.5878, 6.6577, -5.5865), (64.5878, 7.1808, -4.8958), (64.5878, 7.6326, -4.1565), (64.5878, 8.0085, -3.3759), (64.5878, 8.3049, -2.5617), (64.5878, 8.5187, -1.7221), (64.5878, 8.6478, -0.8653), (64.5878, 8.6910, 0.0000), (64.7071, 8.7929, 0.0000), (64.7071, 8.7929, 0.0000), (64.7071, 8.7492, 0.8755), (64.7071, 8.6186, 1.7423), (64.7071, 8.4022, 2.5918), (64.7071, 8.1024, 3.4155), (64.7071, 7.7221, 4.2052), (64.7071, 7.2650, 4.9532), (64.7071, 6.7357, 5.6520), (64.7071, 6.1395, 6.2945), (64.7071, 5.4823, 6.8746), (64.7071, 4.7706, 7.3863), (64.7071, 4.0114, 7.8245), (64.7071, 3.2124, 8.1851), (64.7071, 2.3815, 8.4643), (64.7071, 1.5269, 8.6593), (64.7071, 0.6571, 8.7683), (64.7071, -0.2192, 8.7902), (64.7071, -1.0933, 8.7247), (64.7071, -1.9566, 8.5724), (64.7071, -2.8004, 8.3350), (64.7071, -3.6164, 8.0148), (64.7071, -4.3964, 7.6149), (64.7071, -5.1328, 7.1393), (64.7071, -5.8181, 6.5927), (64.7071, -6.4456, 5.9807), (64.7071, -7.0091, 5.3092), (64.7071, -7.5029, 4.5849), (64.7071, -7.9221, 3.8151), (64.7071, -8.2626, 3.0073), (64.7071, -8.5210, 2.1697), (64.7071, -8.6947, 1.3105), (64.7071, -8.7820, 0.4383), (64.7071, -8.7820, -0.4383), (64.7071, -8.6947, -1.3105), (64.7071, -8.5210, -2.1697), (64.7071, -8.2626, -3.0073), (64.7071, -7.9221, -3.8151), (64.7071, -7.5029, -4.5849), (64.7071, -7.0091, -5.3092), (64.7071, -6.4456, -5.9807), (64.7071, -5.8181, -6.5927), (64.7071, -5.1328, -7.1393), (64.7071, -4.3964, -7.6149), (64.7071, -3.6164, -8.0148), (64.7071, -2.8004, -8.3350), (64.7071, -1.9566, -8.5724), (64.7071, -1.0933, -8.7247), (64.7071, -0.2192, -8.7902), (64.7071, 0.6571, -8.7683), (64.7071, 1.5269, -8.6593), (64.7071, 2.3815, -8.4643), (64.7071, 3.2124, -8.1851), (64.7071, 4.0114, -7.8245), (64.7071, 4.7706, -7.3863), (64.7071, 5.4823, -6.8746), (64.7071, 6.1395, -6.2945), (64.7071, 6.7357, -5.6520), (64.7071, 7.2650, -4.9532), (64.7071, 7.7221, -4.2052), (64.7071, 8.1024, -3.4155), (64.7071, 8.4022, -2.5918), (64.7071, 8.6186, -1.7423), (64.7071, 8.7492, -0.8755), (64.7071, 8.7929, 0.0000), (64.7071, 8.7492, 0.8755), (64.7071, 8.6186, 1.7423), (64.7071, 8.4022, 2.5918), (64.7071, 8.1024, 3.4155), (64.7071, 7.7221, 4.2052), (64.7071, 7.2650, 4.9532), (64.7071, 6.7357, 5.6520), (64.7071, 6.1395, 6.2945), (64.7071, 5.4823, 6.8746), (64.7071, 4.7706, 7.3863), (64.7071, 4.0114, 7.8245), (64.7071, 3.2124, 8.1851), (64.7071, 2.3815, 8.4643), (64.7071, 1.5269, 8.6593), (64.7071, 0.6571, 8.7683), (64.7071, -0.2192, 8.7902), (64.7071, -1.0933, 8.7247), (64.7071, -1.9566, 8.5724), (64.7071, -2.8004, 8.3350), (64.7071, -3.6164, 8.0148), (64.7071, -4.3964, 7.6149), (64.7071, -5.1328, 7.1393), (64.7071, -5.8181, 6.5927), (64.7071, -6.4456, 5.9807), (64.7071, -7.0091, 5.3092), (64.7071, -7.5029, 4.5849), (64.7071, -7.9221, 3.8151), (64.7071, -8.2626, 3.0073), (64.7071, -8.5210, 2.1697), (64.7071, -8.6947, 1.3105), (64.7071, -8.7820, 0.4383), (64.7071, -8.7820, -0.4383), (64.7071, -8.6947, -1.3105), (64.7071, -8.5210, -2.1697), (64.7071, -8.2626, -3.0073), (64.7071, -7.9221, -3.8151), (64.7071, -7.5029, -4.5849), (64.7071, -7.0091, -5.3092), (64.7071, -6.4456, -5.9807), (64.7071, -5.8181, -6.5927), (64.7071, -5.1328, -7.1393), (64.7071, -4.3964, -7.6149), (64.7071, -3.6164, -8.0148), (64.7071, -2.8004, -8.3350), (64.7071, -1.9566, -8.5724), (64.7071, -1.0933, -8.7247), (64.7071, -0.2192, -8.7902), (64.7071, 0.6571, -8.7683), (64.7071, 1.5269, -8.6593), (64.7071, 2.3815, -8.4643), (64.7071, 3.2124, -8.1851), (64.7071, 4.0114, -7.8245), (64.7071, 4.7706, -7.3863), (64.7071, 5.4823, -6.8746), (64.7071, 6.1395, -6.2945), (64.7071, 6.7357, -5.6520), (64.7071, 7.2650, -4.9532), (64.7071, 7.7221, -4.2052), (64.7071, 8.1024, -3.4155), (64.7071, 8.4022, -2.5918), (64.7071, 8.6186, -1.7423), (64.7071, 8.7492, -0.8755), (64.7071, 8.7929, 0.0000), (64.8090, 8.9122, 0.0000), (64.8090, 8.9122, 0.0000), (64.8090, 8.8679, 0.8874), (64.8090, 8.7355, 1.7659), (64.8090, 8.5163, 2.6269), (64.8090, 8.2124, 3.4618), (64.8090, 7.8269, 4.2623), (64.8090, 7.3636, 5.0204), (64.8090, 6.8272, 5.7287), (64.8090, 6.2228, 6.3800), (64.8090, 5.5567, 6.9679), (64.8090, 4.8353, 7.4865), (64.8090, 4.0658, 7.9307), (64.8090, 3.2560, 8.2961), (64.8090, 2.4138, 8.5791), (64.8090, 1.5476, 8.7768), (64.8090, 0.6660, 8.8873), (64.8090, -0.2222, 8.9094), (64.8090, -1.1082, 8.8430), (64.8090, -1.9832, 8.6888), (64.8090, -2.8384, 8.4481), (64.8090, -3.6655, 8.1235), (64.8090, -4.4561, 7.7182), (64.8090, -5.2024, 7.2362), (64.8090, -5.8971, 6.6822), (64.8090, -6.5331, 6.0618), (64.8090, -7.1042, 5.3812), (64.8090, -7.6047, 4.6471), (64.8090, -8.0296, 3.8669), (64.8090, -8.3747, 3.0482), (64.8090, -8.6366, 2.1992), (64.8090, -8.8127, 1.3283), (64.8090, -8.9011, 0.4442), (64.8090, -8.9011, -0.4442), (64.8090, -8.8127, -1.3283), (64.8090, -8.6366, -2.1992), (64.8090, -8.3747, -3.0482), (64.8090, -8.0296, -3.8669), (64.8090, -7.6047, -4.6471), (64.8090, -7.1042, -5.3812), (64.8090, -6.5331, -6.0618), (64.8090, -5.8971, -6.6822), (64.8090, -5.2024, -7.2362), (64.8090, -4.4561, -7.7182), (64.8090, -3.6655, -8.1235), (64.8090, -2.8384, -8.4481), (64.8090, -1.9832, -8.6888), (64.8090, -1.1082, -8.8430), (64.8090, -0.2222, -8.9094), (64.8090, 0.6660, -8.8873), (64.8090, 1.5476, -8.7768), (64.8090, 2.4138, -8.5791), (64.8090, 3.2560, -8.2961), (64.8090, 4.0658, -7.9307), (64.8090, 4.8353, -7.4865), (64.8090, 5.5567, -6.9679), (64.8090, 6.2228, -6.3800), (64.8090, 6.8272, -5.7287), (64.8090, 7.3636, -5.0204), (64.8090, 7.8269, -4.2623), (64.8090, 8.2124, -3.4618), (64.8090, 8.5163, -2.6269), (64.8090, 8.7355, -1.7659), (64.8090, 8.8679, -0.8874), (64.8090, 8.9122, 0.0000), (64.8090, 8.8679, 0.8874), (64.8090, 8.7355, 1.7659), (64.8090, 8.5163, 2.6269), (64.8090, 8.2124, 3.4618), (64.8090, 7.8269, 4.2623), (64.8090, 7.3636, 5.0204), (64.8090, 6.8272, 5.7287), (64.8090, 6.2228, 6.3800), (64.8090, 5.5567, 6.9679), (64.8090, 4.8353, 7.4865), (64.8090, 4.0658, 7.9307), (64.8090, 3.2560, 8.2961), (64.8090, 2.4138, 8.5791), (64.8090, 1.5476, 8.7768), (64.8090, 0.6660, 8.8873), (64.8090, -0.2222, 8.9094), (64.8090, -1.1082, 8.8430), (64.8090, -1.9832, 8.6888), (64.8090, -2.8384, 8.4481), (64.8090, -3.6655, 8.1235), (64.8090, -4.4561, 7.7182), (64.8090, -5.2024, 7.2362), (64.8090, -5.8971, 6.6822), (64.8090, -6.5331, 6.0618), (64.8090, -7.1042, 5.3812), (64.8090, -7.6047, 4.6471), (64.8090, -8.0296, 3.8669), (64.8090, -8.3747, 3.0482), (64.8090, -8.6366, 2.1992), (64.8090, -8.8127, 1.3283), (64.8090, -8.9011, 0.4442), (64.8090, -8.9011, -0.4442), (64.8090, -8.8127, -1.3283), (64.8090, -8.6366, -2.1992), (64.8090, -8.3747, -3.0482), (64.8090, -8.0296, -3.8669), (64.8090, -7.6047, -4.6471), (64.8090, -7.1042, -5.3812), (64.8090, -6.5331, -6.0618), (64.8090, -5.8971, -6.6822), (64.8090, -5.2024, -7.2362), (64.8090, -4.4561, -7.7182), (64.8090, -3.6655, -8.1235), (64.8090, -2.8384, -8.4481), (64.8090, -1.9832, -8.6888), (64.8090, -1.1082, -8.8430), (64.8090, -0.2222, -8.9094), (64.8090, 0.6660, -8.8873), (64.8090, 1.5476, -8.7768), (64.8090, 2.4138, -8.5791), (64.8090, 3.2560, -8.2961), (64.8090, 4.0658, -7.9307), (64.8090, 4.8353, -7.4865), (64.8090, 5.5567, -6.9679), (64.8090, 6.2228, -6.3800), (64.8090, 6.8272, -5.7287), (64.8090, 7.3636, -5.0204), (64.8090, 7.8269, -4.2623), (64.8090, 8.2124, -3.4618), (64.8090, 8.5163, -2.6269), (64.8090, 8.7355, -1.7659), (64.8090, 8.8679, -0.8874), (64.8090, 8.9122, 0.0000), (64.8910, 9.0460, 0.0000), (64.8910, 9.0460, 0.0000), (64.8910, 9.0011, 0.9007), (64.8910, 8.8666, 1.7924), (64.8910, 8.6441, 2.6664), (64.8910, 8.3357, 3.5138), (64.8910, 7.9444, 4.3263), (64.8910, 7.4742, 5.0958), (64.8910, 6.9296, 5.8147), (64.8910, 6.3163, 6.4757), (64.8910, 5.6401, 7.0725), (64.8910, 4.9079, 7.5989), (64.8910, 4.1269, 8.0498), (64.8910, 3.3049, 8.4207), (64.8910, 2.4500, 8.7079), (64.8910, 1.5708, 8.9086), (64.8910, 0.6760, 9.0207), (64.8910, -0.2255, 9.0432), (64.8910, -1.1248, 8.9758), (64.8910, -2.0129, 8.8192), (64.8910, -2.8810, 8.5750), (64.8910, -3.7205, 8.2455), (64.8910, -4.5230, 7.8341), (64.8910, -5.2806, 7.3448), (64.8910, -5.9856, 6.7825), (64.8910, -6.6312, 6.1528), (64.8910, -7.2109, 5.4620), (64.8910, -7.7189, 4.7169), (64.8910, -8.1502, 3.9249), (64.8910, -8.5005, 3.0939), (64.8910, -8.7663, 2.2322), (64.8910, -8.9450, 1.3482), (64.8910, -9.0348, 0.4509), (64.8910, -9.0348, -0.4509), (64.8910, -8.9450, -1.3482), (64.8910, -8.7663, -2.2322), (64.8910, -8.5005, -3.0939), (64.8910, -8.1502, -3.9249), (64.8910, -7.7189, -4.7169), (64.8910, -7.2109, -5.4620), (64.8910, -6.6312, -6.1528), (64.8910, -5.9856, -6.7825), (64.8910, -5.2806, -7.3448), (64.8910, -4.5230, -7.8341), (64.8910, -3.7205, -8.2455), (64.8910, -2.8810, -8.5750), (64.8910, -2.0129, -8.8192), (64.8910, -1.1248, -8.9758), (64.8910, -0.2255, -9.0432), (64.8910, 0.6760, -9.0207), (64.8910, 1.5708, -8.9086), (64.8910, 2.4500, -8.7079), (64.8910, 3.3049, -8.4207), (64.8910, 4.1269, -8.0498), (64.8910, 4.9079, -7.5989), (64.8910, 5.6401, -7.0725), (64.8910, 6.3163, -6.4757), (64.8910, 6.9296, -5.8147), (64.8910, 7.4742, -5.0958), (64.8910, 7.9444, -4.3263), (64.8910, 8.3357, -3.5138), (64.8910, 8.6441, -2.6664), (64.8910, 8.8666, -1.7924), (64.8910, 9.0011, -0.9007), (64.8910, 9.0460, 0.0000), (64.8910, 9.0011, 0.9007), (64.8910, 8.8666, 1.7924), (64.8910, 8.6441, 2.6664), (64.8910, 8.3357, 3.5138), (64.8910, 7.9444, 4.3263), (64.8910, 7.4742, 5.0958), (64.8910, 6.9296, 5.8147), (64.8910, 6.3163, 6.4757), (64.8910, 5.6401, 7.0725), (64.8910, 4.9079, 7.5989), (64.8910, 4.1269, 8.0498), (64.8910, 3.3049, 8.4207), (64.8910, 2.4500, 8.7079), (64.8910, 1.5708, 8.9086), (64.8910, 0.6760, 9.0207), (64.8910, -0.2255, 9.0432), (64.8910, -1.1248, 8.9758), (64.8910, -2.0129, 8.8192), (64.8910, -2.8810, 8.5750), (64.8910, -3.7205, 8.2455), (64.8910, -4.5230, 7.8341), (64.8910, -5.2806, 7.3448), (64.8910, -5.9856, 6.7825), (64.8910, -6.6312, 6.1528), (64.8910, -7.2109, 5.4620), (64.8910, -7.7189, 4.7169), (64.8910, -8.1502, 3.9249), (64.8910, -8.5005, 3.0939), (64.8910, -8.7663, 2.2322), (64.8910, -8.9450, 1.3482), (64.8910, -9.0348, 0.4509), (64.8910, -9.0348, -0.4509), (64.8910, -8.9450, -1.3482), (64.8910, -8.7663, -2.2322), (64.8910, -8.5005, -3.0939), (64.8910, -8.1502, -3.9249), (64.8910, -7.7189, -4.7169), (64.8910, -7.2109, -5.4620), (64.8910, -6.6312, -6.1528), (64.8910, -5.9856, -6.7825), (64.8910, -5.2806, -7.3448), (64.8910, -4.5230, -7.8341), (64.8910, -3.7205, -8.2455), (64.8910, -2.8810, -8.5750), (64.8910, -2.0129, -8.8192), (64.8910, -1.1248, -8.9758), (64.8910, -0.2255, -9.0432), (64.8910, 0.6760, -9.0207), (64.8910, 1.5708, -8.9086), (64.8910, 2.4500, -8.7079), (64.8910, 3.3049, -8.4207), (64.8910, 4.1269, -8.0498), (64.8910, 4.9079, -7.5989), (64.8910, 5.6401, -7.0725), (64.8910, 6.3163, -6.4757), (64.8910, 6.9296, -5.8147), (64.8910, 7.4742, -5.0958), (64.8910, 7.9444, -4.3263), (64.8910, 8.3357, -3.5138), (64.8910, 8.6441, -2.6664), (64.8910, 8.8666, -1.7924), (64.8910, 9.0011, -0.9007), (64.8910, 9.0460, 0.0000), (64.9511, 9.1910, 0.0000), (64.9511, 9.1910, 0.0000), (64.9511, 9.1453, 0.9151), (64.9511, 9.0087, 1.8212), (64.9511, 8.7827, 2.7091), (64.9511, 8.4693, 3.5701), (64.9511, 8.0717, 4.3956), (64.9511, 7.5939, 5.1775), (64.9511, 7.0407, 5.9078), (64.9511, 6.4175, 6.5795), (64.9511, 5.7305, 7.1858), (64.9511, 4.9865, 7.7207), (64.9511, 4.1930, 8.1788), (64.9511, 3.3578, 8.5556), (64.9511, 2.4893, 8.8475), (64.9511, 1.5960, 9.0514), (64.9511, 0.6868, 9.1653), (64.9511, -0.2291, 9.1881), (64.9511, -1.1428, 9.1197), (64.9511, -2.0452, 8.9605), (64.9511, -2.9272, 8.7124), (64.9511, -3.7801, 8.3776), (64.9511, -4.5955, 7.9596), (64.9511, -5.3652, 7.4625), (64.9511, -6.0815, 6.8912), (64.9511, -6.7375, 6.2515), (64.9511, -7.3264, 5.5496), (64.9511, -7.8426, 4.7925), (64.9511, -8.2808, 3.9878), (64.9511, -8.6367, 3.1435), (64.9511, -8.9068, 2.2679), (64.9511, -9.0883, 1.3698), (64.9511, -9.1796, 0.4581), (64.9511, -9.1796, -0.4581), (64.9511, -9.0883, -1.3698), (64.9511, -8.9068, -2.2679), (64.9511, -8.6367, -3.1435), (64.9511, -8.2808, -3.9878), (64.9511, -7.8426, -4.7925), (64.9511, -7.3264, -5.5496), (64.9511, -6.7375, -6.2515), (64.9511, -6.0815, -6.8912), (64.9511, -5.3652, -7.4625), (64.9511, -4.5955, -7.9596), (64.9511, -3.7801, -8.3776), (64.9511, -2.9272, -8.7124), (64.9511, -2.0452, -8.9605), (64.9511, -1.1428, -9.1197), (64.9511, -0.2291, -9.1881), (64.9511, 0.6868, -9.1653), (64.9511, 1.5960, -9.0514), (64.9511, 2.4893, -8.8475), (64.9511, 3.3578, -8.5556), (64.9511, 4.1930, -8.1788), (64.9511, 4.9865, -7.7207), (64.9511, 5.7305, -7.1858), (64.9511, 6.4175, -6.5795), (64.9511, 7.0407, -5.9078), (64.9511, 7.5939, -5.1775), (64.9511, 8.0717, -4.3956), (64.9511, 8.4693, -3.5701), (64.9511, 8.7827, -2.7091), (64.9511, 9.0087, -1.8212), (64.9511, 9.1453, -0.9151), (64.9511, 9.1910, 0.0000), (64.9511, 9.1453, 0.9151), (64.9511, 9.0087, 1.8212), (64.9511, 8.7827, 2.7091), (64.9511, 8.4693, 3.5701), (64.9511, 8.0717, 4.3956), (64.9511, 7.5939, 5.1775), (64.9511, 7.0407, 5.9078), (64.9511, 6.4175, 6.5795), (64.9511, 5.7305, 7.1858), (64.9511, 4.9865, 7.7207), (64.9511, 4.1930, 8.1788), (64.9511, 3.3578, 8.5556), (64.9511, 2.4893, 8.8475), (64.9511, 1.5960, 9.0514), (64.9511, 0.6868, 9.1653), (64.9511, -0.2291, 9.1881), (64.9511, -1.1428, 9.1197), (64.9511, -2.0452, 8.9605), (64.9511, -2.9272, 8.7124), (64.9511, -3.7801, 8.3776), (64.9511, -4.5955, 7.9596), (64.9511, -5.3652, 7.4625), (64.9511, -6.0815, 6.8912), (64.9511, -6.7375, 6.2515), (64.9511, -7.3264, 5.5496), (64.9511, -7.8426, 4.7925), (64.9511, -8.2808, 3.9878), (64.9511, -8.6367, 3.1435), (64.9511, -8.9068, 2.2679), (64.9511, -9.0883, 1.3698), (64.9511, -9.1796, 0.4581), (64.9511, -9.1796, -0.4581), (64.9511, -9.0883, -1.3698), (64.9511, -8.9068, -2.2679), (64.9511, -8.6367, -3.1435), (64.9511, -8.2808, -3.9878), (64.9511, -7.8426, -4.7925), (64.9511, -7.3264, -5.5496), (64.9511, -6.7375, -6.2515), (64.9511, -6.0815, -6.8912), (64.9511, -5.3652, -7.4625), (64.9511, -4.5955, -7.9596), (64.9511, -3.7801, -8.3776), (64.9511, -2.9272, -8.7124), (64.9511, -2.0452, -8.9605), (64.9511, -1.1428, -9.1197), (64.9511, -0.2291, -9.1881), (64.9511, 0.6868, -9.1653), (64.9511, 1.5960, -9.0514), (64.9511, 2.4893, -8.8475), (64.9511, 3.3578, -8.5556), (64.9511, 4.1930, -8.1788), (64.9511, 4.9865, -7.7207), (64.9511, 5.7305, -7.1858), (64.9511, 6.4175, -6.5795), (64.9511, 7.0407, -5.9078), (64.9511, 7.5939, -5.1775), (64.9511, 8.0717, -4.3956), (64.9511, 8.4693, -3.5701), (64.9511, 8.7827, -2.7091), (64.9511, 9.0087, -1.8212), (64.9511, 9.1453, -0.9151), (64.9511, 9.1910, 0.0000), (64.9877, 9.3436, 0.0000), (64.9877, 9.3436, 0.0000), (64.9877, 9.2971, 0.9303), (64.9877, 9.1583, 1.8514), (64.9877, 8.9285, 2.7541), (64.9877, 8.6099, 3.6294), (64.9877, 8.2057, 4.4686), (64.9877, 7.7200, 5.2634), (64.9877, 7.1576, 6.0059), (64.9877, 6.5240, 6.6887), (64.9877, 5.8256, 7.3051), (64.9877, 5.0693, 7.8488), (64.9877, 4.2626, 8.3146), (64.9877, 3.4136, 8.6977), (64.9877, 2.5306, 8.9943), (64.9877, 1.6225, 9.2016), (64.9877, 0.6982, 9.3174), (64.9877, -0.2329, 9.3407), (64.9877, -1.1618, 9.2711), (64.9877, -2.0791, 9.1093), (64.9877, -2.9758, 8.8570), (64.9877, -3.8429, 8.5167), (64.9877, -4.6718, 8.0918), (64.9877, -5.4542, 7.5864), (64.9877, -6.1825, 7.0056), (64.9877, -6.8493, 6.3552), (64.9877, -7.4481, 5.6417), (64.9877, -7.9728, 4.8721), (64.9877, -8.4183, 4.0540), (64.9877, -8.7801, 3.1957), (64.9877, -9.0546, 2.3056), (64.9877, -9.2392, 1.3926), (64.9877, -9.3320, 0.4657), (64.9877, -9.3320, -0.4657), (64.9877, -9.2392, -1.3926), (64.9877, -9.0546, -2.3056), (64.9877, -8.7801, -3.1957), (64.9877, -8.4183, -4.0540), (64.9877, -7.9728, -4.8721), (64.9877, -7.4481, -5.6417), (64.9877, -6.8493, -6.3552), (64.9877, -6.1825, -7.0056), (64.9877, -5.4542, -7.5864), (64.9877, -4.6718, -8.0918), (64.9877, -3.8429, -8.5167), (64.9877, -2.9758, -8.8570), (64.9877, -2.0791, -9.1093), (64.9877, -1.1618, -9.2711), (64.9877, -0.2329, -9.3407), (64.9877, 0.6982, -9.3174), (64.9877, 1.6225, -9.2016), (64.9877, 2.5306, -8.9943), (64.9877, 3.4136, -8.6977), (64.9877, 4.2626, -8.3146), (64.9877, 5.0693, -7.8488), (64.9877, 5.8256, -7.3051), (64.9877, 6.5240, -6.6887), (64.9877, 7.1576, -6.0059), (64.9877, 7.7200, -5.2634), (64.9877, 8.2057, -4.4686), (64.9877, 8.6099, -3.6294), (64.9877, 8.9285, -2.7541), (64.9877, 9.1583, -1.8514), (64.9877, 9.2971, -0.9303), (64.9877, 9.3436, 0.0000), (64.9877, 9.2971, 0.9303), (64.9877, 9.1583, 1.8514), (64.9877, 8.9285, 2.7541), (64.9877, 8.6099, 3.6294), (64.9877, 8.2057, 4.4686), (64.9877, 7.7200, 5.2634), (64.9877, 7.1576, 6.0059), (64.9877, 6.5240, 6.6887), (64.9877, 5.8256, 7.3051), (64.9877, 5.0693, 7.8488), (64.9877, 4.2626, 8.3146), (64.9877, 3.4136, 8.6977), (64.9877, 2.5306, 8.9943), (64.9877, 1.6225, 9.2016), (64.9877, 0.6982, 9.3174), (64.9877, -0.2329, 9.3407), (64.9877, -1.1618, 9.2711), (64.9877, -2.0791, 9.1093), (64.9877, -2.9758, 8.8570), (64.9877, -3.8429, 8.5167), (64.9877, -4.6718, 8.0918), (64.9877, -5.4542, 7.5864), (64.9877, -6.1825, 7.0056), (64.9877, -6.8493, 6.3552), (64.9877, -7.4481, 5.6417), (64.9877, -7.9728, 4.8721), (64.9877, -8.4183, 4.0540), (64.9877, -8.7801, 3.1957), (64.9877, -9.0546, 2.3056), (64.9877, -9.2392, 1.3926), (64.9877, -9.3320, 0.4657), (64.9877, -9.3320, -0.4657), (64.9877, -9.2392, -1.3926), (64.9877, -9.0546, -2.3056), (64.9877, -8.7801, -3.1957), (64.9877, -8.4183, -4.0540), (64.9877, -7.9728, -4.8721), (64.9877, -7.4481, -5.6417), (64.9877, -6.8493, -6.3552), (64.9877, -6.1825, -7.0056), (64.9877, -5.4542, -7.5864), (64.9877, -4.6718, -8.0918), (64.9877, -3.8429, -8.5167), (64.9877, -2.9758, -8.8570), (64.9877, -2.0791, -9.1093), (64.9877, -1.1618, -9.2711), (64.9877, -0.2329, -9.3407), (64.9877, 0.6982, -9.3174), (64.9877, 1.6225, -9.2016), (64.9877, 2.5306, -8.9943), (64.9877, 3.4136, -8.6977), (64.9877, 4.2626, -8.3146), (64.9877, 5.0693, -7.8488), (64.9877, 5.8256, -7.3051), (64.9877, 6.5240, -6.6887), (64.9877, 7.1576, -6.0059), (64.9877, 7.7200, -5.2634), (64.9877, 8.2057, -4.4686), (64.9877, 8.6099, -3.6294), (64.9877, 8.9285, -2.7541), (64.9877, 9.1583, -1.8514), (64.9877, 9.2971, -0.9303), (64.9877, 9.3436, 0.0000), (65.0000, 9.5000, 0.0000), (65.0000, 9.5000, 0.0000), (65.0000, 9.4528, 0.9459), (65.0000, 9.3116, 1.8824), (65.0000, 9.0779, 2.8002), (65.0000, 8.7540, 3.6901), (65.0000, 8.3431, 4.5434), (65.0000, 7.8493, 5.3515), (65.0000, 7.2774, 6.1065), (65.0000, 6.6332, 6.8007), (65.0000, 5.9232, 7.4274), (65.0000, 5.1542, 7.9802), (65.0000, 4.3340, 8.4538), (65.0000, 3.4707, 8.8433), (65.0000, 2.5730, 9.1449), (65.0000, 1.6497, 9.3557), (65.0000, 0.7099, 9.4734), (65.0000, -0.2368, 9.4970), (65.0000, -1.1813, 9.4263), (65.0000, -2.1139, 9.2618), (65.0000, -3.0256, 9.0053), (65.0000, -3.9072, 8.6593), (65.0000, -4.7500, 8.2272), (65.0000, -5.5456, 7.7134), (65.0000, -6.2860, 7.1229), (65.0000, -6.9640, 6.4616), (65.0000, -7.5728, 5.7361), (65.0000, -8.1063, 4.9536), (65.0000, -8.5592, 4.1219), (65.0000, -8.9271, 3.2492), (65.0000, -9.2062, 2.3442), (65.0000, -9.3939, 1.4159), (65.0000, -9.4882, 0.4735), (65.0000, -9.4882, -0.4735), (65.0000, -9.3939, -1.4159), (65.0000, -9.2062, -2.3442), (65.0000, -8.9271, -3.2492), (65.0000, -8.5592, -4.1219), (65.0000, -8.1063, -4.9536), (65.0000, -7.5728, -5.7361), (65.0000, -6.9640, -6.4616), (65.0000, -6.2860, -7.1229), (65.0000, -5.5456, -7.7134), (65.0000, -4.7500, -8.2272), (65.0000, -3.9072, -8.6593), (65.0000, -3.0256, -9.0053), (65.0000, -2.1139, -9.2618), (65.0000, -1.1813, -9.4263), (65.0000, -0.2368, -9.4970), (65.0000, 0.7099, -9.4734), (65.0000, 1.6497, -9.3557), (65.0000, 2.5730, -9.1449), (65.0000, 3.4707, -8.8433), (65.0000, 4.3340, -8.4538), (65.0000, 5.1542, -7.9802), (65.0000, 5.9232, -7.4274), (65.0000, 6.6332, -6.8007), (65.0000, 7.2774, -6.1065), (65.0000, 7.8493, -5.3515), (65.0000, 8.3431, -4.5434), (65.0000, 8.7540, -3.6901), (65.0000, 9.0779, -2.8002), (65.0000, 9.3116, -1.8824), (65.0000, 9.4528, -0.9459), (65.0000, 10.0000, 0.0000), (65.0000, 9.9503, 0.9957), (65.0000, 9.8017, 1.9815), (65.0000, 9.5557, 2.9476), (65.0000, 9.2148, 3.8843), (65.0000, 8.7822, 4.7825), (65.0000, 8.2624, 5.6332), (65.0000, 7.6604, 6.4279), (65.0000, 6.9824, 7.1587), (65.0000, 6.2349, 7.8183), (65.0000, 5.4255, 8.4003), (65.0000, 4.5621, 8.8987), (65.0000, 3.6534, 9.3087), (65.0000, 2.7084, 9.6262), (65.0000, 1.7365, 9.8481), (65.0000, 0.7473, 9.9720), (65.0000, -0.2493, 9.9969), (65.0000, -1.2434, 9.9224), (65.0000, -2.2252, 9.7493), (65.0000, -3.1849, 9.4793), (65.0000, -4.1129, 9.1151), (65.0000, -5.0000, 8.6603), (65.0000, -5.8374, 8.1194), (65.0000, -6.6169, 7.4978), (65.0000, -7.3305, 6.8017), (65.0000, -7.9713, 6.0380), (65.0000, -8.5329, 5.2144), (65.0000, -9.0097, 4.3388), (65.0000, -9.3969, 3.4202), (65.0000, -9.6908, 2.4676), (65.0000, -9.8883, 1.4904), (65.0000, -9.9876, 0.4985), (65.0000, -9.9876, -0.4985), (65.0000, -9.8883, -1.4904), (65.0000, -9.6908, -2.4676), (65.0000, -9.3969, -3.4202), (65.0000, -9.0097, -4.3388), (65.0000, -8.5329, -5.2144), (65.0000, -7.9713, -6.0380), (65.0000, -7.3305, -6.8017), (65.0000, -6.6169, -7.4978), (65.0000, -5.8374, -8.1194), (65.0000, -5.0000, -8.6603), (65.0000, -4.1129, -9.1151), (65.0000, -3.1849, -9.4793), (65.0000, -2.2252, -9.7493), (65.0000, -1.2434, -9.9224), (65.0000, -0.2493, -9.9969), (65.0000, 0.7473, -9.9720), (65.0000, 1.7365, -9.8481), (65.0000, 2.7084, -9.6262), (65.0000, 3.6534, -9.3087), (65.0000, 4.5621, -8.8987), (65.0000, 5.4255, -8.4003), (65.0000, 6.2349, -7.8183), (65.0000, 6.9824, -7.1587), (65.0000, 7.6604, -6.4279), (65.0000, 8.2624, -5.6332), (65.0000, 8.7822, -4.7825), (65.0000, 9.2148, -3.8843), (65.0000, 9.5557, -2.9476), (65.0000, 9.8017, -1.9815), (65.0000, 9.9503, -0.9957), (65.0000, 9.5000, 0.0000), (65.0000, 9.4528, 0.9459), (65.0000, 9.3116, 1.8824), (65.0000, 9.0779, 2.8002), (65.0000, 8.7540, 3.6901), (65.0000, 8.3431, 4.5434), (65.0000, 7.8493, 5.3515), (65.0000, 7.2774, 6.1065), (65.0000, 6.6332, 6.8007), (65.0000, 5.9232, 7.4274), (65.0000, 5.1542, 7.9802), (65.0000, 4.3340, 8.4538), (65.0000, 3.4707, 8.8433), (65.0000, 2.5730, 9.1449), (65.0000, 1.6497, 9.3557), (65.0000, 0.7099, 9.4734), (65.0000, -0.2368, 9.4970), (65.0000, -1.1813, 9.4263), (65.0000, -2.1139, 9.2618), (65.0000, -3.0256, 9.0053), (65.0000, -3.9072, 8.6593), (65.0000, -4.7500, 8.2272), (65.0000, -5.5456, 7.7134), (65.0000, -6.2860, 7.1229), (65.0000, -6.9640, 6.4616), (65.0000, -7.5728, 5.7361), (65.0000, -8.1063, 4.9536), (65.0000, -8.5592, 4.1219), (65.0000, -8.9271, 3.2492), (65.0000, -9.2062, 2.3442), (65.0000, -9.3939, 1.4159), (65.0000, -9.4882, 0.4735), (65.0000, -9.4882, -0.4735), (65.0000, -9.3939, -1.4159), (65.0000, -9.2062, -2.3442), (65.0000, -8.9271, -3.2492), (65.0000, -8.5592, -4.1219), (65.0000, -8.1063, -4.9536), (65.0000, -7.5728, -5.7361), (65.0000, -6.9640, -6.4616), (65.0000, -6.2860, -7.1229), (65.0000, -5.5456, -7.7134), (65.0000, -4.7500, -8.2272), (65.0000, -3.9072, -8.6593), (65.0000, -3.0256, -9.0053), (65.0000, -2.1139, -9.2618), (65.0000, -1.1813, -9.4263), (65.0000, -0.2368, -9.4970), (65.0000, 0.7099, -9.4734), (65.0000, 1.6497, -9.3557), (65.0000, 2.5730, -9.1449), (65.0000, 3.4707, -8.8433), (65.0000, 4.3340, -8.4538), (65.0000, 5.1542, -7.9802), (65.0000, 5.9232, -7.4274), (65.0000, 6.6332, -6.8007), (65.0000, 7.2774, -6.1065), (65.0000, 7.8493, -5.3515), (65.0000, 8.3431, -4.5434), (65.0000, 8.7540, -3.6901), (65.0000, 9.0779, -2.8002), (65.0000, 9.3116, -1.8824), (65.0000, 9.4528, -0.9459), (65.0000, 10.0000, 0.0000), (125.0000, 10.0000, 0.0000), (65.0000, 9.9503, 0.9957), (65.0000, 9.8017, 1.9815), (65.0000, 9.5557, 2.9476), (65.0000, 9.2148, 3.8843), (65.0000, 8.7822, 4.7825), (65.0000, 8.2624, 5.6332), (65.0000, 7.6604, 6.4279), (65.0000, 6.9824, 7.1587), (65.0000, 6.2349, 7.8183), (65.0000, 5.4255, 8.4003), (65.0000, 4.5621, 8.8987), (65.0000, 3.6534, 9.3087), (65.0000, 2.7084, 9.6262), (65.0000, 1.7365, 9.8481), (65.0000, 0.7473, 9.9720), (65.0000, -0.2493, 9.9969), (65.0000, -1.2434, 9.9224), (65.0000, -2.2252, 9.7493), (65.0000, -3.1849, 9.4793), (65.0000, -4.1129, 9.1151), (65.0000, -5.0000, 8.6603), (65.0000, -5.8374, 8.1194), (65.0000, -6.6169, 7.4978), (65.0000, -7.3305, 6.8017), (65.0000, -7.9713, 6.0380), (65.0000, -8.5329, 5.2144), (65.0000, -9.0097, 4.3388), (65.0000, -9.3969, 3.4202), (65.0000, -9.6908, 2.4676), (65.0000, -9.8883, 1.4904), (65.0000, -9.9876, 0.4985), (65.0000, -9.9876, -0.4985), (65.0000, -9.8883, -1.4904), (65.0000, -9.6908, -2.4676), (65.0000, -9.3969, -3.4202), (65.0000, -9.0097, -4.3388), (65.0000, -8.5329, -5.2144), (65.0000, -7.9713, -6.0380), (65.0000, -7.3305, -6.8017), (65.0000, -6.6169, -7.4978), (65.0000, -5.8374, -8.1194), (65.0000, -5.0000, -8.6603), (65.0000, -4.1129, -9.1151), (65.0000, -3.1849, -9.4793), (65.0000, -2.2252, -9.7493), (65.0000, -1.2434, -9.9224), (65.0000, -0.2493, -9.9969), (65.0000, 0.7473, -9.9720), (65.0000, 1.7365, -9.8481), (65.0000, 2.7084, -9.6262), (65.0000, 3.6534, -9.3087), (65.0000, 4.5621, -8.8987), (65.0000, 5.4255, -8.4003), (65.0000, 6.2349, -7.8183), (65.0000, 6.9824, -7.1587), (65.0000, 7.6604, -6.4279), (65.0000, 8.2624, -5.6332), (65.0000, 8.7822, -4.7825), (65.0000, 9.2148, -3.8843), (65.0000, 9.5557, -2.9476), (65.0000, 9.8017, -1.9815), (65.0000, 9.9503, -0.9957), (65.0000, 10.0000, 0.0000), (125.0000, 10.0000, 0.0000), (125.0000, 9.9503, 0.9957), (125.0000, 9.8017, 1.9815), (125.0000, 9.5557, 2.9476), (125.0000, 9.2148, 3.8843), (125.0000, 8.7822, 4.7825), (125.0000, 8.2624, 5.6332), (125.0000, 7.6604, 6.4279), (125.0000, 6.9824, 7.1587), (125.0000, 6.2349, 7.8183), (125.0000, 5.4255, 8.4003), (125.0000, 4.5621, 8.8987), (125.0000, 3.6534, 9.3087), (125.0000, 2.7084, 9.6262), (125.0000, 1.7365, 9.8481), (125.0000, 0.7473, 9.9720), (125.0000, -0.2493, 9.9969), (125.0000, -1.2434, 9.9224), (125.0000, -2.2252, 9.7493), (125.0000, -3.1849, 9.4793), (125.0000, -4.1129, 9.1151), (125.0000, -5.0000, 8.6603), (125.0000, -5.8374, 8.1194), (125.0000, -6.6169, 7.4978), (125.0000, -7.3305, 6.8017), (125.0000, -7.9713, 6.0380), (125.0000, -8.5329, 5.2144), (125.0000, -9.0097, 4.3388), (125.0000, -9.3969, 3.4202), (125.0000, -9.6908, 2.4676), (125.0000, -9.8883, 1.4904), (125.0000, -9.9876, 0.4985), (125.0000, -9.9876, -0.4985), (125.0000, -9.8883, -1.4904), (125.0000, -9.6908, -2.4676), (125.0000, -9.3969, -3.4202), (125.0000, -9.0097, -4.3388), (125.0000, -8.5329, -5.2144), (125.0000, -7.9713, -6.0380), (125.0000, -7.3305, -6.8017), (125.0000, -6.6169, -7.4978), (125.0000, -5.8374, -8.1194), (125.0000, -5.0000, -8.6603), (125.0000, -4.1129, -9.1151), (125.0000, -3.1849, -9.4793), (125.0000, -2.2252, -9.7493), (125.0000, -1.2434, -9.9224), (125.0000, -0.2493, -9.9969), (125.0000, 0.7473, -9.9720), (125.0000, 1.7365, -9.8481), (125.0000, 2.7084, -9.6262), (125.0000, 3.6534, -9.3087), (125.0000, 4.5621, -8.8987), (125.0000, 5.4255, -8.4003), (125.0000, 6.2349, -7.8183), (125.0000, 6.9824, -7.1587), (125.0000, 7.6604, -6.4279), (125.0000, 8.2624, -5.6332), (125.0000, 8.7822, -4.7825), (125.0000, 9.2148, -3.8843), (125.0000, 9.5557, -2.9476), (125.0000, 9.8017, -1.9815), (125.0000, 9.9503, -0.9957), (83.0000, -3.0000, 9.5394), (82.7352, -2.9883, 9.5431), (82.4723, -2.9532, 9.5540), (82.2121, -2.8947, 9.5719), (81.9558, -2.8124, 9.5964), (81.7048, -2.7060, 9.6269), (81.4605, -2.5749, 9.6628), (81.2248, -2.4184, 9.7032), (80.9999, -2.2360, 9.7468), (80.7882, -2.0268, 9.7924), (80.6116, -1.8153, 9.8339), (80.4659, -1.6057, 9.8702), (80.3347, -1.3771, 9.9047), (80.2199, -1.1274, 9.9362), (80.1258, -0.8597, 9.9630), (80.0562, -0.5780, 9.9833), (80.0167, -0.3161, 9.9950), (80.0010, -0.0767, 9.9997), (80.0045, 0.1638, 9.9987), (80.0271, 0.4027, 9.9919), (80.0685, 0.6375, 9.9797), (80.1274, 0.8650, 9.9625), (80.2020, 1.0823, 9.9413), (80.2908, 1.2884, 9.9166), (80.3922, 1.4830, 9.8894), (80.5048, 1.6655, 9.8603), (80.6272, 1.8357, 9.8301), (80.7579, 1.9933, 9.7993), (80.8956, 2.1381, 9.7687), (81.0395, 2.2708, 9.7388), (81.1891, 2.3918, 9.7098), (81.3436, 2.5013, 9.6821), (81.5025, 2.5995, 9.6562), (81.6650, 2.6866, 9.6324), (81.8306, 2.7627, 9.6108), (81.9990, 2.8281, 9.5918), (82.1696, 2.8828, 9.5755), (82.3420, 2.9269, 9.5621), (82.5158, 2.9607, 9.5517), (82.6907, 2.9840, 9.5444), (82.8452, 2.9960, 9.5406), (83.0000, 3.0000, 9.5394), (107.0000, 3.0000, 9.5394), (107.2650, 2.9883, 9.5431), (107.5287, 2.9530, 9.5540), (107.7897, 2.8942, 9.5720), (108.0468, 2.8114, 9.5967), (108.2985, 2.7044, 9.6274), (108.5432, 2.5727, 9.6634), (108.7790, 2.4156, 9.7039), (109.0046, 2.2319, 9.7477), (109.2175, 2.0205, 9.7937), (109.3952, 1.8064, 9.8355), (109.5413, 1.5943, 9.8721), (109.6719, 1.3641, 9.9065), (109.7846, 1.1162, 9.9375), (109.8767, 0.8512, 9.9637), (109.9453, 0.5704, 9.9837), (109.9840, 0.3094, 9.9952), (109.9992, 0.0711, 9.9997), (109.9953, -0.1677, 9.9986), (109.9726, -0.4046, 9.9918), (109.9316, -0.6371, 9.9797), (109.8733, -0.8627, 9.9627), (109.7991, -1.0793, 9.9416), (109.7110, -1.2847, 9.9171), (109.6113, -1.4769, 9.8903), (109.5018, -1.6555, 9.8620), (109.3832, -1.8222, 9.8326), (109.2563, -1.9771, 9.8026), (109.1223, -2.1204, 9.7726), (108.9819, -2.2521, 9.7431), (108.8360, -2.3726, 9.7145), (108.6853, -2.4819, 9.6871), (108.5304, -2.5803, 9.6614), (108.3718, -2.6680, 9.6375), (108.2102, -2.7451, 9.6158), (108.0459, -2.8118, 9.5966), (107.8794, -2.8682, 9.5798), (107.7111, -2.9145, 9.5659), (107.5413, -2.9508, 9.5547), (107.3702, -2.9771, 9.5466), (107.1983, -2.9934, 9.5415), (107.0992, -2.9984, 9.5399), (107.0000, -3.0000, 9.5394), (125.0000, 10.0000, 0.0000), (125.0000, 9.9503, 0.9957), (125.0000, 9.8017, 1.9815), (125.0000, 9.5557, 2.9476), (125.0000, 9.2148, 3.8843), (125.0000, 8.7822, 4.7825), (125.0000, 8.2624, 5.6332), (125.0000, 7.6604, 6.4279), (125.0000, 6.9824, 7.1587), (125.0000, 6.2349, 7.8183), (125.0000, 5.4255, 8.4003), (125.0000, 4.5621, 8.8987), (125.0000, 3.6534, 9.3087), (125.0000, 2.7084, 9.6262), (125.0000, 1.7365, 9.8481), (125.0000, 0.7473, 9.9720), (125.0000, -0.2493, 9.9969), (125.0000, -1.2434, 9.9224), (125.0000, -2.2252, 9.7493), (125.0000, -3.1849, 9.4793), (125.0000, -4.1129, 9.1151), (125.0000, -5.0000, 8.6603), (125.0000, -5.8374, 8.1194), (125.0000, -6.6169, 7.4978), (125.0000, -7.3305, 6.8017), (125.0000, -7.9713, 6.0380), (125.0000, -8.5329, 5.2144), (125.0000, -9.0097, 4.3388), (125.0000, -9.3969, 3.4202), (125.0000, -9.6908, 2.4676), (125.0000, -9.8883, 1.4904), (125.0000, -9.9876, 0.4985), (125.0000, -9.9876, -0.4985), (125.0000, -9.8883, -1.4904), (125.0000, -9.6908, -2.4676), (125.0000, -9.3969, -3.4202), (125.0000, -9.0097, -4.3388), (125.0000, -8.5329, -5.2144), (125.0000, -7.9713, -6.0380), (125.0000, -7.3305, -6.8017), (125.0000, -6.6169, -7.4978), (125.0000, -5.8374, -8.1194), (125.0000, -5.0000, -8.6603), (125.0000, -4.1129, -9.1151), (125.0000, -3.1849, -9.4793), (125.0000, -2.2252, -9.7493), (125.0000, -1.2434, -9.9224), (125.0000, -0.2493, -9.9969), (125.0000, 0.7473, -9.9720), (125.0000, 1.7365, -9.8481), (125.0000, 2.7084, -9.6262), (125.0000, 3.6534, -9.3087), (125.0000, 4.5621, -8.8987), (125.0000, 5.4255, -8.4003), (125.0000, 6.2349, -7.8183), (125.0000, 6.9824, -7.1587), (125.0000, 7.6604, -6.4279), (125.0000, 8.2624, -5.6332), (125.0000, 8.7822, -4.7825), (125.0000, 9.2148, -3.8843), (125.0000, 9.5557, -2.9476), (125.0000, 9.8017, -1.9815), (125.0000, 9.9503, -0.9957), (125.0000, 9.5000, 0.0000), (125.0000, 9.4528, 0.9459), (125.0000, 9.3116, 1.8824), (125.0000, 9.0779, 2.8002), (125.0000, 8.7540, 3.6901), (125.0000, 8.3431, 4.5434), (125.0000, 7.8493, 5.3515), (125.0000, 7.2774, 6.1065), (125.0000, 6.6332, 6.8007), (125.0000, 5.9232, 7.4274), (125.0000, 5.1542, 7.9802), (125.0000, 4.3340, 8.4538), (125.0000, 3.4707, 8.8433), (125.0000, 2.5730, 9.1449), (125.0000, 1.6497, 9.3557), (125.0000, 0.7099, 9.4734), (125.0000, -0.2368, 9.4970), (125.0000, -1.1813, 9.4263), (125.0000, -2.1139, 9.2618), (125.0000, -3.0256, 9.0053), (125.0000, -3.9072, 8.6593), (125.0000, -4.7500, 8.2272), (125.0000, -5.5456, 7.7134), (125.0000, -6.2860, 7.1229), (125.0000, -6.9640, 6.4616), (125.0000, -7.5728, 5.7361), (125.0000, -8.1063, 4.9536), (125.0000, -8.5592, 4.1219), (125.0000, -8.9271, 3.2492), (125.0000, -9.2062, 2.3442), (125.0000, -9.3939, 1.4159), (125.0000, -9.4882, 0.4735), (125.0000, -9.4882, -0.4735), (125.0000, -9.3939, -1.4159), (125.0000, -9.2062, -2.3442), (125.0000, -8.9271, -3.2492), (125.0000, -8.5592, -4.1219), (125.0000, -8.1063, -4.9536), (125.0000, -7.5728, -5.7361), (125.0000, -6.9640, -6.4616), (125.0000, -6.2860, -7.1229), (125.0000, -5.5456, -7.7134), (125.0000, -4.7500, -8.2272), (125.0000, -3.9072, -8.6593), (125.0000, -3.0256, -9.0053), (125.0000, -2.1139, -9.2618), (125.0000, -1.1813, -9.4263), (125.0000, -0.2368, -9.4970), (125.0000, 0.7099, -9.4734), (125.0000, 1.6497, -9.3557), (125.0000, 2.5730, -9.1449), (125.0000, 3.4707, -8.8433), (125.0000, 4.3340, -8.4538), (125.0000, 5.1542, -7.9802), (125.0000, 5.9232, -7.4274), (125.0000, 6.6332, -6.8007), (125.0000, 7.2774, -6.1065), (125.0000, 7.8493, -5.3515), (125.0000, 8.3431, -4.5434), (125.0000, 8.7540, -3.6901), (125.0000, 9.0779, -2.8002), (125.0000, 9.3116, -1.8824), (125.0000, 9.4528, -0.9459), (83.0000, -3.0000, 6.5000), (82.7059, -2.9856, 6.5000), (82.4147, -2.9424, 6.5000), (82.1291, -2.8708, 6.5000), (81.8519, -2.7716, 6.5000), (81.5858, -2.6458, 6.5000), (81.3333, -2.4944, 6.5000), (81.0968, -2.3190, 6.5000), (80.8787, -2.1213, 6.5000), (80.6810, -1.9032, 6.5000), (80.5056, -1.6667, 6.5000), (80.3542, -1.4142, 6.5000), (80.2284, -1.1481, 6.5000), (80.1292, -0.8709, 6.5000), (80.0576, -0.5853, 6.5000), (80.0144, -0.2941, 6.5000), (80.0000, 0.0000, 6.5000), (80.0144, 0.2941, 6.5000), (80.0576, 0.5853, 6.5000), (80.1292, 0.8709, 6.5000), (80.2284, 1.1481, 6.5000), (80.3542, 1.4142, 6.5000), (80.5056, 1.6667, 6.5000), (80.6810, 1.9032, 6.5000), (80.8787, 2.1213, 6.5000), (81.0968, 2.3190, 6.5000), (81.3333, 2.4944, 6.5000), (81.5858, 2.6458, 6.5000), (81.8519, 2.7716, 6.5000), (82.1291, 2.8708, 6.5000), (82.4147, 2.9424, 6.5000), (82.7059, 2.9856, 6.5000), (83.0000, 3.0000, 6.5000), (83.0000, -3.0000, 9.5394), (82.7352, -2.9883, 9.5431), (82.4723, -2.9532, 9.5540), (82.2121, -2.8947, 9.5719), (81.9558, -2.8124, 9.5964), (81.7048, -2.7060, 9.6269), (81.4605, -2.5749, 9.6628), (81.2248, -2.4184, 9.7032), (80.9999, -2.2360, 9.7468), (80.7882, -2.0268, 9.7924), (80.6116, -1.8153, 9.8339), (80.4659, -1.6057, 9.8702), (80.3347, -1.3771, 9.9047), (80.2199, -1.1274, 9.9362), (80.1258, -0.8597, 9.9630), (80.0562, -0.5780, 9.9833), (80.0167, -0.3161, 9.9950), (80.0010, -0.0767, 9.9997), (80.0045, 0.1638, 9.9987), (80.0271, 0.4027, 9.9919), (80.0685, 0.6375, 9.9797), (80.1274, 0.8650, 9.9625), (80.2020, 1.0823, 9.9413), (80.2908, 1.2884, 9.9166), (80.3922, 1.4830, 9.8894), (80.5048, 1.6655, 9.8603), (80.6272, 1.8357, 9.8301), (80.7579, 1.9933, 9.7993), (80.8956, 2.1381, 9.7687), (81.0395, 2.2708, 9.7388), (81.1891, 2.3918, 9.7098), (81.3436, 2.5013, 9.6821), (81.5025, 2.5995, 9.6562), (81.6650, 2.6866, 9.6324), (81.8306, 2.7627, 9.6108), (81.9990, 2.8281, 9.5918), (82.1696, 2.8828, 9.5755), (82.3420, 2.9269, 9.5621), (82.5158, 2.9607, 9.5517), (82.6907, 2.9840, 9.5444), (82.8452, 2.9960, 9.5406), (83.0000, 3.0000, 9.5394), (107.0000, -3.0000, 6.5000), (83.0000, -3.0000, 6.5000), (107.0000, -3.0000, 9.5394), (83.0000, -3.0000, 9.5394), (107.0000, 3.0000, 6.5000), (107.2941, 2.9856, 6.5000), (107.5853, 2.9424, 6.5000), (107.8709, 2.8708, 6.5000), (108.1481, 2.7716, 6.5000), (108.4142, 2.6458, 6.5000), (108.6667, 2.4944, 6.5000), (108.9032, 2.3190, 6.5000), (109.1213, 2.1213, 6.5000), (109.3190, 1.9032, 6.5000), (109.4944, 1.6667, 6.5000), (109.6458, 1.4142, 6.5000), (109.7716, 1.1481, 6.5000), (109.8708, 0.8709, 6.5000), (109.9424, 0.5853, 6.5000), (109.9856, 0.2941, 6.5000), (110.0000, -0.0000, 6.5000), (109.9856, -0.2941, 6.5000), (109.9424, -0.5853, 6.5000), (109.8708, -0.8709, 6.5000), (109.7716, -1.1481, 6.5000), (109.6458, -1.4142, 6.5000), (109.4944, -1.6667, 6.5000), (109.3190, -1.9032, 6.5000), (109.1213, -2.1213, 6.5000), (108.9032, -2.3190, 6.5000), (108.6667, -2.4944, 6.5000), (108.4142, -2.6458, 6.5000), (108.1481, -2.7716, 6.5000), (107.8709, -2.8708, 6.5000), (107.5853, -2.9424, 6.5000), (107.2941, -2.9856, 6.5000), (107.0000, -3.0000, 6.5000), (107.0000, 3.0000, 9.5394), (107.2650, 2.9883, 9.5431), (107.5287, 2.9530, 9.5540), (107.7897, 2.8942, 9.5720), (108.0468, 2.8114, 9.5967), (108.2985, 2.7044, 9.6274), (108.5432, 2.5727, 9.6634), (108.7790, 2.4156, 9.7039), (109.0046, 2.2319, 9.7477), (109.2175, 2.0205, 9.7937), (109.3952, 1.8064, 9.8355), (109.5413, 1.5943, 9.8721), (109.6719, 1.3641, 9.9065), (109.7846, 1.1162, 9.9375), (109.8767, 0.8512, 9.9637), (109.9453, 0.5704, 9.9837), (109.9840, 0.3094, 9.9952), (109.9992, 0.0711, 9.9997), (109.9953, -0.1677, 9.9986), (109.9726, -0.4046, 9.9918), (109.9316, -0.6371, 9.9797), (109.8733, -0.8627, 9.9627), (109.7991, -1.0793, 9.9416), (109.7110, -1.2847, 9.9171), (109.6113, -1.4769, 9.8903), (109.5018, -1.6555, 9.8620), (109.3832, -1.8222, 9.8326), (109.2563, -1.9771, 9.8026), (109.1223, -2.1204, 9.7726), (108.9819, -2.2521, 9.7431), (108.8360, -2.3726, 9.7145), (108.6853, -2.4819, 9.6871), (108.5304, -2.5803, 9.6614), (108.3718, -2.6680, 9.6375), (108.2102, -2.7451, 9.6158), (108.0459, -2.8118, 9.5966), (107.8794, -2.8682, 9.5798), (107.7111, -2.9145, 9.5659), (107.5413, -2.9508, 9.5547), (107.3702, -2.9771, 9.5466), (107.1983, -2.9934, 9.5415), (107.0992, -2.9984, 9.5399), (107.0000, -3.0000, 9.5394), (83.0000, 3.0000, 6.5000), (107.0000, 3.0000, 6.5000), (83.0000, 3.0000, 9.5394), (107.0000, 3.0000, 9.5394), (125.0000, 9.5000, 0.0000), (125.0000, 9.4528, 0.9459), (125.0000, 9.3116, 1.8824), (125.0000, 9.0779, 2.8002), (125.0000, 8.7540, 3.6901), (125.0000, 8.3431, 4.5434), (125.0000, 7.8493, 5.3515), (125.0000, 7.2774, 6.1065), (125.0000, 6.6332, 6.8007), (125.0000, 5.9232, 7.4274), (125.0000, 5.1542, 7.9802), (125.0000, 4.3340, 8.4538), (125.0000, 3.4707, 8.8433), (125.0000, 2.5730, 9.1449), (125.0000, 1.6497, 9.3557), (125.0000, 0.7099, 9.4734), (125.0000, -0.2368, 9.4970), (125.0000, -1.1813, 9.4263), (125.0000, -2.1139, 9.2618), (125.0000, -3.0256, 9.0053), (125.0000, -3.9072, 8.6593), (125.0000, -4.7500, 8.2272), (125.0000, -5.5456, 7.7134), (125.0000, -6.2860, 7.1229), (125.0000, -6.9640, 6.4616), (125.0000, -7.5728, 5.7361), (125.0000, -8.1063, 4.9536), (125.0000, -8.5592, 4.1219), (125.0000, -8.9271, 3.2492), (125.0000, -9.2062, 2.3442), (125.0000, -9.3939, 1.4159), (125.0000, -9.4882, 0.4735), (125.0000, -9.4882, -0.4735), (125.0000, -9.3939, -1.4159), (125.0000, -9.2062, -2.3442), (125.0000, -8.9271, -3.2492), (125.0000, -8.5592, -4.1219), (125.0000, -8.1063, -4.9536), (125.0000, -7.5728, -5.7361), (125.0000, -6.9640, -6.4616), (125.0000, -6.2860, -7.1229), (125.0000, -5.5456, -7.7134), (125.0000, -4.7500, -8.2272), (125.0000, -3.9072, -8.6593), (125.0000, -3.0256, -9.0053), (125.0000, -2.1139, -9.2618), (125.0000, -1.1813, -9.4263), (125.0000, -0.2368, -9.4970), (125.0000, 0.7099, -9.4734), (125.0000, 1.6497, -9.3557), (125.0000, 2.5730, -9.1449), (125.0000, 3.4707, -8.8433), (125.0000, 4.3340, -8.4538), (125.0000, 5.1542, -7.9802), (125.0000, 5.9232, -7.4274), (125.0000, 6.6332, -6.8007), (125.0000, 7.2774, -6.1065), (125.0000, 7.8493, -5.3515), (125.0000, 8.3431, -4.5434), (125.0000, 8.7540, -3.6901), (125.0000, 9.0779, -2.8002), (125.0000, 9.3116, -1.8824), (125.0000, 9.4528, -0.9459), (125.0000, 9.5000, 0.0000), (125.0123, 9.3436, 0.0000), (125.0123, 9.3436, 0.0000), (125.0123, 9.2971, 0.9303), (125.0123, 9.1583, 1.8514), (125.0123, 8.9285, 2.7541), (125.0123, 8.6099, 3.6294), (125.0123, 8.2057, 4.4686), (125.0123, 7.7200, 5.2634), (125.0123, 7.1576, 6.0059), (125.0123, 6.5240, 6.6887), (125.0123, 5.8256, 7.3051), (125.0123, 5.0693, 7.8488), (125.0123, 4.2626, 8.3146), (125.0123, 3.4136, 8.6977), (125.0123, 2.5306, 8.9943), (125.0123, 1.6225, 9.2016), (125.0123, 0.6982, 9.3174), (125.0123, -0.2329, 9.3407), (125.0123, -1.1618, 9.2711), (125.0123, -2.0791, 9.1093), (125.0123, -2.9758, 8.8570), (125.0123, -3.8429, 8.5167), (125.0123, -4.6718, 8.0918), (125.0123, -5.4542, 7.5864), (125.0123, -6.1825, 7.0056), (125.0123, -6.8493, 6.3552), (125.0123, -7.4481, 5.6417), (125.0123, -7.9728, 4.8721), (125.0123, -8.4183, 4.0540), (125.0123, -8.7801, 3.1957), (125.0123, -9.0546, 2.3056), (125.0123, -9.2392, 1.3926), (125.0123, -9.3320, 0.4657), (125.0123, -9.3320, -0.4657), (125.0123, -9.2392, -1.3926), (125.0123, -9.0546, -2.3056), (125.0123, -8.7801, -3.1957), (125.0123, -8.4183, -4.0540), (125.0123, -7.9728, -4.8721), (125.0123, -7.4481, -5.6417), (125.0123, -6.8493, -6.3552), (125.0123, -6.1825, -7.0056), (125.0123, -5.4542, -7.5864), (125.0123, -4.6718, -8.0918), (125.0123, -3.8429, -8.5167), (125.0123, -2.9758, -8.8570), (125.0123, -2.0791, -9.1093), (125.0123, -1.1618, -9.2711), (125.0123, -0.2329, -9.3407), (125.0123, 0.6982, -9.3174), (125.0123, 1.6225, -9.2016), (125.0123, 2.5306, -8.9943), (125.0123, 3.4136, -8.6977), (125.0123, 4.2626, -8.3146), (125.0123, 5.0693, -7.8488), (125.0123, 5.8256, -7.3051), (125.0123, 6.5240, -6.6887), (125.0123, 7.1576, -6.0059), (125.0123, 7.7200, -5.2634), (125.0123, 8.2057, -4.4686), (125.0123, 8.6099, -3.6294), (125.0123, 8.9285, -2.7541), (125.0123, 9.1583, -1.8514), (125.0123, 9.2971, -0.9303), (83.0000, 3.0000, 6.5000), (107.0000, 3.0000, 6.5000), (107.2941, 2.9856, 6.5000), (107.5853, 2.9424, 6.5000), (107.8709, 2.8708, 6.5000), (108.1481, 2.7716, 6.5000), (108.4142, 2.6458, 6.5000), (108.6667, 2.4944, 6.5000), (108.9032, 2.3190, 6.5000), (109.1213, 2.1213, 6.5000), (109.3190, 1.9032, 6.5000), (109.4944, 1.6667, 6.5000), (109.6458, 1.4142, 6.5000), (109.7716, 1.1481, 6.5000), (109.8708, 0.8709, 6.5000), (109.9424, 0.5853, 6.5000), (109.9856, 0.2941, 6.5000), (110.0000, -0.0000, 6.5000), (109.9856, -0.2941, 6.5000), (109.9424, -0.5853, 6.5000), (109.8708, -0.8709, 6.5000), (109.7716, -1.1481, 6.5000), (109.6458, -1.4142, 6.5000), (109.4944, -1.6667, 6.5000), (109.3190, -1.9032, 6.5000), (109.1213, -2.1213, 6.5000), (108.9032, -2.3190, 6.5000), (108.6667, -2.4944, 6.5000), (108.4142, -2.6458, 6.5000), (108.1481, -2.7716, 6.5000), (107.8709, -2.8708, 6.5000), (107.5853, -2.9424, 6.5000), (107.2941, -2.9856, 6.5000), (107.0000, -3.0000, 6.5000), (83.0000, -3.0000, 6.5000), (82.7059, -2.9856, 6.5000), (82.4147, -2.9424, 6.5000), (82.1291, -2.8708, 6.5000), (81.8519, -2.7716, 6.5000), (81.5858, -2.6458, 6.5000), (81.3333, -2.4944, 6.5000), (81.0968, -2.3190, 6.5000), (80.8787, -2.1213, 6.5000), (80.6810, -1.9032, 6.5000), (80.5056, -1.6667, 6.5000), (80.3542, -1.4142, 6.5000), (80.2284, -1.1481, 6.5000), (80.1292, -0.8709, 6.5000), (80.0576, -0.5853, 6.5000), (80.0144, -0.2941, 6.5000), (80.0000, 0.0000, 6.5000), (80.0144, 0.2941, 6.5000), (80.0576, 0.5853, 6.5000), (80.1292, 0.8709, 6.5000), (80.2284, 1.1481, 6.5000), (80.3542, 1.4142, 6.5000), (80.5056, 1.6667, 6.5000), (80.6810, 1.9032, 6.5000), (80.8787, 2.1213, 6.5000), (81.0968, 2.3190, 6.5000), (81.3333, 2.4944, 6.5000), (81.5858, 2.6458, 6.5000), (81.8519, 2.7716, 6.5000), (82.1291, 2.8708, 6.5000), (82.4147, 2.9424, 6.5000), (82.7059, 2.9856, 6.5000), (125.0123, 9.3436, 0.0000), (125.0123, 9.2971, 0.9303), (125.0123, 9.1583, 1.8514), (125.0123, 8.9285, 2.7541), (125.0123, 8.6099, 3.6294), (125.0123, 8.2057, 4.4686), (125.0123, 7.7200, 5.2634), (125.0123, 7.1576, 6.0059), (125.0123, 6.5240, 6.6887), (125.0123, 5.8256, 7.3051), (125.0123, 5.0693, 7.8488), (125.0123, 4.2626, 8.3146), (125.0123, 3.4136, 8.6977), (125.0123, 2.5306, 8.9943), (125.0123, 1.6225, 9.2016), (125.0123, 0.6982, 9.3174), (125.0123, -0.2329, 9.3407), (125.0123, -1.1618, 9.2711), (125.0123, -2.0791, 9.1093), (125.0123, -2.9758, 8.8570), (125.0123, -3.8429, 8.5167), (125.0123, -4.6718, 8.0918), (125.0123, -5.4542, 7.5864), (125.0123, -6.1825, 7.0056), (125.0123, -6.8493, 6.3552), (125.0123, -7.4481, 5.6417), (125.0123, -7.9728, 4.8721), (125.0123, -8.4183, 4.0540), (125.0123, -8.7801, 3.1957), (125.0123, -9.0546, 2.3056), (125.0123, -9.2392, 1.3926), (125.0123, -9.3320, 0.4657), (125.0123, -9.3320, -0.4657), (125.0123, -9.2392, -1.3926), (125.0123, -9.0546, -2.3056), (125.0123, -8.7801, -3.1957), (125.0123, -8.4183, -4.0540), (125.0123, -7.9728, -4.8721), (125.0123, -7.4481, -5.6417), (125.0123, -6.8493, -6.3552), (125.0123, -6.1825, -7.0056), (125.0123, -5.4542, -7.5864), (125.0123, -4.6718, -8.0918), (125.0123, -3.8429, -8.5167), (125.0123, -2.9758, -8.8570), (125.0123, -2.0791, -9.1093), (125.0123, -1.1618, -9.2711), (125.0123, -0.2329, -9.3407), (125.0123, 0.6982, -9.3174), (125.0123, 1.6225, -9.2016), (125.0123, 2.5306, -8.9943), (125.0123, 3.4136, -8.6977), (125.0123, 4.2626, -8.3146), (125.0123, 5.0693, -7.8488), (125.0123, 5.8256, -7.3051), (125.0123, 6.5240, -6.6887), (125.0123, 7.1576, -6.0059), (125.0123, 7.7200, -5.2634), (125.0123, 8.2057, -4.4686), (125.0123, 8.6099, -3.6294), (125.0123, 8.9285, -2.7541), (125.0123, 9.1583, -1.8514), (125.0123, 9.2971, -0.9303), (125.0123, 9.3436, 0.0000), (125.0489, 9.1910, 0.0000), (125.0489, 9.1910, 0.0000), (125.0489, 9.1453, 0.9151), (125.0489, 9.0087, 1.8212), (125.0489, 8.7827, 2.7091), (125.0489, 8.4693, 3.5701), (125.0489, 8.0717, 4.3956), (125.0489, 7.5939, 5.1775), (125.0489, 7.0407, 5.9078), (125.0489, 6.4175, 6.5795), (125.0489, 5.7305, 7.1858), (125.0489, 4.9865, 7.7207), (125.0489, 4.1930, 8.1788), (125.0489, 3.3578, 8.5556), (125.0489, 2.4893, 8.8475), (125.0489, 1.5960, 9.0514), (125.0489, 0.6868, 9.1653), (125.0489, -0.2291, 9.1881), (125.0489, -1.1428, 9.1197), (125.0489, -2.0452, 8.9605), (125.0489, -2.9272, 8.7124), (125.0489, -3.7801, 8.3776), (125.0489, -4.5955, 7.9596), (125.0489, -5.3652, 7.4625), (125.0489, -6.0815, 6.8912), (125.0489, -6.7375, 6.2515), (125.0489, -7.3264, 5.5496), (125.0489, -7.8426, 4.7925), (125.0489, -8.2808, 3.9878), (125.0489, -8.6367, 3.1435), (125.0489, -8.9068, 2.2679), (125.0489, -9.0883, 1.3698), (125.0489, -9.1796, 0.4581), (125.0489, -9.1796, -0.4581), (125.0489, -9.0883, -1.3698), (125.0489, -8.9068, -2.2679), (125.0489, -8.6367, -3.1435), (125.0489, -8.2808, -3.9878), (125.0489, -7.8426, -4.7925), (125.0489, -7.3264, -5.5496), (125.0489, -6.7375, -6.2515), (125.0489, -6.0815, -6.8912), (125.0489, -5.3652, -7.4625), (125.0489, -4.5955, -7.9596), (125.0489, -3.7801, -8.3776), (125.0489, -2.9272, -8.7124), (125.0489, -2.0452, -8.9605), (125.0489, -1.1428, -9.1197), (125.0489, -0.2291, -9.1881), (125.0489, 0.6868, -9.1653), (125.0489, 1.5960, -9.0514), (125.0489, 2.4893, -8.8475), (125.0489, 3.3578, -8.5556), (125.0489, 4.1930, -8.1788), (125.0489, 4.9865, -7.7207), (125.0489, 5.7305, -7.1858), (125.0489, 6.4175, -6.5795), (125.0489, 7.0407, -5.9078), (125.0489, 7.5939, -5.1775), (125.0489, 8.0717, -4.3956), (125.0489, 8.4693, -3.5701), (125.0489, 8.7827, -2.7091), (125.0489, 9.0087, -1.8212), (125.0489, 9.1453, -0.9151), (125.0489, 9.1910, 0.0000), (125.0489, 9.1453, 0.9151), (125.0489, 9.0087, 1.8212), (125.0489, 8.7827, 2.7091), (125.0489, 8.4693, 3.5701), (125.0489, 8.0717, 4.3956), (125.0489, 7.5939, 5.1775), (125.0489, 7.0407, 5.9078), (125.0489, 6.4175, 6.5795), (125.0489, 5.7305, 7.1858), (125.0489, 4.9865, 7.7207), (125.0489, 4.1930, 8.1788), (125.0489, 3.3578, 8.5556), (125.0489, 2.4893, 8.8475), (125.0489, 1.5960, 9.0514), (125.0489, 0.6868, 9.1653), (125.0489, -0.2291, 9.1881), (125.0489, -1.1428, 9.1197), (125.0489, -2.0452, 8.9605), (125.0489, -2.9272, 8.7124), (125.0489, -3.7801, 8.3776), (125.0489, -4.5955, 7.9596), (125.0489, -5.3652, 7.4625), (125.0489, -6.0815, 6.8912), (125.0489, -6.7375, 6.2515), (125.0489, -7.3264, 5.5496), (125.0489, -7.8426, 4.7925), (125.0489, -8.2808, 3.9878), (125.0489, -8.6367, 3.1435), (125.0489, -8.9068, 2.2679), (125.0489, -9.0883, 1.3698), (125.0489, -9.1796, 0.4581), (125.0489, -9.1796, -0.4581), (125.0489, -9.0883, -1.3698), (125.0489, -8.9068, -2.2679), (125.0489, -8.6367, -3.1435), (125.0489, -8.2808, -3.9878), (125.0489, -7.8426, -4.7925), (125.0489, -7.3264, -5.5496), (125.0489, -6.7375, -6.2515), (125.0489, -6.0815, -6.8912), (125.0489, -5.3652, -7.4625), (125.0489, -4.5955, -7.9596), (125.0489, -3.7801, -8.3776), (125.0489, -2.9272, -8.7124), (125.0489, -2.0452, -8.9605), (125.0489, -1.1428, -9.1197), (125.0489, -0.2291, -9.1881), (125.0489, 0.6868, -9.1653), (125.0489, 1.5960, -9.0514), (125.0489, 2.4893, -8.8475), (125.0489, 3.3578, -8.5556), (125.0489, 4.1930, -8.1788), (125.0489, 4.9865, -7.7207), (125.0489, 5.7305, -7.1858), (125.0489, 6.4175, -6.5795), (125.0489, 7.0407, -5.9078), (125.0489, 7.5939, -5.1775), (125.0489, 8.0717, -4.3956), (125.0489, 8.4693, -3.5701), (125.0489, 8.7827, -2.7091), (125.0489, 9.0087, -1.8212), (125.0489, 9.1453, -0.9151), (125.0489, 9.1910, 0.0000), (125.1090, 9.0460, 0.0000), (125.1090, 9.0460, 0.0000), (125.1090, 9.0011, 0.9007), (125.1090, 8.8666, 1.7924), (125.1090, 8.6441, 2.6664), (125.1090, 8.3357, 3.5138), (125.1090, 7.9444, 4.3263), (125.1090, 7.4742, 5.0958), (125.1090, 6.9296, 5.8147), (125.1090, 6.3163, 6.4757), (125.1090, 5.6401, 7.0725), (125.1090, 4.9079, 7.5989), (125.1090, 4.1269, 8.0498), (125.1090, 3.3049, 8.4207), (125.1090, 2.4500, 8.7079), (125.1090, 1.5708, 8.9086), (125.1090, 0.6760, 9.0207), (125.1090, -0.2255, 9.0432), (125.1090, -1.1248, 8.9758), (125.1090, -2.0129, 8.8192), (125.1090, -2.8810, 8.5750), (125.1090, -3.7205, 8.2455), (125.1090, -4.5230, 7.8341), (125.1090, -5.2806, 7.3448), (125.1090, -5.9856, 6.7825), (125.1090, -6.6312, 6.1528), (125.1090, -7.2109, 5.4620), (125.1090, -7.7189, 4.7169), (125.1090, -8.1502, 3.9249), (125.1090, -8.5005, 3.0939), (125.1090, -8.7663, 2.2322), (125.1090, -8.9450, 1.3482), (125.1090, -9.0348, 0.4509), (125.1090, -9.0348, -0.4509), (125.1090, -8.9450, -1.3482), (125.1090, -8.7663, -2.2322), (125.1090, -8.5005, -3.0939), (125.1090, -8.1502, -3.9249), (125.1090, -7.7189, -4.7169), (125.1090, -7.2109, -5.4620), (125.1090, -6.6312, -6.1528), (125.1090, -5.9856, -6.7825), (125.1090, -5.2806, -7.3448), (125.1090, -4.5230, -7.8341), (125.1090, -3.7205, -8.2455), (125.1090, -2.8810, -8.5750), (125.1090, -2.0129, -8.8192), (125.1090, -1.1248, -8.9758), (125.1090, -0.2255, -9.0432), (125.1090, 0.6760, -9.0207), (125.1090, 1.5708, -8.9086), (125.1090, 2.4500, -8.7079), (125.1090, 3.3049, -8.4207), (125.1090, 4.1269, -8.0498), (125.1090, 4.9079, -7.5989), (125.1090, 5.6401, -7.0725), (125.1090, 6.3163, -6.4757), (125.1090, 6.9296, -5.8147), (125.1090, 7.4742, -5.0958), (125.1090, 7.9444, -4.3263), (125.1090, 8.3357, -3.5138), (125.1090, 8.6441, -2.6664), (125.1090, 8.8666, -1.7924), (125.1090, 9.0011, -0.9007), (125.1090, 9.0460, 0.0000), (125.1090, 9.0011, 0.9007), (125.1090, 8.8666, 1.7924), (125.1090, 8.6441, 2.6664), (125.1090, 8.3357, 3.5138), (125.1090, 7.9444, 4.3263), (125.1090, 7.4742, 5.0958), (125.1090, 6.9296, 5.8147), (125.1090, 6.3163, 6.4757), (125.1090, 5.6401, 7.0725), (125.1090, 4.9079, 7.5989), (125.1090, 4.1269, 8.0498), (125.1090, 3.3049, 8.4207), (125.1090, 2.4500, 8.7079), (125.1090, 1.5708, 8.9086), (125.1090, 0.6760, 9.0207), (125.1090, -0.2255, 9.0432), (125.1090, -1.1248, 8.9758), (125.1090, -2.0129, 8.8192), (125.1090, -2.8810, 8.5750), (125.1090, -3.7205, 8.2455), (125.1090, -4.5230, 7.8341), (125.1090, -5.2806, 7.3448), (125.1090, -5.9856, 6.7825), (125.1090, -6.6312, 6.1528), (125.1090, -7.2109, 5.4620), (125.1090, -7.7189, 4.7169), (125.1090, -8.1502, 3.9249), (125.1090, -8.5005, 3.0939), (125.1090, -8.7663, 2.2322), (125.1090, -8.9450, 1.3482), (125.1090, -9.0348, 0.4509), (125.1090, -9.0348, -0.4509), (125.1090, -8.9450, -1.3482), (125.1090, -8.7663, -2.2322), (125.1090, -8.5005, -3.0939), (125.1090, -8.1502, -3.9249), (125.1090, -7.7189, -4.7169), (125.1090, -7.2109, -5.4620), (125.1090, -6.6312, -6.1528), (125.1090, -5.9856, -6.7825), (125.1090, -5.2806, -7.3448), (125.1090, -4.5230, -7.8341), (125.1090, -3.7205, -8.2455), (125.1090, -2.8810, -8.5750), (125.1090, -2.0129, -8.8192), (125.1090, -1.1248, -8.9758), (125.1090, -0.2255, -9.0432), (125.1090, 0.6760, -9.0207), (125.1090, 1.5708, -8.9086), (125.1090, 2.4500, -8.7079), (125.1090, 3.3049, -8.4207), (125.1090, 4.1269, -8.0498), (125.1090, 4.9079, -7.5989), (125.1090, 5.6401, -7.0725), (125.1090, 6.3163, -6.4757), (125.1090, 6.9296, -5.8147), (125.1090, 7.4742, -5.0958), (125.1090, 7.9444, -4.3263), (125.1090, 8.3357, -3.5138), (125.1090, 8.6441, -2.6664), (125.1090, 8.8666, -1.7924), (125.1090, 9.0011, -0.9007), (125.1090, 9.0460, 0.0000), (125.1910, 8.9122, 0.0000), (125.1910, 8.9122, 0.0000), (125.1910, 8.8679, 0.8874), (125.1910, 8.7355, 1.7659), (125.1910, 8.5163, 2.6269), (125.1910, 8.2124, 3.4618), (125.1910, 7.8269, 4.2623), (125.1910, 7.3636, 5.0204), (125.1910, 6.8272, 5.7287), (125.1910, 6.2228, 6.3800), (125.1910, 5.5567, 6.9679), (125.1910, 4.8353, 7.4865), (125.1910, 4.0658, 7.9307), (125.1910, 3.2560, 8.2961), (125.1910, 2.4138, 8.5791), (125.1910, 1.5476, 8.7768), (125.1910, 0.6660, 8.8873), (125.1910, -0.2222, 8.9094), (125.1910, -1.1082, 8.8430), (125.1910, -1.9832, 8.6888), (125.1910, -2.8384, 8.4481), (125.1910, -3.6655, 8.1235), (125.1910, -4.4561, 7.7182), (125.1910, -5.2024, 7.2362), (125.1910, -5.8971, 6.6822), (125.1910, -6.5331, 6.0618), (125.1910, -7.1042, 5.3812), (125.1910, -7.6047, 4.6471), (125.1910, -8.0296, 3.8669), (125.1910, -8.3747, 3.0482), (125.1910, -8.6366, 2.1992), (125.1910, -8.8127, 1.3283), (125.1910, -8.9011, 0.4442), (125.1910, -8.9011, -0.4442), (125.1910, -8.8127, -1.3283), (125.1910, -8.6366, -2.1992), (125.1910, -8.3747, -3.0482), (125.1910, -8.0296, -3.8669), (125.1910, -7.6047, -4.6471), (125.1910, -7.1042, -5.3812), (125.1910, -6.5331, -6.0618), (125.1910, -5.8971, -6.6822), (125.1910, -5.2024, -7.2362), (125.1910, -4.4561, -7.7182), (125.1910, -3.6655, -8.1235), (125.1910, -2.8384, -8.4481), (125.1910, -1.9832, -8.6888), (125.1910, -1.1082, -8.8430), (125.1910, -0.2222, -8.9094), (125.1910, 0.6660, -8.8873), (125.1910, 1.5476, -8.7768), (125.1910, 2.4138, -8.5791), (125.1910, 3.2560, -8.2961), (125.1910, 4.0658, -7.9307), (125.1910, 4.8353, -7.4865), (125.1910, 5.5567, -6.9679), (125.1910, 6.2228, -6.3800), (125.1910, 6.8272, -5.7287), (125.1910, 7.3636, -5.0204), (125.1910, 7.8269, -4.2623), (125.1910, 8.2124, -3.4618), (125.1910, 8.5163, -2.6269), (125.1910, 8.7355, -1.7659), (125.1910, 8.8679, -0.8874), (125.1910, 8.9122, 0.0000), (125.1910, 8.8679, 0.8874), (125.1910, 8.7355, 1.7659), (125.1910, 8.5163, 2.6269), (125.1910, 8.2124, 3.4618), (125.1910, 7.8269, 4.2623), (125.1910, 7.3636, 5.0204), (125.1910, 6.8272, 5.7287), (125.1910, 6.2228, 6.3800), (125.1910, 5.5567, 6.9679), (125.1910, 4.8353, 7.4865), (125.1910, 4.0658, 7.9307), (125.1910, 3.2560, 8.2961), (125.1910, 2.4138, 8.5791), (125.1910, 1.5476, 8.7768), (125.1910, 0.6660, 8.8873), (125.1910, -0.2222, 8.9094), (125.1910, -1.1082, 8.8430), (125.1910, -1.9832, 8.6888), (125.1910, -2.8384, 8.4481), (125.1910, -3.6655, 8.1235), (125.1910, -4.4561, 7.7182), (125.1910, -5.2024, 7.2362), (125.1910, -5.8971, 6.6822), (125.1910, -6.5331, 6.0618), (125.1910, -7.1042, 5.3812), (125.1910, -7.6047, 4.6471), (125.1910, -8.0296, 3.8669), (125.1910, -8.3747, 3.0482), (125.1910, -8.6366, 2.1992), (125.1910, -8.8127, 1.3283), (125.1910, -8.9011, 0.4442), (125.1910, -8.9011, -0.4442), (125.1910, -8.8127, -1.3283), (125.1910, -8.6366, -2.1992), (125.1910, -8.3747, -3.0482), (125.1910, -8.0296, -3.8669), (125.1910, -7.6047, -4.6471), (125.1910, -7.1042, -5.3812), (125.1910, -6.5331, -6.0618), (125.1910, -5.8971, -6.6822), (125.1910, -5.2024, -7.2362), (125.1910, -4.4561, -7.7182), (125.1910, -3.6655, -8.1235), (125.1910, -2.8384, -8.4481), (125.1910, -1.9832, -8.6888), (125.1910, -1.1082, -8.8430), (125.1910, -0.2222, -8.9094), (125.1910, 0.6660, -8.8873), (125.1910, 1.5476, -8.7768), (125.1910, 2.4138, -8.5791), (125.1910, 3.2560, -8.2961), (125.1910, 4.0658, -7.9307), (125.1910, 4.8353, -7.4865), (125.1910, 5.5567, -6.9679), (125.1910, 6.2228, -6.3800), (125.1910, 6.8272, -5.7287), (125.1910, 7.3636, -5.0204), (125.1910, 7.8269, -4.2623), (125.1910, 8.2124, -3.4618), (125.1910, 8.5163, -2.6269), (125.1910, 8.7355, -1.7659), (125.1910, 8.8679, -0.8874), (125.1910, 8.9122, 0.0000), (125.2929, 8.7929, 0.0000), (125.2929, 8.7929, 0.0000), (125.2929, 8.7492, 0.8755), (125.2929, 8.6186, 1.7423), (125.2929, 8.4022, 2.5918), (125.2929, 8.1024, 3.4155), (125.2929, 7.7221, 4.2052), (125.2929, 7.2650, 4.9532), (125.2929, 6.7357, 5.6520), (125.2929, 6.1395, 6.2945), (125.2929, 5.4823, 6.8746), (125.2929, 4.7706, 7.3863), (125.2929, 4.0114, 7.8245), (125.2929, 3.2124, 8.1851), (125.2929, 2.3815, 8.4643), (125.2929, 1.5269, 8.6593), (125.2929, 0.6571, 8.7683), (125.2929, -0.2192, 8.7902), (125.2929, -1.0933, 8.7247), (125.2929, -1.9566, 8.5724), (125.2929, -2.8004, 8.3350), (125.2929, -3.6164, 8.0148), (125.2929, -4.3964, 7.6149), (125.2929, -5.1328, 7.1393), (125.2929, -5.8181, 6.5927), (125.2929, -6.4456, 5.9807), (125.2929, -7.0091, 5.3092), (125.2929, -7.5029, 4.5849), (125.2929, -7.9221, 3.8151), (125.2929, -8.2626, 3.0073), (125.2929, -8.5210, 2.1697), (125.2929, -8.6947, 1.3105), (125.2929, -8.7820, 0.4383), (125.2929, -8.7820, -0.4383), (125.2929, -8.6947, -1.3105), (125.2929, -8.5210, -2.1697), (125.2929, -8.2626, -3.0073), (125.2929, -7.9221, -3.8151), (125.2929, -7.5029, -4.5849), (125.2929, -7.0091, -5.3092), (125.2929, -6.4456, -5.9807), (125.2929, -5.8181, -6.5927), (125.2929, -5.1328, -7.1393), (125.2929, -4.3964, -7.6149), (125.2929, -3.6164, -8.0148), (125.2929, -2.8004, -8.3350), (125.2929, -1.9566, -8.5724), (125.2929, -1.0933, -8.7247), (125.2929, -0.2192, -8.7902), (125.2929, 0.6571, -8.7683), (125.2929, 1.5269, -8.6593), (125.2929, 2.3815, -8.4643), (125.2929, 3.2124, -8.1851), (125.2929, 4.0114, -7.8245), (125.2929, 4.7706, -7.3863), (125.2929, 5.4823, -6.8746), (125.2929, 6.1395, -6.2945), (125.2929, 6.7357, -5.6520), (125.2929, 7.2650, -4.9532), (125.2929, 7.7221, -4.2052), (125.2929, 8.1024, -3.4155), (125.2929, 8.4022, -2.5918), (125.2929, 8.6186, -1.7423), (125.2929, 8.7492, -0.8755), (125.2929, 8.7929, 0.0000), (125.2929, 8.7492, 0.8755), (125.2929, 8.6186, 1.7423), (125.2929, 8.4022, 2.5918), (125.2929, 8.1024, 3.4155), (125.2929, 7.7221, 4.2052), (125.2929, 7.2650, 4.9532), (125.2929, 6.7357, 5.6520), (125.2929, 6.1395, 6.2945), (125.2929, 5.4823, 6.8746), (125.2929, 4.7706, 7.3863), (125.2929, 4.0114, 7.8245), (125.2929, 3.2124, 8.1851), (125.2929, 2.3815, 8.4643), (125.2929, 1.5269, 8.6593), (125.2929, 0.6571, 8.7683), (125.2929, -0.2192, 8.7902), (125.2929, -1.0933, 8.7247), (125.2929, -1.9566, 8.5724), (125.2929, -2.8004, 8.3350), (125.2929, -3.6164, 8.0148), (125.2929, -4.3964, 7.6149), (125.2929, -5.1328, 7.1393), (125.2929, -5.8181, 6.5927), (125.2929, -6.4456, 5.9807), (125.2929, -7.0091, 5.3092), (125.2929, -7.5029, 4.5849), (125.2929, -7.9221, 3.8151), (125.2929, -8.2626, 3.0073), (125.2929, -8.5210, 2.1697), (125.2929, -8.6947, 1.3105), (125.2929, -8.7820, 0.4383), (125.2929, -8.7820, -0.4383), (125.2929, -8.6947, -1.3105), (125.2929, -8.5210, -2.1697), (125.2929, -8.2626, -3.0073), (125.2929, -7.9221, -3.8151), (125.2929, -7.5029, -4.5849), (125.2929, -7.0091, -5.3092), (125.2929, -6.4456, -5.9807), (125.2929, -5.8181, -6.5927), (125.2929, -5.1328, -7.1393), (125.2929, -4.3964, -7.6149), (125.2929, -3.6164, -8.0148), (125.2929, -2.8004, -8.3350), (125.2929, -1.9566, -8.5724), (125.2929, -1.0933, -8.7247), (125.2929, -0.2192, -8.7902), (125.2929, 0.6571, -8.7683), (125.2929, 1.5269, -8.6593), (125.2929, 2.3815, -8.4643), (125.2929, 3.2124, -8.1851), (125.2929, 4.0114, -7.8245), (125.2929, 4.7706, -7.3863), (125.2929, 5.4823, -6.8746), (125.2929, 6.1395, -6.2945), (125.2929, 6.7357, -5.6520), (125.2929, 7.2650, -4.9532), (125.2929, 7.7221, -4.2052), (125.2929, 8.1024, -3.4155), (125.2929, 8.4022, -2.5918), (125.2929, 8.6186, -1.7423), (125.2929, 8.7492, -0.8755), (125.2929, 8.7929, 0.0000), (125.4122, 8.6910, 0.0000), (125.4122, 8.6910, 0.0000), (125.4122, 8.6478, 0.8653), (125.4122, 8.5187, 1.7221), (125.4122, 8.3049, 2.5617), (125.4122, 8.0085, 3.3759), (125.4122, 7.6326, 4.1565), (125.4122, 7.1808, 4.8958), (125.4122, 6.6577, 5.5865), (125.4122, 6.0684, 6.2216), (125.4122, 5.4187, 6.7949), (125.4122, 4.7153, 7.3007), (125.4122, 3.9649, 7.7339), (125.4122, 3.1752, 8.0902), (125.4122, 2.3539, 8.3662), (125.4122, 1.5092, 8.5589), (125.4122, 0.6495, 8.6667), (125.4122, -0.2167, 8.6883), (125.4122, -1.0807, 8.6235), (125.4122, -1.9339, 8.4731), (125.4122, -2.7680, 8.2384), (125.4122, -3.5745, 7.9219), (125.4122, -4.3455, 7.5266), (125.4122, -5.0733, 7.0565), (125.4122, -5.7507, 6.5163), (125.4122, -6.3709, 5.9114), (125.4122, -6.9279, 5.2477), (125.4122, -7.4159, 4.5318), (125.4122, -7.8303, 3.7709), (125.4122, -8.1669, 2.9725), (125.4122, -8.4222, 2.1446), (125.4122, -8.5939, 1.2953), (125.4122, -8.6802, 0.4332), (125.4122, -8.6802, -0.4332), (125.4122, -8.5939, -1.2953), (125.4122, -8.4222, -2.1446), (125.4122, -8.1669, -2.9725), (125.4122, -7.8303, -3.7709), (125.4122, -7.4159, -4.5318), (125.4122, -6.9279, -5.2477), (125.4122, -6.3709, -5.9114), (125.4122, -5.7507, -6.5163), (125.4122, -5.0733, -7.0565), (125.4122, -4.3455, -7.5266), (125.4122, -3.5745, -7.9219), (125.4122, -2.7680, -8.2384), (125.4122, -1.9339, -8.4731), (125.4122, -1.0807, -8.6235), (125.4122, -0.2167, -8.6883), (125.4122, 0.6495, -8.6667), (125.4122, 1.5092, -8.5589), (125.4122, 2.3539, -8.3662), (125.4122, 3.1752, -8.0902), (125.4122, 3.9649, -7.7339), (125.4122, 4.7153, -7.3007), (125.4122, 5.4187, -6.7949), (125.4122, 6.0684, -6.2216), (125.4122, 6.6577, -5.5865), (125.4122, 7.1808, -4.8958), (125.4122, 7.6326, -4.1565), (125.4122, 8.0085, -3.3759), (125.4122, 8.3049, -2.5617), (125.4122, 8.5187, -1.7221), (125.4122, 8.6478, -0.8653), (125.4122, 8.6910, 0.0000), (125.4122, 8.6478, 0.8653), (125.4122, 8.5187, 1.7221), (125.4122, 8.3049, 2.5617), (125.4122, 8.0085, 3.3759), (125.4122, 7.6326, 4.1565), (125.4122, 7.1808, 4.8958), (125.4122, 6.6577, 5.5865), (125.4122, 6.0684, 6.2216), (125.4122, 5.4187, 6.7949), (125.4122, 4.7153, 7.3007), (125.4122, 3.9649, 7.7339), (125.4122, 3.1752, 8.0902), (125.4122, 2.3539, 8.3662), (125.4122, 1.5092, 8.5589), (125.4122, 0.6495, 8.6667), (125.4122, -0.2167, 8.6883), (125.4122, -1.0807, 8.6235), (125.4122, -1.9339, 8.4731), (125.4122, -2.7680, 8.2384), (125.4122, -3.5745, 7.9219), (125.4122, -4.3455, 7.5266), (125.4122, -5.0733, 7.0565), (125.4122, -5.7507, 6.5163), (125.4122, -6.3709, 5.9114), (125.4122, -6.9279, 5.2477), (125.4122, -7.4159, 4.5318), (125.4122, -7.8303, 3.7709), (125.4122, -8.1669, 2.9725), (125.4122, -8.4222, 2.1446), (125.4122, -8.5939, 1.2953), (125.4122, -8.6802, 0.4332), (125.4122, -8.6802, -0.4332), (125.4122, -8.5939, -1.2953), (125.4122, -8.4222, -2.1446), (125.4122, -8.1669, -2.9725), (125.4122, -7.8303, -3.7709), (125.4122, -7.4159, -4.5318), (125.4122, -6.9279, -5.2477), (125.4122, -6.3709, -5.9114), (125.4122, -5.7507, -6.5163), (125.4122, -5.0733, -7.0565), (125.4122, -4.3455, -7.5266), (125.4122, -3.5745, -7.9219), (125.4122, -2.7680, -8.2384), (125.4122, -1.9339, -8.4731), (125.4122, -1.0807, -8.6235), (125.4122, -0.2167, -8.6883), (125.4122, 0.6495, -8.6667), (125.4122, 1.5092, -8.5589), (125.4122, 2.3539, -8.3662), (125.4122, 3.1752, -8.0902), (125.4122, 3.9649, -7.7339), (125.4122, 4.7153, -7.3007), (125.4122, 5.4187, -6.7949), (125.4122, 6.0684, -6.2216), (125.4122, 6.6577, -5.5865), (125.4122, 7.1808, -4.8958), (125.4122, 7.6326, -4.1565), (125.4122, 8.0085, -3.3759), (125.4122, 8.3049, -2.5617), (125.4122, 8.5187, -1.7221), (125.4122, 8.6478, -0.8653), (125.4122, 8.6910, 0.0000), (125.5460, 8.6090, 0.0000), (125.5460, 8.6090, 0.0000), (125.5460, 8.5662, 0.8572), (125.5460, 8.4383, 1.7058), (125.5460, 8.2265, 2.5375), (125.5460, 7.9330, 3.3440), (125.5460, 7.5606, 4.1173), (125.5460, 7.1131, 4.8496), (125.5460, 6.5949, 5.5338), (125.5460, 6.0111, 6.1629), (125.5460, 5.3676, 6.7308), (125.5460, 4.6708, 7.2318), (125.5460, 3.9275, 7.6609), (125.5460, 3.1452, 8.0139), (125.5460, 2.3317, 8.2872), (125.5460, 1.4949, 8.4782), (125.5460, 0.6434, 8.5849), (125.5460, -0.2146, 8.6063), (125.5460, -1.0705, 8.5422), (125.5460, -1.9157, 8.3931), (125.5460, -2.7418, 8.1607), (125.5460, -3.5408, 7.8471), (125.5460, -4.3045, 7.4556), (125.5460, -5.0254, 6.9900), (125.5460, -5.6964, 6.4549), (125.5460, -6.3108, 5.8556), (125.5460, -6.8625, 5.1981), (125.5460, -7.3460, 4.4890), (125.5460, -7.7564, 3.7353), (125.5460, -8.0898, 2.9444), (125.5460, -8.3428, 2.1243), (125.5460, -8.5128, 1.2831), (125.5460, -8.5983, 0.4291), (125.5460, -8.5983, -0.4291), (125.5460, -8.5128, -1.2831), (125.5460, -8.3428, -2.1243), (125.5460, -8.0898, -2.9444), (125.5460, -7.7564, -3.7353), (125.5460, -7.3460, -4.4890), (125.5460, -6.8625, -5.1981), (125.5460, -6.3108, -5.8556), (125.5460, -5.6964, -6.4549), (125.5460, -5.0254, -6.9900), (125.5460, -4.3045, -7.4556), (125.5460, -3.5408, -7.8471), (125.5460, -2.7418, -8.1607), (125.5460, -1.9157, -8.3931), (125.5460, -1.0705, -8.5422), (125.5460, -0.2146, -8.6063), (125.5460, 0.6434, -8.5849), (125.5460, 1.4949, -8.4782), (125.5460, 2.3317, -8.2872), (125.5460, 3.1452, -8.0139), (125.5460, 3.9275, -7.6609), (125.5460, 4.6708, -7.2318), (125.5460, 5.3676, -6.7308), (125.5460, 6.0111, -6.1629), (125.5460, 6.5949, -5.5338), (125.5460, 7.1131, -4.8496), (125.5460, 7.5606, -4.1173), (125.5460, 7.9330, -3.3440), (125.5460, 8.2265, -2.5375), (125.5460, 8.4383, -1.7058), (125.5460, 8.5662, -0.8572), (125.5460, 8.6090, 0.0000), (125.5460, 8.5662, 0.8572), (125.5460, 8.4383, 1.7058), (125.5460, 8.2265, 2.5375), (125.5460, 7.9330, 3.3440), (125.5460, 7.5606, 4.1173), (125.5460, 7.1131, 4.8496), (125.5460, 6.5949, 5.5338), (125.5460, 6.0111, 6.1629), (125.5460, 5.3676, 6.7308), (125.5460, 4.6708, 7.2318), (125.5460, 3.9275, 7.6609), (125.5460, 3.1452, 8.0139), (125.5460, 2.3317, 8.2872), (125.5460, 1.4949, 8.4782), (125.5460, 0.6434, 8.5849), (125.5460, -0.2146, 8.6063), (125.5460, -1.0705, 8.5422), (125.5460, -1.9157, 8.3931), (125.5460, -2.7418, 8.1607), (125.5460, -3.5408, 7.8471), (125.5460, -4.3045, 7.4556), (125.5460, -5.0254, 6.9900), (125.5460, -5.6964, 6.4549), (125.5460, -6.3108, 5.8556), (125.5460, -6.8625, 5.1981), (125.5460, -7.3460, 4.4890), (125.5460, -7.7564, 3.7353), (125.5460, -8.0898, 2.9444), (125.5460, -8.3428, 2.1243), (125.5460, -8.5128, 1.2831), (125.5460, -8.5983, 0.4291), (125.5460, -8.5983, -0.4291), (125.5460, -8.5128, -1.2831), (125.5460, -8.3428, -2.1243), (125.5460, -8.0898, -2.9444), (125.5460, -7.7564, -3.7353), (125.5460, -7.3460, -4.4890), (125.5460, -6.8625, -5.1981), (125.5460, -6.3108, -5.8556), (125.5460, -5.6964, -6.4549), (125.5460, -5.0254, -6.9900), (125.5460, -4.3045, -7.4556), (125.5460, -3.5408, -7.8471), (125.5460, -2.7418, -8.1607), (125.5460, -1.9157, -8.3931), (125.5460, -1.0705, -8.5422), (125.5460, -0.2146, -8.6063), (125.5460, 0.6434, -8.5849), (125.5460, 1.4949, -8.4782), (125.5460, 2.3317, -8.2872), (125.5460, 3.1452, -8.0139), (125.5460, 3.9275, -7.6609), (125.5460, 4.6708, -7.2318), (125.5460, 5.3676, -6.7308), (125.5460, 6.0111, -6.1629), (125.5460, 6.5949, -5.5338), (125.5460, 7.1131, -4.8496), (125.5460, 7.5606, -4.1173), (125.5460, 7.9330, -3.3440), (125.5460, 8.2265, -2.5375), (125.5460, 8.4383, -1.7058), (125.5460, 8.5662, -0.8572), (125.5460, 8.6090, 0.0000), (125.6910, 8.5489, 0.0000), (125.6910, 8.5489, 0.0000), (125.6910, 8.5065, 0.8512), (125.6910, 8.3794, 1.6939), (125.6910, 8.1691, 2.5198), (125.6910, 7.8776, 3.3207), (125.6910, 7.5079, 4.0886), (125.6910, 7.0635, 4.8158), (125.6910, 6.5489, 5.4952), (125.6910, 5.9692, 6.1199), (125.6910, 5.3302, 6.6838), (125.6910, 4.6382, 7.1813), (125.6910, 3.9001, 7.6075), (125.6910, 3.1233, 7.9580), (125.6910, 2.3154, 8.2294), (125.6910, 1.4845, 8.4191), (125.6910, 0.6389, 8.5250), (125.6910, -0.2131, 8.5463), (125.6910, -1.0630, 8.4826), (125.6910, -1.9023, 8.3346), (125.6910, -2.7227, 8.1038), (125.6910, -3.5161, 7.7924), (125.6910, -4.2745, 7.4036), (125.6910, -4.9904, 6.9412), (125.6910, -5.6567, 6.4098), (125.6910, -6.2668, 5.8148), (125.6910, -6.8146, 5.1619), (125.6910, -7.2947, 4.4577), (125.6910, -7.7023, 3.7092), (125.6910, -8.0334, 2.9239), (125.6910, -8.2846, 2.1095), (125.6910, -8.4535, 1.2742), (125.6910, -8.5383, 0.4261), (125.6910, -8.5383, -0.4261), (125.6910, -8.4535, -1.2742), (125.6910, -8.2846, -2.1095), (125.6910, -8.0334, -2.9239), (125.6910, -7.7023, -3.7092), (125.6910, -7.2947, -4.4577), (125.6910, -6.8146, -5.1619), (125.6910, -6.2668, -5.8148), (125.6910, -5.6567, -6.4098), (125.6910, -4.9904, -6.9412), (125.6910, -4.2745, -7.4036), (125.6910, -3.5161, -7.7924), (125.6910, -2.7227, -8.1038), (125.6910, -1.9023, -8.3346), (125.6910, -1.0630, -8.4826), (125.6910, -0.2131, -8.5463), (125.6910, 0.6389, -8.5250), (125.6910, 1.4845, -8.4191), (125.6910, 2.3154, -8.2294), (125.6910, 3.1233, -7.9580), (125.6910, 3.9001, -7.6075), (125.6910, 4.6382, -7.1813), (125.6910, 5.3302, -6.6838), (125.6910, 5.9692, -6.1199), (125.6910, 6.5489, -5.4952), (125.6910, 7.0635, -4.8158), (125.6910, 7.5079, -4.0886), (125.6910, 7.8776, -3.3207), (125.6910, 8.1691, -2.5198), (125.6910, 8.3794, -1.6939), (125.6910, 8.5065, -0.8512), (125.6910, 8.5489, 0.0000), (125.6910, 8.5065, 0.8512), (125.6910, 8.3794, 1.6939), (125.6910, 8.1691, 2.5198), (125.6910, 7.8776, 3.3207), (125.6910, 7.5079, 4.0886), (125.6910, 7.0635, 4.8158), (125.6910, 6.5489, 5.4952), (125.6910, 5.9692, 6.1199), (125.6910, 5.3302, 6.6838), (125.6910, 4.6382, 7.1813), (125.6910, 3.9001, 7.6075), (125.6910, 3.1233, 7.9580), (125.6910, 2.3154, 8.2294), (125.6910, 1.4845, 8.4191), (125.6910, 0.6389, 8.5250), (125.6910, -0.2131, 8.5463), (125.6910, -1.0630, 8.4826), (125.6910, -1.9023, 8.3346), (125.6910, -2.7227, 8.1038), (125.6910, -3.5161, 7.7924), (125.6910, -4.2745, 7.4036), (125.6910, -4.9904, 6.9412), (125.6910, -5.6567, 6.4098), (125.6910, -6.2668, 5.8148), (125.6910, -6.8146, 5.1619), (125.6910, -7.2947, 4.4577), (125.6910, -7.7023, 3.7092), (125.6910, -8.0334, 2.9239), (125.6910, -8.2846, 2.1095), (125.6910, -8.4535, 1.2742), (125.6910, -8.5383, 0.4261), (125.6910, -8.5383, -0.4261), (125.6910, -8.4535, -1.2742), (125.6910, -8.2846, -2.1095), (125.6910, -8.0334, -2.9239), (125.6910, -7.7023, -3.7092), (125.6910, -7.2947, -4.4577), (125.6910, -6.8146, -5.1619), (125.6910, -6.2668, -5.8148), (125.6910, -5.6567, -6.4098), (125.6910, -4.9904, -6.9412), (125.6910, -4.2745, -7.4036), (125.6910, -3.5161, -7.7924), (125.6910, -2.7227, -8.1038), (125.6910, -1.9023, -8.3346), (125.6910, -1.0630, -8.4826), (125.6910, -0.2131, -8.5463), (125.6910, 0.6389, -8.5250), (125.6910, 1.4845, -8.4191), (125.6910, 2.3154, -8.2294), (125.6910, 3.1233, -7.9580), (125.6910, 3.9001, -7.6075), (125.6910, 4.6382, -7.1813), (125.6910, 5.3302, -6.6838), (125.6910, 5.9692, -6.1199), (125.6910, 6.5489, -5.4952), (125.6910, 7.0635, -4.8158), (125.6910, 7.5079, -4.0886), (125.6910, 7.8776, -3.3207), (125.6910, 8.1691, -2.5198), (125.6910, 8.3794, -1.6939), (125.6910, 8.5065, -0.8512), (125.6910, 8.5489, 0.0000), (125.8436, 8.5123, 0.0000), (125.8436, 8.5123, 0.0000), (125.8436, 8.4700, 0.8476), (125.8436, 8.3435, 1.6867), (125.8436, 8.1341, 2.5090), (125.8436, 7.8439, 3.3065), (125.8436, 7.4757, 4.0710), (125.8436, 7.0332, 4.7952), (125.8436, 6.5208, 5.4716), (125.8436, 5.9436, 6.0937), (125.8436, 5.3073, 6.6552), (125.8436, 4.6183, 7.1506), (125.8436, 3.8834, 7.5749), (125.8436, 3.1099, 7.9239), (125.8436, 2.3055, 8.1942), (125.8436, 1.4781, 8.3830), (125.8436, 0.6361, 8.4885), (125.8436, -0.2122, 8.5097), (125.8436, -1.0585, 8.4462), (125.8436, -1.8942, 8.2989), (125.8436, -2.7111, 8.0691), (125.8436, -3.5010, 7.7590), (125.8436, -4.2562, 7.3719), (125.8436, -4.9690, 6.9115), (125.8436, -5.6325, 6.3824), (125.8436, -6.2400, 5.7898), (125.8436, -6.7854, 5.1398), (125.8436, -7.2635, 4.4386), (125.8436, -7.6693, 3.6934), (125.8436, -7.9990, 2.9114), (125.8436, -8.2491, 2.1005), (125.8436, -8.4172, 1.2687), (125.8436, -8.5017, 0.4243), (125.8436, -8.5017, -0.4243), (125.8436, -8.4172, -1.2687), (125.8436, -8.2491, -2.1005), (125.8436, -7.9990, -2.9114), (125.8436, -7.6693, -3.6934), (125.8436, -7.2635, -4.4386), (125.8436, -6.7854, -5.1398), (125.8436, -6.2400, -5.7898), (125.8436, -5.6325, -6.3824), (125.8436, -4.9690, -6.9115), (125.8436, -4.2562, -7.3719), (125.8436, -3.5010, -7.7590), (125.8436, -2.7111, -8.0691), (125.8436, -1.8942, -8.2989), (125.8436, -1.0585, -8.4462), (125.8436, -0.2122, -8.5097), (125.8436, 0.6361, -8.4885), (125.8436, 1.4781, -8.3830), (125.8436, 2.3055, -8.1942), (125.8436, 3.1099, -7.9239), (125.8436, 3.8834, -7.5749), (125.8436, 4.6183, -7.1506), (125.8436, 5.3073, -6.6552), (125.8436, 5.9436, -6.0937), (125.8436, 6.5208, -5.4716), (125.8436, 7.0332, -4.7952), (125.8436, 7.4757, -4.0710), (125.8436, 7.8439, -3.3065), (125.8436, 8.1341, -2.5090), (125.8436, 8.3435, -1.6867), (125.8436, 8.4700, -0.8476), (125.8436, 8.5123, 0.0000), (125.8436, 8.4700, 0.8476), (125.8436, 8.3435, 1.6867), (125.8436, 8.1341, 2.5090), (125.8436, 7.8439, 3.3065), (125.8436, 7.4757, 4.0710), (125.8436, 7.0332, 4.7952), (125.8436, 6.5208, 5.4716), (125.8436, 5.9436, 6.0937), (125.8436, 5.3073, 6.6552), (125.8436, 4.6183, 7.1506), (125.8436, 3.8834, 7.5749), (125.8436, 3.1099, 7.9239), (125.8436, 2.3055, 8.1942), (125.8436, 1.4781, 8.3830), (125.8436, 0.6361, 8.4885), (125.8436, -0.2122, 8.5097), (125.8436, -1.0585, 8.4462), (125.8436, -1.8942, 8.2989), (125.8436, -2.7111, 8.0691), (125.8436, -3.5010, 7.7590), (125.8436, -4.2562, 7.3719), (125.8436, -4.9690, 6.9115), (125.8436, -5.6325, 6.3824), (125.8436, -6.2400, 5.7898), (125.8436, -6.7854, 5.1398), (125.8436, -7.2635, 4.4386), (125.8436, -7.6693, 3.6934), (125.8436, -7.9990, 2.9114), (125.8436, -8.2491, 2.1005), (125.8436, -8.4172, 1.2687), (125.8436, -8.5017, 0.4243), (125.8436, -8.5017, -0.4243), (125.8436, -8.4172, -1.2687), (125.8436, -8.2491, -2.1005), (125.8436, -7.9990, -2.9114), (125.8436, -7.6693, -3.6934), (125.8436, -7.2635, -4.4386), (125.8436, -6.7854, -5.1398), (125.8436, -6.2400, -5.7898), (125.8436, -5.6325, -6.3824), (125.8436, -4.9690, -6.9115), (125.8436, -4.2562, -7.3719), (125.8436, -3.5010, -7.7590), (125.8436, -2.7111, -8.0691), (125.8436, -1.8942, -8.2989), (125.8436, -1.0585, -8.4462), (125.8436, -0.2122, -8.5097), (125.8436, 0.6361, -8.4885), (125.8436, 1.4781, -8.3830), (125.8436, 2.3055, -8.1942), (125.8436, 3.1099, -7.9239), (125.8436, 3.8834, -7.5749), (125.8436, 4.6183, -7.1506), (125.8436, 5.3073, -6.6552), (125.8436, 5.9436, -6.0937), (125.8436, 6.5208, -5.4716), (125.8436, 7.0332, -4.7952), (125.8436, 7.4757, -4.0710), (125.8436, 7.8439, -3.3065), (125.8436, 8.1341, -2.5090), (125.8436, 8.3435, -1.6867), (125.8436, 8.4700, -0.8476), (125.8436, 8.5123, 0.0000), (126.0000, 8.5000, 0.0000), (126.0000, 8.5000, 0.0000), (126.0000, 8.4578, 0.8463), (126.0000, 8.3315, 1.6842), (126.0000, 8.1224, 2.5054), (126.0000, 7.8325, 3.3017), (126.0000, 7.4649, 4.0652), (126.0000, 7.0230, 4.7882), (126.0000, 6.5114, 5.4637), (126.0000, 5.9350, 6.0849), (126.0000, 5.2997, 6.6456), (126.0000, 4.6116, 7.1402), (126.0000, 3.8778, 7.5639), (126.0000, 3.1054, 7.9124), (126.0000, 2.3021, 8.1823), (126.0000, 1.4760, 8.3709), (126.0000, 0.6352, 8.4762), (126.0000, -0.2119, 8.4974), (126.0000, -1.0569, 8.4340), (126.0000, -1.8914, 8.2869), (126.0000, -2.7071, 8.0574), (126.0000, -3.4959, 7.7478), (126.0000, -4.2500, 7.3612), (126.0000, -4.9618, 6.9015), (126.0000, -5.6243, 6.3731), (126.0000, -6.2309, 5.7815), (126.0000, -6.7756, 5.1323), (126.0000, -7.2530, 4.4322), (126.0000, -7.6582, 3.6880), (126.0000, -7.9874, 2.9072), (126.0000, -8.2372, 2.0974), (126.0000, -8.4051, 1.2669), (126.0000, -8.4894, 0.4237), (126.0000, -8.4894, -0.4237), (126.0000, -8.4051, -1.2669), (126.0000, -8.2372, -2.0974), (126.0000, -7.9874, -2.9072), (126.0000, -7.6582, -3.6880), (126.0000, -7.2530, -4.4322), (126.0000, -6.7756, -5.1323), (126.0000, -6.2309, -5.7815), (126.0000, -5.6243, -6.3731), (126.0000, -4.9618, -6.9015), (126.0000, -4.2500, -7.3612), (126.0000, -3.4959, -7.7478), (126.0000, -2.7071, -8.0574), (126.0000, -1.8914, -8.2869), (126.0000, -1.0569, -8.4340), (126.0000, -0.2119, -8.4974), (126.0000, 0.6352, -8.4762), (126.0000, 1.4760, -8.3709), (126.0000, 2.3021, -8.1823), (126.0000, 3.1054, -7.9124), (126.0000, 3.8778, -7.5639), (126.0000, 4.6116, -7.1402), (126.0000, 5.2997, -6.6456), (126.0000, 5.9350, -6.0849), (126.0000, 6.5114, -5.4637), (126.0000, 7.0230, -4.7882), (126.0000, 7.4649, -4.0652), (126.0000, 7.8325, -3.3017), (126.0000, 8.1224, -2.5054), (126.0000, 8.3315, -1.6842), (126.0000, 8.4578, -0.8463), (126.0000, 8.5000, 0.0000), (126.0000, 8.4578, 0.8463), (126.0000, 8.3315, 1.6842), (126.0000, 8.1224, 2.5054), (126.0000, 7.8325, 3.3017), (126.0000, 7.4649, 4.0652), (126.0000, 7.0230, 4.7882), (126.0000, 6.5114, 5.4637), (126.0000, 5.9350, 6.0849), (126.0000, 5.2997, 6.6456), (126.0000, 4.6116, 7.1402), (126.0000, 3.8778, 7.5639), (126.0000, 3.1054, 7.9124), (126.0000, 2.3021, 8.1823), (126.0000, 1.4760, 8.3709), (126.0000, 0.6352, 8.4762), (126.0000, -0.2119, 8.4974), (126.0000, -1.0569, 8.4340), (126.0000, -1.8914, 8.2869), (126.0000, -2.7071, 8.0574), (126.0000, -3.4959, 7.7478), (126.0000, -4.2500, 7.3612), (126.0000, -4.9618, 6.9015), (126.0000, -5.6243, 6.3731), (126.0000, -6.2309, 5.7815), (126.0000, -6.7756, 5.1323), (126.0000, -7.2530, 4.4322), (126.0000, -7.6582, 3.6880), (126.0000, -7.9874, 2.9072), (126.0000, -8.2372, 2.0974), (126.0000, -8.4051, 1.2669), (126.0000, -8.4894, 0.4237), (126.0000, -8.4894, -0.4237), (126.0000, -8.4051, -1.2669), (126.0000, -8.2372, -2.0974), (126.0000, -7.9874, -2.9072), (126.0000, -7.6582, -3.6880), (126.0000, -7.2530, -4.4322), (126.0000, -6.7756, -5.1323), (126.0000, -6.2309, -5.7815), (126.0000, -5.6243, -6.3731), (126.0000, -4.9618, -6.9015), (126.0000, -4.2500, -7.3612), (126.0000, -3.4959, -7.7478), (126.0000, -2.7071, -8.0574), (126.0000, -1.8914, -8.2869), (126.0000, -1.0569, -8.4340), (126.0000, -0.2119, -8.4974), (126.0000, 0.6352, -8.4762), (126.0000, 1.4760, -8.3709), (126.0000, 2.3021, -8.1823), (126.0000, 3.1054, -7.9124), (126.0000, 3.8778, -7.5639), (126.0000, 4.6116, -7.1402), (126.0000, 5.2997, -6.6456), (126.0000, 5.9350, -6.0849), (126.0000, 6.5114, -5.4637), (126.0000, 7.0230, -4.7882), (126.0000, 7.4649, -4.0652), (126.0000, 7.8325, -3.3017), (126.0000, 8.1224, -2.5054), (126.0000, 8.3315, -1.6842), (126.0000, 8.4578, -0.8463), (126.0000, 8.5000, 0.0000), (165.0000, 8.5000, 0.0000), (165.0000, 8.5000, 0.0000), (165.0000, 8.4578, 0.8463), (165.0000, 8.3315, 1.6842), (165.0000, 8.1224, 2.5054), (165.0000, 7.8325, 3.3017), (165.0000, 7.4649, 4.0652), (165.0000, 7.0230, 4.7882), (165.0000, 6.5114, 5.4637), (165.0000, 5.9350, 6.0849), (165.0000, 5.2997, 6.6456), (165.0000, 4.6116, 7.1402), (165.0000, 3.8778, 7.5639), (165.0000, 3.1054, 7.9124), (165.0000, 2.3021, 8.1823), (165.0000, 1.4760, 8.3709), (165.0000, 0.6352, 8.4762), (165.0000, -0.2119, 8.4974), (165.0000, -1.0569, 8.4340), (165.0000, -1.8914, 8.2869), (165.0000, -2.7071, 8.0574), (165.0000, -3.4959, 7.7478), (165.0000, -4.2500, 7.3612), (165.0000, -4.9618, 6.9015), (165.0000, -5.6243, 6.3731), (165.0000, -6.2309, 5.7815), (165.0000, -6.7756, 5.1323), (165.0000, -7.2530, 4.4322), (165.0000, -7.6582, 3.6880), (165.0000, -7.9874, 2.9072), (165.0000, -8.2372, 2.0974), (165.0000, -8.4051, 1.2669), (165.0000, -8.4894, 0.4237), (165.0000, -8.4894, -0.4237), (165.0000, -8.4051, -1.2669), (165.0000, -8.2372, -2.0974), (165.0000, -7.9874, -2.9072), (165.0000, -7.6582, -3.6880), (165.0000, -7.2530, -4.4322), (165.0000, -6.7756, -5.1323), (165.0000, -6.2309, -5.7815), (165.0000, -5.6243, -6.3731), (165.0000, -4.9618, -6.9015), (165.0000, -4.2500, -7.3612), (165.0000, -3.4959, -7.7478), (165.0000, -2.7071, -8.0574), (165.0000, -1.8914, -8.2869), (165.0000, -1.0569, -8.4340), (165.0000, -0.2119, -8.4974), (165.0000, 0.6352, -8.4762), (165.0000, 1.4760, -8.3709), (165.0000, 2.3021, -8.1823), (165.0000, 3.1054, -7.9124), (165.0000, 3.8778, -7.5639), (165.0000, 4.6116, -7.1402), (165.0000, 5.2997, -6.6456), (165.0000, 5.9350, -6.0849), (165.0000, 6.5114, -5.4637), (165.0000, 7.0230, -4.7882), (165.0000, 7.4649, -4.0652), (165.0000, 7.8325, -3.3017), (165.0000, 8.1224, -2.5054), (165.0000, 8.3315, -1.6842), (165.0000, 8.4578, -0.8463), (165.0000, 8.5000, 0.0000), (165.0000, 8.4578, 0.8463), (165.0000, 8.3315, 1.6842), (165.0000, 8.1224, 2.5054), (165.0000, 7.8325, 3.3017), (165.0000, 7.4649, 4.0652), (165.0000, 7.0230, 4.7882), (165.0000, 6.5114, 5.4637), (165.0000, 5.9350, 6.0849), (165.0000, 5.2997, 6.6456), (165.0000, 4.6116, 7.1402), (165.0000, 3.8778, 7.5639), (165.0000, 3.1054, 7.9124), (165.0000, 2.3021, 8.1823), (165.0000, 1.4760, 8.3709), (165.0000, 0.6352, 8.4762), (165.0000, -0.2119, 8.4974), (165.0000, -1.0569, 8.4340), (165.0000, -1.8914, 8.2869), (165.0000, -2.7071, 8.0574), (165.0000, -3.4959, 7.7478), (165.0000, -4.2500, 7.3612), (165.0000, -4.9618, 6.9015), (165.0000, -5.6243, 6.3731), (165.0000, -6.2309, 5.7815), (165.0000, -6.7756, 5.1323), (165.0000, -7.2530, 4.4322), (165.0000, -7.6582, 3.6880), (165.0000, -7.9874, 2.9072), (165.0000, -8.2372, 2.0974), (165.0000, -8.4051, 1.2669), (165.0000, -8.4894, 0.4237), (165.0000, -8.4894, -0.4237), (165.0000, -8.4051, -1.2669), (165.0000, -8.2372, -2.0974), (165.0000, -7.9874, -2.9072), (165.0000, -7.6582, -3.6880), (165.0000, -7.2530, -4.4322), (165.0000, -6.7756, -5.1323), (165.0000, -6.2309, -5.7815), (165.0000, -5.6243, -6.3731), (165.0000, -4.9618, -6.9015), (165.0000, -4.2500, -7.3612), (165.0000, -3.4959, -7.7478), (165.0000, -2.7071, -8.0574), (165.0000, -1.8914, -8.2869), (165.0000, -1.0569, -8.4340), (165.0000, -0.2119, -8.4974), (165.0000, 0.6352, -8.4762), (165.0000, 1.4760, -8.3709), (165.0000, 2.3021, -8.1823), (165.0000, 3.1054, -7.9124), (165.0000, 3.8778, -7.5639), (165.0000, 4.6116, -7.1402), (165.0000, 5.2997, -6.6456), (165.0000, 5.9350, -6.0849), (165.0000, 6.5114, -5.4637), (165.0000, 7.0230, -4.7882), (165.0000, 7.4649, -4.0652), (165.0000, 7.8325, -3.3017), (165.0000, 8.1224, -2.5054), (165.0000, 8.3315, -1.6842), (165.0000, 8.4578, -0.8463), (165.0000, 8.0000, 0.0000), (165.0000, 7.9602, 0.7965), (165.0000, 7.8414, 1.5852), (165.0000, 7.6446, 2.3580), (165.0000, 7.3718, 3.1075), (165.0000, 7.0258, 3.8260), (165.0000, 6.6099, 4.5066), (165.0000, 6.1284, 5.1423), (165.0000, 5.5859, 5.7269), (165.0000, 4.9879, 6.2547), (165.0000, 4.3404, 6.7202), (165.0000, 3.6497, 7.1190), (165.0000, 2.9227, 7.4470), (165.0000, 2.1667, 7.7010), (165.0000, 1.3892, 7.8785), (165.0000, 0.5978, 7.9776), (165.0000, -0.1994, 7.9975), (165.0000, -0.9947, 7.9379), (165.0000, -1.7802, 7.7994), (165.0000, -2.5479, 7.5834), (165.0000, -3.2903, 7.2920), (165.0000, -4.0000, 6.9282), (165.0000, -4.6699, 6.4955), (165.0000, -5.2935, 5.9982), (165.0000, -5.8644, 5.4414), (165.0000, -6.3771, 4.8304), (165.0000, -6.8263, 4.1715), (165.0000, -7.2078, 3.4711), (165.0000, -7.5175, 2.7362), (165.0000, -7.7526, 1.9741), (165.0000, -7.9106, 1.1923), (165.0000, -7.9901, 0.3988), (165.0000, -7.9901, -0.3988), (165.0000, -7.9106, -1.1923), (165.0000, -7.7526, -1.9741), (165.0000, -7.5175, -2.7362), (165.0000, -7.2078, -3.4711), (165.0000, -6.8263, -4.1715), (165.0000, -6.3771, -4.8304), (165.0000, -5.8644, -5.4414), (165.0000, -5.2935, -5.9982), (165.0000, -4.6699, -6.4955), (165.0000, -4.0000, -6.9282), (165.0000, -3.2903, -7.2920), (165.0000, -2.5479, -7.5834), (165.0000, -1.7802, -7.7994), (165.0000, -0.9947, -7.9379), (165.0000, -0.1994, -7.9975), (165.0000, 0.5978, -7.9776), (165.0000, 1.3892, -7.8785), (165.0000, 2.1667, -7.7010), (165.0000, 2.9227, -7.4470), (165.0000, 3.6497, -7.1190), (165.0000, 4.3404, -6.7202), (165.0000, 4.9879, -6.2547), (165.0000, 5.5859, -5.7269), (165.0000, 6.1284, -5.1423), (165.0000, 6.6099, -4.5066), (165.0000, 7.0258, -3.8260), (165.0000, 7.3718, -3.1075), (165.0000, 7.6446, -2.3580), (165.0000, 7.8414, -1.5852), (165.0000, 7.9602, -0.7965), (165.0000, 8.0000, 0.0000), (165.0000, 7.9602, 0.7965), (165.0000, 7.8414, 1.5852), (165.0000, 7.6446, 2.3580), (165.0000, 7.3718, 3.1075), (165.0000, 7.0258, 3.8260), (165.0000, 6.6099, 4.5066), (165.0000, 6.1284, 5.1423), (165.0000, 5.5859, 5.7269), (165.0000, 4.9879, 6.2547), (165.0000, 4.3404, 6.7202), (165.0000, 3.6497, 7.1190), (165.0000, 2.9227, 7.4470), (165.0000, 2.1667, 7.7010), (165.0000, 1.3892, 7.8785), (165.0000, 0.5978, 7.9776), (165.0000, -0.1994, 7.9975), (165.0000, -0.9947, 7.9379), (165.0000, -1.7802, 7.7994), (165.0000, -2.5479, 7.5834), (165.0000, -3.2903, 7.2920), (165.0000, -4.0000, 6.9282), (165.0000, -4.6699, 6.4955), (165.0000, -5.2935, 5.9982), (165.0000, -5.8644, 5.4414), (165.0000, -6.3771, 4.8304), (165.0000, -6.8263, 4.1715), (165.0000, -7.2078, 3.4711), (165.0000, -7.5175, 2.7362), (165.0000, -7.7526, 1.9741), (165.0000, -7.9106, 1.1923), (165.0000, -7.9901, 0.3988), (165.0000, -7.9901, -0.3988), (165.0000, -7.9106, -1.1923), (165.0000, -7.7526, -1.9741), (165.0000, -7.5175, -2.7362), (165.0000, -7.2078, -3.4711), (165.0000, -6.8263, -4.1715), (165.0000, -6.3771, -4.8304), (165.0000, -5.8644, -5.4414), (165.0000, -5.2935, -5.9982), (165.0000, -4.6699, -6.4955), (165.0000, -4.0000, -6.9282), (165.0000, -3.2903, -7.2920), (165.0000, -2.5479, -7.5834), (165.0000, -1.7802, -7.7994), (165.0000, -0.9947, -7.9379), (165.0000, -0.1994, -7.9975), (165.0000, 0.5978, -7.9776), (165.0000, 1.3892, -7.8785), (165.0000, 2.1667, -7.7010), (165.0000, 2.9227, -7.4470), (165.0000, 3.6497, -7.1190), (165.0000, 4.3404, -6.7202), (165.0000, 4.9879, -6.2547), (165.0000, 5.5859, -5.7269), (165.0000, 6.1284, -5.1423), (165.0000, 6.6099, -4.5066), (165.0000, 7.0258, -3.8260), (165.0000, 7.3718, -3.1075), (165.0000, 7.6446, -2.3580), (165.0000, 7.8414, -1.5852), (165.0000, 7.9602, -0.7965), (165.0000, 8.0000, 0.0000), (165.0062, 7.9218, 0.0000), (165.0062, 7.9218, 0.0000), (165.0062, 7.8824, 0.7888), (165.0062, 7.7647, 1.5697), (165.0062, 7.5698, 2.3350), (165.0062, 7.2997, 3.0771), (165.0062, 6.9571, 3.7886), (165.0062, 6.5453, 4.4625), (165.0062, 6.0684, 5.0920), (165.0062, 5.5313, 5.6709), (165.0062, 4.9392, 6.1935), (165.0062, 4.2979, 6.6545), (165.0062, 3.6140, 7.0494), (165.0062, 2.8942, 7.3742), (165.0062, 2.1455, 7.6257), (165.0062, 1.3756, 7.8014), (165.0062, 0.5920, 7.8996), (165.0062, -0.1975, 7.9193), (165.0062, -0.9850, 7.8603), (165.0062, -1.7628, 7.7232), (165.0062, -2.5230, 7.5093), (165.0062, -3.2581, 7.2208), (165.0062, -3.9609, 6.8605), (165.0062, -4.6243, 6.4320), (165.0062, -5.2417, 5.9396), (165.0062, -5.8071, 5.3882), (165.0062, -6.3147, 4.7832), (165.0062, -6.7596, 4.1307), (165.0062, -7.1373, 3.4371), (165.0062, -7.4440, 2.7094), (165.0062, -7.6768, 1.9548), (165.0062, -7.8333, 1.1807), (165.0062, -7.9119, 0.3949), (165.0062, -7.9119, -0.3949), (165.0062, -7.8333, -1.1807), (165.0062, -7.6768, -1.9548), (165.0062, -7.4440, -2.7094), (165.0062, -7.1373, -3.4371), (165.0062, -6.7596, -4.1307), (165.0062, -6.3147, -4.7832), (165.0062, -5.8071, -5.3882), (165.0062, -5.2417, -5.9396), (165.0062, -4.6243, -6.4320), (165.0062, -3.9609, -6.8605), (165.0062, -3.2581, -7.2208), (165.0062, -2.5230, -7.5093), (165.0062, -1.7628, -7.7232), (165.0062, -0.9850, -7.8603), (165.0062, -0.1975, -7.9193), (165.0062, 0.5920, -7.8996), (165.0062, 1.3756, -7.8014), (165.0062, 2.1455, -7.6257), (165.0062, 2.8942, -7.3742), (165.0062, 3.6140, -7.0494), (165.0062, 4.2979, -6.6545), (165.0062, 4.9392, -6.1935), (165.0062, 5.5313, -5.6709), (165.0062, 6.0684, -5.0920), (165.0062, 6.5453, -4.4625), (165.0062, 6.9571, -3.7886), (165.0062, 7.2997, -3.0771), (165.0062, 7.5698, -2.3350), (165.0062, 7.7647, -1.5697), (165.0062, 7.8824, -0.7888), (165.0062, 7.9218, 0.0000), (165.0062, 7.8824, 0.7888), (165.0062, 7.7647, 1.5697), (165.0062, 7.5698, 2.3350), (165.0062, 7.2997, 3.0771), (165.0062, 6.9571, 3.7886), (165.0062, 6.5453, 4.4625), (165.0062, 6.0684, 5.0920), (165.0062, 5.5313, 5.6709), (165.0062, 4.9392, 6.1935), (165.0062, 4.2979, 6.6545), (165.0062, 3.6140, 7.0494), (165.0062, 2.8942, 7.3742), (165.0062, 2.1455, 7.6257), (165.0062, 1.3756, 7.8014), (165.0062, 0.5920, 7.8996), (165.0062, -0.1975, 7.9193), (165.0062, -0.9850, 7.8603), (165.0062, -1.7628, 7.7232), (165.0062, -2.5230, 7.5093), (165.0062, -3.2581, 7.2208), (165.0062, -3.9609, 6.8605), (165.0062, -4.6243, 6.4320), (165.0062, -5.2417, 5.9396), (165.0062, -5.8071, 5.3882), (165.0062, -6.3147, 4.7832), (165.0062, -6.7596, 4.1307), (165.0062, -7.1373, 3.4371), (165.0062, -7.4440, 2.7094), (165.0062, -7.6768, 1.9548), (165.0062, -7.8333, 1.1807), (165.0062, -7.9119, 0.3949), (165.0062, -7.9119, -0.3949), (165.0062, -7.8333, -1.1807), (165.0062, -7.6768, -1.9548), (165.0062, -7.4440, -2.7094), (165.0062, -7.1373, -3.4371), (165.0062, -6.7596, -4.1307), (165.0062, -6.3147, -4.7832), (165.0062, -5.8071, -5.3882), (165.0062, -5.2417, -5.9396), (165.0062, -4.6243, -6.4320), (165.0062, -3.9609, -6.8605), (165.0062, -3.2581, -7.2208), (165.0062, -2.5230, -7.5093), (165.0062, -1.7628, -7.7232), (165.0062, -0.9850, -7.8603), (165.0062, -0.1975, -7.9193), (165.0062, 0.5920, -7.8996), (165.0062, 1.3756, -7.8014), (165.0062, 2.1455, -7.6257), (165.0062, 2.8942, -7.3742), (165.0062, 3.6140, -7.0494), (165.0062, 4.2979, -6.6545), (165.0062, 4.9392, -6.1935), (165.0062, 5.5313, -5.6709), (165.0062, 6.0684, -5.0920), (165.0062, 6.5453, -4.4625), (165.0062, 6.9571, -3.7886), (165.0062, 7.2997, -3.0771), (165.0062, 7.5698, -2.3350), (165.0062, 7.7647, -1.5697), (165.0062, 7.8824, -0.7888), (165.0062, 7.9218, 0.0000), (165.0245, 7.8455, 0.0000), (165.0245, 7.8455, 0.0000), (165.0245, 7.8065, 0.7812), (165.0245, 7.6899, 1.5546), (165.0245, 7.4969, 2.3125), (165.0245, 7.2294, 3.0475), (165.0245, 6.8901, 3.7521), (165.0245, 6.4822, 4.4195), (165.0245, 6.0100, 5.0430), (165.0245, 5.4780, 5.6163), (165.0245, 4.8916, 6.1339), (165.0245, 4.2565, 6.5904), (165.0245, 3.5792, 6.9815), (165.0245, 2.8663, 7.3032), (165.0245, 2.1249, 7.5523), (165.0245, 1.3624, 7.7263), (165.0245, 0.5863, 7.8236), (165.0245, -0.1956, 7.8431), (165.0245, -0.9755, 7.7846), (165.0245, -1.7458, 7.6488), (165.0245, -2.4987, 7.4370), (165.0245, -3.2267, 7.1512), (165.0245, -3.9227, 6.7944), (165.0245, -4.5798, 6.3701), (165.0245, -5.1913, 5.8824), (165.0245, -5.7512, 5.3363), (165.0245, -6.2539, 4.7371), (165.0245, -6.6945, 4.0909), (165.0245, -7.0685, 3.4040), (165.0245, -7.3724, 2.6833), (165.0245, -7.6029, 1.9359), (165.0245, -7.7579, 1.1693), (165.0245, -7.8357, 0.3911), (165.0245, -7.8357, -0.3911), (165.0245, -7.7579, -1.1693), (165.0245, -7.6029, -1.9359), (165.0245, -7.3724, -2.6833), (165.0245, -7.0685, -3.4040), (165.0245, -6.6945, -4.0909), (165.0245, -6.2539, -4.7371), (165.0245, -5.7512, -5.3363), (165.0245, -5.1913, -5.8824), (165.0245, -4.5798, -6.3701), (165.0245, -3.9227, -6.7944), (165.0245, -3.2267, -7.1512), (165.0245, -2.4987, -7.4370), (165.0245, -1.7458, -7.6488), (165.0245, -0.9755, -7.7846), (165.0245, -0.1956, -7.8431), (165.0245, 0.5863, -7.8236), (165.0245, 1.3624, -7.7263), (165.0245, 2.1249, -7.5523), (165.0245, 2.8663, -7.3032), (165.0245, 3.5792, -6.9815), (165.0245, 4.2565, -6.5904), (165.0245, 4.8916, -6.1339), (165.0245, 5.4780, -5.6163), (165.0245, 6.0100, -5.0430), (165.0245, 6.4822, -4.4195), (165.0245, 6.8901, -3.7521), (165.0245, 7.2294, -3.0475), (165.0245, 7.4969, -2.3125), (165.0245, 7.6899, -1.5546), (165.0245, 7.8065, -0.7812), (165.0245, 7.8455, 0.0000), (165.0245, 7.8065, 0.7812), (165.0245, 7.6899, 1.5546), (165.0245, 7.4969, 2.3125), (165.0245, 7.2294, 3.0475), (165.0245, 6.8901, 3.7521), (165.0245, 6.4822, 4.4195), (165.0245, 6.0100, 5.0430), (165.0245, 5.4780, 5.6163), (165.0245, 4.8916, 6.1339), (165.0245, 4.2565, 6.5904), (165.0245, 3.5792, 6.9815), (165.0245, 2.8663, 7.3032), (165.0245, 2.1249, 7.5523), (165.0245, 1.3624, 7.7263), (165.0245, 0.5863, 7.8236), (165.0245, -0.1956, 7.8431), (165.0245, -0.9755, 7.7846), (165.0245, -1.7458, 7.6488), (165.0245, -2.4987, 7.4370), (165.0245, -3.2267, 7.1512), (165.0245, -3.9227, 6.7944), (165.0245, -4.5798, 6.3701), (165.0245, -5.1913, 5.8824), (165.0245, -5.7512, 5.3363), (165.0245, -6.2539, 4.7371), (165.0245, -6.6945, 4.0909), (165.0245, -7.0685, 3.4040), (165.0245, -7.3724, 2.6833), (165.0245, -7.6029, 1.9359), (165.0245, -7.7579, 1.1693), (165.0245, -7.8357, 0.3911), (165.0245, -7.8357, -0.3911), (165.0245, -7.7579, -1.1693), (165.0245, -7.6029, -1.9359), (165.0245, -7.3724, -2.6833), (165.0245, -7.0685, -3.4040), (165.0245, -6.6945, -4.0909), (165.0245, -6.2539, -4.7371), (165.0245, -5.7512, -5.3363), (165.0245, -5.1913, -5.8824), (165.0245, -4.5798, -6.3701), (165.0245, -3.9227, -6.7944), (165.0245, -3.2267, -7.1512), (165.0245, -2.4987, -7.4370), (165.0245, -1.7458, -7.6488), (165.0245, -0.9755, -7.7846), (165.0245, -0.1956, -7.8431), (165.0245, 0.5863, -7.8236), (165.0245, 1.3624, -7.7263), (165.0245, 2.1249, -7.5523), (165.0245, 2.8663, -7.3032), (165.0245, 3.5792, -6.9815), (165.0245, 4.2565, -6.5904), (165.0245, 4.8916, -6.1339), (165.0245, 5.4780, -5.6163), (165.0245, 6.0100, -5.0430), (165.0245, 6.4822, -4.4195), (165.0245, 6.8901, -3.7521), (165.0245, 7.2294, -3.0475), (165.0245, 7.4969, -2.3125), (165.0245, 7.6899, -1.5546), (165.0245, 7.8065, -0.7812), (165.0245, 7.8455, 0.0000), (165.0545, 7.7730, 0.0000), (165.0545, 7.7730, 0.0000), (165.0545, 7.7344, 0.7739), (165.0545, 7.6189, 1.5402), (165.0545, 7.4277, 2.2911), (165.0545, 7.1626, 3.0193), (165.0545, 6.8264, 3.7175), (165.0545, 6.4224, 4.3787), (165.0545, 5.9545, 4.9964), (165.0545, 5.4274, 5.5644), (165.0545, 4.8464, 6.0772), (165.0545, 4.2172, 6.5295), (165.0545, 3.5461, 6.9170), (165.0545, 2.8398, 7.2357), (165.0545, 2.1052, 7.4825), (165.0545, 1.3498, 7.6549), (165.0545, 0.5809, 7.7513), (165.0545, -0.1938, 7.7706), (165.0545, -0.9665, 7.7127), (165.0545, -1.7297, 7.5781), (165.0545, -2.4756, 7.3682), (165.0545, -3.1969, 7.0851), (165.0545, -3.8865, 6.7316), (165.0545, -4.5374, 6.3112), (165.0545, -5.1433, 5.8281), (165.0545, -5.6980, 5.2870), (165.0545, -6.1961, 4.6934), (165.0545, -6.6326, 4.0531), (165.0545, -7.0032, 3.3726), (165.0545, -7.3042, 2.6585), (165.0545, -7.5326, 1.9180), (165.0545, -7.6862, 1.1585), (165.0545, -7.7633, 0.3875), (165.0545, -7.7633, -0.3875), (165.0545, -7.6862, -1.1585), (165.0545, -7.5326, -1.9180), (165.0545, -7.3042, -2.6585), (165.0545, -7.0032, -3.3726), (165.0545, -6.6326, -4.0531), (165.0545, -6.1961, -4.6934), (165.0545, -5.6980, -5.2870), (165.0545, -5.1433, -5.8281), (165.0545, -4.5374, -6.3112), (165.0545, -3.8865, -6.7316), (165.0545, -3.1969, -7.0851), (165.0545, -2.4756, -7.3682), (165.0545, -1.7297, -7.5781), (165.0545, -0.9665, -7.7127), (165.0545, -0.1938, -7.7706), (165.0545, 0.5809, -7.7513), (165.0545, 1.3498, -7.6549), (165.0545, 2.1052, -7.4825), (165.0545, 2.8398, -7.2357), (165.0545, 3.5461, -6.9170), (165.0545, 4.2172, -6.5295), (165.0545, 4.8464, -6.0772), (165.0545, 5.4274, -5.5644), (165.0545, 5.9545, -4.9964), (165.0545, 6.4224, -4.3787), (165.0545, 6.8264, -3.7175), (165.0545, 7.1626, -3.0193), (165.0545, 7.4277, -2.2911), (165.0545, 7.6189, -1.5402), (165.0545, 7.7344, -0.7739), (165.0545, 7.7730, 0.0000), (165.0545, 7.7344, 0.7739), (165.0545, 7.6189, 1.5402), (165.0545, 7.4277, 2.2911), (165.0545, 7.1626, 3.0193), (165.0545, 6.8264, 3.7175), (165.0545, 6.4224, 4.3787), (165.0545, 5.9545, 4.9964), (165.0545, 5.4274, 5.5644), (165.0545, 4.8464, 6.0772), (165.0545, 4.2172, 6.5295), (165.0545, 3.5461, 6.9170), (165.0545, 2.8398, 7.2357), (165.0545, 2.1052, 7.4825), (165.0545, 1.3498, 7.6549), (165.0545, 0.5809, 7.7513), (165.0545, -0.1938, 7.7706), (165.0545, -0.9665, 7.7127), (165.0545, -1.7297, 7.5781), (165.0545, -2.4756, 7.3682), (165.0545, -3.1969, 7.0851), (165.0545, -3.8865, 6.7316), (165.0545, -4.5374, 6.3112), (165.0545, -5.1433, 5.8281), (165.0545, -5.6980, 5.2870), (165.0545, -6.1961, 4.6934), (165.0545, -6.6326, 4.0531), (165.0545, -7.0032, 3.3726), (165.0545, -7.3042, 2.6585), (165.0545, -7.5326, 1.9180), (165.0545, -7.6862, 1.1585), (165.0545, -7.7633, 0.3875), (165.0545, -7.7633, -0.3875), (165.0545, -7.6862, -1.1585), (165.0545, -7.5326, -1.9180), (165.0545, -7.3042, -2.6585), (165.0545, -7.0032, -3.3726), (165.0545, -6.6326, -4.0531), (165.0545, -6.1961, -4.6934), (165.0545, -5.6980, -5.2870), (165.0545, -5.1433, -5.8281), (165.0545, -4.5374, -6.3112), (165.0545, -3.8865, -6.7316), (165.0545, -3.1969, -7.0851), (165.0545, -2.4756, -7.3682), (165.0545, -1.7297, -7.5781), (165.0545, -0.9665, -7.7127), (165.0545, -0.1938, -7.7706), (165.0545, 0.5809, -7.7513), (165.0545, 1.3498, -7.6549), (165.0545, 2.1052, -7.4825), (165.0545, 2.8398, -7.2357), (165.0545, 3.5461, -6.9170), (165.0545, 4.2172, -6.5295), (165.0545, 4.8464, -6.0772), (165.0545, 5.4274, -5.5644), (165.0545, 5.9545, -4.9964), (165.0545, 6.4224, -4.3787), (165.0545, 6.8264, -3.7175), (165.0545, 7.1626, -3.0193), (165.0545, 7.4277, -2.2911), (165.0545, 7.6189, -1.5402), (165.0545, 7.7344, -0.7739), (165.0545, 7.7730, 0.0000), (165.0955, 7.7061, 0.0000), (165.0955, 7.7061, 0.0000), (165.0955, 7.6678, 0.7673), (165.0955, 7.5533, 1.5269), (165.0955, 7.3637, 2.2714), (165.0955, 7.1010, 2.9933), (165.0955, 6.7677, 3.6855), (165.0955, 6.3671, 4.3410), (165.0955, 5.9032, 4.9534), (165.0955, 5.3807, 5.5165), (165.0955, 4.8047, 6.0249), (165.0955, 4.1809, 6.4733), (165.0955, 3.5156, 6.8574), (165.0955, 2.8154, 7.1734), (165.0955, 2.0871, 7.4181), (165.0955, 1.3382, 7.5890), (165.0955, 0.5759, 7.6846), (165.0955, -0.1921, 7.7037), (165.0955, -0.9582, 7.6463), (165.0955, -1.7148, 7.5129), (165.0955, -2.4543, 7.3048), (165.0955, -3.1694, 7.0242), (165.0955, -3.8531, 6.6737), (165.0955, -4.4984, 6.2569), (165.0955, -5.0990, 5.7779), (165.0955, -5.6490, 5.2415), (165.0955, -6.1428, 4.6530), (165.0955, -6.5756, 4.0182), (165.0955, -6.9430, 3.3436), (165.0955, -7.2414, 2.6356), (165.0955, -7.4678, 1.9015), (165.0955, -7.6200, 1.1485), (165.0955, -7.6965, 0.3841), (165.0955, -7.6965, -0.3841), (165.0955, -7.6200, -1.1485), (165.0955, -7.4678, -1.9015), (165.0955, -7.2414, -2.6356), (165.0955, -6.9430, -3.3436), (165.0955, -6.5756, -4.0182), (165.0955, -6.1428, -4.6530), (165.0955, -5.6490, -5.2415), (165.0955, -5.0990, -5.7779), (165.0955, -4.4984, -6.2569), (165.0955, -3.8531, -6.6737), (165.0955, -3.1694, -7.0242), (165.0955, -2.4543, -7.3048), (165.0955, -1.7148, -7.5129), (165.0955, -0.9582, -7.6463), (165.0955, -0.1921, -7.7037), (165.0955, 0.5759, -7.6846), (165.0955, 1.3382, -7.5890), (165.0955, 2.0871, -7.4181), (165.0955, 2.8154, -7.1734), (165.0955, 3.5156, -6.8574), (165.0955, 4.1809, -6.4733), (165.0955, 4.8047, -6.0249), (165.0955, 5.3807, -5.5165), (165.0955, 5.9032, -4.9534), (165.0955, 6.3671, -4.3410), (165.0955, 6.7677, -3.6855), (165.0955, 7.1010, -2.9933), (165.0955, 7.3637, -2.2714), (165.0955, 7.5533, -1.5269), (165.0955, 7.6678, -0.7673), (165.0955, 7.7061, 0.0000), (165.0955, 7.6678, 0.7673), (165.0955, 7.5533, 1.5269), (165.0955, 7.3637, 2.2714), (165.0955, 7.1010, 2.9933), (165.0955, 6.7677, 3.6855), (165.0955, 6.3671, 4.3410), (165.0955, 5.9032, 4.9534), (165.0955, 5.3807, 5.5165), (165.0955, 4.8047, 6.0249), (165.0955, 4.1809, 6.4733), (165.0955, 3.5156, 6.8574), (165.0955, 2.8154, 7.1734), (165.0955, 2.0871, 7.4181), (165.0955, 1.3382, 7.5890), (165.0955, 0.5759, 7.6846), (165.0955, -0.1921, 7.7037), (165.0955, -0.9582, 7.6463), (165.0955, -1.7148, 7.5129), (165.0955, -2.4543, 7.3048), (165.0955, -3.1694, 7.0242), (165.0955, -3.8531, 6.6737), (165.0955, -4.4984, 6.2569), (165.0955, -5.0990, 5.7779), (165.0955, -5.6490, 5.2415), (165.0955, -6.1428, 4.6530), (165.0955, -6.5756, 4.0182), (165.0955, -6.9430, 3.3436), (165.0955, -7.2414, 2.6356), (165.0955, -7.4678, 1.9015), (165.0955, -7.6200, 1.1485), (165.0955, -7.6965, 0.3841), (165.0955, -7.6965, -0.3841), (165.0955, -7.6200, -1.1485), (165.0955, -7.4678, -1.9015), (165.0955, -7.2414, -2.6356), (165.0955, -6.9430, -3.3436), (165.0955, -6.5756, -4.0182), (165.0955, -6.1428, -4.6530), (165.0955, -5.6490, -5.2415), (165.0955, -5.0990, -5.7779), (165.0955, -4.4984, -6.2569), (165.0955, -3.8531, -6.6737), (165.0955, -3.1694, -7.0242), (165.0955, -2.4543, -7.3048), (165.0955, -1.7148, -7.5129), (165.0955, -0.9582, -7.6463), (165.0955, -0.1921, -7.7037), (165.0955, 0.5759, -7.6846), (165.0955, 1.3382, -7.5890), (165.0955, 2.0871, -7.4181), (165.0955, 2.8154, -7.1734), (165.0955, 3.5156, -6.8574), (165.0955, 4.1809, -6.4733), (165.0955, 4.8047, -6.0249), (165.0955, 5.3807, -5.5165), (165.0955, 5.9032, -4.9534), (165.0955, 6.3671, -4.3410), (165.0955, 6.7677, -3.6855), (165.0955, 7.1010, -2.9933), (165.0955, 7.3637, -2.2714), (165.0955, 7.5533, -1.5269), (165.0955, 7.6678, -0.7673), (165.0955, 7.7061, 0.0000), (165.1464, 7.6464, 0.0000), (165.1464, 7.6464, 0.0000), (165.1464, 7.6084, 0.7613), (165.1464, 7.4948, 1.5151), (165.1464, 7.3067, 2.2538), (165.1464, 7.0460, 2.9701), (165.1464, 6.7153, 3.6569), (165.1464, 6.3178, 4.3074), (165.1464, 5.8575, 4.9150), (165.1464, 5.3390, 5.4738), (165.1464, 4.7675, 5.9782), (165.1464, 4.1486, 6.4232), (165.1464, 3.4884, 6.8044), (165.1464, 2.7936, 7.1179), (165.1464, 2.0710, 7.3607), (165.1464, 1.3278, 7.5303), (165.1464, 0.5714, 7.6251), (165.1464, -0.1906, 7.6441), (165.1464, -0.9508, 7.5871), (165.1464, -1.7015, 7.4547), (165.1464, -2.4353, 7.2483), (165.1464, -3.1449, 6.9698), (165.1464, -3.8232, 6.6220), (165.1464, -4.4636, 6.2084), (165.1464, -5.0595, 5.7332), (165.1464, -5.6052, 5.2009), (165.1464, -6.0952, 4.6170), (165.1464, -6.5246, 3.9871), (165.1464, -6.8892, 3.3177), (165.1464, -7.1853, 2.6152), (165.1464, -7.4100, 1.8868), (165.1464, -7.5610, 1.1396), (165.1464, -7.6369, 0.3811), (165.1464, -7.6369, -0.3811), (165.1464, -7.5610, -1.1396), (165.1464, -7.4100, -1.8868), (165.1464, -7.1853, -2.6152), (165.1464, -6.8892, -3.3177), (165.1464, -6.5246, -3.9871), (165.1464, -6.0952, -4.6170), (165.1464, -5.6052, -5.2009), (165.1464, -5.0595, -5.7332), (165.1464, -4.4636, -6.2084), (165.1464, -3.8232, -6.6220), (165.1464, -3.1449, -6.9698), (165.1464, -2.4353, -7.2483), (165.1464, -1.7015, -7.4547), (165.1464, -0.9508, -7.5871), (165.1464, -0.1906, -7.6441), (165.1464, 0.5714, -7.6251), (165.1464, 1.3278, -7.5303), (165.1464, 2.0710, -7.3607), (165.1464, 2.7936, -7.1179), (165.1464, 3.4884, -6.8044), (165.1464, 4.1486, -6.4232), (165.1464, 4.7675, -5.9782), (165.1464, 5.3390, -5.4738), (165.1464, 5.8575, -4.9150), (165.1464, 6.3178, -4.3074), (165.1464, 6.7153, -3.6569), (165.1464, 7.0460, -2.9701), (165.1464, 7.3067, -2.2538), (165.1464, 7.4948, -1.5151), (165.1464, 7.6084, -0.7613), (165.1464, 7.6464, 0.0000), (165.1464, 7.6084, 0.7613), (165.1464, 7.4948, 1.5151), (165.1464, 7.3067, 2.2538), (165.1464, 7.0460, 2.9701), (165.1464, 6.7153, 3.6569), (165.1464, 6.3178, 4.3074), (165.1464, 5.8575, 4.9150), (165.1464, 5.3390, 5.4738), (165.1464, 4.7675, 5.9782), (165.1464, 4.1486, 6.4232), (165.1464, 3.4884, 6.8044), (165.1464, 2.7936, 7.1179), (165.1464, 2.0710, 7.3607), (165.1464, 1.3278, 7.5303), (165.1464, 0.5714, 7.6251), (165.1464, -0.1906, 7.6441), (165.1464, -0.9508, 7.5871), (165.1464, -1.7015, 7.4547), (165.1464, -2.4353, 7.2483), (165.1464, -3.1449, 6.9698), (165.1464, -3.8232, 6.6220), (165.1464, -4.4636, 6.2084), (165.1464, -5.0595, 5.7332), (165.1464, -5.6052, 5.2009), (165.1464, -6.0952, 4.6170), (165.1464, -6.5246, 3.9871), (165.1464, -6.8892, 3.3177), (165.1464, -7.1853, 2.6152), (165.1464, -7.4100, 1.8868), (165.1464, -7.5610, 1.1396), (165.1464, -7.6369, 0.3811), (165.1464, -7.6369, -0.3811), (165.1464, -7.5610, -1.1396), (165.1464, -7.4100, -1.8868), (165.1464, -7.1853, -2.6152), (165.1464, -6.8892, -3.3177), (165.1464, -6.5246, -3.9871), (165.1464, -6.0952, -4.6170), (165.1464, -5.6052, -5.2009), (165.1464, -5.0595, -5.7332), (165.1464, -4.4636, -6.2084), (165.1464, -3.8232, -6.6220), (165.1464, -3.1449, -6.9698), (165.1464, -2.4353, -7.2483), (165.1464, -1.7015, -7.4547), (165.1464, -0.9508, -7.5871), (165.1464, -0.1906, -7.6441), (165.1464, 0.5714, -7.6251), (165.1464, 1.3278, -7.5303), (165.1464, 2.0710, -7.3607), (165.1464, 2.7936, -7.1179), (165.1464, 3.4884, -6.8044), (165.1464, 4.1486, -6.4232), (165.1464, 4.7675, -5.9782), (165.1464, 5.3390, -5.4738), (165.1464, 5.8575, -4.9150), (165.1464, 6.3178, -4.3074), (165.1464, 6.7153, -3.6569), (165.1464, 7.0460, -2.9701), (165.1464, 7.3067, -2.2538), (165.1464, 7.4948, -1.5151), (165.1464, 7.6084, -0.7613), (165.1464, 7.6464, 0.0000), (165.2061, 7.5955, 0.0000), (165.2061, 7.5955, 0.0000), (165.2061, 7.5577, 0.7563), (165.2061, 7.4449, 1.5050), (165.2061, 7.2580, 2.2388), (165.2061, 6.9991, 2.9504), (165.2061, 6.6705, 3.6326), (165.2061, 6.2757, 4.2787), (165.2061, 5.8185, 4.8823), (165.2061, 5.3035, 5.4374), (165.2061, 4.7357, 5.9384), (165.2061, 4.1209, 6.3804), (165.2061, 3.4651, 6.7590), (165.2061, 2.7749, 7.0704), (165.2061, 2.0572, 7.3116), (165.2061, 1.3189, 7.4801), (165.2061, 0.5676, 7.5743), (165.2061, -0.1894, 7.5931), (165.2061, -0.9445, 7.5365), (165.2061, -1.6902, 7.4051), (165.2061, -2.4191, 7.2000), (165.2061, -3.1239, 6.9233), (165.2061, -3.7977, 6.5779), (165.2061, -4.4338, 6.1671), (165.2061, -5.0258, 5.6950), (165.2061, -5.5679, 5.1662), (165.2061, -6.0546, 4.5862), (165.2061, -6.4812, 3.9606), (165.2061, -6.8433, 3.2956), (165.2061, -7.1374, 2.5978), (165.2061, -7.3606, 1.8742), (165.2061, -7.5107, 1.1320), (165.2061, -7.5860, 0.3786), (165.2061, -7.5860, -0.3786), (165.2061, -7.5107, -1.1320), (165.2061, -7.3606, -1.8742), (165.2061, -7.1374, -2.5978), (165.2061, -6.8433, -3.2956), (165.2061, -6.4812, -3.9606), (165.2061, -6.0546, -4.5862), (165.2061, -5.5679, -5.1662), (165.2061, -5.0258, -5.6950), (165.2061, -4.4338, -6.1671), (165.2061, -3.7977, -6.5779), (165.2061, -3.1239, -6.9233), (165.2061, -2.4191, -7.2000), (165.2061, -1.6902, -7.4051), (165.2061, -0.9445, -7.5365), (165.2061, -0.1894, -7.5931), (165.2061, 0.5676, -7.5743), (165.2061, 1.3189, -7.4801), (165.2061, 2.0572, -7.3116), (165.2061, 2.7749, -7.0704), (165.2061, 3.4651, -6.7590), (165.2061, 4.1209, -6.3804), (165.2061, 4.7357, -5.9384), (165.2061, 5.3035, -5.4374), (165.2061, 5.8185, -4.8823), (165.2061, 6.2757, -4.2787), (165.2061, 6.6705, -3.6326), (165.2061, 6.9991, -2.9504), (165.2061, 7.2580, -2.2388), (165.2061, 7.4449, -1.5050), (165.2061, 7.5577, -0.7563), (165.2061, 7.5955, 0.0000), (165.2061, 7.5577, 0.7563), (165.2061, 7.4449, 1.5050), (165.2061, 7.2580, 2.2388), (165.2061, 6.9991, 2.9504), (165.2061, 6.6705, 3.6326), (165.2061, 6.2757, 4.2787), (165.2061, 5.8185, 4.8823), (165.2061, 5.3035, 5.4374), (165.2061, 4.7357, 5.9384), (165.2061, 4.1209, 6.3804), (165.2061, 3.4651, 6.7590), (165.2061, 2.7749, 7.0704), (165.2061, 2.0572, 7.3116), (165.2061, 1.3189, 7.4801), (165.2061, 0.5676, 7.5743), (165.2061, -0.1894, 7.5931), (165.2061, -0.9445, 7.5365), (165.2061, -1.6902, 7.4051), (165.2061, -2.4191, 7.2000), (165.2061, -3.1239, 6.9233), (165.2061, -3.7977, 6.5779), (165.2061, -4.4338, 6.1671), (165.2061, -5.0258, 5.6950), (165.2061, -5.5679, 5.1662), (165.2061, -6.0546, 4.5862), (165.2061, -6.4812, 3.9606), (165.2061, -6.8433, 3.2956), (165.2061, -7.1374, 2.5978), (165.2061, -7.3606, 1.8742), (165.2061, -7.5107, 1.1320), (165.2061, -7.5860, 0.3786), (165.2061, -7.5860, -0.3786), (165.2061, -7.5107, -1.1320), (165.2061, -7.3606, -1.8742), (165.2061, -7.1374, -2.5978), (165.2061, -6.8433, -3.2956), (165.2061, -6.4812, -3.9606), (165.2061, -6.0546, -4.5862), (165.2061, -5.5679, -5.1662), (165.2061, -5.0258, -5.6950), (165.2061, -4.4338, -6.1671), (165.2061, -3.7977, -6.5779), (165.2061, -3.1239, -6.9233), (165.2061, -2.4191, -7.2000), (165.2061, -1.6902, -7.4051), (165.2061, -0.9445, -7.5365), (165.2061, -0.1894, -7.5931), (165.2061, 0.5676, -7.5743), (165.2061, 1.3189, -7.4801), (165.2061, 2.0572, -7.3116), (165.2061, 2.7749, -7.0704), (165.2061, 3.4651, -6.7590), (165.2061, 4.1209, -6.3804), (165.2061, 4.7357, -5.9384), (165.2061, 5.3035, -5.4374), (165.2061, 5.8185, -4.8823), (165.2061, 6.2757, -4.2787), (165.2061, 6.6705, -3.6326), (165.2061, 6.9991, -2.9504), (165.2061, 7.2580, -2.2388), (165.2061, 7.4449, -1.5050), (165.2061, 7.5577, -0.7563), (165.2061, 7.5955, 0.0000), (165.2730, 7.5545, 0.0000), (165.2730, 7.5545, 0.0000), (165.2730, 7.5170, 0.7522), (165.2730, 7.4047, 1.4969), (165.2730, 7.2189, 2.2267), (165.2730, 6.9613, 2.9344), (165.2730, 6.6345, 3.6130), (165.2730, 6.2418, 4.2556), (165.2730, 5.7871, 4.8559), (165.2730, 5.2748, 5.4080), (165.2730, 4.7102, 5.9063), (165.2730, 4.0987, 6.3460), (165.2730, 3.4464, 6.7225), (165.2730, 2.7600, 7.0323), (165.2730, 2.0461, 7.2721), (165.2730, 1.3118, 7.4397), (165.2730, 0.5645, 7.5334), (165.2730, -0.1883, 7.5521), (165.2730, -0.9394, 7.4959), (165.2730, -1.6810, 7.3651), (165.2730, -2.4060, 7.1611), (165.2730, -3.1071, 6.8860), (165.2730, -3.7772, 6.5424), (165.2730, -4.4099, 6.1338), (165.2730, -4.9987, 5.6642), (165.2730, -5.5378, 5.1384), (165.2730, -6.0219, 4.5614), (165.2730, -6.4462, 3.9392), (165.2730, -6.8064, 3.2778), (165.2730, -7.0989, 2.5838), (165.2730, -7.3209, 1.8641), (165.2730, -7.4701, 1.1259), (165.2730, -7.5451, 0.3766), (165.2730, -7.5451, -0.3766), (165.2730, -7.4701, -1.1259), (165.2730, -7.3209, -1.8641), (165.2730, -7.0989, -2.5838), (165.2730, -6.8064, -3.2778), (165.2730, -6.4462, -3.9392), (165.2730, -6.0219, -4.5614), (165.2730, -5.5378, -5.1384), (165.2730, -4.9987, -5.6642), (165.2730, -4.4099, -6.1338), (165.2730, -3.7772, -6.5424), (165.2730, -3.1071, -6.8860), (165.2730, -2.4060, -7.1611), (165.2730, -1.6810, -7.3651), (165.2730, -0.9394, -7.4959), (165.2730, -0.1883, -7.5521), (165.2730, 0.5645, -7.5334), (165.2730, 1.3118, -7.4397), (165.2730, 2.0461, -7.2721), (165.2730, 2.7600, -7.0323), (165.2730, 3.4464, -6.7225), (165.2730, 4.0987, -6.3460), (165.2730, 4.7102, -5.9063), (165.2730, 5.2748, -5.4080), (165.2730, 5.7871, -4.8559), (165.2730, 6.2418, -4.2556), (165.2730, 6.6345, -3.6130), (165.2730, 6.9613, -2.9344), (165.2730, 7.2189, -2.2267), (165.2730, 7.4047, -1.4969), (165.2730, 7.5170, -0.7522), (165.2730, 7.5545, 0.0000), (165.2730, 7.5170, 0.7522), (165.2730, 7.4047, 1.4969), (165.2730, 7.2189, 2.2267), (165.2730, 6.9613, 2.9344), (165.2730, 6.6345, 3.6130), (165.2730, 6.2418, 4.2556), (165.2730, 5.7871, 4.8559), (165.2730, 5.2748, 5.4080), (165.2730, 4.7102, 5.9063), (165.2730, 4.0987, 6.3460), (165.2730, 3.4464, 6.7225), (165.2730, 2.7600, 7.0323), (165.2730, 2.0461, 7.2721), (165.2730, 1.3118, 7.4397), (165.2730, 0.5645, 7.5334), (165.2730, -0.1883, 7.5521), (165.2730, -0.9394, 7.4959), (165.2730, -1.6810, 7.3651), (165.2730, -2.4060, 7.1611), (165.2730, -3.1071, 6.8860), (165.2730, -3.7772, 6.5424), (165.2730, -4.4099, 6.1338), (165.2730, -4.9987, 5.6642), (165.2730, -5.5378, 5.1384), (165.2730, -6.0219, 4.5614), (165.2730, -6.4462, 3.9392), (165.2730, -6.8064, 3.2778), (165.2730, -7.0989, 2.5838), (165.2730, -7.3209, 1.8641), (165.2730, -7.4701, 1.1259), (165.2730, -7.5451, 0.3766), (165.2730, -7.5451, -0.3766), (165.2730, -7.4701, -1.1259), (165.2730, -7.3209, -1.8641), (165.2730, -7.0989, -2.5838), (165.2730, -6.8064, -3.2778), (165.2730, -6.4462, -3.9392), (165.2730, -6.0219, -4.5614), (165.2730, -5.5378, -5.1384), (165.2730, -4.9987, -5.6642), (165.2730, -4.4099, -6.1338), (165.2730, -3.7772, -6.5424), (165.2730, -3.1071, -6.8860), (165.2730, -2.4060, -7.1611), (165.2730, -1.6810, -7.3651), (165.2730, -0.9394, -7.4959), (165.2730, -0.1883, -7.5521), (165.2730, 0.5645, -7.5334), (165.2730, 1.3118, -7.4397), (165.2730, 2.0461, -7.2721), (165.2730, 2.7600, -7.0323), (165.2730, 3.4464, -6.7225), (165.2730, 4.0987, -6.3460), (165.2730, 4.7102, -5.9063), (165.2730, 5.2748, -5.4080), (165.2730, 5.7871, -4.8559), (165.2730, 6.2418, -4.2556), (165.2730, 6.6345, -3.6130), (165.2730, 6.9613, -2.9344), (165.2730, 7.2189, -2.2267), (165.2730, 7.4047, -1.4969), (165.2730, 7.5170, -0.7522), (165.2730, 7.5545, 0.0000), (165.3455, 7.5245, 0.0000), (165.3455, 7.5245, 0.0000), (165.3455, 7.4871, 0.7492), (165.3455, 7.3753, 1.4909), (165.3455, 7.1902, 2.2179), (165.3455, 6.9336, 2.9228), (165.3455, 6.6082, 3.5986), (165.3455, 6.2170, 4.2387), (165.3455, 5.7641, 4.8366), (165.3455, 5.2539, 5.3865), (165.3455, 4.6914, 5.8829), (165.3455, 4.0824, 6.3208), (165.3455, 3.4327, 6.6958), (165.3455, 2.7490, 7.0043), (165.3455, 2.0379, 7.2432), (165.3455, 1.3066, 7.4102), (165.3455, 0.5623, 7.5034), (165.3455, -0.1876, 7.5221), (165.3455, -0.9356, 7.4661), (165.3455, -1.6744, 7.3358), (165.3455, -2.3964, 7.1327), (165.3455, -3.0947, 6.8586), (165.3455, -3.7622, 6.5164), (165.3455, -4.3924, 6.1094), (165.3455, -4.9788, 5.6417), (165.3455, -5.5158, 5.1179), (165.3455, -5.9980, 4.5433), (165.3455, -6.4206, 3.9235), (165.3455, -6.7793, 3.2647), (165.3455, -7.0707, 2.5735), (165.3455, -7.2918, 1.8567), (165.3455, -7.4404, 1.1215), (165.3455, -7.5151, 0.3751), (165.3455, -7.5151, -0.3751), (165.3455, -7.4404, -1.1215), (165.3455, -7.2918, -1.8567), (165.3455, -7.0707, -2.5735), (165.3455, -6.7793, -3.2647), (165.3455, -6.4206, -3.9235), (165.3455, -5.9980, -4.5433), (165.3455, -5.5158, -5.1179), (165.3455, -4.9788, -5.6417), (165.3455, -4.3924, -6.1094), (165.3455, -3.7622, -6.5164), (165.3455, -3.0947, -6.8586), (165.3455, -2.3964, -7.1327), (165.3455, -1.6744, -7.3358), (165.3455, -0.9356, -7.4661), (165.3455, -0.1876, -7.5221), (165.3455, 0.5623, -7.5034), (165.3455, 1.3066, -7.4102), (165.3455, 2.0379, -7.2432), (165.3455, 2.7490, -7.0043), (165.3455, 3.4327, -6.6958), (165.3455, 4.0824, -6.3208), (165.3455, 4.6914, -5.8829), (165.3455, 5.2539, -5.3865), (165.3455, 5.7641, -4.8366), (165.3455, 6.2170, -4.2387), (165.3455, 6.6082, -3.5986), (165.3455, 6.9336, -2.9228), (165.3455, 7.1902, -2.2179), (165.3455, 7.3753, -1.4909), (165.3455, 7.4871, -0.7492), (165.3455, 7.5245, 0.0000), (165.3455, 7.4871, 0.7492), (165.3455, 7.3753, 1.4909), (165.3455, 7.1902, 2.2179), (165.3455, 6.9336, 2.9228), (165.3455, 6.6082, 3.5986), (165.3455, 6.2170, 4.2387), (165.3455, 5.7641, 4.8366), (165.3455, 5.2539, 5.3865), (165.3455, 4.6914, 5.8829), (165.3455, 4.0824, 6.3208), (165.3455, 3.4327, 6.6958), (165.3455, 2.7490, 7.0043), (165.3455, 2.0379, 7.2432), (165.3455, 1.3066, 7.4102), (165.3455, 0.5623, 7.5034), (165.3455, -0.1876, 7.5221), (165.3455, -0.9356, 7.4661), (165.3455, -1.6744, 7.3358), (165.3455, -2.3964, 7.1327), (165.3455, -3.0947, 6.8586), (165.3455, -3.7622, 6.5164), (165.3455, -4.3924, 6.1094), (165.3455, -4.9788, 5.6417), (165.3455, -5.5158, 5.1179), (165.3455, -5.9980, 4.5433), (165.3455, -6.4206, 3.9235), (165.3455, -6.7793, 3.2647), (165.3455, -7.0707, 2.5735), (165.3455, -7.2918, 1.8567), (165.3455, -7.4404, 1.1215), (165.3455, -7.5151, 0.3751), (165.3455, -7.5151, -0.3751), (165.3455, -7.4404, -1.1215), (165.3455, -7.2918, -1.8567), (165.3455, -7.0707, -2.5735), (165.3455, -6.7793, -3.2647), (165.3455, -6.4206, -3.9235), (165.3455, -5.9980, -4.5433), (165.3455, -5.5158, -5.1179), (165.3455, -4.9788, -5.6417), (165.3455, -4.3924, -6.1094), (165.3455, -3.7622, -6.5164), (165.3455, -3.0947, -6.8586), (165.3455, -2.3964, -7.1327), (165.3455, -1.6744, -7.3358), (165.3455, -0.9356, -7.4661), (165.3455, -0.1876, -7.5221), (165.3455, 0.5623, -7.5034), (165.3455, 1.3066, -7.4102), (165.3455, 2.0379, -7.2432), (165.3455, 2.7490, -7.0043), (165.3455, 3.4327, -6.6958), (165.3455, 4.0824, -6.3208), (165.3455, 4.6914, -5.8829), (165.3455, 5.2539, -5.3865), (165.3455, 5.7641, -4.8366), (165.3455, 6.2170, -4.2387), (165.3455, 6.6082, -3.5986), (165.3455, 6.9336, -2.9228), (165.3455, 7.1902, -2.2179), (165.3455, 7.3753, -1.4909), (165.3455, 7.4871, -0.7492), (165.3455, 7.5245, 0.0000), (165.4218, 7.5062, 0.0000), (165.4218, 7.5062, 0.0000), (165.4218, 7.4689, 0.7474), (165.4218, 7.3573, 1.4873), (165.4218, 7.1727, 2.2125), (165.4218, 6.9167, 2.9157), (165.4218, 6.5921, 3.5898), (165.4218, 6.2019, 4.2284), (165.4218, 5.7500, 4.8249), (165.4218, 5.2411, 5.3734), (165.4218, 4.6800, 5.8685), (165.4218, 4.0724, 6.3054), (165.4218, 3.4244, 6.6795), (165.4218, 2.7423, 6.9873), (165.4218, 2.0330, 7.2256), (165.4218, 1.3034, 7.3921), (165.4218, 0.5609, 7.4852), (165.4218, -0.1871, 7.5038), (165.4218, -0.9333, 7.4479), (165.4218, -1.6703, 7.3180), (165.4218, -2.3906, 7.1153), (165.4218, -3.0872, 6.8419), (165.4218, -3.7531, 6.5005), (165.4218, -4.3817, 6.0945), (165.4218, -4.9667, 5.6280), (165.4218, -5.5024, 5.1055), (165.4218, -5.9834, 4.5322), (165.4218, -6.4049, 3.9140), (165.4218, -6.7628, 3.2568), (165.4218, -7.0535, 2.5673), (165.4218, -7.2740, 1.8522), (165.4218, -7.4223, 1.1187), (165.4218, -7.4968, 0.3742), (165.4218, -7.4968, -0.3742), (165.4218, -7.4223, -1.1187), (165.4218, -7.2740, -1.8522), (165.4218, -7.0535, -2.5673), (165.4218, -6.7628, -3.2568), (165.4218, -6.4049, -3.9140), (165.4218, -5.9834, -4.5322), (165.4218, -5.5024, -5.1055), (165.4218, -4.9667, -5.6280), (165.4218, -4.3817, -6.0945), (165.4218, -3.7531, -6.5005), (165.4218, -3.0872, -6.8419), (165.4218, -2.3906, -7.1153), (165.4218, -1.6703, -7.3180), (165.4218, -0.9333, -7.4479), (165.4218, -0.1871, -7.5038), (165.4218, 0.5609, -7.4852), (165.4218, 1.3034, -7.3921), (165.4218, 2.0330, -7.2256), (165.4218, 2.7423, -6.9873), (165.4218, 3.4244, -6.6795), (165.4218, 4.0724, -6.3054), (165.4218, 4.6800, -5.8685), (165.4218, 5.2411, -5.3734), (165.4218, 5.7500, -4.8249), (165.4218, 6.2019, -4.2284), (165.4218, 6.5921, -3.5898), (165.4218, 6.9167, -2.9157), (165.4218, 7.1727, -2.2125), (165.4218, 7.3573, -1.4873), (165.4218, 7.4689, -0.7474), (165.4218, 7.5062, 0.0000), (165.4218, 7.4689, 0.7474), (165.4218, 7.3573, 1.4873), (165.4218, 7.1727, 2.2125), (165.4218, 6.9167, 2.9157), (165.4218, 6.5921, 3.5898), (165.4218, 6.2019, 4.2284), (165.4218, 5.7500, 4.8249), (165.4218, 5.2411, 5.3734), (165.4218, 4.6800, 5.8685), (165.4218, 4.0724, 6.3054), (165.4218, 3.4244, 6.6795), (165.4218, 2.7423, 6.9873), (165.4218, 2.0330, 7.2256), (165.4218, 1.3034, 7.3921), (165.4218, 0.5609, 7.4852), (165.4218, -0.1871, 7.5038), (165.4218, -0.9333, 7.4479), (165.4218, -1.6703, 7.3180), (165.4218, -2.3906, 7.1153), (165.4218, -3.0872, 6.8419), (165.4218, -3.7531, 6.5005), (165.4218, -4.3817, 6.0945), (165.4218, -4.9667, 5.6280), (165.4218, -5.5024, 5.1055), (165.4218, -5.9834, 4.5322), (165.4218, -6.4049, 3.9140), (165.4218, -6.7628, 3.2568), (165.4218, -7.0535, 2.5673), (165.4218, -7.2740, 1.8522), (165.4218, -7.4223, 1.1187), (165.4218, -7.4968, 0.3742), (165.4218, -7.4968, -0.3742), (165.4218, -7.4223, -1.1187), (165.4218, -7.2740, -1.8522), (165.4218, -7.0535, -2.5673), (165.4218, -6.7628, -3.2568), (165.4218, -6.4049, -3.9140), (165.4218, -5.9834, -4.5322), (165.4218, -5.5024, -5.1055), (165.4218, -4.9667, -5.6280), (165.4218, -4.3817, -6.0945), (165.4218, -3.7531, -6.5005), (165.4218, -3.0872, -6.8419), (165.4218, -2.3906, -7.1153), (165.4218, -1.6703, -7.3180), (165.4218, -0.9333, -7.4479), (165.4218, -0.1871, -7.5038), (165.4218, 0.5609, -7.4852), (165.4218, 1.3034, -7.3921), (165.4218, 2.0330, -7.2256), (165.4218, 2.7423, -6.9873), (165.4218, 3.4244, -6.6795), (165.4218, 4.0724, -6.3054), (165.4218, 4.6800, -5.8685), (165.4218, 5.2411, -5.3734), (165.4218, 5.7500, -4.8249), (165.4218, 6.2019, -4.2284), (165.4218, 6.5921, -3.5898), (165.4218, 6.9167, -2.9157), (165.4218, 7.1727, -2.2125), (165.4218, 7.3573, -1.4873), (165.4218, 7.4689, -0.7474), (165.4218, 7.5062, 0.0000), (165.5000, 7.5000, 0.0000), (165.5000, 7.5000, 0.0000), (165.5000, 7.4627, 0.7468), (165.5000, 7.3513, 1.4861), (165.5000, 7.1668, 2.2107), (165.5000, 6.9111, 2.9133), (165.5000, 6.5867, 3.5869), (165.5000, 6.1968, 4.2249), (165.5000, 5.7453, 4.8209), (165.5000, 5.2368, 5.3690), (165.5000, 4.6762, 5.8637), (165.5000, 4.0691, 6.3002), (165.5000, 3.4216, 6.6740), (165.5000, 2.7401, 6.9816), (165.5000, 2.0313, 7.2197), (165.5000, 1.3024, 7.3861), (165.5000, 0.5605, 7.4790), (165.5000, -0.1870, 7.4977), (165.5000, -0.9326, 7.4418), (165.5000, -1.6689, 7.3120), (165.5000, -2.3886, 7.1095), (165.5000, -3.0847, 6.8363), (165.5000, -3.7500, 6.4952), (165.5000, -4.3781, 6.0895), (165.5000, -4.9626, 5.6234), (165.5000, -5.4979, 5.1013), (165.5000, -5.9785, 4.5285), (165.5000, -6.3997, 3.9108), (165.5000, -6.7573, 3.2541), (165.5000, -7.0477, 2.5652), (165.5000, -7.2681, 1.8507), (165.5000, -7.4162, 1.1178), (165.5000, -7.4907, 0.3738), (165.5000, -7.4907, -0.3738), (165.5000, -7.4162, -1.1178), (165.5000, -7.2681, -1.8507), (165.5000, -7.0477, -2.5652), (165.5000, -6.7573, -3.2541), (165.5000, -6.3997, -3.9108), (165.5000, -5.9785, -4.5285), (165.5000, -5.4979, -5.1013), (165.5000, -4.9626, -5.6234), (165.5000, -4.3781, -6.0895), (165.5000, -3.7500, -6.4952), (165.5000, -3.0847, -6.8363), (165.5000, -2.3886, -7.1095), (165.5000, -1.6689, -7.3120), (165.5000, -0.9326, -7.4418), (165.5000, -0.1870, -7.4977), (165.5000, 0.5605, -7.4790), (165.5000, 1.3024, -7.3861), (165.5000, 2.0313, -7.2197), (165.5000, 2.7401, -6.9816), (165.5000, 3.4216, -6.6740), (165.5000, 4.0691, -6.3002), (165.5000, 4.6762, -5.8637), (165.5000, 5.2368, -5.3690), (165.5000, 5.7453, -4.8209), (165.5000, 6.1968, -4.2249), (165.5000, 6.5867, -3.5869), (165.5000, 6.9111, -2.9133), (165.5000, 7.1668, -2.2107), (165.5000, 7.3513, -1.4861), (165.5000, 7.4627, -0.7468), (165.5000, 7.5000, 0.0000), (165.5000, 7.4627, 0.7468), (165.5000, 7.3513, 1.4861), (165.5000, 7.1668, 2.2107), (165.5000, 6.9111, 2.9133), (165.5000, 6.5867, 3.5869), (165.5000, 6.1968, 4.2249), (165.5000, 5.7453, 4.8209), (165.5000, 5.2368, 5.3690), (165.5000, 4.6762, 5.8637), (165.5000, 4.0691, 6.3002), (165.5000, 3.4216, 6.6740), (165.5000, 2.7401, 6.9816), (165.5000, 2.0313, 7.2197), (165.5000, 1.3024, 7.3861), (165.5000, 0.5605, 7.4790), (165.5000, -0.1870, 7.4977), (165.5000, -0.9326, 7.4418), (165.5000, -1.6689, 7.3120), (165.5000, -2.3886, 7.1095), (165.5000, -3.0847, 6.8363), (165.5000, -3.7500, 6.4952), (165.5000, -4.3781, 6.0895), (165.5000, -4.9626, 5.6234), (165.5000, -5.4979, 5.1013), (165.5000, -5.9785, 4.5285), (165.5000, -6.3997, 3.9108), (165.5000, -6.7573, 3.2541), (165.5000, -7.0477, 2.5652), (165.5000, -7.2681, 1.8507), (165.5000, -7.4162, 1.1178), (165.5000, -7.4907, 0.3738), (165.5000, -7.4907, -0.3738), (165.5000, -7.4162, -1.1178), (165.5000, -7.2681, -1.8507), (165.5000, -7.0477, -2.5652), (165.5000, -6.7573, -3.2541), (165.5000, -6.3997, -3.9108), (165.5000, -5.9785, -4.5285), (165.5000, -5.4979, -5.1013), (165.5000, -4.9626, -5.6234), (165.5000, -4.3781, -6.0895), (165.5000, -3.7500, -6.4952), (165.5000, -3.0847, -6.8363), (165.5000, -2.3886, -7.1095), (165.5000, -1.6689, -7.3120), (165.5000, -0.9326, -7.4418), (165.5000, -0.1870, -7.4977), (165.5000, 0.5605, -7.4790), (165.5000, 1.3024, -7.3861), (165.5000, 2.0313, -7.2197), (165.5000, 2.7401, -6.9816), (165.5000, 3.4216, -6.6740), (165.5000, 4.0691, -6.3002), (165.5000, 4.6762, -5.8637), (165.5000, 5.2368, -5.3690), (165.5000, 5.7453, -4.8209), (165.5000, 6.1968, -4.2249), (165.5000, 6.5867, -3.5869), (165.5000, 6.9111, -2.9133), (165.5000, 7.1668, -2.2107), (165.5000, 7.3513, -1.4861), (165.5000, 7.4627, -0.7468), (165.5000, 7.5000, 0.0000), (169.0000, 7.5000, 0.0000), (169.0000, 7.5000, 0.0000), (169.0000, 7.4627, 0.7468), (169.0000, 7.3513, 1.4861), (169.0000, 7.1668, 2.2107), (169.0000, 6.9111, 2.9133), (169.0000, 6.5867, 3.5869), (169.0000, 6.1968, 4.2249), (169.0000, 5.7453, 4.8209), (169.0000, 5.2368, 5.3690), (169.0000, 4.6762, 5.8637), (169.0000, 4.0691, 6.3002), (169.0000, 3.4216, 6.6740), (169.0000, 2.7401, 6.9816), (169.0000, 2.0313, 7.2197), (169.0000, 1.3024, 7.3861), (169.0000, 0.5605, 7.4790), (169.0000, -0.1870, 7.4977), (169.0000, -0.9326, 7.4418), (169.0000, -1.6689, 7.3120), (169.0000, -2.3886, 7.1095), (169.0000, -3.0847, 6.8363), (169.0000, -3.7500, 6.4952), (169.0000, -4.3781, 6.0895), (169.0000, -4.9626, 5.6234), (169.0000, -5.4979, 5.1013), (169.0000, -5.9785, 4.5285), (169.0000, -6.3997, 3.9108), (169.0000, -6.7573, 3.2541), (169.0000, -7.0477, 2.5652), (169.0000, -7.2681, 1.8507), (169.0000, -7.4162, 1.1178), (169.0000, -7.4907, 0.3738), (169.0000, -7.4907, -0.3738), (169.0000, -7.4162, -1.1178), (169.0000, -7.2681, -1.8507), (169.0000, -7.0477, -2.5652), (169.0000, -6.7573, -3.2541), (169.0000, -6.3997, -3.9108), (169.0000, -5.9785, -4.5285), (169.0000, -5.4979, -5.1013), (169.0000, -4.9626, -5.6234), (169.0000, -4.3781, -6.0895), (169.0000, -3.7500, -6.4952), (169.0000, -3.0847, -6.8363), (169.0000, -2.3886, -7.1095), (169.0000, -1.6689, -7.3120), (169.0000, -0.9326, -7.4418), (169.0000, -0.1870, -7.4977), (169.0000, 0.5605, -7.4790), (169.0000, 1.3024, -7.3861), (169.0000, 2.0313, -7.2197), (169.0000, 2.7401, -6.9816), (169.0000, 3.4216, -6.6740), (169.0000, 4.0691, -6.3002), (169.0000, 4.6762, -5.8637), (169.0000, 5.2368, -5.3690), (169.0000, 5.7453, -4.8209), (169.0000, 6.1968, -4.2249), (169.0000, 6.5867, -3.5869), (169.0000, 6.9111, -2.9133), (169.0000, 7.1668, -2.2107), (169.0000, 7.3513, -1.4861), (169.0000, 7.4627, -0.7468), (169.0000, 7.5000, 0.0000), (169.0000, 7.4627, 0.7468), (169.0000, 7.3513, 1.4861), (169.0000, 7.1668, 2.2107), (169.0000, 6.9111, 2.9133), (169.0000, 6.5867, 3.5869), (169.0000, 6.1968, 4.2249), (169.0000, 5.7453, 4.8209), (169.0000, 5.2368, 5.3690), (169.0000, 4.6762, 5.8637), (169.0000, 4.0691, 6.3002), (169.0000, 3.4216, 6.6740), (169.0000, 2.7401, 6.9816), (169.0000, 2.0313, 7.2197), (169.0000, 1.3024, 7.3861), (169.0000, 0.5605, 7.4790), (169.0000, -0.1870, 7.4977), (169.0000, -0.9326, 7.4418), (169.0000, -1.6689, 7.3120), (169.0000, -2.3886, 7.1095), (169.0000, -3.0847, 6.8363), (169.0000, -3.7500, 6.4952), (169.0000, -4.3781, 6.0895), (169.0000, -4.9626, 5.6234), (169.0000, -5.4979, 5.1013), (169.0000, -5.9785, 4.5285), (169.0000, -6.3997, 3.9108), (169.0000, -6.7573, 3.2541), (169.0000, -7.0477, 2.5652), (169.0000, -7.2681, 1.8507), (169.0000, -7.4162, 1.1178), (169.0000, -7.4907, 0.3738), (169.0000, -7.4907, -0.3738), (169.0000, -7.4162, -1.1178), (169.0000, -7.2681, -1.8507), (169.0000, -7.0477, -2.5652), (169.0000, -6.7573, -3.2541), (169.0000, -6.3997, -3.9108), (169.0000, -5.9785, -4.5285), (169.0000, -5.4979, -5.1013), (169.0000, -4.9626, -5.6234), (169.0000, -4.3781, -6.0895), (169.0000, -3.7500, -6.4952), (169.0000, -3.0847, -6.8363), (169.0000, -2.3886, -7.1095), (169.0000, -1.6689, -7.3120), (169.0000, -0.9326, -7.4418), (169.0000, -0.1870, -7.4977), (169.0000, 0.5605, -7.4790), (169.0000, 1.3024, -7.3861), (169.0000, 2.0313, -7.2197), (169.0000, 2.7401, -6.9816), (169.0000, 3.4216, -6.6740), (169.0000, 4.0691, -6.3002), (169.0000, 4.6762, -5.8637), (169.0000, 5.2368, -5.3690), (169.0000, 5.7453, -4.8209), (169.0000, 6.1968, -4.2249), (169.0000, 6.5867, -3.5869), (169.0000, 6.9111, -2.9133), (169.0000, 7.1668, -2.2107), (169.0000, 7.3513, -1.4861), (169.0000, 7.4627, -0.7468), (169.0000, 7.1500, 0.0000), (169.0000, 7.1145, 0.7119), (169.0000, 7.0082, 1.4167), (169.0000, 6.8323, 2.1075), (169.0000, 6.5886, 2.7773), (169.0000, 6.2793, 3.4195), (169.0000, 5.9076, 4.0277), (169.0000, 5.4772, 4.5959), (169.0000, 4.9924, 5.1184), (169.0000, 4.4580, 5.5901), (169.0000, 3.8792, 6.0062), (169.0000, 3.2619, 6.3626), (169.0000, 2.6122, 6.6557), (169.0000, 1.9365, 6.8828), (169.0000, 1.2416, 7.0414), (169.0000, 0.5343, 7.1300), (169.0000, -0.1783, 7.1478), (169.0000, -0.8891, 7.0945), (169.0000, -1.5910, 6.9707), (169.0000, -2.2772, 6.7777), (169.0000, -2.9407, 6.5173), (169.0000, -3.5750, 6.1921), (169.0000, -4.1738, 5.8054), (169.0000, -4.7311, 5.3609), (169.0000, -5.2413, 4.8632), (169.0000, -5.6995, 4.3172), (169.0000, -6.1010, 3.7283), (169.0000, -6.4419, 3.1023), (169.0000, -6.7188, 2.4454), (169.0000, -6.9289, 1.7643), (169.0000, -7.0701, 1.0657), (169.0000, -7.1411, 0.3564), (169.0000, -7.1411, -0.3564), (169.0000, -7.0701, -1.0657), (169.0000, -6.9289, -1.7643), (169.0000, -6.7188, -2.4454), (169.0000, -6.4419, -3.1023), (169.0000, -6.1010, -3.7283), (169.0000, -5.6995, -4.3172), (169.0000, -5.2413, -4.8632), (169.0000, -4.7311, -5.3609), (169.0000, -4.1738, -5.8054), (169.0000, -3.5750, -6.1921), (169.0000, -2.9407, -6.5173), (169.0000, -2.2772, -6.7777), (169.0000, -1.5910, -6.9707), (169.0000, -0.8891, -7.0945), (169.0000, -0.1783, -7.1478), (169.0000, 0.5343, -7.1300), (169.0000, 1.2416, -7.0414), (169.0000, 1.9365, -6.8828), (169.0000, 2.6122, -6.6557), (169.0000, 3.2619, -6.3626), (169.0000, 3.8792, -6.0062), (169.0000, 4.4580, -5.5901), (169.0000, 4.9924, -5.1184), (169.0000, 5.4772, -4.5959), (169.0000, 5.9076, -4.0277), (169.0000, 6.2793, -3.4195), (169.0000, 6.5886, -2.7773), (169.0000, 6.8323, -2.1075), (169.0000, 7.0082, -1.4167), (169.0000, 7.1145, -0.7119), (169.0000, 7.1500, 0.0000), (169.0000, 7.1145, 0.7119), (169.0000, 7.0082, 1.4167), (169.0000, 6.8323, 2.1075), (169.0000, 6.5886, 2.7773), (169.0000, 6.2793, 3.4195), (169.0000, 5.9076, 4.0277), (169.0000, 5.4772, 4.5959), (169.0000, 4.9924, 5.1184), (169.0000, 4.4580, 5.5901), (169.0000, 3.8792, 6.0062), (169.0000, 3.2619, 6.3626), (169.0000, 2.6122, 6.6557), (169.0000, 1.9365, 6.8828), (169.0000, 1.2416, 7.0414), (169.0000, 0.5343, 7.1300), (169.0000, -0.1783, 7.1478), (169.0000, -0.8891, 7.0945), (169.0000, -1.5910, 6.9707), (169.0000, -2.2772, 6.7777), (169.0000, -2.9407, 6.5173), (169.0000, -3.5750, 6.1921), (169.0000, -4.1738, 5.8054), (169.0000, -4.7311, 5.3609), (169.0000, -5.2413, 4.8632), (169.0000, -5.6995, 4.3172), (169.0000, -6.1010, 3.7283), (169.0000, -6.4419, 3.1023), (169.0000, -6.7188, 2.4454), (169.0000, -6.9289, 1.7643), (169.0000, -7.0701, 1.0657), (169.0000, -7.1411, 0.3564), (169.0000, -7.1411, -0.3564), (169.0000, -7.0701, -1.0657), (169.0000, -6.9289, -1.7643), (169.0000, -6.7188, -2.4454), (169.0000, -6.4419, -3.1023), (169.0000, -6.1010, -3.7283), (169.0000, -5.6995, -4.3172), (169.0000, -5.2413, -4.8632), (169.0000, -4.7311, -5.3609), (169.0000, -4.1738, -5.8054), (169.0000, -3.5750, -6.1921), (169.0000, -2.9407, -6.5173), (169.0000, -2.2772, -6.7777), (169.0000, -1.5910, -6.9707), (169.0000, -0.8891, -7.0945), (169.0000, -0.1783, -7.1478), (169.0000, 0.5343, -7.1300), (169.0000, 1.2416, -7.0414), (169.0000, 1.9365, -6.8828), (169.0000, 2.6122, -6.6557), (169.0000, 3.2619, -6.3626), (169.0000, 3.8792, -6.0062), (169.0000, 4.4580, -5.5901), (169.0000, 4.9924, -5.1184), (169.0000, 5.4772, -4.5959), (169.0000, 5.9076, -4.0277), (169.0000, 6.2793, -3.4195), (169.0000, 6.5886, -2.7773), (169.0000, 6.8323, -2.1075), (169.0000, 7.0082, -1.4167), (169.0000, 7.1145, -0.7119), (169.0000, 7.1500, 0.0000), (170.1000, 7.1500, 0.0000), (170.1000, 7.1500, 0.0000), (170.1000, 7.1145, 0.7119), (170.1000, 7.0082, 1.4167), (170.1000, 6.8323, 2.1075), (170.1000, 6.5886, 2.7773), (170.1000, 6.2793, 3.4195), (170.1000, 5.9076, 4.0277), (170.1000, 5.4772, 4.5959), (170.1000, 4.9924, 5.1184), (170.1000, 4.4580, 5.5901), (170.1000, 3.8792, 6.0062), (170.1000, 3.2619, 6.3626), (170.1000, 2.6122, 6.6557), (170.1000, 1.9365, 6.8828), (170.1000, 1.2416, 7.0414), (170.1000, 0.5343, 7.1300), (170.1000, -0.1783, 7.1478), (170.1000, -0.8891, 7.0945), (170.1000, -1.5910, 6.9707), (170.1000, -2.2772, 6.7777), (170.1000, -2.9407, 6.5173), (170.1000, -3.5750, 6.1921), (170.1000, -4.1738, 5.8054), (170.1000, -4.7311, 5.3609), (170.1000, -5.2413, 4.8632), (170.1000, -5.6995, 4.3172), (170.1000, -6.1010, 3.7283), (170.1000, -6.4419, 3.1023), (170.1000, -6.7188, 2.4454), (170.1000, -6.9289, 1.7643), (170.1000, -7.0701, 1.0657), (170.1000, -7.1411, 0.3564), (170.1000, -7.1411, -0.3564), (170.1000, -7.0701, -1.0657), (170.1000, -6.9289, -1.7643), (170.1000, -6.7188, -2.4454), (170.1000, -6.4419, -3.1023), (170.1000, -6.1010, -3.7283), (170.1000, -5.6995, -4.3172), (170.1000, -5.2413, -4.8632), (170.1000, -4.7311, -5.3609), (170.1000, -4.1738, -5.8054), (170.1000, -3.5750, -6.1921), (170.1000, -2.9407, -6.5173), (170.1000, -2.2772, -6.7777), (170.1000, -1.5910, -6.9707), (170.1000, -0.8891, -7.0945), (170.1000, -0.1783, -7.1478), (170.1000, 0.5343, -7.1300), (170.1000, 1.2416, -7.0414), (170.1000, 1.9365, -6.8828), (170.1000, 2.6122, -6.6557), (170.1000, 3.2619, -6.3626), (170.1000, 3.8792, -6.0062), (170.1000, 4.4580, -5.5901), (170.1000, 4.9924, -5.1184), (170.1000, 5.4772, -4.5959), (170.1000, 5.9076, -4.0277), (170.1000, 6.2793, -3.4195), (170.1000, 6.5886, -2.7773), (170.1000, 6.8323, -2.1075), (170.1000, 7.0082, -1.4167), (170.1000, 7.1145, -0.7119), (170.1000, 7.5000, 0.0000), (170.1000, 7.4627, 0.7468), (170.1000, 7.3513, 1.4861), (170.1000, 7.1668, 2.2107), (170.1000, 6.9111, 2.9133), (170.1000, 6.5867, 3.5869), (170.1000, 6.1968, 4.2249), (170.1000, 5.7453, 4.8209), (170.1000, 5.2368, 5.3690), (170.1000, 4.6762, 5.8637), (170.1000, 4.0691, 6.3002), (170.1000, 3.4216, 6.6740), (170.1000, 2.7401, 6.9816), (170.1000, 2.0313, 7.2197), (170.1000, 1.3024, 7.3861), (170.1000, 0.5605, 7.4790), (170.1000, -0.1870, 7.4977), (170.1000, -0.9326, 7.4418), (170.1000, -1.6689, 7.3120), (170.1000, -2.3886, 7.1095), (170.1000, -3.0847, 6.8363), (170.1000, -3.7500, 6.4952), (170.1000, -4.3781, 6.0895), (170.1000, -4.9626, 5.6234), (170.1000, -5.4979, 5.1013), (170.1000, -5.9785, 4.5285), (170.1000, -6.3997, 3.9108), (170.1000, -6.7573, 3.2541), (170.1000, -7.0477, 2.5652), (170.1000, -7.2681, 1.8507), (170.1000, -7.4162, 1.1178), (170.1000, -7.4907, 0.3738), (170.1000, -7.4907, -0.3738), (170.1000, -7.4162, -1.1178), (170.1000, -7.2681, -1.8507), (170.1000, -7.0477, -2.5652), (170.1000, -6.7573, -3.2541), (170.1000, -6.3997, -3.9108), (170.1000, -5.9785, -4.5285), (170.1000, -5.4979, -5.1013), (170.1000, -4.9626, -5.6234), (170.1000, -4.3781, -6.0895), (170.1000, -3.7500, -6.4952), (170.1000, -3.0847, -6.8363), (170.1000, -2.3886, -7.1095), (170.1000, -1.6689, -7.3120), (170.1000, -0.9326, -7.4418), (170.1000, -0.1870, -7.4977), (170.1000, 0.5605, -7.4790), (170.1000, 1.3024, -7.3861), (170.1000, 2.0313, -7.2197), (170.1000, 2.7401, -6.9816), (170.1000, 3.4216, -6.6740), (170.1000, 4.0691, -6.3002), (170.1000, 4.6762, -5.8637), (170.1000, 5.2368, -5.3690), (170.1000, 5.7453, -4.8209), (170.1000, 6.1968, -4.2249), (170.1000, 6.5867, -3.5869), (170.1000, 6.9111, -2.9133), (170.1000, 7.1668, -2.2107), (170.1000, 7.3513, -1.4861), (170.1000, 7.4627, -0.7468), (170.1000, 7.1500, 0.0000), (170.1000, 7.1145, 0.7119), (170.1000, 7.0082, 1.4167), (170.1000, 6.8323, 2.1075), (170.1000, 6.5886, 2.7773), (170.1000, 6.2793, 3.4195), (170.1000, 5.9076, 4.0277), (170.1000, 5.4772, 4.5959), (170.1000, 4.9924, 5.1184), (170.1000, 4.4580, 5.5901), (170.1000, 3.8792, 6.0062), (170.1000, 3.2619, 6.3626), (170.1000, 2.6122, 6.6557), (170.1000, 1.9365, 6.8828), (170.1000, 1.2416, 7.0414), (170.1000, 0.5343, 7.1300), (170.1000, -0.1783, 7.1478), (170.1000, -0.8891, 7.0945), (170.1000, -1.5910, 6.9707), (170.1000, -2.2772, 6.7777), (170.1000, -2.9407, 6.5173), (170.1000, -3.5750, 6.1921), (170.1000, -4.1738, 5.8054), (170.1000, -4.7311, 5.3609), (170.1000, -5.2413, 4.8632), (170.1000, -5.6995, 4.3172), (170.1000, -6.1010, 3.7283), (170.1000, -6.4419, 3.1023), (170.1000, -6.7188, 2.4454), (170.1000, -6.9289, 1.7643), (170.1000, -7.0701, 1.0657), (170.1000, -7.1411, 0.3564), (170.1000, -7.1411, -0.3564), (170.1000, -7.0701, -1.0657), (170.1000, -6.9289, -1.7643), (170.1000, -6.7188, -2.4454), (170.1000, -6.4419, -3.1023), (170.1000, -6.1010, -3.7283), (170.1000, -5.6995, -4.3172), (170.1000, -5.2413, -4.8632), (170.1000, -4.7311, -5.3609), (170.1000, -4.1738, -5.8054), (170.1000, -3.5750, -6.1921), (170.1000, -2.9407, -6.5173), (170.1000, -2.2772, -6.7777), (170.1000, -1.5910, -6.9707), (170.1000, -0.8891, -7.0945), (170.1000, -0.1783, -7.1478), (170.1000, 0.5343, -7.1300), (170.1000, 1.2416, -7.0414), (170.1000, 1.9365, -6.8828), (170.1000, 2.6122, -6.6557), (170.1000, 3.2619, -6.3626), (170.1000, 3.8792, -6.0062), (170.1000, 4.4580, -5.5901), (170.1000, 4.9924, -5.1184), (170.1000, 5.4772, -4.5959), (170.1000, 5.9076, -4.0277), (170.1000, 6.2793, -3.4195), (170.1000, 6.5886, -2.7773), (170.1000, 6.8323, -2.1075), (170.1000, 7.0082, -1.4167), (170.1000, 7.1145, -0.7119), (170.1000, 7.5000, 0.0000), (170.1000, 7.4627, 0.7468), (170.1000, 7.3513, 1.4861), (170.1000, 7.1668, 2.2107), (170.1000, 6.9111, 2.9133), (170.1000, 6.5867, 3.5869), (170.1000, 6.1968, 4.2249), (170.1000, 5.7453, 4.8209), (170.1000, 5.2368, 5.3690), (170.1000, 4.6762, 5.8637), (170.1000, 4.0691, 6.3002), (170.1000, 3.4216, 6.6740), (170.1000, 2.7401, 6.9816), (170.1000, 2.0313, 7.2197), (170.1000, 1.3024, 7.3861), (170.1000, 0.5605, 7.4790), (170.1000, -0.1870, 7.4977), (170.1000, -0.9326, 7.4418), (170.1000, -1.6689, 7.3120), (170.1000, -2.3886, 7.1095), (170.1000, -3.0847, 6.8363), (170.1000, -3.7500, 6.4952), (170.1000, -4.3781, 6.0895), (170.1000, -4.9626, 5.6234), (170.1000, -5.4979, 5.1013), (170.1000, -5.9785, 4.5285), (170.1000, -6.3997, 3.9108), (170.1000, -6.7573, 3.2541), (170.1000, -7.0477, 2.5652), (170.1000, -7.2681, 1.8507), (170.1000, -7.4162, 1.1178), (170.1000, -7.4907, 0.3738), (170.1000, -7.4907, -0.3738), (170.1000, -7.4162, -1.1178), (170.1000, -7.2681, -1.8507), (170.1000, -7.0477, -2.5652), (170.1000, -6.7573, -3.2541), (170.1000, -6.3997, -3.9108), (170.1000, -5.9785, -4.5285), (170.1000, -5.4979, -5.1013), (170.1000, -4.9626, -5.6234), (170.1000, -4.3781, -6.0895), (170.1000, -3.7500, -6.4952), (170.1000, -3.0847, -6.8363), (170.1000, -2.3886, -7.1095), (170.1000, -1.6689, -7.3120), (170.1000, -0.9326, -7.4418), (170.1000, -0.1870, -7.4977), (170.1000, 0.5605, -7.4790), (170.1000, 1.3024, -7.3861), (170.1000, 2.0313, -7.2197), (170.1000, 2.7401, -6.9816), (170.1000, 3.4216, -6.6740), (170.1000, 4.0691, -6.3002), (170.1000, 4.6762, -5.8637), (170.1000, 5.2368, -5.3690), (170.1000, 5.7453, -4.8209), (170.1000, 6.1968, -4.2249), (170.1000, 6.5867, -3.5869), (170.1000, 6.9111, -2.9133), (170.1000, 7.1668, -2.2107), (170.1000, 7.3513, -1.4861), (170.1000, 7.4627, -0.7468), (170.1000, 7.5000, 0.0000), (190.0000, 7.5000, 0.0000), (190.0000, 7.5000, 0.0000), (190.0000, 7.4627, 0.7468), (190.0000, 7.3513, 1.4861), (190.0000, 7.1668, 2.2107), (190.0000, 6.9111, 2.9133), (190.0000, 6.5867, 3.5869), (190.0000, 6.1968, 4.2249), (190.0000, 5.7453, 4.8209), (190.0000, 5.2368, 5.3690), (190.0000, 4.6762, 5.8637), (190.0000, 4.0691, 6.3002), (190.0000, 3.4216, 6.6740), (190.0000, 2.7401, 6.9816), (190.0000, 2.0313, 7.2197), (190.0000, 1.3024, 7.3861), (190.0000, 0.5605, 7.4790), (190.0000, -0.1870, 7.4977), (190.0000, -0.9326, 7.4418), (190.0000, -1.6689, 7.3120), (190.0000, -2.3886, 7.1095), (190.0000, -3.0847, 6.8363), (190.0000, -3.7500, 6.4952), (190.0000, -4.3781, 6.0895), (190.0000, -4.9626, 5.6234), (190.0000, -5.4979, 5.1013), (190.0000, -5.9785, 4.5285), (190.0000, -6.3997, 3.9108), (190.0000, -6.7573, 3.2541), (190.0000, -7.0477, 2.5652), (190.0000, -7.2681, 1.8507), (190.0000, -7.4162, 1.1178), (190.0000, -7.4907, 0.3738), (190.0000, -7.4907, -0.3738), (190.0000, -7.4162, -1.1178), (190.0000, -7.2681, -1.8507), (190.0000, -7.0477, -2.5652), (190.0000, -6.7573, -3.2541), (190.0000, -6.3997, -3.9108), (190.0000, -5.9785, -4.5285), (190.0000, -5.4979, -5.1013), (190.0000, -4.9626, -5.6234), (190.0000, -4.3781, -6.0895), (190.0000, -3.7500, -6.4952), (190.0000, -3.0847, -6.8363), (190.0000, -2.3886, -7.1095), (190.0000, -1.6689, -7.3120), (190.0000, -0.9326, -7.4418), (190.0000, -0.1870, -7.4977), (190.0000, 0.5605, -7.4790), (190.0000, 1.3024, -7.3861), (190.0000, 2.0313, -7.2197), (190.0000, 2.7401, -6.9816), (190.0000, 3.4216, -6.6740), (190.0000, 4.0691, -6.3002), (190.0000, 4.6762, -5.8637), (190.0000, 5.2368, -5.3690), (190.0000, 5.7453, -4.8209), (190.0000, 6.1968, -4.2249), (190.0000, 6.5867, -3.5869), (190.0000, 6.9111, -2.9133), (190.0000, 7.1668, -2.2107), (190.0000, 7.3513, -1.4861), (190.0000, 7.4627, -0.7468), (190.0000, 7.5000, 0.0000), (190.0000, 7.4627, 0.7468), (190.0000, 7.3513, 1.4861), (190.0000, 7.1668, 2.2107), (190.0000, 6.9111, 2.9133), (190.0000, 6.5867, 3.5869), (190.0000, 6.1968, 4.2249), (190.0000, 5.7453, 4.8209), (190.0000, 5.2368, 5.3690), (190.0000, 4.6762, 5.8637), (190.0000, 4.0691, 6.3002), (190.0000, 3.4216, 6.6740), (190.0000, 2.7401, 6.9816), (190.0000, 2.0313, 7.2197), (190.0000, 1.3024, 7.3861), (190.0000, 0.5605, 7.4790), (190.0000, -0.1870, 7.4977), (190.0000, -0.9326, 7.4418), (190.0000, -1.6689, 7.3120), (190.0000, -2.3886, 7.1095), (190.0000, -3.0847, 6.8363), (190.0000, -3.7500, 6.4952), (190.0000, -4.3781, 6.0895), (190.0000, -4.9626, 5.6234), (190.0000, -5.4979, 5.1013), (190.0000, -5.9785, 4.5285), (190.0000, -6.3997, 3.9108), (190.0000, -6.7573, 3.2541), (190.0000, -7.0477, 2.5652), (190.0000, -7.2681, 1.8507), (190.0000, -7.4162, 1.1178), (190.0000, -7.4907, 0.3738), (190.0000, -7.4907, -0.3738), (190.0000, -7.4162, -1.1178), (190.0000, -7.2681, -1.8507), (190.0000, -7.0477, -2.5652), (190.0000, -6.7573, -3.2541), (190.0000, -6.3997, -3.9108), (190.0000, -5.9785, -4.5285), (190.0000, -5.4979, -5.1013), (190.0000, -4.9626, -5.6234), (190.0000, -4.3781, -6.0895), (190.0000, -3.7500, -6.4952), (190.0000, -3.0847, -6.8363), (190.0000, -2.3886, -7.1095), (190.0000, -1.6689, -7.3120), (190.0000, -0.9326, -7.4418), (190.0000, -0.1870, -7.4977), (190.0000, 0.5605, -7.4790), (190.0000, 1.3024, -7.3861), (190.0000, 2.0313, -7.2197), (190.0000, 2.7401, -6.9816), (190.0000, 3.4216, -6.6740), (190.0000, 4.0691, -6.3002), (190.0000, 4.6762, -5.8637), (190.0000, 5.2368, -5.3690), (190.0000, 5.7453, -4.8209), (190.0000, 6.1968, -4.2249), (190.0000, 6.5867, -3.5869), (190.0000, 6.9111, -2.9133), (190.0000, 7.1668, -2.2107), (190.0000, 7.3513, -1.4861), (190.0000, 7.4627, -0.7468), (190.0000, 6.5000, 0.0000), (190.0000, 6.4677, 0.6472), (190.0000, 6.3711, 1.2879), (190.0000, 6.2112, 1.9159), (190.0000, 5.9896, 2.5248), (190.0000, 5.7084, 3.1087), (190.0000, 5.3706, 3.6616), (190.0000, 4.9793, 4.1781), (190.0000, 4.5385, 4.6531), (190.0000, 4.0527, 5.0819), (190.0000, 3.5266, 5.4602), (190.0000, 2.9654, 5.7842), (190.0000, 2.3747, 6.0507), (190.0000, 1.7605, 6.2571), (190.0000, 1.1287, 6.4013), (190.0000, 0.4857, 6.4818), (190.0000, -0.1620, 6.4980), (190.0000, -0.8082, 6.4496), (190.0000, -1.4464, 6.3370), (190.0000, -2.0702, 6.1615), (190.0000, -2.6734, 5.9248), (190.0000, -3.2500, 5.6292), (190.0000, -3.7943, 5.2776), (190.0000, -4.3010, 4.8736), (190.0000, -4.7648, 4.4211), (190.0000, -5.1814, 3.9247), (190.0000, -5.5464, 3.3893), (190.0000, -5.8563, 2.8202), (190.0000, -6.1080, 2.2231), (190.0000, -6.2990, 1.6039), (190.0000, -6.4274, 0.9688), (190.0000, -6.4919, 0.3240), (190.0000, -6.4919, -0.3240), (190.0000, -6.4274, -0.9688), (190.0000, -6.2990, -1.6039), (190.0000, -6.1080, -2.2231), (190.0000, -5.8563, -2.8202), (190.0000, -5.5464, -3.3893), (190.0000, -5.1814, -3.9247), (190.0000, -4.7648, -4.4211), (190.0000, -4.3010, -4.8736), (190.0000, -3.7943, -5.2776), (190.0000, -3.2500, -5.6292), (190.0000, -2.6734, -5.9248), (190.0000, -2.0702, -6.1615), (190.0000, -1.4464, -6.3370), (190.0000, -0.8082, -6.4496), (190.0000, -0.1620, -6.4980), (190.0000, 0.4857, -6.4818), (190.0000, 1.1287, -6.4013), (190.0000, 1.7605, -6.2571), (190.0000, 2.3747, -6.0507), (190.0000, 2.9654, -5.7842), (190.0000, 3.5266, -5.4602), (190.0000, 4.0527, -5.0819), (190.0000, 4.5385, -4.6531), (190.0000, 4.9793, -4.1781), (190.0000, 5.3706, -3.6616), (190.0000, 5.7084, -3.1087), (190.0000, 5.9896, -2.5248), (190.0000, 6.2112, -1.9159), (190.0000, 6.3711, -1.2879), (190.0000, 6.4677, -0.6472), (190.0000, 6.5000, 0.0000), (190.0000, 6.4677, 0.6472), (190.0000, 6.3711, 1.2879), (190.0000, 6.2112, 1.9159), (190.0000, 5.9896, 2.5248), (190.0000, 5.7084, 3.1087), (190.0000, 5.3706, 3.6616), (190.0000, 4.9793, 4.1781), (190.0000, 4.5385, 4.6531), (190.0000, 4.0527, 5.0819), (190.0000, 3.5266, 5.4602), (190.0000, 2.9654, 5.7842), (190.0000, 2.3747, 6.0507), (190.0000, 1.7605, 6.2571), (190.0000, 1.1287, 6.4013), (190.0000, 0.4857, 6.4818), (190.0000, -0.1620, 6.4980), (190.0000, -0.8082, 6.4496), (190.0000, -1.4464, 6.3370), (190.0000, -2.0702, 6.1615), (190.0000, -2.6734, 5.9248), (190.0000, -3.2500, 5.6292), (190.0000, -3.7943, 5.2776), (190.0000, -4.3010, 4.8736), (190.0000, -4.7648, 4.4211), (190.0000, -5.1814, 3.9247), (190.0000, -5.5464, 3.3893), (190.0000, -5.8563, 2.8202), (190.0000, -6.1080, 2.2231), (190.0000, -6.2990, 1.6039), (190.0000, -6.4274, 0.9688), (190.0000, -6.4919, 0.3240), (190.0000, -6.4919, -0.3240), (190.0000, -6.4274, -0.9688), (190.0000, -6.2990, -1.6039), (190.0000, -6.1080, -2.2231), (190.0000, -5.8563, -2.8202), (190.0000, -5.5464, -3.3893), (190.0000, -5.1814, -3.9247), (190.0000, -4.7648, -4.4211), (190.0000, -4.3010, -4.8736), (190.0000, -3.7943, -5.2776), (190.0000, -3.2500, -5.6292), (190.0000, -2.6734, -5.9248), (190.0000, -2.0702, -6.1615), (190.0000, -1.4464, -6.3370), (190.0000, -0.8082, -6.4496), (190.0000, -0.1620, -6.4980), (190.0000, 0.4857, -6.4818), (190.0000, 1.1287, -6.4013), (190.0000, 1.7605, -6.2571), (190.0000, 2.3747, -6.0507), (190.0000, 2.9654, -5.7842), (190.0000, 3.5266, -5.4602), (190.0000, 4.0527, -5.0819), (190.0000, 4.5385, -4.6531), (190.0000, 4.9793, -4.1781), (190.0000, 5.3706, -3.6616), (190.0000, 5.7084, -3.1087), (190.0000, 5.9896, -2.5248), (190.0000, 6.2112, -1.9159), (190.0000, 6.3711, -1.2879), (190.0000, 6.4677, -0.6472), (190.0000, 6.5000, 0.0000), (190.0062, 6.4218, 0.0000), (190.0062, 6.4218, 0.0000), (190.0062, 6.3899, 0.6394), (190.0062, 6.2945, 1.2725), (190.0062, 6.1365, 1.8929), (190.0062, 5.9175, 2.4944), (190.0062, 5.6397, 3.0712), (190.0062, 5.3059, 3.6175), (190.0062, 4.9194, 4.1278), (190.0062, 4.4839, 4.5971), (190.0062, 4.0039, 5.0208), (190.0062, 3.4841, 5.3945), (190.0062, 2.9297, 5.7146), (190.0062, 2.3461, 5.9779), (190.0062, 1.7393, 6.1818), (190.0062, 1.1151, 6.3242), (190.0062, 0.4799, 6.4038), (190.0062, -0.1601, 6.4198), (190.0062, -0.7985, 6.3719), (190.0062, -1.4290, 6.2608), (190.0062, -2.0453, 6.0874), (190.0062, -2.6412, 5.8535), (190.0062, -3.2109, 5.5614), (190.0062, -3.7487, 5.2141), (190.0062, -4.2492, 4.8149), (190.0062, -4.7075, 4.3679), (190.0062, -5.1190, 3.8775), (190.0062, -5.4796, 3.3485), (190.0062, -5.7858, 2.7863), (190.0062, -6.0345, 2.1964), (190.0062, -6.2232, 1.5846), (190.0062, -6.3501, 0.9571), (190.0062, -6.4138, 0.3201), (190.0062, -6.4138, -0.3201), (190.0062, -6.3501, -0.9571), (190.0062, -6.2232, -1.5846), (190.0062, -6.0345, -2.1964), (190.0062, -5.7858, -2.7863), (190.0062, -5.4796, -3.3485), (190.0062, -5.1190, -3.8775), (190.0062, -4.7075, -4.3679), (190.0062, -4.2492, -4.8149), (190.0062, -3.7487, -5.2141), (190.0062, -3.2109, -5.5614), (190.0062, -2.6412, -5.8535), (190.0062, -2.0453, -6.0874), (190.0062, -1.4290, -6.2608), (190.0062, -0.7985, -6.3719), (190.0062, -0.1601, -6.4198), (190.0062, 0.4799, -6.4038), (190.0062, 1.1151, -6.3242), (190.0062, 1.7393, -6.1818), (190.0062, 2.3461, -5.9779), (190.0062, 2.9297, -5.7146), (190.0062, 3.4841, -5.3945), (190.0062, 4.0039, -5.0208), (190.0062, 4.4839, -4.5971), (190.0062, 4.9194, -4.1278), (190.0062, 5.3059, -3.6175), (190.0062, 5.6397, -3.0712), (190.0062, 5.9175, -2.4944), (190.0062, 6.1365, -1.8929), (190.0062, 6.2945, -1.2725), (190.0062, 6.3899, -0.6394), (190.0062, 6.4218, 0.0000), (190.0062, 6.3899, 0.6394), (190.0062, 6.2945, 1.2725), (190.0062, 6.1365, 1.8929), (190.0062, 5.9175, 2.4944), (190.0062, 5.6397, 3.0712), (190.0062, 5.3059, 3.6175), (190.0062, 4.9194, 4.1278), (190.0062, 4.4839, 4.5971), (190.0062, 4.0039, 5.0208), (190.0062, 3.4841, 5.3945), (190.0062, 2.9297, 5.7146), (190.0062, 2.3461, 5.9779), (190.0062, 1.7393, 6.1818), (190.0062, 1.1151, 6.3242), (190.0062, 0.4799, 6.4038), (190.0062, -0.1601, 6.4198), (190.0062, -0.7985, 6.3719), (190.0062, -1.4290, 6.2608), (190.0062, -2.0453, 6.0874), (190.0062, -2.6412, 5.8535), (190.0062, -3.2109, 5.5614), (190.0062, -3.7487, 5.2141), (190.0062, -4.2492, 4.8149), (190.0062, -4.7075, 4.3679), (190.0062, -5.1190, 3.8775), (190.0062, -5.4796, 3.3485), (190.0062, -5.7858, 2.7863), (190.0062, -6.0345, 2.1964), (190.0062, -6.2232, 1.5846), (190.0062, -6.3501, 0.9571), (190.0062, -6.4138, 0.3201), (190.0062, -6.4138, -0.3201), (190.0062, -6.3501, -0.9571), (190.0062, -6.2232, -1.5846), (190.0062, -6.0345, -2.1964), (190.0062, -5.7858, -2.7863), (190.0062, -5.4796, -3.3485), (190.0062, -5.1190, -3.8775), (190.0062, -4.7075, -4.3679), (190.0062, -4.2492, -4.8149), (190.0062, -3.7487, -5.2141), (190.0062, -3.2109, -5.5614), (190.0062, -2.6412, -5.8535), (190.0062, -2.0453, -6.0874), (190.0062, -1.4290, -6.2608), (190.0062, -0.7985, -6.3719), (190.0062, -0.1601, -6.4198), (190.0062, 0.4799, -6.4038), (190.0062, 1.1151, -6.3242), (190.0062, 1.7393, -6.1818), (190.0062, 2.3461, -5.9779), (190.0062, 2.9297, -5.7146), (190.0062, 3.4841, -5.3945), (190.0062, 4.0039, -5.0208), (190.0062, 4.4839, -4.5971), (190.0062, 4.9194, -4.1278), (190.0062, 5.3059, -3.6175), (190.0062, 5.6397, -3.0712), (190.0062, 5.9175, -2.4944), (190.0062, 6.1365, -1.8929), (190.0062, 6.2945, -1.2725), (190.0062, 6.3899, -0.6394), (190.0062, 6.4218, 0.0000), (190.0245, 6.3455, 0.0000), (190.0245, 6.3455, 0.0000), (190.0245, 6.3140, 0.6318), (190.0245, 6.2197, 1.2573), (190.0245, 6.0636, 1.8704), (190.0245, 5.8472, 2.4648), (190.0245, 5.5727, 3.0348), (190.0245, 5.2429, 3.5745), (190.0245, 4.8609, 4.0788), (190.0245, 4.4307, 4.5425), (190.0245, 3.9563, 4.9611), (190.0245, 3.4427, 5.3304), (190.0245, 2.8949, 5.6467), (190.0245, 2.3183, 5.9069), (190.0245, 1.7186, 6.1083), (190.0245, 1.1019, 6.2491), (190.0245, 0.4742, 6.3277), (190.0245, -0.1582, 6.3435), (190.0245, -0.7890, 6.2962), (190.0245, -1.4120, 6.1864), (190.0245, -2.0210, 6.0151), (190.0245, -2.6098, 5.7840), (190.0245, -3.1727, 5.4954), (190.0245, -3.7041, 5.1521), (190.0245, -4.1987, 4.7577), (190.0245, -4.6516, 4.3160), (190.0245, -5.0582, 3.8314), (190.0245, -5.4146, 3.3088), (190.0245, -5.7171, 2.7532), (190.0245, -5.9628, 2.1703), (190.0245, -6.1493, 1.5658), (190.0245, -6.2746, 0.9457), (190.0245, -6.3376, 0.3163), (190.0245, -6.3376, -0.3163), (190.0245, -6.2746, -0.9457), (190.0245, -6.1493, -1.5658), (190.0245, -5.9628, -2.1703), (190.0245, -5.7171, -2.7532), (190.0245, -5.4146, -3.3088), (190.0245, -5.0582, -3.8314), (190.0245, -4.6516, -4.3160), (190.0245, -4.1987, -4.7577), (190.0245, -3.7041, -5.1521), (190.0245, -3.1727, -5.4954), (190.0245, -2.6098, -5.7840), (190.0245, -2.0210, -6.0151), (190.0245, -1.4120, -6.1864), (190.0245, -0.7890, -6.2962), (190.0245, -0.1582, -6.3435), (190.0245, 0.4742, -6.3277), (190.0245, 1.1019, -6.2491), (190.0245, 1.7186, -6.1083), (190.0245, 2.3183, -5.9069), (190.0245, 2.8949, -5.6467), (190.0245, 3.4427, -5.3304), (190.0245, 3.9563, -4.9611), (190.0245, 4.4307, -4.5425), (190.0245, 4.8609, -4.0788), (190.0245, 5.2429, -3.5745), (190.0245, 5.5727, -3.0348), (190.0245, 5.8472, -2.4648), (190.0245, 6.0636, -1.8704), (190.0245, 6.2197, -1.2573), (190.0245, 6.3140, -0.6318), (190.0245, 6.3455, 0.0000), (190.0245, 6.3140, 0.6318), (190.0245, 6.2197, 1.2573), (190.0245, 6.0636, 1.8704), (190.0245, 5.8472, 2.4648), (190.0245, 5.5727, 3.0348), (190.0245, 5.2429, 3.5745), (190.0245, 4.8609, 4.0788), (190.0245, 4.4307, 4.5425), (190.0245, 3.9563, 4.9611), (190.0245, 3.4427, 5.3304), (190.0245, 2.8949, 5.6467), (190.0245, 2.3183, 5.9069), (190.0245, 1.7186, 6.1083), (190.0245, 1.1019, 6.2491), (190.0245, 0.4742, 6.3277), (190.0245, -0.1582, 6.3435), (190.0245, -0.7890, 6.2962), (190.0245, -1.4120, 6.1864), (190.0245, -2.0210, 6.0151), (190.0245, -2.6098, 5.7840), (190.0245, -3.1727, 5.4954), (190.0245, -3.7041, 5.1521), (190.0245, -4.1987, 4.7577), (190.0245, -4.6516, 4.3160), (190.0245, -5.0582, 3.8314), (190.0245, -5.4146, 3.3088), (190.0245, -5.7171, 2.7532), (190.0245, -5.9628, 2.1703), (190.0245, -6.1493, 1.5658), (190.0245, -6.2746, 0.9457), (190.0245, -6.3376, 0.3163), (190.0245, -6.3376, -0.3163), (190.0245, -6.2746, -0.9457), (190.0245, -6.1493, -1.5658), (190.0245, -5.9628, -2.1703), (190.0245, -5.7171, -2.7532), (190.0245, -5.4146, -3.3088), (190.0245, -5.0582, -3.8314), (190.0245, -4.6516, -4.3160), (190.0245, -4.1987, -4.7577), (190.0245, -3.7041, -5.1521), (190.0245, -3.1727, -5.4954), (190.0245, -2.6098, -5.7840), (190.0245, -2.0210, -6.0151), (190.0245, -1.4120, -6.1864), (190.0245, -0.7890, -6.2962), (190.0245, -0.1582, -6.3435), (190.0245, 0.4742, -6.3277), (190.0245, 1.1019, -6.2491), (190.0245, 1.7186, -6.1083), (190.0245, 2.3183, -5.9069), (190.0245, 2.8949, -5.6467), (190.0245, 3.4427, -5.3304), (190.0245, 3.9563, -4.9611), (190.0245, 4.4307, -4.5425), (190.0245, 4.8609, -4.0788), (190.0245, 5.2429, -3.5745), (190.0245, 5.5727, -3.0348), (190.0245, 5.8472, -2.4648), (190.0245, 6.0636, -1.8704), (190.0245, 6.2197, -1.2573), (190.0245, 6.3140, -0.6318), (190.0245, 6.3455, 0.0000), (190.0545, 6.2730, 0.0000), (190.0545, 6.2730, 0.0000), (190.0545, 6.2418, 0.6246), (190.0545, 6.1486, 1.2430), (190.0545, 5.9943, 1.8490), (190.0545, 5.7804, 2.4367), (190.0545, 5.5091, 3.0001), (190.0545, 5.1830, 3.5337), (190.0545, 4.8054, 4.0322), (190.0545, 4.3800, 4.4906), (190.0545, 3.9112, 4.9044), (190.0545, 3.4034, 5.2695), (190.0545, 2.8618, 5.5822), (190.0545, 2.2918, 5.8394), (190.0545, 1.6990, 6.0385), (190.0545, 1.0893, 6.1777), (190.0545, 0.4688, 6.2555), (190.0545, -0.1564, 6.2711), (190.0545, -0.7800, 6.2243), (190.0545, -1.3959, 6.1157), (190.0545, -1.9979, 5.9464), (190.0545, -2.5800, 5.7179), (190.0545, -3.1365, 5.4326), (190.0545, -3.6618, 5.0933), (190.0545, -4.1508, 4.7034), (190.0545, -4.5984, 4.2667), (190.0545, -5.0004, 3.7877), (190.0545, -5.3527, 3.2710), (190.0545, -5.6518, 2.7218), (190.0545, -5.8947, 2.1455), (190.0545, -6.0790, 1.5479), (190.0545, -6.2029, 0.9349), (190.0545, -6.2652, 0.3127), (190.0545, -6.2652, -0.3127), (190.0545, -6.2029, -0.9349), (190.0545, -6.0790, -1.5479), (190.0545, -5.8947, -2.1455), (190.0545, -5.6518, -2.7218), (190.0545, -5.3527, -3.2710), (190.0545, -5.0004, -3.7877), (190.0545, -4.5984, -4.2667), (190.0545, -4.1508, -4.7034), (190.0545, -3.6618, -5.0933), (190.0545, -3.1365, -5.4326), (190.0545, -2.5800, -5.7179), (190.0545, -1.9979, -5.9464), (190.0545, -1.3959, -6.1157), (190.0545, -0.7800, -6.2243), (190.0545, -0.1564, -6.2711), (190.0545, 0.4688, -6.2555), (190.0545, 1.0893, -6.1777), (190.0545, 1.6990, -6.0385), (190.0545, 2.2918, -5.8394), (190.0545, 2.8618, -5.5822), (190.0545, 3.4034, -5.2695), (190.0545, 3.9112, -4.9044), (190.0545, 4.3800, -4.4906), (190.0545, 4.8054, -4.0322), (190.0545, 5.1830, -3.5337), (190.0545, 5.5091, -3.0001), (190.0545, 5.7804, -2.4367), (190.0545, 5.9943, -1.8490), (190.0545, 6.1486, -1.2430), (190.0545, 6.2418, -0.6246), (190.0545, 6.2730, 0.0000), (190.0545, 6.2418, 0.6246), (190.0545, 6.1486, 1.2430), (190.0545, 5.9943, 1.8490), (190.0545, 5.7804, 2.4367), (190.0545, 5.5091, 3.0001), (190.0545, 5.1830, 3.5337), (190.0545, 4.8054, 4.0322), (190.0545, 4.3800, 4.4906), (190.0545, 3.9112, 4.9044), (190.0545, 3.4034, 5.2695), (190.0545, 2.8618, 5.5822), (190.0545, 2.2918, 5.8394), (190.0545, 1.6990, 6.0385), (190.0545, 1.0893, 6.1777), (190.0545, 0.4688, 6.2555), (190.0545, -0.1564, 6.2711), (190.0545, -0.7800, 6.2243), (190.0545, -1.3959, 6.1157), (190.0545, -1.9979, 5.9464), (190.0545, -2.5800, 5.7179), (190.0545, -3.1365, 5.4326), (190.0545, -3.6618, 5.0933), (190.0545, -4.1508, 4.7034), (190.0545, -4.5984, 4.2667), (190.0545, -5.0004, 3.7877), (190.0545, -5.3527, 3.2710), (190.0545, -5.6518, 2.7218), (190.0545, -5.8947, 2.1455), (190.0545, -6.0790, 1.5479), (190.0545, -6.2029, 0.9349), (190.0545, -6.2652, 0.3127), (190.0545, -6.2652, -0.3127), (190.0545, -6.2029, -0.9349), (190.0545, -6.0790, -1.5479), (190.0545, -5.8947, -2.1455), (190.0545, -5.6518, -2.7218), (190.0545, -5.3527, -3.2710), (190.0545, -5.0004, -3.7877), (190.0545, -4.5984, -4.2667), (190.0545, -4.1508, -4.7034), (190.0545, -3.6618, -5.0933), (190.0545, -3.1365, -5.4326), (190.0545, -2.5800, -5.7179), (190.0545, -1.9979, -5.9464), (190.0545, -1.3959, -6.1157), (190.0545, -0.7800, -6.2243), (190.0545, -0.1564, -6.2711), (190.0545, 0.4688, -6.2555), (190.0545, 1.0893, -6.1777), (190.0545, 1.6990, -6.0385), (190.0545, 2.2918, -5.8394), (190.0545, 2.8618, -5.5822), (190.0545, 3.4034, -5.2695), (190.0545, 3.9112, -4.9044), (190.0545, 4.3800, -4.4906), (190.0545, 4.8054, -4.0322), (190.0545, 5.1830, -3.5337), (190.0545, 5.5091, -3.0001), (190.0545, 5.7804, -2.4367), (190.0545, 5.9943, -1.8490), (190.0545, 6.1486, -1.2430), (190.0545, 6.2418, -0.6246), (190.0545, 6.2730, 0.0000), (190.0955, 6.2061, 0.0000), (190.0955, 6.2061, 0.0000), (190.0955, 6.1753, 0.6179), (190.0955, 6.0831, 1.2297), (190.0955, 5.9304, 1.8293), (190.0955, 5.7188, 2.4107), (190.0955, 5.4503, 2.9681), (190.0955, 5.1277, 3.4960), (190.0955, 4.7542, 3.9892), (190.0955, 4.3333, 4.4427), (190.0955, 3.8694, 4.8521), (190.0955, 3.3671, 5.2133), (190.0955, 2.8313, 5.5226), (190.0955, 2.2673, 5.7771), (190.0955, 1.6809, 5.9741), (190.0955, 1.0777, 6.1118), (190.0955, 0.4638, 6.1888), (190.0955, -0.1547, 6.2042), (190.0955, -0.7717, 6.1579), (190.0955, -1.3810, 6.0505), (190.0955, -1.9766, 5.8829), (190.0955, -2.5525, 5.6569), (190.0955, -3.1031, 5.3746), (190.0955, -3.6228, 5.0390), (190.0955, -4.1065, 4.6532), (190.0955, -4.5494, 4.2212), (190.0955, -4.9471, 3.7473), (190.0955, -5.2956, 3.2361), (190.0955, -5.5915, 2.6927), (190.0955, -5.8318, 2.1226), (190.0955, -6.0142, 1.5314), (190.0955, -6.1368, 0.9250), (190.0955, -6.1984, 0.3093), (190.0955, -6.1984, -0.3093), (190.0955, -6.1368, -0.9250), (190.0955, -6.0142, -1.5314), (190.0955, -5.8318, -2.1226), (190.0955, -5.5915, -2.6927), (190.0955, -5.2956, -3.2361), (190.0955, -4.9471, -3.7473), (190.0955, -4.5494, -4.2212), (190.0955, -4.1065, -4.6532), (190.0955, -3.6228, -5.0390), (190.0955, -3.1031, -5.3746), (190.0955, -2.5525, -5.6569), (190.0955, -1.9766, -5.8829), (190.0955, -1.3810, -6.0505), (190.0955, -0.7717, -6.1579), (190.0955, -0.1547, -6.2042), (190.0955, 0.4638, -6.1888), (190.0955, 1.0777, -6.1118), (190.0955, 1.6809, -5.9741), (190.0955, 2.2673, -5.7771), (190.0955, 2.8313, -5.5226), (190.0955, 3.3671, -5.2133), (190.0955, 3.8694, -4.8521), (190.0955, 4.3333, -4.4427), (190.0955, 4.7542, -3.9892), (190.0955, 5.1277, -3.4960), (190.0955, 5.4503, -2.9681), (190.0955, 5.7188, -2.4107), (190.0955, 5.9304, -1.8293), (190.0955, 6.0831, -1.2297), (190.0955, 6.1753, -0.6179), (190.0955, 6.2061, 0.0000), (190.0955, 6.1753, 0.6179), (190.0955, 6.0831, 1.2297), (190.0955, 5.9304, 1.8293), (190.0955, 5.7188, 2.4107), (190.0955, 5.4503, 2.9681), (190.0955, 5.1277, 3.4960), (190.0955, 4.7542, 3.9892), (190.0955, 4.3333, 4.4427), (190.0955, 3.8694, 4.8521), (190.0955, 3.3671, 5.2133), (190.0955, 2.8313, 5.5226), (190.0955, 2.2673, 5.7771), (190.0955, 1.6809, 5.9741), (190.0955, 1.0777, 6.1118), (190.0955, 0.4638, 6.1888), (190.0955, -0.1547, 6.2042), (190.0955, -0.7717, 6.1579), (190.0955, -1.3810, 6.0505), (190.0955, -1.9766, 5.8829), (190.0955, -2.5525, 5.6569), (190.0955, -3.1031, 5.3746), (190.0955, -3.6228, 5.0390), (190.0955, -4.1065, 4.6532), (190.0955, -4.5494, 4.2212), (190.0955, -4.9471, 3.7473), (190.0955, -5.2956, 3.2361), (190.0955, -5.5915, 2.6927), (190.0955, -5.8318, 2.1226), (190.0955, -6.0142, 1.5314), (190.0955, -6.1368, 0.9250), (190.0955, -6.1984, 0.3093), (190.0955, -6.1984, -0.3093), (190.0955, -6.1368, -0.9250), (190.0955, -6.0142, -1.5314), (190.0955, -5.8318, -2.1226), (190.0955, -5.5915, -2.6927), (190.0955, -5.2956, -3.2361), (190.0955, -4.9471, -3.7473), (190.0955, -4.5494, -4.2212), (190.0955, -4.1065, -4.6532), (190.0955, -3.6228, -5.0390), (190.0955, -3.1031, -5.3746), (190.0955, -2.5525, -5.6569), (190.0955, -1.9766, -5.8829), (190.0955, -1.3810, -6.0505), (190.0955, -0.7717, -6.1579), (190.0955, -0.1547, -6.2042), (190.0955, 0.4638, -6.1888), (190.0955, 1.0777, -6.1118), (190.0955, 1.6809, -5.9741), (190.0955, 2.2673, -5.7771), (190.0955, 2.8313, -5.5226), (190.0955, 3.3671, -5.2133), (190.0955, 3.8694, -4.8521), (190.0955, 4.3333, -4.4427), (190.0955, 4.7542, -3.9892), (190.0955, 5.1277, -3.4960), (190.0955, 5.4503, -2.9681), (190.0955, 5.7188, -2.4107), (190.0955, 5.9304, -1.8293), (190.0955, 6.0831, -1.2297), (190.0955, 6.1753, -0.6179), (190.0955, 6.2061, 0.0000), (190.1464, 6.1464, 0.0000), (190.1464, 6.1464, 0.0000), (190.1464, 6.1159, 0.6120), (190.1464, 6.0246, 1.2179), (190.1464, 5.8734, 1.8117), (190.1464, 5.6638, 2.3875), (190.1464, 5.3979, 2.9396), (190.1464, 5.0784, 3.4624), (190.1464, 4.7085, 3.9509), (190.1464, 4.2917, 4.4000), (190.1464, 3.8322, 4.8055), (190.1464, 3.3347, 5.1632), (190.1464, 2.8041, 5.4695), (190.1464, 2.2455, 5.7216), (190.1464, 1.6647, 5.9167), (190.1464, 1.0673, 6.0531), (190.1464, 0.4593, 6.1293), (190.1464, -0.1532, 6.1445), (190.1464, -0.7643, 6.0987), (190.1464, -1.3677, 5.9923), (190.1464, -1.9576, 5.8264), (190.1464, -2.5280, 5.6025), (190.1464, -3.0732, 5.3230), (190.1464, -3.5879, 4.9905), (190.1464, -4.0670, 4.6085), (190.1464, -4.5057, 4.1806), (190.1464, -4.8995, 3.7113), (190.1464, -5.2447, 3.2050), (190.1464, -5.5378, 2.6668), (190.1464, -5.7758, 2.1022), (190.1464, -5.9564, 1.5167), (190.1464, -6.0778, 0.9161), (190.1464, -6.1388, 0.3064), (190.1464, -6.1388, -0.3064), (190.1464, -6.0778, -0.9161), (190.1464, -5.9564, -1.5167), (190.1464, -5.7758, -2.1022), (190.1464, -5.5378, -2.6668), (190.1464, -5.2447, -3.2050), (190.1464, -4.8995, -3.7113), (190.1464, -4.5057, -4.1806), (190.1464, -4.0670, -4.6085), (190.1464, -3.5879, -4.9905), (190.1464, -3.0732, -5.3230), (190.1464, -2.5280, -5.6025), (190.1464, -1.9576, -5.8264), (190.1464, -1.3677, -5.9923), (190.1464, -0.7643, -6.0987), (190.1464, -0.1532, -6.1445), (190.1464, 0.4593, -6.1293), (190.1464, 1.0673, -6.0531), (190.1464, 1.6647, -5.9167), (190.1464, 2.2455, -5.7216), (190.1464, 2.8041, -5.4695), (190.1464, 3.3347, -5.1632), (190.1464, 3.8322, -4.8055), (190.1464, 4.2917, -4.4000), (190.1464, 4.7085, -3.9509), (190.1464, 5.0784, -3.4624), (190.1464, 5.3979, -2.9396), (190.1464, 5.6638, -2.3875), (190.1464, 5.8734, -1.8117), (190.1464, 6.0246, -1.2179), (190.1464, 6.1159, -0.6120), (190.1464, 6.1464, 0.0000), (190.1464, 6.1159, 0.6120), (190.1464, 6.0246, 1.2179), (190.1464, 5.8734, 1.8117), (190.1464, 5.6638, 2.3875), (190.1464, 5.3979, 2.9396), (190.1464, 5.0784, 3.4624), (190.1464, 4.7085, 3.9509), (190.1464, 4.2917, 4.4000), (190.1464, 3.8322, 4.8055), (190.1464, 3.3347, 5.1632), (190.1464, 2.8041, 5.4695), (190.1464, 2.2455, 5.7216), (190.1464, 1.6647, 5.9167), (190.1464, 1.0673, 6.0531), (190.1464, 0.4593, 6.1293), (190.1464, -0.1532, 6.1445), (190.1464, -0.7643, 6.0987), (190.1464, -1.3677, 5.9923), (190.1464, -1.9576, 5.8264), (190.1464, -2.5280, 5.6025), (190.1464, -3.0732, 5.3230), (190.1464, -3.5879, 4.9905), (190.1464, -4.0670, 4.6085), (190.1464, -4.5057, 4.1806), (190.1464, -4.8995, 3.7113), (190.1464, -5.2447, 3.2050), (190.1464, -5.5378, 2.6668), (190.1464, -5.7758, 2.1022), (190.1464, -5.9564, 1.5167), (190.1464, -6.0778, 0.9161), (190.1464, -6.1388, 0.3064), (190.1464, -6.1388, -0.3064), (190.1464, -6.0778, -0.9161), (190.1464, -5.9564, -1.5167), (190.1464, -5.7758, -2.1022), (190.1464, -5.5378, -2.6668), (190.1464, -5.2447, -3.2050), (190.1464, -4.8995, -3.7113), (190.1464, -4.5057, -4.1806), (190.1464, -4.0670, -4.6085), (190.1464, -3.5879, -4.9905), (190.1464, -3.0732, -5.3230), (190.1464, -2.5280, -5.6025), (190.1464, -1.9576, -5.8264), (190.1464, -1.3677, -5.9923), (190.1464, -0.7643, -6.0987), (190.1464, -0.1532, -6.1445), (190.1464, 0.4593, -6.1293), (190.1464, 1.0673, -6.0531), (190.1464, 1.6647, -5.9167), (190.1464, 2.2455, -5.7216), (190.1464, 2.8041, -5.4695), (190.1464, 3.3347, -5.1632), (190.1464, 3.8322, -4.8055), (190.1464, 4.2917, -4.4000), (190.1464, 4.7085, -3.9509), (190.1464, 5.0784, -3.4624), (190.1464, 5.3979, -2.9396), (190.1464, 5.6638, -2.3875), (190.1464, 5.8734, -1.8117), (190.1464, 6.0246, -1.2179), (190.1464, 6.1159, -0.6120), (190.1464, 6.1464, 0.0000), (190.2061, 6.0955, 0.0000), (190.2061, 6.0955, 0.0000), (190.2061, 6.0652, 0.6069), (190.2061, 5.9746, 1.2078), (190.2061, 5.8247, 1.7967), (190.2061, 5.6169, 2.3677), (190.2061, 5.3532, 2.9152), (190.2061, 5.0363, 3.4337), (190.2061, 4.6694, 3.9181), (190.2061, 4.2561, 4.3636), (190.2061, 3.8005, 4.7656), (190.2061, 3.3071, 5.1204), (190.2061, 2.7808, 5.4242), (190.2061, 2.2269, 5.6741), (190.2061, 1.6509, 5.8677), (190.2061, 1.0585, 6.0029), (190.2061, 0.4555, 6.0784), (190.2061, -0.1520, 6.0936), (190.2061, -0.7579, 6.0482), (190.2061, -1.3564, 5.9427), (190.2061, -1.9413, 5.7781), (190.2061, -2.5070, 5.5561), (190.2061, -3.0477, 5.2789), (190.2061, -3.5582, 4.9492), (190.2061, -4.0333, 4.5703), (190.2061, -4.4683, 4.1460), (190.2061, -4.8589, 3.6805), (190.2061, -5.2012, 3.1784), (190.2061, -5.4918, 2.6447), (190.2061, -5.7279, 2.0848), (190.2061, -5.9070, 1.5041), (190.2061, -6.0274, 0.9085), (190.2061, -6.0879, 0.3038), (190.2061, -6.0879, -0.3038), (190.2061, -6.0274, -0.9085), (190.2061, -5.9070, -1.5041), (190.2061, -5.7279, -2.0848), (190.2061, -5.4918, -2.6447), (190.2061, -5.2012, -3.1784), (190.2061, -4.8589, -3.6805), (190.2061, -4.4683, -4.1460), (190.2061, -4.0333, -4.5703), (190.2061, -3.5582, -4.9492), (190.2061, -3.0477, -5.2789), (190.2061, -2.5070, -5.5561), (190.2061, -1.9413, -5.7781), (190.2061, -1.3564, -5.9427), (190.2061, -0.7579, -6.0482), (190.2061, -0.1520, -6.0936), (190.2061, 0.4555, -6.0784), (190.2061, 1.0585, -6.0029), (190.2061, 1.6509, -5.8677), (190.2061, 2.2269, -5.6741), (190.2061, 2.7808, -5.4242), (190.2061, 3.3071, -5.1204), (190.2061, 3.8005, -4.7656), (190.2061, 4.2561, -4.3636), (190.2061, 4.6694, -3.9181), (190.2061, 5.0363, -3.4337), (190.2061, 5.3532, -2.9152), (190.2061, 5.6169, -2.3677), (190.2061, 5.8247, -1.7967), (190.2061, 5.9746, -1.2078), (190.2061, 6.0652, -0.6069), (190.2061, 6.0955, 0.0000), (190.2061, 6.0652, 0.6069), (190.2061, 5.9746, 1.2078), (190.2061, 5.8247, 1.7967), (190.2061, 5.6169, 2.3677), (190.2061, 5.3532, 2.9152), (190.2061, 5.0363, 3.4337), (190.2061, 4.6694, 3.9181), (190.2061, 4.2561, 4.3636), (190.2061, 3.8005, 4.7656), (190.2061, 3.3071, 5.1204), (190.2061, 2.7808, 5.4242), (190.2061, 2.2269, 5.6741), (190.2061, 1.6509, 5.8677), (190.2061, 1.0585, 6.0029), (190.2061, 0.4555, 6.0784), (190.2061, -0.1520, 6.0936), (190.2061, -0.7579, 6.0482), (190.2061, -1.3564, 5.9427), (190.2061, -1.9413, 5.7781), (190.2061, -2.5070, 5.5561), (190.2061, -3.0477, 5.2789), (190.2061, -3.5582, 4.9492), (190.2061, -4.0333, 4.5703), (190.2061, -4.4683, 4.1460), (190.2061, -4.8589, 3.6805), (190.2061, -5.2012, 3.1784), (190.2061, -5.4918, 2.6447), (190.2061, -5.7279, 2.0848), (190.2061, -5.9070, 1.5041), (190.2061, -6.0274, 0.9085), (190.2061, -6.0879, 0.3038), (190.2061, -6.0879, -0.3038), (190.2061, -6.0274, -0.9085), (190.2061, -5.9070, -1.5041), (190.2061, -5.7279, -2.0848), (190.2061, -5.4918, -2.6447), (190.2061, -5.2012, -3.1784), (190.2061, -4.8589, -3.6805), (190.2061, -4.4683, -4.1460), (190.2061, -4.0333, -4.5703), (190.2061, -3.5582, -4.9492), (190.2061, -3.0477, -5.2789), (190.2061, -2.5070, -5.5561), (190.2061, -1.9413, -5.7781), (190.2061, -1.3564, -5.9427), (190.2061, -0.7579, -6.0482), (190.2061, -0.1520, -6.0936), (190.2061, 0.4555, -6.0784), (190.2061, 1.0585, -6.0029), (190.2061, 1.6509, -5.8677), (190.2061, 2.2269, -5.6741), (190.2061, 2.7808, -5.4242), (190.2061, 3.3071, -5.1204), (190.2061, 3.8005, -4.7656), (190.2061, 4.2561, -4.3636), (190.2061, 4.6694, -3.9181), (190.2061, 5.0363, -3.4337), (190.2061, 5.3532, -2.9152), (190.2061, 5.6169, -2.3677), (190.2061, 5.8247, -1.7967), (190.2061, 5.9746, -1.2078), (190.2061, 6.0652, -0.6069), (190.2061, 6.0955, 0.0000), (190.2730, 6.0545, 0.0000), (190.2730, 6.0545, 0.0000), (190.2730, 6.0244, 0.6028), (190.2730, 5.9345, 1.1997), (190.2730, 5.7855, 1.7846), (190.2730, 5.5791, 2.3518), (190.2730, 5.3172, 2.8956), (190.2730, 5.0025, 3.4106), (190.2730, 4.6380, 3.8918), (190.2730, 4.2275, 4.3342), (190.2730, 3.7749, 4.7336), (190.2730, 3.2848, 5.0859), (190.2730, 2.7621, 5.3877), (190.2730, 2.2120, 5.6360), (190.2730, 1.6398, 5.8282), (190.2730, 1.0514, 5.9625), (190.2730, 0.4525, 6.0376), (190.2730, -0.1509, 6.0526), (190.2730, -0.7528, 6.0075), (190.2730, -1.3473, 5.9027), (190.2730, -1.9283, 5.7392), (190.2730, -2.4901, 5.5187), (190.2730, -3.0272, 5.2433), (190.2730, -3.5343, 4.9159), (190.2730, -4.0062, 4.5395), (190.2730, -4.4383, 4.1181), (190.2730, -4.8262, 3.6557), (190.2730, -5.1662, 3.1570), (190.2730, -5.4549, 2.6269), (190.2730, -5.6894, 2.0708), (190.2730, -5.8673, 1.4940), (190.2730, -5.9869, 0.9024), (190.2730, -6.0470, 0.3018), (190.2730, -6.0470, -0.3018), (190.2730, -5.9869, -0.9024), (190.2730, -5.8673, -1.4940), (190.2730, -5.6894, -2.0708), (190.2730, -5.4549, -2.6269), (190.2730, -5.1662, -3.1570), (190.2730, -4.8262, -3.6557), (190.2730, -4.4383, -4.1181), (190.2730, -4.0062, -4.5395), (190.2730, -3.5343, -4.9159), (190.2730, -3.0272, -5.2433), (190.2730, -2.4901, -5.5187), (190.2730, -1.9283, -5.7392), (190.2730, -1.3473, -5.9027), (190.2730, -0.7528, -6.0075), (190.2730, -0.1509, -6.0526), (190.2730, 0.4525, -6.0376), (190.2730, 1.0514, -5.9625), (190.2730, 1.6398, -5.8282), (190.2730, 2.2120, -5.6360), (190.2730, 2.7621, -5.3877), (190.2730, 3.2848, -5.0859), (190.2730, 3.7749, -4.7336), (190.2730, 4.2275, -4.3342), (190.2730, 4.6380, -3.8918), (190.2730, 5.0025, -3.4106), (190.2730, 5.3172, -2.8956), (190.2730, 5.5791, -2.3518), (190.2730, 5.7855, -1.7846), (190.2730, 5.9345, -1.1997), (190.2730, 6.0244, -0.6028), (190.2730, 6.0545, 0.0000), (190.2730, 6.0244, 0.6028), (190.2730, 5.9345, 1.1997), (190.2730, 5.7855, 1.7846), (190.2730, 5.5791, 2.3518), (190.2730, 5.3172, 2.8956), (190.2730, 5.0025, 3.4106), (190.2730, 4.6380, 3.8918), (190.2730, 4.2275, 4.3342), (190.2730, 3.7749, 4.7336), (190.2730, 3.2848, 5.0859), (190.2730, 2.7621, 5.3877), (190.2730, 2.2120, 5.6360), (190.2730, 1.6398, 5.8282), (190.2730, 1.0514, 5.9625), (190.2730, 0.4525, 6.0376), (190.2730, -0.1509, 6.0526), (190.2730, -0.7528, 6.0075), (190.2730, -1.3473, 5.9027), (190.2730, -1.9283, 5.7392), (190.2730, -2.4901, 5.5187), (190.2730, -3.0272, 5.2433), (190.2730, -3.5343, 4.9159), (190.2730, -4.0062, 4.5395), (190.2730, -4.4383, 4.1181), (190.2730, -4.8262, 3.6557), (190.2730, -5.1662, 3.1570), (190.2730, -5.4549, 2.6269), (190.2730, -5.6894, 2.0708), (190.2730, -5.8673, 1.4940), (190.2730, -5.9869, 0.9024), (190.2730, -6.0470, 0.3018), (190.2730, -6.0470, -0.3018), (190.2730, -5.9869, -0.9024), (190.2730, -5.8673, -1.4940), (190.2730, -5.6894, -2.0708), (190.2730, -5.4549, -2.6269), (190.2730, -5.1662, -3.1570), (190.2730, -4.8262, -3.6557), (190.2730, -4.4383, -4.1181), (190.2730, -4.0062, -4.5395), (190.2730, -3.5343, -4.9159), (190.2730, -3.0272, -5.2433), (190.2730, -2.4901, -5.5187), (190.2730, -1.9283, -5.7392), (190.2730, -1.3473, -5.9027), (190.2730, -0.7528, -6.0075), (190.2730, -0.1509, -6.0526), (190.2730, 0.4525, -6.0376), (190.2730, 1.0514, -5.9625), (190.2730, 1.6398, -5.8282), (190.2730, 2.2120, -5.6360), (190.2730, 2.7621, -5.3877), (190.2730, 3.2848, -5.0859), (190.2730, 3.7749, -4.7336), (190.2730, 4.2275, -4.3342), (190.2730, 4.6380, -3.8918), (190.2730, 5.0025, -3.4106), (190.2730, 5.3172, -2.8956), (190.2730, 5.5791, -2.3518), (190.2730, 5.7855, -1.7846), (190.2730, 5.9345, -1.1997), (190.2730, 6.0244, -0.6028), (190.2730, 6.0545, 0.0000), (190.3455, 6.0245, 0.0000), (190.3455, 6.0245, 0.0000), (190.3455, 5.9945, 0.5998), (190.3455, 5.9050, 1.1937), (190.3455, 5.7568, 1.7757), (190.3455, 5.5514, 2.3401), (190.3455, 5.2908, 2.8812), (190.3455, 4.9777, 3.3937), (190.3455, 4.6150, 3.8725), (190.3455, 4.2065, 4.3127), (190.3455, 3.7562, 4.7101), (190.3455, 3.2686, 5.0607), (190.3455, 2.7484, 5.3610), (190.3455, 2.2010, 5.6080), (190.3455, 1.6317, 5.7993), (190.3455, 1.0461, 5.9329), (190.3455, 0.4502, 6.0076), (190.3455, -0.1502, 6.0226), (190.3455, -0.7491, 5.9777), (190.3455, -1.3406, 5.8734), (190.3455, -1.9187, 5.7108), (190.3455, -2.4778, 5.4913), (190.3455, -3.0122, 5.2173), (190.3455, -3.5167, 4.8915), (190.3455, -3.9863, 4.5170), (190.3455, -4.4163, 4.0977), (190.3455, -4.8023, 3.6376), (190.3455, -5.1406, 3.1414), (190.3455, -5.4279, 2.6139), (190.3455, -5.6612, 2.0605), (190.3455, -5.8382, 1.4866), (190.3455, -5.9572, 0.8979), (190.3455, -6.0170, 0.3003), (190.3455, -6.0170, -0.3003), (190.3455, -5.9572, -0.8979), (190.3455, -5.8382, -1.4866), (190.3455, -5.6612, -2.0605), (190.3455, -5.4279, -2.6139), (190.3455, -5.1406, -3.1414), (190.3455, -4.8023, -3.6376), (190.3455, -4.4163, -4.0977), (190.3455, -3.9863, -4.5170), (190.3455, -3.5167, -4.8915), (190.3455, -3.0122, -5.2173), (190.3455, -2.4778, -5.4913), (190.3455, -1.9187, -5.7108), (190.3455, -1.3406, -5.8734), (190.3455, -0.7491, -5.9777), (190.3455, -0.1502, -6.0226), (190.3455, 0.4502, -6.0076), (190.3455, 1.0461, -5.9329), (190.3455, 1.6317, -5.7993), (190.3455, 2.2010, -5.6080), (190.3455, 2.7484, -5.3610), (190.3455, 3.2686, -5.0607), (190.3455, 3.7562, -4.7101), (190.3455, 4.2065, -4.3127), (190.3455, 4.6150, -3.8725), (190.3455, 4.9777, -3.3937), (190.3455, 5.2908, -2.8812), (190.3455, 5.5514, -2.3401), (190.3455, 5.7568, -1.7757), (190.3455, 5.9050, -1.1937), (190.3455, 5.9945, -0.5998), (190.3455, 6.0245, 0.0000), (190.3455, 5.9945, 0.5998), (190.3455, 5.9050, 1.1937), (190.3455, 5.7568, 1.7757), (190.3455, 5.5514, 2.3401), (190.3455, 5.2908, 2.8812), (190.3455, 4.9777, 3.3937), (190.3455, 4.6150, 3.8725), (190.3455, 4.2065, 4.3127), (190.3455, 3.7562, 4.7101), (190.3455, 3.2686, 5.0607), (190.3455, 2.7484, 5.3610), (190.3455, 2.2010, 5.6080), (190.3455, 1.6317, 5.7993), (190.3455, 1.0461, 5.9329), (190.3455, 0.4502, 6.0076), (190.3455, -0.1502, 6.0226), (190.3455, -0.7491, 5.9777), (190.3455, -1.3406, 5.8734), (190.3455, -1.9187, 5.7108), (190.3455, -2.4778, 5.4913), (190.3455, -3.0122, 5.2173), (190.3455, -3.5167, 4.8915), (190.3455, -3.9863, 4.5170), (190.3455, -4.4163, 4.0977), (190.3455, -4.8023, 3.6376), (190.3455, -5.1406, 3.1414), (190.3455, -5.4279, 2.6139), (190.3455, -5.6612, 2.0605), (190.3455, -5.8382, 1.4866), (190.3455, -5.9572, 0.8979), (190.3455, -6.0170, 0.3003), (190.3455, -6.0170, -0.3003), (190.3455, -5.9572, -0.8979), (190.3455, -5.8382, -1.4866), (190.3455, -5.6612, -2.0605), (190.3455, -5.4279, -2.6139), (190.3455, -5.1406, -3.1414), (190.3455, -4.8023, -3.6376), (190.3455, -4.4163, -4.0977), (190.3455, -3.9863, -4.5170), (190.3455, -3.5167, -4.8915), (190.3455, -3.0122, -5.2173), (190.3455, -2.4778, -5.4913), (190.3455, -1.9187, -5.7108), (190.3455, -1.3406, -5.8734), (190.3455, -0.7491, -5.9777), (190.3455, -0.1502, -6.0226), (190.3455, 0.4502, -6.0076), (190.3455, 1.0461, -5.9329), (190.3455, 1.6317, -5.7993), (190.3455, 2.2010, -5.6080), (190.3455, 2.7484, -5.3610), (190.3455, 3.2686, -5.0607), (190.3455, 3.7562, -4.7101), (190.3455, 4.2065, -4.3127), (190.3455, 4.6150, -3.8725), (190.3455, 4.9777, -3.3937), (190.3455, 5.2908, -2.8812), (190.3455, 5.5514, -2.3401), (190.3455, 5.7568, -1.7757), (190.3455, 5.9050, -1.1937), (190.3455, 5.9945, -0.5998), (190.3455, 6.0245, 0.0000), (190.4218, 6.0062, 0.0000), (190.4218, 6.0062, 0.0000), (190.4218, 5.9763, 0.5980), (190.4218, 5.8871, 1.1901), (190.4218, 5.7393, 1.7703), (190.4218, 5.5345, 2.3330), (190.4218, 5.2747, 2.8725), (190.4218, 4.9625, 3.3834), (190.4218, 4.6010, 3.8607), (190.4218, 4.1937, 4.2996), (190.4218, 3.7448, 4.6958), (190.4218, 3.2586, 5.0453), (190.4218, 2.7401, 5.3447), (190.4218, 2.1943, 5.5910), (190.4218, 1.6267, 5.7817), (190.4218, 1.0430, 5.9149), (190.4218, 0.4488, 5.9894), (190.4218, -0.1497, 6.0043), (190.4218, -0.7468, 5.9595), (190.4218, -1.3365, 5.8556), (190.4218, -1.9129, 5.6934), (190.4218, -2.4703, 5.4746), (190.4218, -3.0031, 5.2015), (190.4218, -3.5061, 4.8766), (190.4218, -3.9742, 4.5033), (190.4218, -4.4028, 4.0852), (190.4218, -4.7877, 3.6265), (190.4218, -5.1250, 3.1318), (190.4218, -5.4114, 2.6060), (190.4218, -5.6439, 2.0542), (190.4218, -5.8204, 1.4821), (190.4218, -5.9391, 0.8952), (190.4218, -5.9987, 0.2994), (190.4218, -5.9987, -0.2994), (190.4218, -5.9391, -0.8952), (190.4218, -5.8204, -1.4821), (190.4218, -5.6439, -2.0542), (190.4218, -5.4114, -2.6060), (190.4218, -5.1250, -3.1318), (190.4218, -4.7877, -3.6265), (190.4218, -4.4028, -4.0852), (190.4218, -3.9742, -4.5033), (190.4218, -3.5061, -4.8766), (190.4218, -3.0031, -5.2015), (190.4218, -2.4703, -5.4746), (190.4218, -1.9129, -5.6934), (190.4218, -1.3365, -5.8556), (190.4218, -0.7468, -5.9595), (190.4218, -0.1497, -6.0043), (190.4218, 0.4488, -5.9894), (190.4218, 1.0430, -5.9149), (190.4218, 1.6267, -5.7817), (190.4218, 2.1943, -5.5910), (190.4218, 2.7401, -5.3447), (190.4218, 3.2586, -5.0453), (190.4218, 3.7448, -4.6958), (190.4218, 4.1937, -4.2996), (190.4218, 4.6010, -3.8607), (190.4218, 4.9625, -3.3834), (190.4218, 5.2747, -2.8725), (190.4218, 5.5345, -2.3330), (190.4218, 5.7393, -1.7703), (190.4218, 5.8871, -1.1901), (190.4218, 5.9763, -0.5980), (190.4218, 6.0062, 0.0000), (190.4218, 5.9763, 0.5980), (190.4218, 5.8871, 1.1901), (190.4218, 5.7393, 1.7703), (190.4218, 5.5345, 2.3330), (190.4218, 5.2747, 2.8725), (190.4218, 4.9625, 3.3834), (190.4218, 4.6010, 3.8607), (190.4218, 4.1937, 4.2996), (190.4218, 3.7448, 4.6958), (190.4218, 3.2586, 5.0453), (190.4218, 2.7401, 5.3447), (190.4218, 2.1943, 5.5910), (190.4218, 1.6267, 5.7817), (190.4218, 1.0430, 5.9149), (190.4218, 0.4488, 5.9894), (190.4218, -0.1497, 6.0043), (190.4218, -0.7468, 5.9595), (190.4218, -1.3365, 5.8556), (190.4218, -1.9129, 5.6934), (190.4218, -2.4703, 5.4746), (190.4218, -3.0031, 5.2015), (190.4218, -3.5061, 4.8766), (190.4218, -3.9742, 4.5033), (190.4218, -4.4028, 4.0852), (190.4218, -4.7877, 3.6265), (190.4218, -5.1250, 3.1318), (190.4218, -5.4114, 2.6060), (190.4218, -5.6439, 2.0542), (190.4218, -5.8204, 1.4821), (190.4218, -5.9391, 0.8952), (190.4218, -5.9987, 0.2994), (190.4218, -5.9987, -0.2994), (190.4218, -5.9391, -0.8952), (190.4218, -5.8204, -1.4821), (190.4218, -5.6439, -2.0542), (190.4218, -5.4114, -2.6060), (190.4218, -5.1250, -3.1318), (190.4218, -4.7877, -3.6265), (190.4218, -4.4028, -4.0852), (190.4218, -3.9742, -4.5033), (190.4218, -3.5061, -4.8766), (190.4218, -3.0031, -5.2015), (190.4218, -2.4703, -5.4746), (190.4218, -1.9129, -5.6934), (190.4218, -1.3365, -5.8556), (190.4218, -0.7468, -5.9595), (190.4218, -0.1497, -6.0043), (190.4218, 0.4488, -5.9894), (190.4218, 1.0430, -5.9149), (190.4218, 1.6267, -5.7817), (190.4218, 2.1943, -5.5910), (190.4218, 2.7401, -5.3447), (190.4218, 3.2586, -5.0453), (190.4218, 3.7448, -4.6958), (190.4218, 4.1937, -4.2996), (190.4218, 4.6010, -3.8607), (190.4218, 4.9625, -3.3834), (190.4218, 5.2747, -2.8725), (190.4218, 5.5345, -2.3330), (190.4218, 5.7393, -1.7703), (190.4218, 5.8871, -1.1901), (190.4218, 5.9763, -0.5980), (190.4218, 6.0062, 0.0000), (190.5000, 6.0000, 0.0000), (190.5000, 6.0000, 0.0000), (190.5000, 5.9702, 0.5974), (190.5000, 5.8810, 1.1889), (190.5000, 5.7334, 1.7685), (190.5000, 5.5289, 2.3306), (190.5000, 5.2693, 2.8695), (190.5000, 4.9574, 3.3799), (190.5000, 4.5963, 3.8567), (190.5000, 4.1894, 4.2952), (190.5000, 3.7409, 4.6910), (190.5000, 3.2553, 5.0402), (190.5000, 2.7373, 5.3392), (190.5000, 2.1920, 5.5852), (190.5000, 1.6250, 5.7757), (190.5000, 1.0419, 5.9088), (190.5000, 0.4484, 5.9832), (190.5000, -0.1496, 5.9981), (190.5000, -0.7461, 5.9534), (190.5000, -1.3351, 5.8496), (190.5000, -1.9109, 5.6876), (190.5000, -2.4677, 5.4690), (190.5000, -3.0000, 5.1962), (190.5000, -3.5025, 4.8716), (190.5000, -3.9701, 4.4987), (190.5000, -4.3983, 4.0810), (190.5000, -4.7828, 3.6228), (190.5000, -5.1197, 3.1286), (190.5000, -5.4058, 2.6033), (190.5000, -5.6382, 2.0521), (190.5000, -5.8145, 1.4805), (190.5000, -5.9330, 0.8943), (190.5000, -5.9925, 0.2991), (190.5000, -5.9925, -0.2991), (190.5000, -5.9330, -0.8943), (190.5000, -5.8145, -1.4805), (190.5000, -5.6382, -2.0521), (190.5000, -5.4058, -2.6033), (190.5000, -5.1197, -3.1286), (190.5000, -4.7828, -3.6228), (190.5000, -4.3983, -4.0810), (190.5000, -3.9701, -4.4987), (190.5000, -3.5025, -4.8716), (190.5000, -3.0000, -5.1962), (190.5000, -2.4677, -5.4690), (190.5000, -1.9109, -5.6876), (190.5000, -1.3351, -5.8496), (190.5000, -0.7461, -5.9534), (190.5000, -0.1496, -5.9981), (190.5000, 0.4484, -5.9832), (190.5000, 1.0419, -5.9088), (190.5000, 1.6250, -5.7757), (190.5000, 2.1920, -5.5852), (190.5000, 2.7373, -5.3392), (190.5000, 3.2553, -5.0402), (190.5000, 3.7409, -4.6910), (190.5000, 4.1894, -4.2952), (190.5000, 4.5963, -3.8567), (190.5000, 4.9574, -3.3799), (190.5000, 5.2693, -2.8695), (190.5000, 5.5289, -2.3306), (190.5000, 5.7334, -1.7685), (190.5000, 5.8810, -1.1889), (190.5000, 5.9702, -0.5974), (190.5000, 6.0000, 0.0000), (204.0000, 6.0000, 0.0000), (190.5000, 5.9702, 0.5974), (190.5000, 5.8810, 1.1889), (190.5000, 5.7334, 1.7685), (190.5000, 5.5289, 2.3306), (190.5000, 5.2693, 2.8695), (190.5000, 4.9574, 3.3799), (190.5000, 4.5963, 3.8567), (190.5000, 4.1894, 4.2952), (190.5000, 3.7409, 4.6910), (190.5000, 3.2553, 5.0402), (190.5000, 2.7373, 5.3392), (190.5000, 2.1920, 5.5852), (190.5000, 1.6250, 5.7757), (190.5000, 1.0419, 5.9088), (190.5000, 0.4484, 5.9832), (190.5000, -0.1496, 5.9981), (190.5000, -0.7461, 5.9534), (190.5000, -1.3351, 5.8496), (190.5000, -1.9109, 5.6876), (190.5000, -2.4677, 5.4690), (190.5000, -3.0000, 5.1962), (190.5000, -3.5025, 4.8716), (190.5000, -3.9701, 4.4987), (190.5000, -4.3983, 4.0810), (190.5000, -4.7828, 3.6228), (190.5000, -5.1197, 3.1286), (190.5000, -5.4058, 2.6033), (190.5000, -5.6382, 2.0521), (190.5000, -5.8145, 1.4805), (190.5000, -5.9330, 0.8943), (190.5000, -5.9925, 0.2991), (190.5000, -5.9925, -0.2991), (190.5000, -5.9330, -0.8943), (190.5000, -5.8145, -1.4805), (190.5000, -5.6382, -2.0521), (190.5000, -5.4058, -2.6033), (190.5000, -5.1197, -3.1286), (190.5000, -4.7828, -3.6228), (190.5000, -4.3983, -4.0810), (190.5000, -3.9701, -4.4987), (190.5000, -3.5025, -4.8716), (190.5000, -3.0000, -5.1962), (190.5000, -2.4677, -5.4690), (190.5000, -1.9109, -5.6876), (190.5000, -1.3351, -5.8496), (190.5000, -0.7461, -5.9534), (190.5000, -0.1496, -5.9981), (190.5000, 0.4484, -5.9832), (190.5000, 1.0419, -5.9088), (190.5000, 1.6250, -5.7757), (190.5000, 2.1920, -5.5852), (190.5000, 2.7373, -5.3392), (190.5000, 3.2553, -5.0402), (190.5000, 3.7409, -4.6910), (190.5000, 4.1894, -4.2952), (190.5000, 4.5963, -3.8567), (190.5000, 4.9574, -3.3799), (190.5000, 5.2693, -2.8695), (190.5000, 5.5289, -2.3306), (190.5000, 5.7334, -1.7685), (190.5000, 5.8810, -1.1889), (190.5000, 5.9702, -0.5974), (190.5000, 6.0000, 0.0000), (204.0000, 6.0000, 0.0000), (204.0000, -3.9686, 4.5000), (204.0000, -4.3970, 4.0825), (204.0000, -4.7817, 3.6243), (204.0000, -5.1188, 3.1302), (204.0000, -5.4050, 2.6049), (204.0000, -5.6376, 2.0538), (204.0000, -5.8140, 1.4822), (204.0000, -5.9327, 0.8959), (204.0000, -5.9925, 0.3007), (204.0000, -5.9926, -0.2975), (204.0000, -5.9332, -0.8928), (204.0000, -5.8148, -1.4792), (204.0000, -5.6386, -2.0508), (204.0000, -5.4064, -2.6021), (204.0000, -5.1204, -3.1275), (204.0000, -4.7835, -3.6218), (204.0000, -4.3991, -4.0802), (204.0000, -3.9710, -4.4979), (204.0000, -3.5033, -4.8710), (204.0000, -3.0009, -5.1956), (204.0000, -2.4686, -5.4686), (204.0000, -1.9118, -5.6873), (204.0000, -1.3360, -5.8494), (204.0000, -0.7469, -5.9533), (204.0000, -0.1504, -5.9981), (204.0000, 0.4476, -5.9833), (204.0000, 1.0412, -5.9090), (204.0000, 1.6244, -5.7759), (204.0000, 2.1915, -5.5855), (204.0000, 2.7368, -5.3395), (204.0000, 3.2549, -5.0404), (204.0000, 3.7406, -4.6913), (204.0000, 4.1891, -4.2955), (204.0000, 4.5960, -3.8570), (204.0000, 4.9573, -3.3802), (204.0000, 5.2692, -2.8697), (204.0000, 5.5288, -2.3308), (204.0000, 5.7334, -1.7687), (204.0000, 5.8810, -1.1890), (204.0000, 5.9702, -0.5975), (192.0000, -3.9686, 4.5000), (192.0000, 3.9686, 4.5000), (192.0000, 3.5172, 4.8610), (192.0000, 3.0332, 5.1768), (192.0000, 2.5211, 5.4447), (192.0000, 1.9855, 5.6620), (192.0000, 1.4315, 5.8267), (192.0000, 0.8643, 5.9374), (192.0000, 0.2890, 5.9930), (192.0000, -0.2890, 5.9930), (192.0000, -0.8643, 5.9374), (192.0000, -1.4315, 5.8267), (192.0000, -1.9855, 5.6620), (192.0000, -2.5211, 5.4447), (192.0000, -3.0332, 5.1768), (192.0000, -3.5172, 4.8610), (204.0000, 3.9686, 4.5000), (204.0000, 5.9734, 0.5645), (204.0000, 5.8938, 1.1241), (204.0000, 5.7619, 1.6736), (204.0000, 5.5788, 2.2083), (204.0000, 5.3463, 2.7234), (204.0000, 5.0663, 3.2144), (204.0000, 4.7414, 3.6768), (204.0000, 4.3744, 4.1066), (204.0000, 6.0000, 0.0000), (204.5000, 5.5000, 0.0000), (205.0000, 5.0000, 0.0000), (204.0000, 5.9734, 0.5645), (204.0000, 5.8938, 1.1241), (204.0000, 5.7619, 1.6736), (204.0000, 5.5788, 2.2083), (204.0000, 5.3463, 2.7234), (204.0000, 5.0663, 3.2144), (204.0000, 4.7414, 3.6768), (204.0000, 4.3744, 4.1066), (204.0000, 3.9686, 4.5000), (204.0000, 3.5172, 4.8610), (204.0000, 3.0332, 5.1768), (204.0000, 2.5211, 5.4447), (204.0000, 1.9855, 5.6620), (204.0000, 1.4315, 5.8267), (204.0000, 0.8643, 5.9374), (204.0000, 0.2890, 5.9930), (204.0000, -0.2890, 5.9930), (204.0000, -0.8643, 5.9374), (204.0000, -1.4315, 5.8267), (204.0000, -1.9855, 5.6620), (204.0000, -2.5211, 5.4447), (204.0000, -3.0332, 5.1768), (204.0000, -3.5172, 4.8610), (204.0000, -3.9686, 4.5000), (204.0000, -4.3970, 4.0825), (204.0000, -4.7817, 3.6243), (204.0000, -5.1188, 3.1302), (204.0000, -5.4050, 2.6049), (204.0000, -5.6376, 2.0538), (204.0000, -5.8140, 1.4822), (204.0000, -5.9327, 0.8959), (204.0000, -5.9925, 0.3007), (204.0000, -5.9926, -0.2975), (204.0000, -5.9332, -0.8928), (204.0000, -5.8148, -1.4792), (204.0000, -5.6386, -2.0508), (204.0000, -5.4064, -2.6021), (204.0000, -5.1204, -3.1275), (204.0000, -4.7835, -3.6218), (204.0000, -4.3991, -4.0802), (204.0000, -3.9710, -4.4979), (204.0000, -3.5033, -4.8710), (204.0000, -3.0009, -5.1956), (204.0000, -2.4686, -5.4686), (204.0000, -1.9118, -5.6873), (204.0000, -1.3360, -5.8494), (204.0000, -0.7469, -5.9533), (204.0000, -0.1504, -5.9981), (204.0000, 0.4476, -5.9833), (204.0000, 1.0412, -5.9090), (204.0000, 1.6244, -5.7759), (204.0000, 2.1915, -5.5855), (204.0000, 2.7368, -5.3395), (204.0000, 3.2549, -5.0404), (204.0000, 3.7406, -4.6913), (204.0000, 4.1891, -4.2955), (204.0000, 4.5960, -3.8570), (204.0000, 4.9573, -3.3802), (204.0000, 5.2692, -2.8697), (204.0000, 5.5288, -2.3308), (204.0000, 5.7334, -1.7687), (204.0000, 5.8810, -1.1890), (204.0000, 5.9702, -0.5975), (204.0000, 6.0000, 0.0000), (204.5000, 5.5000, 0.0000), (205.0000, 5.0000, 0.0000), (205.0000, 4.9752, 0.4978), (205.0000, 4.9009, 0.9907), (205.0000, 4.7779, 1.4738), (205.0000, 4.6074, 1.9422), (205.0000, 4.3911, 2.3913), (205.0000, 4.1312, 2.8166), (205.0000, 3.8302, 3.2139), (205.0000, 3.4912, 3.5793), (205.0000, 3.1174, 3.9092), (205.0000, 2.7127, 4.2001), (205.0000, 2.2811, 4.4494), (205.0000, 1.8267, 4.6544), (205.0000, 1.3542, 4.8131), (205.0000, 0.8682, 4.9240), (205.0000, 0.3737, 4.9860), (205.0000, -0.1247, 4.9984), (205.0000, -0.6217, 4.9612), (205.0000, -1.1126, 4.8746), (205.0000, -1.5924, 4.7396), (205.0000, -2.0564, 4.5575), (205.0000, -2.5000, 4.3301), (205.0000, -2.9187, 4.0597), (205.0000, -3.3084, 3.7489), (205.0000, -3.6653, 3.4009), (205.0000, -3.9857, 3.0190), (205.0000, -4.2665, 2.6072), (205.0000, -4.5048, 2.1694), (205.0000, -4.6985, 1.7101), (205.0000, -4.8454, 1.2338), (205.0000, -4.9442, 0.7452), (205.0000, -4.9938, 0.2492), (205.0000, -4.9938, -0.2492), (205.0000, -4.9442, -0.7452), (205.0000, -4.8454, -1.2338), (205.0000, -4.6985, -1.7101), (205.0000, -4.5048, -2.1694), (205.0000, -4.2665, -2.6072), (205.0000, -3.9857, -3.0190), (205.0000, -3.6653, -3.4009), (205.0000, -3.3084, -3.7489), (205.0000, -2.9187, -4.0597), (205.0000, -2.5000, -4.3301), (205.0000, -2.0564, -4.5575), (205.0000, -1.5924, -4.7396), (205.0000, -1.1126, -4.8746), (205.0000, -0.6217, -4.9612), (205.0000, -0.1247, -4.9984), (205.0000, 0.3737, -4.9860), (205.0000, 0.8682, -4.9240), (205.0000, 1.3542, -4.8131), (205.0000, 1.8267, -4.6544), (205.0000, 2.2811, -4.4494), (205.0000, 2.7127, -4.2001), (205.0000, 3.1174, -3.9092), (205.0000, 3.4912, -3.5793), (205.0000, 3.8302, -3.2139), (205.0000, 4.1312, -2.8166), (205.0000, 4.3911, -2.3913), (205.0000, 4.6074, -1.9422), (205.0000, 4.7779, -1.4738), (205.0000, 4.9009, -0.9907), (205.0000, 4.9752, -0.4978), (204.5000, 5.3943, 1.0730), (204.5000, 5.0813, 2.1048), (204.5000, 4.5731, 3.0556), (204.5000, 3.8891, 3.8891), (204.5000, 3.0556, 4.5731), (204.5000, 2.1048, 5.0813), (204.5000, 1.0730, 5.3943), (204.5000, 0.0000, 5.5000), (204.5000, -1.0730, 5.3943), (204.5000, -2.1048, 5.0813), (204.5000, -3.0556, 4.5731), (204.5000, -3.8891, 3.8891), (204.5000, -4.5731, 3.0556), (204.5000, -5.0813, 2.1048), (204.5000, -5.3943, 1.0730), (204.5000, -5.5000, -0.0000), (204.5000, -5.3943, -1.0730), (204.5000, -5.0813, -2.1048), (204.5000, -4.5731, -3.0556), (204.5000, -3.8891, -3.8891), (204.5000, -3.0556, -4.5731), (204.5000, -2.1048, -5.0813), (204.5000, -1.0730, -5.3943), (204.5000, 0.0000, -5.5000), (204.5000, 1.0730, -5.3943), (204.5000, 2.1048, -5.0813), (204.5000, 3.0556, -4.5731), (204.5000, 3.8891, -3.8891), (204.5000, 4.5731, -3.0556), (204.5000, 5.0813, -2.1048), (204.5000, 5.3943, -1.0730), (192.0000, -3.9686, 4.5000), (192.0000, 3.9686, 4.5000), (204.0000, -3.9686, 4.5000), (204.0000, 3.9686, 4.5000), (192.0000, 3.9686, 4.5000), (192.0000, 3.5172, 4.8610), (192.0000, 3.0332, 5.1768), (192.0000, 2.5211, 5.4447), (192.0000, 1.9855, 5.6620), (192.0000, 1.4315, 5.8267), (192.0000, 0.8643, 5.9374), (192.0000, 0.2890, 5.9930), (192.0000, -0.2890, 5.9930), (192.0000, -0.8643, 5.9374), (192.0000, -1.4315, 5.8267), (192.0000, -1.9855, 5.6620), (192.0000, -2.5211, 5.4447), (192.0000, -3.0332, 5.1768), (192.0000, -3.5172, 4.8610), (192.0000, -3.9686, 4.5000), (205.0000, 5.0000, 0.0000), (205.0000, 4.9752, 0.4978), (205.0000, 4.9009, 0.9907), (205.0000, 4.7779, 1.4738), (205.0000, 4.6074, 1.9422), (205.0000, 4.3911, 2.3913), (205.0000, 4.1312, 2.8166), (205.0000, 3.8302, 3.2139), (205.0000, 3.4912, 3.5793), (205.0000, 3.1174, 3.9092), (205.0000, 2.7127, 4.2001), (205.0000, 2.2811, 4.4494), (205.0000, 1.8267, 4.6544), (205.0000, 1.3542, 4.8131), (205.0000, 0.8682, 4.9240), (205.0000, 0.3737, 4.9860), (205.0000, -0.1247, 4.9984), (205.0000, -0.6217, 4.9612), (205.0000, -1.1126, 4.8746), (205.0000, -1.5924, 4.7396), (205.0000, -2.0564, 4.5575), (205.0000, -2.5000, 4.3301), (205.0000, -2.9187, 4.0597), (205.0000, -3.3084, 3.7489), (205.0000, -3.6653, 3.4009), (205.0000, -3.9857, 3.0190), (205.0000, -4.2665, 2.6072), (205.0000, -4.5048, 2.1694), (205.0000, -4.6985, 1.7101), (205.0000, -4.8454, 1.2338), (205.0000, -4.9442, 0.7452), (205.0000, -4.9938, 0.2492), (205.0000, -4.9938, -0.2492), (205.0000, -4.9442, -0.7452), (205.0000, -4.8454, -1.2338), (205.0000, -4.6985, -1.7101), (205.0000, -4.5048, -2.1694), (205.0000, -4.2665, -2.6072), (205.0000, -3.9857, -3.0190), (205.0000, -3.6653, -3.4009), (205.0000, -3.3084, -3.7489), (205.0000, -2.9187, -4.0597), (205.0000, -2.5000, -4.3301), (205.0000, -2.0564, -4.5575), (205.0000, -1.5924, -4.7396), (205.0000, -1.1126, -4.8746), (205.0000, -0.6217, -4.9612), (205.0000, -0.1247, -4.9984), (205.0000, 0.3737, -4.9860), (205.0000, 0.8682, -4.9240), (205.0000, 1.3542, -4.8131), (205.0000, 1.8267, -4.6544), (205.0000, 2.2811, -4.4494), (205.0000, 2.7127, -4.2001), (205.0000, 3.1174, -3.9092), (205.0000, 3.4912, -3.5793), (205.0000, 3.8302, -3.2139), (205.0000, 4.1312, -2.8166), (205.0000, 4.3911, -2.3913), (205.0000, 4.6074, -1.9422), (205.0000, 4.7779, -1.4738), (205.0000, 4.9009, -0.9907), (205.0000, 4.9752, -0.4978), (205.0000, 2.1250, 0.0000), (205.0000, 2.1144, 0.2116), (205.0000, 2.0829, 0.4211), (205.0000, 2.0306, 0.6264), (205.0000, 1.9581, 0.8254), (205.0000, 1.8662, 1.0163), (205.0000, 1.7558, 1.1971), (205.0000, 1.6278, 1.3659), (205.0000, 1.4838, 1.5212), (205.0000, 1.3249, 1.6614), (205.0000, 1.1529, 1.7851), (205.0000, 0.9694, 1.8910), (205.0000, 0.7763, 1.9781), (205.0000, 0.5755, 2.0456), (205.0000, 0.3690, 2.0927), (205.0000, 0.1588, 2.1191), (205.0000, -0.0530, 2.1243), (205.0000, -0.2642, 2.1085), (205.0000, -0.4729, 2.0717), (205.0000, -0.6768, 2.0143), (205.0000, -0.8740, 1.9369), (205.0000, -1.0625, 1.8403), (205.0000, -1.2405, 1.7254), (205.0000, -1.4061, 1.5933), (205.0000, -1.5577, 1.4454), (205.0000, -1.6939, 1.2831), (205.0000, -1.8132, 1.1080), (205.0000, -1.9146, 0.9220), (205.0000, -1.9968, 0.7268), (205.0000, -2.0593, 0.5244), (205.0000, -2.1013, 0.3167), (205.0000, -2.1224, 0.1059), (205.0000, -2.1224, -0.1059), (205.0000, -2.1013, -0.3167), (205.0000, -2.0593, -0.5244), (205.0000, -1.9968, -0.7268), (205.0000, -1.9146, -0.9220), (205.0000, -1.8132, -1.1080), (205.0000, -1.6939, -1.2831), (205.0000, -1.5577, -1.4454), (205.0000, -1.4061, -1.5933), (205.0000, -1.2405, -1.7254), (205.0000, -1.0625, -1.8403), (205.0000, -0.8740, -1.9369), (205.0000, -0.6768, -2.0143), (205.0000, -0.4729, -2.0717), (205.0000, -0.2642, -2.1085), (205.0000, -0.0530, -2.1243), (205.0000, 0.1588, -2.1191), (205.0000, 0.3690, -2.0927), (205.0000, 0.5755, -2.0456), (205.0000, 0.7763, -1.9781), (205.0000, 0.9694, -1.8910), (205.0000, 1.1529, -1.7851), (205.0000, 1.3249, -1.6614), (205.0000, 1.4838, -1.5212), (205.0000, 1.6278, -1.3659), (205.0000, 1.7558, -1.1971), (205.0000, 1.8662, -1.0163), (205.0000, 1.9581, -0.8254), (205.0000, 2.0306, -0.6264), (205.0000, 2.0829, -0.4211), (205.0000, 2.1144, -0.2116), (204.0000, 3.9686, 4.5000), (204.0000, 3.5172, 4.8610), (204.0000, 3.0332, 5.1768), (204.0000, 2.5211, 5.4447), (204.0000, 1.9855, 5.6620), (204.0000, 1.4315, 5.8267), (204.0000, 0.8643, 5.9374), (204.0000, 0.2890, 5.9930), (204.0000, -0.2890, 5.9930), (204.0000, -0.8643, 5.9374), (204.0000, -1.4315, 5.8267), (204.0000, -1.9855, 5.6620), (204.0000, -2.5211, 5.4447), (204.0000, -3.0332, 5.1768), (204.0000, -3.5172, 4.8610), (204.0000, -3.9686, 4.5000), (205.0000, 2.1250, 0.0000), (205.0000, 2.1144, 0.2116), (205.0000, 2.0829, 0.4211), (205.0000, 2.0306, 0.6264), (205.0000, 1.9581, 0.8254), (205.0000, 1.8662, 1.0163), (205.0000, 1.7558, 1.1971), (205.0000, 1.6278, 1.3659), (205.0000, 1.4838, 1.5212), (205.0000, 1.3249, 1.6614), (205.0000, 1.1529, 1.7851), (205.0000, 0.9694, 1.8910), (205.0000, 0.7763, 1.9781), (205.0000, 0.5755, 2.0456), (205.0000, 0.3690, 2.0927), (205.0000, 0.1588, 2.1191), (205.0000, -0.0530, 2.1243), (205.0000, -0.2642, 2.1085), (205.0000, -0.4729, 2.0717), (205.0000, -0.6768, 2.0143), (205.0000, -0.8740, 1.9369), (205.0000, -1.0625, 1.8403), (205.0000, -1.2405, 1.7254), (205.0000, -1.4061, 1.5933), (205.0000, -1.5577, 1.4454), (205.0000, -1.6939, 1.2831), (205.0000, -1.8132, 1.1080), (205.0000, -1.9146, 0.9220), (205.0000, -1.9968, 0.7268), (205.0000, -2.0593, 0.5244), (205.0000, -2.1013, 0.3167), (205.0000, -2.1224, 0.1059), (205.0000, -2.1224, -0.1059), (205.0000, -2.1013, -0.3167), (205.0000, -2.0593, -0.5244), (205.0000, -1.9968, -0.7268), (205.0000, -1.9146, -0.9220), (205.0000, -1.8132, -1.1080), (205.0000, -1.6939, -1.2831), (205.0000, -1.5577, -1.4454), (205.0000, -1.4061, -1.5933), (205.0000, -1.2405, -1.7254), (205.0000, -1.0625, -1.8403), (205.0000, -0.8740, -1.9369), (205.0000, -0.6768, -2.0143), (205.0000, -0.4729, -2.0717), (205.0000, -0.2642, -2.1085), (205.0000, -0.0530, -2.1243), (205.0000, 0.1588, -2.1191), (205.0000, 0.3690, -2.0927), (205.0000, 0.5755, -2.0456), (205.0000, 0.7763, -1.9781), (205.0000, 0.9694, -1.8910), (205.0000, 1.1529, -1.7851), (205.0000, 1.3249, -1.6614), (205.0000, 1.4838, -1.5212), (205.0000, 1.6278, -1.3659), (205.0000, 1.7558, -1.1971), (205.0000, 1.8662, -1.0163), (205.0000, 1.9581, -0.8254), (205.0000, 2.0306, -0.6264), (205.0000, 2.0829, -0.4211), (205.0000, 2.1144, -0.2116), (205.0000, 2.1250, 0.0000), (204.5127, 1.8438, 0.0000), (204.0255, 1.5625, 0.0000), (203.5383, 1.2812, 0.0000), (203.0510, 1.0000, 0.0000), (203.0510, 1.0000, 0.0000), (203.0510, 0.9950, 0.0996), (203.0510, 0.9802, 0.1981), (203.0510, 0.9556, 0.2948), (203.0510, 0.9215, 0.3884), (203.0510, 0.8782, 0.4783), (203.0510, 0.8262, 0.5633), (203.0510, 0.7660, 0.6428), (203.0510, 0.6982, 0.7159), (203.0510, 0.6235, 0.7818), (203.0510, 0.5425, 0.8400), (203.0510, 0.4562, 0.8899), (203.0510, 0.3653, 0.9309), (203.0510, 0.2708, 0.9626), (203.0510, 0.1736, 0.9848), (203.0510, 0.0747, 0.9972), (203.0510, -0.0249, 0.9997), (203.0510, -0.1243, 0.9922), (203.0510, -0.2225, 0.9749), (203.0510, -0.3185, 0.9479), (203.0510, -0.4113, 0.9115), (203.0510, -0.5000, 0.8660), (203.0510, -0.5837, 0.8119), (203.0510, -0.6617, 0.7498), (203.0510, -0.7331, 0.6802), (203.0510, -0.7971, 0.6038), (203.0510, -0.8533, 0.5214), (203.0510, -0.9010, 0.4339), (203.0510, -0.9397, 0.3420), (203.0510, -0.9691, 0.2468), (203.0510, -0.9888, 0.1490), (203.0510, -0.9988, 0.0498), (203.0510, -0.9988, -0.0498), (203.0510, -0.9888, -0.1490), (203.0510, -0.9691, -0.2468), (203.0510, -0.9397, -0.3420), (203.0510, -0.9010, -0.4339), (203.0510, -0.8533, -0.5214), (203.0510, -0.7971, -0.6038), (203.0510, -0.7331, -0.6802), (203.0510, -0.6617, -0.7498), (203.0510, -0.5837, -0.8119), (203.0510, -0.5000, -0.8660), (203.0510, -0.4113, -0.9115), (203.0510, -0.3185, -0.9479), (203.0510, -0.2225, -0.9749), (203.0510, -0.1243, -0.9922), (203.0510, -0.0249, -0.9997), (203.0510, 0.0747, -0.9972), (203.0510, 0.1736, -0.9848), (203.0510, 0.2708, -0.9626), (203.0510, 0.3653, -0.9309), (203.0510, 0.4562, -0.8899), (203.0510, 0.5425, -0.8400), (203.0510, 0.6235, -0.7818), (203.0510, 0.6982, -0.7159), (203.0510, 0.7660, -0.6428), (203.0510, 0.8262, -0.5633), (203.0510, 0.8782, -0.4783), (203.0510, 0.9215, -0.3884), (203.0510, 0.9556, -0.2948), (203.0510, 0.9802, -0.1981), (203.0510, 0.9950, -0.0996), (204.5127, 1.8438, 0.0000), (204.0255, 1.5625, 0.0000), (203.5383, 1.2812, 0.0000), (204.5128, 1.8083, 0.3597), (204.5128, 1.7034, 0.7056), (204.0255, 1.5325, 0.3048), (204.5128, 1.5330, 1.0243), (204.0255, 1.4436, 0.5979), (204.5128, 1.3037, 1.3037), (203.5383, 1.2566, 0.2500), (204.0255, 1.2992, 0.8681), (204.5128, 1.0243, 1.5330), (203.5383, 1.1837, 0.4903), (204.0255, 1.1049, 1.1049), (204.5128, 0.7056, 1.7034), (203.5383, 1.0653, 0.7118), (204.0255, 0.8681, 1.2992), (204.5128, 0.3597, 1.8083), (203.5383, 0.9060, 0.9060), (204.0255, 0.5979, 1.4436), (204.5128, 0.0000, 1.8438), (203.5383, 0.7118, 1.0653), (204.0255, 0.3048, 1.5325), (204.5128, -0.3597, 1.8083), (203.5383, 0.4903, 1.1837), (204.0255, 0.0000, 1.5625), (204.5128, -0.7056, 1.7034), (203.5383, 0.2500, 1.2566), (204.0255, -0.3048, 1.5325), (204.5128, -1.0243, 1.5330), (203.5383, 0.0000, 1.2812), (204.0255, -0.5979, 1.4436), (204.5128, -1.3037, 1.3037), (203.5383, -0.2500, 1.2566), (204.0255, -0.8681, 1.2992), (204.5128, -1.5330, 1.0243), (203.5383, -0.4903, 1.1837), (204.0255, -1.1049, 1.1049), (204.5128, -1.7034, 0.7056), (203.5383, -0.7118, 1.0653), (204.0255, -1.2992, 0.8681), (204.5128, -1.8083, 0.3597), (203.5383, -0.9060, 0.9060), (204.0255, -1.4436, 0.5979), (204.5128, -1.8438, -0.0000), (203.5383, -1.0653, 0.7118), (204.0255, -1.5325, 0.3048), (204.5128, -1.8083, -0.3597), (203.5383, -1.1837, 0.4903), (204.0255, -1.5625, -0.0000), (204.5128, -1.7034, -0.7056), (203.5383, -1.2566, 0.2500), (204.0255, -1.5325, -0.3048), (204.5128, -1.5330, -1.0243), (203.5383, -1.2812, -0.0000), (204.0255, -1.4436, -0.5979), (204.5128, -1.3037, -1.3037), (203.5383, -1.2566, -0.2500), (204.0255, -1.2992, -0.8681), (204.5128, -1.0243, -1.5330), (203.5383, -1.1837, -0.4903), (204.0255, -1.1049, -1.1049), (204.5128, -0.7056, -1.7034), (203.5383, -1.0653, -0.7118), (204.0255, -0.8681, -1.2992), (204.5128, -0.3597, -1.8083), (203.5383, -0.9060, -0.9060), (204.0255, -0.5979, -1.4436), (204.5128, 0.0000, -1.8438), (203.5383, -0.7118, -1.0653), (204.0255, -0.3048, -1.5325), (204.5128, 0.3597, -1.8083), (203.5383, -0.4903, -1.1837), (204.0255, 0.0000, -1.5625), (204.5128, 0.7056, -1.7034), (203.5383, -0.2500, -1.2566), (204.0255, 0.3048, -1.5325), (204.5128, 1.0243, -1.5330), (203.5383, 0.0000, -1.2812), (204.0255, 0.5979, -1.4436), (204.5128, 1.3037, -1.3037), (203.5383, 0.2500, -1.2566), (204.0255, 0.8681, -1.2992), (204.5128, 1.5330, -1.0243), (203.5383, 0.4903, -1.1837), (204.0255, 1.1049, -1.1049), (204.5128, 1.7034, -0.7056), (203.5383, 0.7118, -1.0653), (204.0255, 1.2992, -0.8681), (204.5128, 1.8083, -0.3597), (203.5383, 0.9060, -0.9060), (204.0255, 1.4436, -0.5979), (203.5383, 1.0653, -0.7118), (204.0255, 1.5325, -0.3048), (203.5383, 1.1837, -0.4903), (203.5383, 1.2566, -0.2500), (203.0510, 1.0000, 0.0000), (203.0510, 0.9950, 0.0996), (203.0510, 0.9802, 0.1981), (203.0510, 0.9556, 0.2948), (203.0510, 0.9215, 0.3884), (203.0510, 0.8782, 0.4783), (203.0510, 0.8262, 0.5633), (203.0510, 0.7660, 0.6428), (203.0510, 0.6982, 0.7159), (203.0510, 0.6235, 0.7818), (203.0510, 0.5425, 0.8400), (203.0510, 0.4562, 0.8899), (203.0510, 0.3653, 0.9309), (203.0510, 0.2708, 0.9626), (203.0510, 0.1736, 0.9848), (203.0510, 0.0747, 0.9972), (203.0510, -0.0249, 0.9997), (203.0510, -0.1243, 0.9922), (203.0510, -0.2225, 0.9749), (203.0510, -0.3185, 0.9479), (203.0510, -0.4113, 0.9115), (203.0510, -0.5000, 0.8660), (203.0510, -0.5837, 0.8119), (203.0510, -0.6617, 0.7498), (203.0510, -0.7331, 0.6802), (203.0510, -0.7971, 0.6038), (203.0510, -0.8533, 0.5214), (203.0510, -0.9010, 0.4339), (203.0510, -0.9397, 0.3420), (203.0510, -0.9691, 0.2468), (203.0510, -0.9888, 0.1490), (203.0510, -0.9988, 0.0498), (203.0510, -0.9988, -0.0498), (203.0510, -0.9888, -0.1490), (203.0510, -0.9691, -0.2468), (203.0510, -0.9397, -0.3420), (203.0510, -0.9010, -0.4339), (203.0510, -0.8533, -0.5214), (203.0510, -0.7971, -0.6038), (203.0510, -0.7331, -0.6802), (203.0510, -0.6617, -0.7498), (203.0510, -0.5837, -0.8119), (203.0510, -0.5000, -0.8660), (203.0510, -0.4113, -0.9115), (203.0510, -0.3185, -0.9479), (203.0510, -0.2225, -0.9749), (203.0510, -0.1243, -0.9922), (203.0510, -0.0249, -0.9997), (203.0510, 0.0747, -0.9972), (203.0510, 0.1736, -0.9848), (203.0510, 0.2708, -0.9626), (203.0510, 0.3653, -0.9309), (203.0510, 0.4562, -0.8899), (203.0510, 0.5425, -0.8400), (203.0510, 0.6235, -0.7818), (203.0510, 0.6982, -0.7159), (203.0510, 0.7660, -0.6428), (203.0510, 0.8262, -0.5633), (203.0510, 0.8782, -0.4783), (203.0510, 0.9215, -0.3884), (203.0510, 0.9556, -0.2948), (203.0510, 0.9802, -0.1981), (203.0510, 0.9950, -0.0996), (203.0510, 1.0000, 0.0000), (199.0510, 1.0000, 0.0000), (199.0510, 1.0000, 0.0000), (199.0510, 0.9950, 0.0996), (199.0510, 0.9802, 0.1981), (199.0510, 0.9556, 0.2948), (199.0510, 0.9215, 0.3884), (199.0510, 0.8782, 0.4783), (199.0510, 0.8262, 0.5633), (199.0510, 0.7660, 0.6428), (199.0510, 0.6982, 0.7159), (199.0510, 0.6235, 0.7818), (199.0510, 0.5425, 0.8400), (199.0510, 0.4562, 0.8899), (199.0510, 0.3653, 0.9309), (199.0510, 0.2708, 0.9626), (199.0510, 0.1736, 0.9848), (199.0510, 0.0747, 0.9972), (199.0510, -0.0249, 0.9997), (199.0510, -0.1243, 0.9922), (199.0510, -0.2225, 0.9749), (199.0510, -0.3185, 0.9479), (199.0510, -0.4113, 0.9115), (199.0510, -0.5000, 0.8660), (199.0510, -0.5837, 0.8119), (199.0510, -0.6617, 0.7498), (199.0510, -0.7331, 0.6802), (199.0510, -0.7971, 0.6038), (199.0510, -0.8533, 0.5214), (199.0510, -0.9010, 0.4339), (199.0510, -0.9397, 0.3420), (199.0510, -0.9691, 0.2468), (199.0510, -0.9888, 0.1490), (199.0510, -0.9988, 0.0498), (199.0510, -0.9988, -0.0498), (199.0510, -0.9888, -0.1490), (199.0510, -0.9691, -0.2468), (199.0510, -0.9397, -0.3420), (199.0510, -0.9010, -0.4339), (199.0510, -0.8533, -0.5214), (199.0510, -0.7971, -0.6038), (199.0510, -0.7331, -0.6802), (199.0510, -0.6617, -0.7498), (199.0510, -0.5837, -0.8119), (199.0510, -0.5000, -0.8660), (199.0510, -0.4113, -0.9115), (199.0510, -0.3185, -0.9479), (199.0510, -0.2225, -0.9749), (199.0510, -0.1243, -0.9922), (199.0510, -0.0249, -0.9997), (199.0510, 0.0747, -0.9972), (199.0510, 0.1736, -0.9848), (199.0510, 0.2708, -0.9626), (199.0510, 0.3653, -0.9309), (199.0510, 0.4562, -0.8899), (199.0510, 0.5425, -0.8400), (199.0510, 0.6235, -0.7818), (199.0510, 0.6982, -0.7159), (199.0510, 0.7660, -0.6428), (199.0510, 0.8262, -0.5633), (199.0510, 0.8782, -0.4783), (199.0510, 0.9215, -0.3884), (199.0510, 0.9556, -0.2948), (199.0510, 0.9802, -0.1981), (199.0510, 0.9950, -0.0996), (199.0510, 1.0000, 0.0000), (199.0510, 0.9950, 0.0996), (199.0510, 0.9802, 0.1981), (199.0510, 0.9556, 0.2948), (199.0510, 0.9215, 0.3884), (199.0510, 0.8782, 0.4783), (199.0510, 0.8262, 0.5633), (199.0510, 0.7660, 0.6428), (199.0510, 0.6982, 0.7159), (199.0510, 0.6235, 0.7818), (199.0510, 0.5425, 0.8400), (199.0510, 0.4562, 0.8899), (199.0510, 0.3653, 0.9309), (199.0510, 0.2708, 0.9626), (199.0510, 0.1736, 0.9848), (199.0510, 0.0747, 0.9972), (199.0510, -0.0249, 0.9997), (199.0510, -0.1243, 0.9922), (199.0510, -0.2225, 0.9749), (199.0510, -0.3185, 0.9479), (199.0510, -0.4113, 0.9115), (199.0510, -0.5000, 0.8660), (199.0510, -0.5837, 0.8119), (199.0510, -0.6617, 0.7498), (199.0510, -0.7331, 0.6802), (199.0510, -0.7971, 0.6038), (199.0510, -0.8533, 0.5214), (199.0510, -0.9010, 0.4339), (199.0510, -0.9397, 0.3420), (199.0510, -0.9691, 0.2468), (199.0510, -0.9888, 0.1490), (199.0510, -0.9988, 0.0498), (199.0510, -0.9988, -0.0498), (199.0510, -0.9888, -0.1490), (199.0510, -0.9691, -0.2468), (199.0510, -0.9397, -0.3420), (199.0510, -0.9010, -0.4339), (199.0510, -0.8533, -0.5214), (199.0510, -0.7971, -0.6038), (199.0510, -0.7331, -0.6802), (199.0510, -0.6617, -0.7498), (199.0510, -0.5837, -0.8119), (199.0510, -0.5000, -0.8660), (199.0510, -0.4113, -0.9115), (199.0510, -0.3185, -0.9479), (199.0510, -0.2225, -0.9749), (199.0510, -0.1243, -0.9922), (199.0510, -0.0249, -0.9997), (199.0510, 0.0747, -0.9972), (199.0510, 0.1736, -0.9848), (199.0510, 0.2708, -0.9626), (199.0510, 0.3653, -0.9309), (199.0510, 0.4562, -0.8899), (199.0510, 0.5425, -0.8400), (199.0510, 0.6235, -0.7818), (199.0510, 0.6982, -0.7159), (199.0510, 0.7660, -0.6428), (199.0510, 0.8262, -0.5633), (199.0510, 0.8782, -0.4783), (199.0510, 0.9215, -0.3884), (199.0510, 0.9556, -0.2948), (199.0510, 0.9802, -0.1981), (199.0510, 0.9950, -0.0996), (199.0510, 1.0000, 0.0000), (198.9008, 0.7500, 0.0000), (198.7506, 0.5000, 0.0000), (198.6004, 0.2500, 0.0000), (198.4501, 0.0000, 0.0000), (198.4501, 0.0000, 0.0000), (198.9008, 0.7500, 0.0000), (198.7506, 0.5000, 0.0000), (198.6004, 0.2500, 0.0000), (198.9008, 0.7356, 0.1463), (198.9008, 0.6929, 0.2870), (198.9008, 0.6236, 0.4167), (198.7506, 0.4904, 0.0975), (198.9008, 0.5303, 0.5303), (198.7506, 0.4619, 0.1913), (198.9008, 0.4167, 0.6236), (198.7506, 0.4157, 0.2778), (198.9008, 0.2870, 0.6929), (198.6004, 0.2452, 0.0488), (198.7506, 0.3536, 0.3536), (198.9008, 0.1463, 0.7356), (198.6004, 0.2310, 0.0957), (198.7506, 0.2778, 0.4157), (198.9008, 0.0000, 0.7500), (198.6004, 0.2079, 0.1389), (198.7506, 0.1913, 0.4619), (198.9008, -0.1463, 0.7356), (198.6004, 0.1768, 0.1768), (198.7506, 0.0975, 0.4904), (198.9008, -0.2870, 0.6929), (198.6004, 0.1389, 0.2079), (198.7506, 0.0000, 0.5000), (198.9008, -0.4167, 0.6236), (198.6004, 0.0957, 0.2310), (198.7506, -0.0975, 0.4904), (198.9008, -0.5303, 0.5303), (198.6004, 0.0488, 0.2452), (198.7506, -0.1913, 0.4619), (198.9008, -0.6236, 0.4167), (198.6004, 0.0000, 0.2500), (198.7506, -0.2778, 0.4157), (198.9008, -0.6929, 0.2870), (198.6004, -0.0488, 0.2452), (198.7506, -0.3536, 0.3536), (198.9008, -0.7356, 0.1463), (198.6004, -0.0957, 0.2310), (198.7506, -0.4157, 0.2778), (198.9008, -0.7500, -0.0000), (198.6004, -0.1389, 0.2079), (198.7506, -0.4619, 0.1913), (198.9008, -0.7356, -0.1463), (198.6004, -0.1768, 0.1768), (198.7506, -0.4904, 0.0975), (198.9008, -0.6929, -0.2870), (198.6004, -0.2079, 0.1389), (198.7506, -0.5000, -0.0000), (198.9008, -0.6236, -0.4167), (198.6004, -0.2310, 0.0957), (198.7506, -0.4904, -0.0975), (198.9008, -0.5303, -0.5303), (198.6004, -0.2452, 0.0488), (198.7506, -0.4619, -0.1913), (198.9008, -0.4167, -0.6236), (198.6004, -0.2500, -0.0000), (198.7506, -0.4157, -0.2778), (198.9008, -0.2870, -0.6929), (198.6004, -0.2452, -0.0488), (198.7506, -0.3536, -0.3536), (198.9008, -0.1463, -0.7356), (198.6004, -0.2310, -0.0957), (198.7506, -0.2778, -0.4157), (198.9008, 0.0000, -0.7500), (198.6004, -0.2079, -0.1389), (198.7506, -0.1913, -0.4619), (198.9008, 0.1463, -0.7356), (198.6004, -0.1768, -0.1768), (198.7506, -0.0975, -0.4904), (198.9008, 0.2870, -0.6929), (198.6004, -0.1389, -0.2079), (198.7506, 0.0000, -0.5000), (198.9008, 0.4167, -0.6236), (198.6004, -0.0957, -0.2310), (198.7506, 0.0975, -0.4904), (198.9008, 0.5303, -0.5303), (198.6004, -0.0488, -0.2452), (198.7506, 0.1913, -0.4619), (198.9008, 0.6236, -0.4167), (198.6004, 0.0000, -0.2500), (198.7506, 0.2778, -0.4157), (198.9008, 0.6929, -0.2870), (198.6004, 0.0488, -0.2452), (198.7506, 0.3536, -0.3536), (198.9008, 0.7356, -0.1463), (198.6004, 0.0957, -0.2310), (198.7506, 0.4157, -0.2778), (198.6004, 0.1389, -0.2079), (198.7506, 0.4619, -0.1913), (198.6004, 0.1768, -0.1768), (198.7506, 0.4904, -0.0975), (198.6004, 0.2079, -0.1389), (198.6004, 0.2310, -0.0957), (198.6004, 0.2452, -0.0488)]
        uniform token subdivisionScheme = "none"
        color3f[] primvars:displayColor = [(0.72, 0.74, 0.77)]
    }
}
