#usda 1.0
(
    defaultPrim = "stepped_shaft"
    metersPerUnit = 0.001
    upAxis = "Y"
    doc = "VRINGON revolve part — CadQuery executor"
)

def Xform "stepped_shaft" (
    kind = "component"
)
{
    custom string vringon:dsl_version = "vringon-shaft/1.0"
    custom string vringon:dsl_json = "{\"dsl\":\"vringon-shaft/1.0\",\"id\":\"stepped-shaft\",\"name\":\"Stepped shaft (showcase)\",\"name_ko\":\"단붙이 축\",\"part_class\":\"shaft\",\"units\":\"mm\",\"material\":\"S45C\",\"drawing\":{\"number\":\"VR-RB-011\",\"scale\":\"1:1\",\"projection\":\"third\"},\"segments\":[{\"type\":\"cyl\",\"length\":30,\"diameter\":20,\"tolerance\":\"h6\",\"label\":\"베어링 자리\"},{\"type\":\"cyl\",\"length\":40,\"diameter\":30,\"label\":\"기어 자리\"},{\"type\":\"taper\",\"length\":10,\"d_start\":30,\"d_end\":25},{\"type\":\"thread\",\"length\":20,\"diameter\":20,\"spec\":\"M20x1.5\",\"pitch\":1.5}],\"transitions\":[{\"at\":0,\"type\":\"chamfer\",\"size\":1},{\"at\":1,\"type\":\"fillet\",\"radius\":1.5},{\"at\":1,\"type\":\"chamfer\",\"size\":1},{\"at\":3,\"type\":\"undercut\",\"width\":4.5,\"depth\":1.1,\"standard\":\"DIN 76-A\"},{\"at\":4,\"type\":\"chamfer\",\"size\":1.5}],\"grooves\":[{\"segment\":1,\"offset\":10,\"width\":1.6,\"depth\":0.7,\"kind\":\"snap_ring\",\"standard\":\"DIN 471 ⌀28.6×1.6\"}],\"bore\":null,\"features\":[{\"type\":\"keyway\",\"segment\":1,\"offset\":15,\"length\":20,\"width\":8,\"depth\":4,\"kind\":\"parallel\",\"standard\":\"DIN 6885 8×7\"},{\"type\":\"center_hole\",\"end\":\"left\",\"form\":\"A\",\"d\":2.5},{\"type\":\"center_hole\",\"end\":\"right\",\"form\":\"A\",\"d\":2},{\"type\":\"cross_hole\",\"position\":50,\"diameter\":4,\"through\":true,\"angle\":0}],\"meta\":{\"source\":\"golden\",\"difficulty\":5}}"
    custom string vringon:name_ko = "단붙이 축"
    custom string vringon:material = "S45C"
    custom double vringon:length_mm = 100.0
    custom double vringon:max_diameter_mm = 30
    custom double vringon:volume_mm3 = 48457.533
    custom double[] vringon:segment_lengths_mm = [30, 40, 10, 20]
    custom string[] vringon:segment_types = ["cyl", "cyl", "taper", "thread"]
    custom string[] vringon:threads = ["M20x1.5"]
    custom string[] vringon:features = ["keyway", "center_hole", "center_hole", "cross_hole"]

    def Mesh "body"
    {
        float3[] extent = [(0.0000, -14.9814, -15.0000), (100.0000, 15.0000, 14.9996)]
        int[] faceVertexCounts = [3, 3, 3, 3, 3, 3, 3, 3, 3, 3, 3, 3, 3, 3, 3, 3, 3, 3, 3, 3, 3, 3, 3, 3, 3, 3, 3, 3, 3, 3, 3, 3, 3, 3, 3, 3, 3, 3, 3, 3, 3, 3, 3, 3, 3, 3, 3, 3, 3, 3, 3, 3, 3, 3, 3, 3, 3, 3, 3, 3, 3, 3, 3, 3, 3, 3, 3, 3, 3, 3, 3, 3, 3, 3, 3, 3, 3, 3, 3, 3, 3, 3, 3, 3, 3, 3, 3, 3, 3, 3, 3, 3, 3, 3, 3, 3, 3, 3, 3, 3, 3, 3, 3, 3, 3, 3, 3, 3, 3, 3, 3, 3, 3, 3, 3, 3, 3, 3, 3, 3, 3, 3, 3, 3, 3, 3, 3, 3, 3, 3, 3, 3, 3, 3, 3, 3, 3, 3, 3, 3, 3, 3, 3, 3, 3, 3, 3, 3, 3, 3, 3, 3, 3, 3, 3, 3, 3, 3, 3, 3, 3, 3, 3, 3, 3, 3, 3, 3, 3, 3, 3, 3, 3, 3, 3, 3, 3, 3, 3, 3, 3, 3, 3, 3, 3, 3, 3, 3, 3, 3, 3, 3, 3, 3, 3, 3, 3, 3, 3, 3, 3, 3, 3, 3, 3, 3, 3, 3, 3, 3, 3, 3, 3, 3, 3, 3, 3, 3, 3, 3, 3, 3, 3, 3, 3, 3, 3, 3, 3, 3, 3, 3, 3, 3, 3, 3, 3, 3, 3, 3, 3, 3, 3, 3, 3, 3, 3, 3, 3, 3, 3, 3, 3, 3, 3, 3, 3, 3, 3, 3, 3, 3, 3, 3, 3, 3, 3, 3, 3, 3, 3, 3, 3, 3, 3, 3, 3, 3, 3, 3, 3, 3, 3, 3, 3, 3, 3, 3, 3, 3, 3, 3, 3, 3, 3, 3, 3, 3, 3, 3, 3, 3, 3, 3, 3, 3, 3, 3, 3, 3, 3, 3, 3, 3, 3, 3, 3, 3, 3, 3, 3, 3, 3, 3, 3, 3, 3, 3, 3, 3, 3, 3, 3, 3, 3, 3, 3, 3, 3, 3, 3, 3, 3, 3, 3, 3, 3, 3, 3, 3, 3, 3, 3, 3, 3, 3, 3, 3, 3, 3, 3, 3, 3, 3, 3, 3, 3, 3, 3, 3, 3, 3, 3, 3, 3, 3, 3, 3, 3, 3, 3, 3, 3, 3, 3, 3, 3, 3, 3, 3, 3, 3, 3, 3, 3, 3, 3, 3, 3, 3, 3, 3, 3, 3, 3, 3, 3, 3, 3, 3, 3, 3, 3, 3, 3, 3, 3, 3, 3, 3, 3, 3, 3, 3, 3, 3, 3, 3, 3, 3, 3, 3, 3, 3, 3, 3, 3, 3, 3, 3, 3, 3, 3, 3, 3, 3, 3, 3, 3, 3, 3, 3, 3, 3, 3, 3, 3, 3, 3, 3, 3, 3, 3, 3, 3, 3, 3, 3, 3, 3, 3, 3, 3, 3, 3, 3, 3, 3, 3, 3, 3, 3, 3, 3, 3, 3, 3, 3, 3, 3, 3, 3, 3, 3, 3, 3, 3, 3, 3, 3, 3, 3, 3, 3, 3, 3, 3, 3, 3, 3, 3, 3, 3, 3, 3, 3, 3, 3, 3, 3, 3, 3, 3, 3, 3, 3, 3, 3, 3, 3, 3, 3, 3, 3, 3, 3, 3, 3, 3, 3, 3, 3, 3, 3, 3, 3, 3, 3, 3, 3, 3, 3, 3, 3, 3, 3, 3, 3, 3, 3, 3, 3, 3, 3, 3, 3, 3, 3, 3, 3, 3, 3, 3, 3, 3, 3, 3, 3, 3, 3, 3, 3, 3, 3, 3, 3, 3, 3, 3, 3, 3, 3, 3, 3, 3, 3, 3, 3, 3, 3, 3, 3, 3, 3, 3, 3, 3, 3, 3, 3, 3, 3, 3, 3, 3, 3, 3, 3, 3, 3, 3, 3, 3, 3, 3, 3, 3, 3, 3, 3, 3, 3, 3, 3, 3, 3, 3, 3, 3, 3, 3, 3, 3, 3, 3, 3, 3, 3, 3, 3, 3, 3, 3, 3, 3, 3, 3, 3, 3, 3, 3, 3, 3, 3, 3, 3, 3, 3, 3, 3, 3, 3, 3, 3, 3, 3, 3, 3, 3, 3, 3, 3, 3, 3, 3, 3, 3, 3, 3, 3, 3, 3, 3, 3, 3, 3, 3, 3, 3, 3, 3, 3, 3, 3, 3, 3, 3, 3, 3, 3, 3, 3, 3, 3, 3, 3, 3, 3, 3, 3, 3, 3, 3, 3, 3, 3, 3, 3, 3, 3, 3, 3, 3, 3, 3, 3, 3, 3, 3, 3, 3, 3, 3, 3, 3, 3, 3, 3, 3, 3, 3, 3, 3, 3, 3, 3, 3, 3, 3, 3, 3, 3, 3, 3, 3, 3, 3, 3, 3, 3, 3, 3, 3, 3, 3, 3, 3, 3, 3, 3, 3, 3, 3, 3, 3, 3, 3, 3, 3, 3, 3, 3, 3, 3, 3, 3, 3, 3, 3, 3, 3, 3, 3, 3, 3, 3, 3, 3, 3, 3, 3, 3, 3, 3, 3, 3, 3, 3, 3, 3, 3, 3, 3, 3, 3, 3, 3, 3, 3, 3, 3, 3, 3, 3, 3, 3, 3, 3, 3, 3, 3, 3, 3, 3, 3, 3, 3, 3, 3, 3, 3, 3, 3, 3, 3, 3, 3, 3, 3, 3, 3, 3, 3, 3, 3, 3, 3, 3, 3, 3, 3, 3, 3, 3, 3, 3, 3, 3, 3, 3, 3, 3, 3, 3, 3, 3, 3, 3, 3, 3, 3, 3, 3, 3, 3, 3, 3, 3, 3, 3, 3, 3, 3, 3, 3, 3, 3, 3, 3, 3, 3, 3, 3, 3, 3, 3, 3, 3, 3, 3, 3, 3, 3, 3, 3, 3, 3, 3, 3, 3, 3, 3, 3, 3, 3, 3, 3, 3, 3, 3, 3, 3, 3, 3, 3, 3, 3, 3, 3, 3, 3, 3, 3, 3, 3, 3, 3, 3, 3, 3, 3, 3, 3, 3, 3, 3, 3, 3, 3, 3, 3, 3, 3, 3, 3, 3, 3, 3, 3, 3, 3, 3, 3, 3, 3, 3, 3, 3, 3, 3, 3, 3, 3, 3, 3, 3, 3, 3, 3, 3, 3, 3, 3, 3, 3, 3, 3, 3, 3, 3, 3, 3, 3, 3, 3, 3, 3, 3, 3, 3, 3, 3, 3, 3, 3, 3, 3, 3, 3, 3, 3, 3, 3, 3, 3, 3, 3, 3, 3, 3, 3, 3, 3, 3, 3, 3, 3, 3, 3, 3, 3, 3, 3, 3, 3, 3, 3, 3, 3, 3, 3, 3, 3, 3, 3, 3, 3, 3, 3, 3, 3, 3, 3, 3, 3, 3, 3, 3, 3, 3, 3, 3, 3, 3, 3, 3, 3, 3, 3, 3, 3, 3, 3, 3, 3, 3, 3, 3, 3, 3, 3, 3, 3, 3, 3, 3, 3, 3, 3, 3, 3, 3, 3, 3, 3, 3, 3, 3, 3, 3, 3, 3, 3, 3, 3, 3, 3, 3, 3, 3, 3, 3, 3, 3, 3, 3, 3, 3, 3, 3, 3, 3, 3, 3, 3, 3, 3, 3, 3, 3, 3, 3, 3, 3, 3, 3, 3, 3, 3, 3, 3, 3, 3, 3, 3, 3, 3, 3, 3, 3, 3, 3, 3, 3, 3, 3, 3, 3, 3, 3, 3, 3, 3, 3, 3, 3, 3, 3, 3, 3, 3, 3, 3, 3, 3, 3, 3, 3, 3, 3, 3, 3, 3, 3, 3, 3, 3, 3, 3, 3, 3, 3, 3, 3, 3, 3, 3, 3, 3, 3, 3, 3, 3, 3, 3, 3, 3, 3, 3, 3, 3, 3, 3, 3, 3, 3, 3, 3, 3, 3, 3, 3, 3, 3, 3, 3, 3, 3, 3, 3, 3, 3, 3, 3, 3, 3, 3, 3, 3, 3, 3, 3, 3, 3, 3, 3, 3, 3, 3, 3, 3, 3, 3, 3, 3, 3, 3, 3, 3, 3, 3, 3, 3, 3, 3, 3, 3, 3, 3, 3, 3, 3, 3, 3, 3, 3, 3, 3, 3, 3, 3, 3, 3, 3, 3, 3, 3, 3, 3, 3, 3, 3, 3, 3, 3, 3, 3, 3, 3, 3, 3, 3, 3, 3, 3, 3, 3, 3, 3, 3, 3, 3, 3, 3, 3, 3, 3, 3, 3, 3, 3, 3, 3, 3, 3, 3, 3, 3, 3, 3, 3, 3, 3, 3, 3, 3, 3, 3, 3, 3, 3, 3, 3, 3, 3, 3, 3, 3, 3, 3, 3, 3, 3, 3, 3, 3, 3, 3, 3, 3, 3, 3, 3, 3, 3, 3, 3, 3, 3, 3, 3, 3, 3, 3, 3, 3, 3, 3, 3, 3, 3, 3, 3, 3, 3, 3, 3, 3, 3, 3, 3, 3, 3, 3, 3, 3, 3, 3, 3, 3, 3, 3, 3, 3, 3, 3, 3, 3, 3, 3, 3, 3, 3, 3, 3, 3, 3, 3, 3, 3, 3, 3, 3, 3, 3, 3, 3, 3, 3, 3, 3, 3, 3, 3, 3, 3, 3, 3, 3, 3, 3, 3, 3, 3, 3, 3, 3, 3, 3, 3, 3, 3, 3, 3, 3, 3, 3, 3, 3, 3, 3, 3, 3, 3, 3, 3, 3, 3, 3, 3, 3, 3, 3, 3, 3, 3, 3, 3, 3, 3, 3, 3, 3, 3, 3, 3, 3, 3, 3, 3, 3, 3, 3, 3, 3, 3, 3, 3, 3, 3, 3, 3, 3, 3, 3, 3, 3, 3, 3, 3, 3, 3, 3, 3, 3, 3, 3, 3, 3, 3, 3, 3, 3, 3, 3, 3, 3, 3, 3, 3, 3, 3, 3, 3, 3, 3, 3, 3, 3, 3, 3, 3, 3, 3, 3, 3, 3, 3, 3, 3, 3, 3, 3, 3, 3, 3, 3, 3, 3, 3, 3, 3, 3, 3, 3, 3, 3, 3, 3, 3, 3, 3, 3, 3, 3, 3, 3, 3, 3, 3, 3, 3, 3, 3, 3, 3, 3, 3, 3, 3, 3, 3, 3, 3, 3, 3, 3, 3, 3, 3, 3, 3, 3, 3, 3, 3, 3, 3, 3, 3, 3, 3, 3, 3, 3, 3, 3, 3, 3, 3, 3, 3, 3, 3, 3, 3, 3, 3, 3, 3, 3, 3, 3, 3, 3, 3, 3, 3, 3, 3, 3, 3, 3, 3, 3, 3, 3, 3, 3, 3, 3, 3, 3, 3, 3, 3, 3, 3, 3, 3, 3, 3, 3, 3, 3, 3, 3, 3, 3, 3, 3, 3, 3, 3, 3, 3, 3, 3, 3, 3, 3, 3, 3, 3, 3, 3, 3, 3, 3, 3, 3, 3, 3, 3, 3, 3, 3, 3, 3, 3, 3, 3, 3, 3, 3, 3, 3, 3, 3, 3, 3, 3, 3, 3, 3, 3, 3, 3, 3, 3, 3, 3, 3, 3, 3, 3, 3, 3, 3, 3, 3, 3, 3, 3, 3, 3, 3, 3, 3, 3, 3, 3, 3, 3, 3, 3, 3, 3, 3, 3, 3, 3, 3, 3, 3, 3, 3, 3, 3, 3, 3, 3, 3, 3, 3, 3, 3, 3, 3, 3, 3, 3, 3, 3, 3, 3, 3, 3, 3, 3, 3, 3, 3, 3, 3, 3, 3, 3, 3, 3, 3, 3, 3, 3, 3, 3, 3, 3, 3, 3, 3, 3, 3, 3, 3, 3, 3, 3, 3, 3, 3, 3, 3, 3, 3, 3, 3, 3, 3, 3, 3, 3, 3, 3, 3, 3, 3, 3, 3, 3, 3, 3, 3, 3, 3, 3, 3, 3, 3, 3, 3, 3, 3, 3, 3, 3, 3, 3, 3, 3, 3, 3, 3, 3, 3, 3, 3, 3, 3, 3, 3, 3, 3, 3, 3, 3, 3, 3, 3, 3, 3, 3, 3, 3, 3, 3, 3, 3, 3, 3, 3, 3, 3, 3, 3, 3, 3, 3, 3, 3, 3, 3, 3, 3, 3, 3, 3, 3, 3, 3, 3, 3, 3, 3, 3, 3, 3, 3, 3, 3, 3, 3, 3, 3, 3, 3, 3, 3, 3, 3, 3, 3, 3, 3, 3, 3, 3, 3, 3, 3, 3, 3, 3, 3, 3, 3, 3, 3, 3, 3, 3, 3, 3, 3, 3, 3, 3, 3, 3, 3, 3, 3, 3, 3, 3, 3, 3, 3, 3, 3, 3, 3, 3, 3, 3, 3, 3, 3, 3, 3, 3, 3, 3, 3, 3, 3, 3, 3, 3, 3, 3, 3, 3, 3, 3, 3, 3, 3, 3, 3, 3, 3, 3, 3, 3, 3, 3, 3, 3, 3, 3, 3, 3, 3, 3, 3, 3, 3, 3, 3, 3, 3, 3, 3, 3, 3, 3, 3, 3, 3, 3, 3, 3, 3, 3, 3, 3, 3, 3, 3, 3, 3, 3, 3, 3, 3, 3, 3, 3, 3, 3, 3, 3, 3, 3, 3, 3, 3, 3, 3, 3, 3, 3, 3, 3, 3, 3, 3, 3, 3, 3, 3, 3, 3, 3, 3, 3, 3, 3, 3, 3, 3, 3, 3, 3, 3, 3, 3, 3, 3, 3, 3, 3, 3, 3, 3, 3, 3, 3, 3, 3, 3, 3, 3, 3, 3, 3, 3, 3, 3, 3, 3, 3, 3, 3, 3, 3, 3, 3, 3, 3, 3, 3, 3, 3, 3, 3, 3, 3, 3, 3, 3, 3, 3, 3, 3, 3, 3, 3, 3, 3, 3, 3, 3, 3, 3, 3, 3, 3, 3, 3, 3, 3, 3, 3, 3, 3, 3, 3, 3, 3, 3, 3, 3, 3, 3, 3, 3, 3, 3, 3, 3, 3, 3, 3, 3, 3, 3, 3, 3, 3, 3, 3, 3, 3, 3, 3, 3, 3, 3, 3, 3, 3, 3, 3, 3, 3, 3, 3, 3, 3, 3, 3, 3, 3, 3, 3, 3, 3, 3, 3, 3, 3, 3, 3, 3, 3, 3, 3, 3, 3, 3, 3, 3, 3, 3, 3, 3, 3, 3, 3, 3, 3, 3, 3, 3, 3, 3, 3, 3, 3, 3, 3, 3, 3, 3, 3, 3, 3, 3, 3, 3, 3, 3, 3, 3, 3, 3, 3, 3, 3, 3, 3, 3, 3, 3, 3, 3, 3, 3, 3, 3, 3, 3, 3, 3, 3, 3, 3, 3, 3, 3, 3, 3, 3, 3, 3, 3, 3, 3, 3, 3, 3, 3, 3, 3, 3, 3, 3, 3, 3, 3, 3, 3, 3, 3, 3, 3, 3, 3, 3, 3, 3, 3, 3, 3, 3, 3, 3, 3, 3, 3, 3, 3, 3, 3, 3, 3, 3, 3, 3, 3, 3, 3, 3, 3, 3, 3, 3, 3, 3, 3, 3, 3, 3, 3, 3, 3, 3, 3, 3, 3, 3, 3, 3, 3, 3, 3, 3, 3, 3, 3, 3, 3, 3, 3, 3, 3, 3, 3, 3, 3, 3, 3, 3, 3, 3, 3, 3, 3, 3, 3, 3, 3, 3, 3, 3, 3, 3, 3, 3, 3, 3, 3, 3, 3, 3, 3, 3, 3, 3, 3, 3, 3, 3, 3, 3, 3, 3, 3, 3, 3, 3, 3, 3, 3, 3, 3, 3, 3, 3, 3, 3, 3, 3, 3, 3, 3, 3, 3, 3, 3, 3, 3, 3, 3, 3, 3, 3, 3, 3, 3, 3, 3, 3, 3, 3, 3, 3, 3, 3, 3, 3, 3, 3, 3, 3, 3, 3, 3, 3, 3, 3, 3, 3, 3, 3, 3, 3, 3, 3, 3, 3, 3, 3, 3, 3, 3, 3, 3, 3, 3, 3, 3, 3, 3, 3, 3, 3, 3, 3, 3, 3, 3, 3, 3, 3, 3, 3, 3, 3, 3, 3, 3, 3, 3, 3, 3, 3, 3, 3, 3, 3, 3, 3, 3, 3, 3, 3, 3, 3, 3, 3, 3, 3, 3, 3, 3, 3, 3, 3, 3, 3, 3, 3, 3, 3, 3, 3, 3, 3, 3, 3, 3, 3, 3, 3, 3, 3, 3, 3, 3, 3, 3, 3, 3, 3, 3, 3, 3, 3, 3, 3, 3, 3, 3, 3, 3, 3, 3, 3, 3, 3, 3, 3, 3, 3, 3, 3, 3, 3, 3, 3, 3, 3, 3, 3, 3, 3, 3, 3, 3, 3, 3, 3, 3, 3, 3, 3, 3, 3, 3, 3, 3, 3, 3, 3, 3, 3, 3, 3, 3, 3, 3, 3, 3, 3, 3, 3, 3, 3, 3, 3, 3, 3, 3, 3, 3, 3, 3, 3, 3, 3, 3, 3, 3, 3, 3, 3, 3, 3, 3, 3, 3, 3, 3, 3, 3, 3, 3, 3, 3, 3, 3, 3, 3, 3, 3, 3, 3, 3, 3, 3, 3, 3, 3, 3, 3, 3, 3, 3, 3, 3, 3, 3, 3, 3, 3, 3, 3, 3, 3, 3, 3, 3, 3, 3, 3, 3, 3, 3, 3, 3, 3, 3, 3, 3, 3, 3, 3, 3, 3, 3, 3, 3, 3, 3, 3, 3, 3, 3, 3, 3, 3, 3, 3, 3, 3, 3, 3, 3, 3, 3, 3, 3, 3, 3, 3, 3, 3, 3, 3, 3, 3, 3, 3, 3, 3, 3, 3, 3, 3, 3, 3, 3, 3, 3, 3, 3, 3, 3, 3, 3, 3, 3, 3, 3, 3, 3, 3, 3, 3, 3, 3, 3, 3, 3, 3, 3, 3, 3, 3, 3, 3, 3, 3, 3, 3, 3, 3, 3, 3, 3, 3, 3, 3, 3, 3, 3, 3, 3, 3, 3, 3, 3, 3, 3, 3, 3, 3, 3, 3, 3, 3, 3, 3, 3, 3, 3, 3, 3, 3, 3, 3, 3, 3, 3, 3, 3, 3, 3, 3, 3, 3, 3, 3, 3, 3, 3, 3, 3, 3, 3, 3, 3, 3, 3, 3, 3, 3, 3, 3, 3, 3, 3, 3, 3, 3, 3, 3, 3, 3, 3, 3, 3, 3, 3, 3, 3, 3, 3, 3, 3, 3, 3, 3, 3, 3, 3, 3, 3, 3, 3, 3, 3, 3, 3, 3, 3, 3, 3, 3, 3, 3, 3, 3, 3, 3, 3, 3, 3, 3, 3, 3, 3, 3, 3, 3, 3, 3, 3, 3, 3, 3, 3, 3, 3, 3, 3, 3, 3, 3, 3, 3, 3, 3, 3, 3, 3, 3, 3, 3, 3, 3, 3, 3, 3, 3, 3, 3, 3, 3, 3, 3, 3, 3, 3, 3, 3, 3, 3, 3, 3, 3, 3, 3, 3, 3, 3, 3, 3, 3, 3, 3, 3, 3, 3, 3, 3, 3, 3, 3, 3, 3, 3, 3, 3, 3, 3, 3, 3, 3, 3, 3, 3, 3, 3, 3, 3, 3, 3, 3, 3, 3, 3, 3, 3, 3, 3, 3, 3, 3, 3, 3, 3, 3, 3, 3, 3, 3, 3, 3, 3, 3, 3, 3, 3, 3, 3, 3, 3, 3, 3, 3, 3, 3, 3, 3, 3, 3, 3, 3, 3, 3, 3, 3, 3, 3, 3, 3, 3, 3, 3, 3, 3, 3, 3, 3, 3, 3, 3, 3, 3, 3, 3, 3, 3, 3, 3, 3, 3, 3, 3, 3, 3, 3, 3, 3, 3, 3, 3, 3, 3, 3, 3, 3, 3, 3, 3, 3, 3, 3, 3, 3, 3, 3, 3, 3, 3, 3, 3, 3, 3, 3, 3, 3, 3, 3, 3, 3, 3, 3, 3, 3, 3, 3, 3, 3, 3, 3, 3, 3, 3, 3, 3, 3, 3, 3, 3, 3, 3, 3, 3, 3, 3, 3, 3, 3, 3, 3, 3, 3, 3, 3, 3, 3, 3, 3, 3, 3, 3, 3, 3, 3, 3, 3, 3, 3, 3, 3, 3, 3, 3, 3, 3, 3, 3, 3, 3, 3, 3, 3, 3, 3, 3, 3, 3, 3, 3, 3, 3, 3, 3, 3, 3, 3, 3, 3, 3, 3, 3, 3, 3, 3, 3, 3, 3, 3, 3, 3, 3, 3, 3, 3, 3, 3, 3, 3, 3, 3, 3, 3, 3, 3, 3, 3, 3, 3, 3, 3, 3, 3, 3, 3, 3, 3, 3, 3, 3, 3, 3, 3, 3, 3, 3, 3, 3, 3, 3, 3, 3, 3, 3, 3, 3, 3, 3, 3, 3, 3, 3, 3, 3, 3, 3, 3, 3, 3, 3, 3, 3, 3, 3, 3, 3, 3, 3, 3, 3, 3, 3, 3, 3, 3, 3, 3, 3, 3, 3, 3, 3, 3, 3, 3, 3, 3, 3, 3, 3, 3, 3, 3, 3, 3, 3, 3, 3, 3, 3, 3, 3, 3, 3, 3, 3, 3, 3, 3, 3, 3, 3, 3, 3, 3, 3, 3, 3, 3, 3, 3, 3, 3, 3, 3, 3, 3, 3, 3, 3, 3, 3, 3, 3, 3, 3, 3, 3, 3, 3, 3, 3, 3, 3, 3, 3, 3, 3, 3, 3, 3, 3, 3, 3, 3, 3, 3, 3, 3, 3, 3, 3, 3, 3, 3, 3, 3, 3, 3, 3, 3, 3, 3, 3, 3, 3, 3, 3, 3, 3, 3, 3, 3, 3, 3, 3, 3, 3, 3, 3, 3, 3, 3, 3, 3, 3, 3, 3, 3, 3, 3, 3, 3, 3, 3, 3, 3, 3, 3, 3, 3, 3, 3, 3, 3, 3, 3, 3, 3, 3, 3, 3, 3, 3, 3, 3, 3, 3, 3, 3, 3, 3, 3, 3, 3, 3, 3, 3, 3, 3, 3, 3, 3, 3, 3, 3, 3, 3, 3, 3, 3, 3, 3, 3, 3, 3, 3, 3, 3, 3, 3, 3, 3, 3, 3, 3, 3, 3, 3, 3, 3, 3, 3, 3, 3, 3, 3, 3, 3, 3, 3, 3, 3, 3, 3, 3, 3, 3, 3, 3, 3, 3, 3, 3, 3, 3, 3, 3, 3, 3, 3, 3, 3, 3, 3, 3, 3, 3, 3, 3, 3, 3, 3, 3, 3, 3, 3, 3, 3, 3, 3, 3, 3, 3, 3, 3, 3, 3, 3, 3, 3, 3, 3, 3, 3, 3, 3, 3, 3, 3, 3, 3, 3, 3, 3, 3, 3, 3, 3, 3, 3, 3, 3, 3, 3, 3, 3, 3, 3, 3, 3, 3, 3, 3, 3, 3, 3, 3, 3, 3, 3, 3, 3, 3, 3, 3, 3, 3, 3, 3, 3, 3, 3, 3, 3, 3, 3, 3, 3, 3, 3, 3, 3, 3, 3, 3, 3, 3, 3, 3, 3, 3, 3, 3, 3, 3, 3, 3, 3, 3, 3, 3, 3, 3, 3, 3, 3, 3, 3, 3, 3, 3, 3, 3, 3, 3, 3, 3, 3, 3, 3, 3, 3, 3, 3, 3, 3, 3, 3, 3, 3, 3, 3, 3, 3, 3, 3, 3, 3, 3, 3, 3, 3, 3, 3, 3, 3, 3, 3, 3, 3, 3, 3, 3, 3, 3, 3, 3, 3, 3, 3, 3, 3, 3, 3, 3, 3, 3, 3, 3, 3, 3, 3, 3, 3, 3, 3, 3, 3, 3, 3, 3, 3, 3, 3, 3, 3, 3, 3, 3, 3, 3, 3, 3, 3, 3, 3, 3, 3, 3, 3, 3, 3, 3, 3, 3, 3, 3, 3, 3, 3, 3, 3, 3, 3, 3, 3, 3, 3, 3, 3, 3, 3, 3, 3, 3, 3, 3, 3, 3, 3, 3, 3, 3, 3, 3, 3, 3, 3, 3, 3, 3, 3, 3, 3, 3, 3, 3, 3, 3, 3, 3, 3, 3, 3, 3, 3, 3, 3, 3, 3, 3, 3, 3, 3, 3, 3, 3, 3, 3, 3, 3, 3, 3, 3, 3, 3, 3, 3, 3, 3, 3, 3, 3, 3, 3, 3, 3, 3, 3, 3, 3, 3, 3, 3, 3, 3, 3, 3, 3, 3, 3, 3, 3, 3, 3, 3, 3, 3, 3, 3, 3, 3, 3, 3, 3, 3, 3, 3, 3, 3, 3, 3, 3, 3, 3, 3, 3, 3, 3, 3, 3, 3, 3, 3, 3, 3, 3, 3, 3, 3, 3, 3, 3, 3, 3, 3, 3, 3, 3, 3, 3, 3, 3, 3, 3, 3, 3, 3, 3, 3, 3, 3, 3, 3, 3, 3, 3, 3, 3, 3, 3, 3, 3, 3, 3, 3, 3, 3, 3, 3, 3, 3, 3, 3, 3, 3, 3, 3, 3, 3, 3, 3, 3, 3, 3, 3, 3, 3, 3, 3, 3, 3, 3, 3, 3, 3, 3, 3, 3, 3, 3, 3, 3, 3, 3, 3, 3, 3, 3, 3, 3, 3, 3, 3, 3, 3, 3, 3, 3, 3, 3, 3, 3, 3, 3, 3, 3, 3, 3, 3, 3, 3, 3, 3, 3, 3, 3, 3, 3, 3, 3, 3, 3, 3, 3, 3, 3, 3, 3, 3, 3, 3, 3, 3, 3, 3, 3, 3, 3, 3, 3, 3, 3, 3, 3, 3, 3, 3, 3, 3, 3, 3, 3, 3, 3, 3, 3, 3, 3, 3, 3, 3, 3, 3, 3, 3, 3, 3, 3, 3, 3, 3, 3, 3, 3, 3, 3, 3, 3, 3, 3, 3, 3, 3, 3, 3, 3, 3, 3, 3, 3, 3, 3, 3, 3, 3, 3, 3, 3, 3, 3, 3, 3, 3, 3, 3, 3, 3, 3, 3, 3, 3, 3, 3, 3, 3, 3, 3, 3, 3, 3, 3, 3, 3, 3, 3, 3, 3, 3, 3, 3, 3, 3, 3, 3, 3, 3, 3, 3, 3, 3, 3, 3, 3, 3, 3, 3, 3, 3, 3, 3, 3, 3, 3, 3, 3, 3, 3, 3, 3, 3, 3, 3, 3, 3, 3, 3, 3, 3, 3, 3, 3, 3, 3, 3, 3, 3, 3, 3, 3, 3, 3, 3, 3, 3, 3, 3, 3, 3, 3, 3, 3, 3, 3, 3, 3, 3, 3, 3, 3, 3, 3, 3, 3, 3, 3, 3, 3, 3, 3, 3, 3, 3, 3, 3, 3, 3, 3, 3, 3, 3, 3, 3, 3, 3, 3, 3, 3, 3, 3, 3, 3, 3, 3, 3, 3, 3, 3, 3, 3, 3, 3, 3, 3, 3, 3, 3, 3, 3, 3, 3, 3, 3, 3, 3, 3, 3, 3, 3, 3, 3, 3, 3, 3, 3, 3, 3, 3, 3, 3, 3, 3, 3, 3, 3, 3, 3, 3, 3, 3, 3, 3, 3, 3, 3, 3, 3, 3, 3, 3, 3, 3, 3, 3, 3, 3, 3, 3, 3, 3, 3, 3, 3, 3, 3, 3, 3, 3, 3, 3, 3, 3, 3, 3, 3, 3, 3, 3, 3, 3, 3, 3, 3, 3, 3, 3, 3, 3, 3, 3, 3, 3, 3, 3, 3, 3, 3, 3, 3, 3, 3, 3, 3, 3, 3, 3, 3, 3, 3, 3, 3, 3, 3, 3, 3, 3, 3, 3, 3, 3, 3, 3, 3, 3, 3, 3, 3, 3, 3, 3, 3, 3, 3, 3, 3, 3, 3, 3, 3, 3, 3, 3, 3, 3, 3, 3, 3, 3, 3, 3, 3, 3, 3, 3, 3, 3, 3, 3, 3, 3, 3, 3, 3, 3, 3, 3, 3, 3, 3, 3, 3, 3, 3, 3, 3, 3, 3, 3, 3, 3, 3, 3, 3, 3, 3, 3, 3, 3, 3, 3, 3, 3, 3, 3, 3, 3, 3, 3, 3, 3, 3, 3, 3, 3, 3, 3, 3, 3, 3, 3, 3, 3, 3, 3, 3, 3, 3, 3, 3, 3, 3, 3, 3, 3, 3, 3, 3, 3, 3, 3, 3, 3, 3, 3, 3, 3, 3, 3, 3, 3, 3, 3, 3, 3, 3, 3, 3, 3, 3, 3, 3, 3, 3, 3, 3, 3, 3, 3, 3, 3, 3, 3, 3, 3, 3, 3, 3, 3, 3, 3, 3, 3, 3, 3, 3, 3, 3, 3, 3, 3, 3, 3, 3, 3, 3, 3, 3, 3, 3, 3, 3, 3, 3, 3, 3, 3, 3, 3, 3, 3, 3, 3, 3, 3, 3, 3, 3, 3, 3, 3, 3, 3, 3, 3, 3, 3, 3, 3, 3, 3, 3, 3, 3, 3, 3, 3, 3, 3, 3, 3, 3, 3, 3, 3, 3, 3, 3, 3, 3, 3, 3, 3, 3, 3, 3, 3, 3, 3, 3, 3, 3, 3, 3, 3, 3, 3, 3, 3, 3, 3, 3, 3, 3, 3, 3, 3, 3, 3, 3, 3, 3, 3, 3, 3, 3, 3, 3, 3, 3, 3, 3, 3, 3, 3, 3, 3, 3, 3, 3, 3, 3, 3, 3, 3, 3, 3, 3, 3, 3, 3, 3, 3, 3, 3, 3, 3, 3, 3, 3, 3, 3, 3, 3, 3, 3, 3, 3, 3, 3, 3, 3, 3, 3, 3, 3, 3, 3, 3, 3, 3, 3, 3, 3, 3, 3, 3, 3, 3, 3, 3, 3, 3, 3, 3, 3, 3, 3, 3, 3, 3, 3, 3, 3, 3, 3, 3, 3, 3, 3, 3, 3, 3, 3, 3, 3, 3, 3, 3, 3, 3, 3, 3, 3, 3, 3, 3, 3, 3, 3, 3, 3, 3, 3, 3, 3, 3, 3, 3, 3, 3, 3, 3, 3, 3, 3, 3, 3, 3, 3, 3, 3, 3, 3, 3, 3, 3, 3, 3, 3, 3, 3, 3, 3, 3, 3, 3, 3, 3, 3, 3, 3, 3, 3, 3, 3, 3, 3, 3, 3, 3, 3, 3, 3, 3, 3, 3, 3, 3, 3, 3, 3, 3, 3, 3, 3, 3, 3, 3, 3, 3, 3, 3, 3, 3, 3, 3, 3, 3, 3, 3, 3, 3, 3, 3, 3, 3, 3, 3, 3, 3, 3, 3, 3, 3, 3, 3, 3, 3, 3, 3, 3, 3, 3, 3, 3, 3, 3, 3, 3, 3, 3, 3, 3, 3, 3, 3, 3, 3, 3, 3, 3, 3, 3, 3, 3, 3, 3, 3, 3, 3, 3, 3, 3, 3, 3, 3, 3, 3, 3, 3, 3, 3, 3, 3, 3, 3, 3, 3, 3, 3, 3, 3, 3, 3, 3, 3, 3, 3, 3, 3, 3, 3, 3, 3, 3, 3, 3, 3, 3, 3, 3, 3, 3, 3, 3, 3, 3, 3, 3, 3, 3, 3, 3, 3, 3, 3, 3, 3, 3, 3, 3, 3, 3, 3, 3, 3, 3, 3, 3, 3, 3, 3, 3, 3, 3, 3, 3, 3, 3, 3, 3, 3, 3, 3, 3, 3, 3, 3, 3, 3, 3, 3, 3, 3, 3, 3, 3, 3, 3, 3, 3, 3, 3, 3, 3, 3, 3, 3, 3, 3, 3, 3, 3, 3, 3, 3, 3, 3, 3, 3, 3, 3, 3, 3, 3, 3, 3, 3, 3, 3, 3, 3, 3, 3, 3, 3, 3, 3, 3, 3, 3, 3, 3, 3, 3, 3, 3, 3, 3, 3, 3, 3, 3, 3, 3, 3, 3, 3, 3, 3, 3, 3, 3, 3, 3, 3, 3, 3, 3, 3, 3, 3, 3, 3, 3, 3, 3, 3, 3, 3, 3, 3, 3, 3, 3, 3, 3, 3, 3, 3, 3, 3, 3, 3, 3, 3, 3, 3, 3, 3, 3, 3, 3, 3, 3, 3, 3, 3, 3, 3, 3, 3, 3, 3, 3, 3, 3, 3, 3, 3, 3, 3, 3, 3, 3, 3, 3, 3, 3, 3, 3, 3, 3, 3, 3, 3, 3, 3, 3, 3, 3, 3, 3, 3, 3, 3, 3, 3, 3, 3, 3, 3, 3, 3, 3, 3, 3, 3, 3, 3, 3, 3, 3, 3, 3, 3, 3, 3, 3, 3, 3, 3, 3, 3, 3, 3, 3, 3, 3, 3, 3, 3, 3, 3, 3, 3, 3, 3, 3, 3, 3, 3, 3, 3, 3, 3, 3, 3, 3, 3, 3, 3, 3, 3, 3, 3, 3, 3, 3, 3, 3, 3, 3, 3, 3, 3, 3, 3, 3, 3, 3, 3, 3, 3, 3, 3, 3, 3, 3, 3, 3, 3, 3, 3, 3, 3, 3, 3, 3, 3, 3, 3, 3, 3, 3, 3, 3, 3, 3, 3, 3, 3, 3, 3, 3, 3, 3, 3, 3, 3, 3, 3, 3, 3, 3, 3, 3, 3, 3, 3, 3, 3, 3, 3, 3, 3, 3, 3, 3, 3, 3, 3, 3, 3, 3, 3, 3, 3, 3, 3, 3, 3, 3, 3, 3, 3, 3, 3, 3, 3, 3, 3, 3, 3, 3, 3, 3, 3, 3, 3, 3, 3, 3, 3, 3, 3, 3, 3, 3, 3, 3, 3, 3, 3, 3, 3, 3, 3, 3, 3, 3, 3, 3, 3, 3, 3, 3, 3, 3, 3, 3, 3, 3, 3, 3, 3, 3, 3, 3, 3, 3, 3, 3, 3, 3, 3, 3, 3, 3, 3, 3, 3, 3, 3, 3, 3, 3, 3, 3, 3, 3, 3, 3, 3, 3, 3, 3, 3, 3, 3, 3, 3, 3, 3, 3, 3, 3, 3, 3, 3, 3, 3, 3, 3, 3, 3, 3, 3, 3, 3, 3, 3, 3, 3, 3, 3, 3, 3, 3, 3, 3, 3, 3, 3, 3, 3, 3, 3, 3, 3, 3, 3, 3, 3, 3, 3, 3, 3, 3, 3, 3, 3, 3, 3, 3, 3, 3, 3, 3, 3, 3, 3, 3, 3, 3, 3, 3, 3, 3, 3, 3, 3, 3, 3, 3, 3, 3, 3, 3, 3, 3, 3, 3, 3, 3, 3, 3, 3, 3, 3, 3, 3, 3, 3, 3, 3, 3, 3, 3, 3, 3, 3, 3, 3, 3, 3, 3, 3, 3, 3, 3, 3, 3, 3, 3, 3, 3, 3, 3, 3, 3, 3, 3, 3, 3, 3, 3, 3, 3, 3, 3, 3, 3, 3, 3, 3, 3, 3, 3, 3, 3, 3, 3, 3, 3, 3, 3, 3, 3, 3, 3, 3, 3, 3, 3, 3, 3, 3, 3, 3, 3, 3, 3, 3, 3, 3, 3, 3, 3, 3, 3, 3, 3, 3, 3, 3, 3, 3, 3, 3, 3, 3, 3, 3, 3, 3, 3, 3, 3, 3, 3, 3, 3, 3, 3, 3, 3, 3, 3, 3, 3, 3, 3, 3, 3, 3, 3, 3, 3, 3, 3, 3, 3, 3, 3, 3, 3, 3, 3, 3, 3, 3, 3, 3, 3, 3, 3, 3, 3, 3, 3, 3, 3, 3, 3, 3, 3, 3, 3, 3, 3, 3, 3, 3, 3, 3, 3, 3, 3, 3, 3, 3, 3, 3, 3, 3, 3, 3, 3, 3, 3, 3, 3, 3, 3, 3, 3, 3, 3, 3, 3, 3, 3, 3, 3, 3, 3, 3, 3, 3, 3, 3, 3, 3, 3, 3, 3, 3, 3, 3, 3, 3, 3, 3, 3, 3, 3, 3, 3, 3, 3, 3, 3, 3, 3, 3, 3, 3, 3, 3, 3, 3, 3, 3, 3, 3, 3, 3, 3, 3, 3, 3]
        int[] faceVertexIndices = [66, 0, 1, 66, 65, 0, 67, 1, 2, 67, 66, 1, 68, 2, 3, 68, 3, 4, 68, 67, 2, 69, 68, 4, 70, 4, 5, 70, 69, 4, 71, 5, 6, 71, 70, 5, 72, 6, 7, 72, 7, 8, 72, 71, 6, 73, 72, 8, 74, 8, 9, 74, 9, 10, 74, 73, 8, 75, 74, 10, 76, 10, 11, 76, 11, 12, 76, 75, 10, 77, 76, 12, 78, 12, 13, 78, 77, 12, 79, 13, 14, 79, 78, 13, 80, 14, 15, 80, 15, 16, 80, 79, 14, 81, 80, 16, 82, 16, 17, 82, 17, 18, 82, 81, 16, 83, 82, 18, 84, 83, 18, 84, 18, 19, 85, 84, 19, 85, 19, 20, 86, 85, 20, 86, 20, 21, 87, 86, 21, 87, 21, 22, 87, 22, 23, 88, 87, 23, 89, 23, 24, 89, 88, 23, 90, 89, 24, 90, 24, 25, 90, 25, 26, 91, 26, 27, 91, 90, 26, 92, 91, 27, 93, 27, 28, 93, 92, 27, 94, 28, 29, 94, 29, 30, 94, 93, 28, 95, 94, 30, 96, 30, 31, 96, 95, 30, 97, 31, 32, 97, 96, 31, 98, 32, 33, 98, 97, 32, 99, 33, 34, 99, 98, 33, 100, 34, 35, 100, 99, 34, 101, 35, 36, 101, 36, 37, 101, 100, 35, 102, 101, 37, 103, 37, 38, 103, 38, 39, 103, 102, 37, 104, 103, 39, 105, 39, 40, 105, 104, 39, 106, 40, 41, 106, 41, 42, 106, 105, 40, 107, 106, 42, 108, 107, 42, 108, 42, 43, 108, 43, 44, 109, 108, 44, 109, 44, 45, 110, 109, 45, 111, 110, 45, 111, 45, 46, 112, 111, 46, 112, 46, 47, 112, 47, 48, 113, 112, 48, 114, 113, 48, 114, 48, 49, 114, 49, 50, 115, 114, 50, 116, 115, 50, 116, 50, 51, 117, 116, 51, 117, 51, 52, 118, 117, 52, 118, 52, 53, 119, 118, 53, 119, 53, 54, 119, 54, 55, 120, 119, 55, 121, 120, 55, 121, 55, 56, 122, 56, 57, 122, 121, 56, 123, 57, 58, 123, 122, 57, 124, 58, 59, 124, 123, 58, 125, 59, 60, 125, 124, 59, 126, 60, 61, 126, 125, 60, 127, 61, 62, 127, 126, 61, 64, 62, 63, 64, 127, 62, 247, 183, 246, 247, 184, 183, 245, 246, 183, 245, 183, 182, 248, 185, 184, 248, 184, 247, 244, 182, 181, 244, 245, 182, 249, 185, 248, 249, 186, 185, 243, 244, 181, 243, 181, 180, 250, 186, 249, 250, 187, 186, 242, 180, 179, 242, 243, 180, 251, 187, 250, 251, 188, 187, 251, 189, 188, 241, 179, 178, 241, 242, 179, 252, 189, 251, 240, 241, 178, 240, 177, 176, 240, 178, 177, 253, 189, 252, 253, 190, 189, 239, 240, 176, 191, 190, 253, 191, 128, 190, 238, 176, 175, 238, 239, 176, 192, 129, 128, 192, 128, 191, 237, 238, 175, 237, 175, 174, 193, 130, 129, 193, 129, 192, 236, 237, 174, 236, 174, 173, 194, 131, 130, 194, 130, 193, 235, 236, 173, 235, 173, 172, 195, 131, 194, 195, 132, 131, 234, 172, 171, 234, 235, 172, 196, 133, 132, 196, 132, 195, 233, 234, 171, 233, 171, 170, 197, 134, 133, 197, 133, 196, 232, 170, 169, 232, 233, 170, 198, 135, 134, 198, 134, 197, 231, 232, 169, 231, 169, 168, 230, 231, 168, 136, 135, 198, 136, 198, 199, 167, 230, 168, 229, 230, 167, 137, 136, 199, 137, 199, 200, 137, 200, 201, 166, 229, 167, 138, 201, 202, 138, 137, 201, 165, 228, 229, 165, 229, 166, 139, 202, 203, 139, 138, 202, 164, 228, 165, 164, 226, 227, 164, 227, 228, 140, 139, 203, 140, 203, 204, 163, 226, 164, 141, 140, 204, 162, 226, 163, 162, 225, 226, 142, 141, 204, 142, 204, 205, 142, 205, 206, 161, 225, 162, 161, 223, 224, 161, 224, 225, 143, 142, 206, 160, 223, 161, 144, 206, 207, 144, 143, 206, 159, 223, 160, 159, 222, 223, 145, 144, 207, 145, 207, 208, 145, 208, 209, 158, 222, 159, 158, 221, 222, 146, 145, 209, 157, 221, 158, 157, 219, 220, 157, 220, 221, 147, 146, 209, 147, 209, 210, 156, 219, 157, 156, 218, 219, 148, 210, 211, 148, 211, 212, 148, 147, 210, 155, 218, 156, 149, 148, 212, 154, 218, 155, 154, 217, 218, 150, 149, 212, 150, 212, 213, 150, 213, 214, 153, 217, 154, 153, 215, 216, 153, 216, 217, 151, 150, 214, 152, 215, 153, 152, 151, 214, 152, 214, 215, 320, 254, 255, 320, 319, 254, 321, 255, 256, 321, 320, 255, 322, 256, 257, 322, 321, 256, 323, 257, 258, 323, 322, 257, 324, 258, 259, 324, 259, 260, 324, 323, 258, 325, 260, 261, 325, 324, 260, 326, 325, 261, 327, 261, 262, 327, 326, 261, 328, 262, 263, 328, 327, 262, 329, 263, 264, 329, 328, 263, 330, 264, 265, 330, 329, 264, 331, 265, 266, 331, 330, 265, 332, 266, 267, 332, 267, 268, 332, 331, 266, 333, 332, 268, 334, 268, 269, 334, 333, 268, 335, 269, 270, 335, 270, 271, 335, 334, 269, 336, 335, 271, 337, 336, 271, 337, 271, 272, 338, 337, 272, 338, 272, 273, 338, 273, 274, 339, 338, 274, 340, 339, 274, 340, 274, 275, 341, 340, 275, 341, 275, 276, 342, 276, 277, 342, 277, 278, 342, 341, 276, 343, 278, 279, 343, 342, 278, 344, 279, 280, 344, 343, 279, 345, 344, 280, 346, 280, 281, 346, 281, 282, 346, 345, 280, 347, 346, 282, 348, 282, 283, 348, 347, 282, 349, 283, 284, 349, 284, 285, 349, 348, 283, 350, 349, 285, 351, 285, 286, 351, 350, 285, 352, 286, 287, 352, 287, 288, 352, 351, 286, 353, 288, 289, 353, 352, 288, 354, 353, 289, 355, 289, 290, 355, 354, 289, 356, 290, 291, 356, 291, 292, 356, 355, 290, 357, 356, 292, 358, 292, 293, 358, 293, 294, 358, 357, 292, 359, 358, 294, 360, 294, 295, 360, 359, 294, 361, 295, 296, 361, 296, 297, 361, 360, 295, 362, 361, 297, 363, 362, 297, 363, 297, 298, 363, 298, 299, 364, 363, 299, 364, 299, 300, 365, 364, 300, 365, 300, 301, 366, 365, 301, 366, 301, 302, 367, 366, 302, 368, 367, 302, 368, 302, 303, 368, 303, 304, 369, 368, 304, 369, 304, 305, 370, 369, 305, 370, 305, 306, 371, 370, 306, 372, 371, 306, 372, 306, 307, 372, 307, 308, 373, 372, 308, 374, 373, 308, 374, 308, 309, 375, 309, 310, 375, 374, 309, 376, 310, 311, 376, 311, 312, 376, 375, 310, 377, 312, 313, 377, 376, 312, 378, 377, 313, 379, 313, 314, 379, 314, 315, 379, 378, 313, 380, 379, 315, 381, 315, 316, 381, 316, 317, 381, 380, 315, 318, 381, 317, 513, 382, 383, 451, 450, 515, 446, 444, 445, 449, 512, 448, 516, 383, 384, 516, 384, 385, 516, 513, 383, 517, 385, 386, 517, 386, 387, 517, 516, 385, 518, 514, 513, 518, 513, 516, 519, 387, 388, 519, 388, 389, 519, 517, 387, 520, 518, 516, 520, 516, 517, 521, 389, 390, 521, 390, 391, 521, 519, 389, 522, 515, 514, 522, 514, 518, 522, 452, 451, 522, 453, 452, 522, 451, 515, 523, 517, 519, 523, 520, 517, 524, 391, 392, 524, 392, 393, 524, 521, 391, 525, 518, 520, 525, 522, 518, 525, 454, 453, 525, 455, 454, 525, 453, 522, 526, 519, 521, 526, 523, 519, 527, 393, 394, 527, 394, 395, 527, 524, 393, 528, 455, 525, 528, 456, 455, 528, 457, 456, 528, 525, 520, 528, 520, 523, 529, 526, 521, 529, 524, 527, 529, 521, 524, 530, 527, 395, 530, 395, 396, 530, 396, 397, 531, 528, 523, 531, 457, 528, 531, 523, 526, 531, 458, 457, 531, 459, 458, 532, 529, 527, 533, 530, 397, 533, 397, 398, 533, 398, 399, 534, 459, 531, 534, 460, 459, 534, 461, 460, 534, 529, 532, 534, 531, 526, 534, 526, 529, 535, 527, 530, 535, 532, 527, 536, 533, 399, 536, 399, 400, 536, 400, 401, 537, 534, 532, 537, 461, 534, 537, 462, 461, 537, 463, 462, 538, 535, 530, 538, 533, 536, 538, 530, 533, 539, 401, 402, 539, 402, 403, 539, 536, 401, 540, 532, 535, 540, 463, 537, 540, 537, 532, 540, 464, 463, 540, 465, 464, 541, 538, 536, 542, 539, 403, 542, 403, 404, 542, 404, 405, 543, 538, 541, 543, 535, 538, 543, 465, 540, 543, 540, 535, 543, 466, 465, 543, 467, 466, 544, 536, 539, 544, 539, 542, 544, 541, 536, 545, 405, 406, 545, 406, 407, 545, 542, 405, 546, 467, 543, 546, 543, 541, 546, 468, 467, 546, 469, 468, 547, 542, 545, 547, 544, 542, 548, 407, 408, 548, 408, 409, 548, 545, 407, 549, 469, 546, 549, 541, 544, 549, 470, 469, 549, 546, 541, 549, 471, 470, 550, 547, 545, 551, 409, 410, 551, 410, 411, 551, 548, 409, 552, 549, 544, 552, 544, 547, 552, 471, 549, 552, 472, 471, 552, 473, 472, 552, 547, 550, 553, 545, 548, 553, 548, 551, 553, 550, 545, 554, 551, 411, 554, 411, 412, 554, 412, 413, 555, 552, 550, 555, 473, 552, 555, 474, 473, 555, 475, 474, 556, 553, 551, 557, 554, 413, 557, 413, 414, 558, 555, 550, 558, 550, 553, 558, 475, 555, 558, 476, 475, 558, 477, 476, 559, 554, 557, 559, 551, 554, 559, 556, 551, 560, 557, 414, 560, 414, 415, 560, 415, 416, 561, 553, 556, 561, 558, 553, 561, 477, 558, 561, 478, 477, 561, 479, 478, 562, 559, 557, 563, 416, 417, 563, 417, 418, 563, 560, 416, 564, 559, 562, 564, 561, 556, 564, 479, 561, 564, 556, 559, 564, 480, 479, 564, 481, 480, 565, 562, 557, 565, 557, 560, 566, 418, 419, 566, 419, 420, 566, 563, 418, 567, 564, 562, 567, 481, 564, 567, 482, 481, 568, 560, 563, 568, 565, 560, 569, 566, 420, 569, 420, 421, 569, 421, 422, 570, 484, 483, 570, 567, 562, 570, 482, 567, 570, 562, 565, 570, 483, 482, 571, 568, 563, 571, 563, 566, 572, 422, 423, 572, 423, 424, 572, 569, 422, 573, 485, 484, 573, 486, 485, 573, 565, 568, 573, 570, 565, 573, 484, 570, 574, 566, 569, 574, 571, 566, 574, 569, 572, 575, 424, 425, 575, 425, 426, 575, 572, 424, 576, 487, 486, 576, 488, 487, 576, 486, 573, 576, 573, 568, 576, 568, 571, 577, 574, 572, 577, 572, 575, 578, 426, 427, 578, 427, 428, 578, 575, 426, 579, 489, 488, 579, 490, 489, 579, 571, 574, 579, 488, 576, 579, 576, 571, 579, 574, 577, 580, 577, 575, 580, 575, 578, 581, 578, 428, 581, 428, 429, 581, 429, 430, 582, 491, 490, 582, 492, 491, 582, 490, 579, 582, 579, 577, 582, 577, 580, 583, 580, 578, 584, 581, 430, 584, 430, 431, 584, 431, 432, 585, 493, 492, 585, 494, 493, 585, 582, 580, 585, 580, 583, 585, 492, 582, 586, 578, 581, 586, 583, 578, 587, 432, 433, 587, 433, 434, 587, 584, 432, 588, 495, 494, 588, 496, 495, 588, 494, 585, 588, 585, 583, 589, 581, 584, 589, 586, 581, 589, 584, 587, 590, 434, 435, 590, 435, 436, 590, 587, 434, 591, 497, 496, 591, 498, 497, 591, 496, 588, 591, 583, 586, 591, 588, 583, 592, 589, 587, 592, 587, 590, 593, 590, 436, 593, 436, 437, 593, 437, 438, 594, 499, 498, 594, 500, 499, 594, 589, 592, 594, 498, 591, 594, 586, 589, 594, 591, 586, 595, 592, 590, 596, 438, 439, 596, 439, 440, 596, 593, 438, 597, 501, 500, 597, 502, 501, 597, 500, 594, 597, 594, 592, 598, 590, 593, 598, 595, 590, 599, 440, 441, 599, 441, 442, 599, 596, 440, 600, 592, 595, 600, 502, 597, 600, 503, 502, 600, 504, 503, 600, 597, 592, 601, 596, 599, 601, 593, 596, 601, 598, 593, 602, 442, 443, 602, 443, 444, 602, 599, 442, 602, 444, 446, 603, 505, 504, 603, 506, 505, 603, 595, 598, 603, 600, 595, 603, 504, 600, 604, 601, 599, 605, 598, 601, 605, 506, 603, 605, 601, 604, 605, 507, 506, 605, 508, 507, 605, 603, 598, 606, 602, 446, 606, 599, 602, 606, 604, 599, 606, 446, 447, 606, 447, 448, 607, 605, 604, 607, 509, 508, 607, 510, 509, 607, 508, 605, 608, 448, 512, 608, 604, 606, 608, 607, 604, 608, 511, 510, 608, 512, 511, 608, 606, 448, 608, 510, 607, 675, 609, 610, 675, 674, 609, 676, 610, 611, 676, 675, 610, 677, 611, 612, 677, 676, 611, 678, 612, 613, 678, 677, 612, 679, 613, 614, 679, 678, 613, 615, 679, 614, 680, 679, 615, 681, 615, 616, 681, 680, 615, 617, 681, 616, 682, 681, 617, 618, 682, 617, 683, 682, 618, 684, 618, 619, 684, 683, 618, 685, 619, 620, 685, 684, 619, 686, 620, 621, 686, 685, 620, 622, 686, 621, 687, 686, 622, 688, 622, 623, 688, 687, 622, 689, 623, 624, 689, 688, 623, 690, 624, 625, 690, 689, 624, 691, 625, 626, 691, 690, 625, 692, 626, 627, 692, 691, 626, 693, 692, 627, 693, 627, 628, 694, 693, 628, 694, 628, 629, 695, 694, 629, 695, 629, 630, 696, 695, 630, 696, 630, 631, 697, 696, 631, 697, 631, 632, 698, 632, 633, 698, 697, 632, 699, 633, 634, 699, 698, 633, 700, 634, 635, 700, 699, 634, 701, 635, 636, 701, 700, 635, 637, 701, 636, 702, 701, 637, 703, 637, 638, 703, 702, 637, 704, 638, 639, 704, 703, 638, 640, 704, 639, 705, 704, 640, 706, 640, 641, 706, 705, 640, 642, 706, 641, 707, 706, 642, 708, 642, 643, 708, 707, 642, 709, 643, 644, 709, 708, 643, 710, 644, 645, 710, 709, 644, 711, 645, 646, 711, 710, 645, 712, 646, 647, 712, 711, 646, 713, 647, 648, 713, 712, 647, 714, 648, 649, 714, 713, 648, 715, 649, 650, 715, 714, 649, 716, 650, 651, 716, 715, 650, 717, 716, 651, 717, 651, 652, 718, 652, 653, 718, 717, 652, 719, 718, 653, 719, 653, 654, 720, 719, 654, 720, 654, 655, 721, 720, 655, 721, 655, 656, 722, 721, 656, 722, 656, 657, 723, 722, 657, 723, 657, 658, 724, 723, 658, 724, 658, 659, 725, 724, 659, 725, 659, 660, 726, 725, 660, 726, 660, 661, 727, 726, 661, 727, 661, 662, 728, 727, 662, 728, 662, 663, 729, 728, 663, 729, 663, 664, 730, 729, 664, 730, 664, 665, 731, 730, 665, 731, 665, 666, 732, 666, 667, 732, 731, 666, 733, 667, 668, 733, 732, 667, 734, 668, 669, 734, 733, 668, 735, 669, 670, 735, 734, 669, 736, 670, 671, 736, 735, 670, 673, 671, 672, 673, 736, 671, 803, 737, 738, 803, 802, 737, 804, 738, 739, 804, 739, 740, 804, 803, 738, 805, 804, 740, 806, 740, 741, 806, 741, 742, 806, 805, 740, 807, 806, 742, 808, 742, 743, 808, 807, 742, 809, 743, 744, 809, 744, 745, 809, 808, 743, 810, 809, 745, 811, 745, 746, 811, 810, 745, 812, 746, 747, 812, 811, 746, 813, 747, 748, 813, 748, 749, 813, 812, 747, 814, 813, 749, 815, 749, 750, 815, 814, 749, 816, 750, 751, 816, 815, 750, 817, 751, 752, 817, 752, 753, 817, 816, 751, 818, 817, 753, 819, 818, 753, 819, 753, 754, 820, 754, 755, 820, 755, 756, 820, 819, 754, 821, 820, 756, 822, 821, 756, 822, 756, 757, 823, 822, 757, 823, 757, 758, 824, 823, 758, 824, 758, 759, 825, 824, 759, 825, 759, 760, 826, 760, 761, 826, 825, 760, 827, 761, 762, 827, 826, 761, 828, 762, 763, 828, 827, 762, 829, 763, 764, 829, 828, 763, 830, 764, 765, 830, 765, 766, 830, 829, 764, 831, 830, 766, 832, 766, 767, 832, 831, 766, 833, 767, 768, 833, 832, 767, 834, 768, 769, 834, 833, 768, 835, 769, 770, 835, 834, 769, 836, 770, 771, 836, 835, 770, 837, 771, 772, 837, 836, 771, 838, 772, 773, 838, 837, 772, 839, 773, 774, 839, 774, 775, 839, 838, 773, 840, 775, 776, 840, 839, 775, 841, 840, 776, 842, 776, 777, 842, 841, 776, 843, 777, 778, 843, 842, 777, 844, 778, 779, 844, 843, 778, 845, 844, 779, 845, 779, 780, 846, 845, 780, 846, 780, 781, 847, 846, 781, 847, 781, 782, 848, 847, 782, 848, 782, 783, 848, 783, 784, 849, 848, 784, 850, 849, 784, 850, 784, 785, 851, 850, 785, 851, 785, 786, 852, 851, 786, 852, 786, 787, 852, 787, 788, 853, 852, 788, 854, 853, 788, 854, 788, 789, 854, 789, 790, 855, 854, 790, 856, 855, 790, 856, 790, 791, 856, 791, 792, 857, 856, 792, 858, 792, 793, 858, 857, 792, 859, 793, 794, 859, 794, 795, 859, 858, 793, 860, 859, 795, 861, 795, 796, 861, 860, 795, 862, 796, 797, 862, 861, 796, 863, 797, 798, 863, 862, 797, 864, 798, 799, 864, 863, 798, 801, 799, 800, 801, 864, 799, 931, 865, 866, 931, 930, 865, 932, 866, 867, 932, 931, 866, 933, 867, 868, 933, 932, 867, 934, 868, 869, 934, 933, 868, 935, 869, 870, 935, 934, 869, 871, 935, 870, 936, 935, 871, 937, 871, 872, 937, 936, 871, 938, 872, 873, 938, 937, 872, 939, 873, 874, 939, 938, 873, 940, 874, 875, 940, 939, 874, 941, 875, 876, 941, 940, 875, 942, 876, 877, 942, 941, 876, 943, 877, 878, 943, 942, 877, 944, 878, 879, 944, 943, 878, 945, 879, 880, 945, 944, 879, 946, 880, 881, 946, 945, 880, 947, 881, 882, 947, 946, 881, 883, 947, 882, 948, 947, 883, 949, 948, 883, 949, 883, 884, 885, 949, 884, 950, 949, 885, 951, 950, 885, 951, 885, 886, 952, 951, 886, 952, 886, 887, 888, 952, 887, 953, 952, 888, 889, 953, 888, 954, 953, 889, 890, 954, 889, 955, 954, 890, 891, 955, 890, 956, 955, 891, 957, 891, 892, 957, 956, 891, 958, 892, 893, 958, 957, 892, 894, 958, 893, 959, 958, 894, 895, 959, 894, 960, 959, 895, 896, 960, 895, 961, 960, 896, 962, 896, 897, 962, 961, 896, 963, 897, 898, 963, 962, 897, 964, 898, 899, 964, 963, 898, 965, 899, 900, 965, 964, 899, 966, 900, 901, 966, 965, 900, 967, 901, 902, 967, 966, 901, 968, 902, 903, 968, 967, 902, 969, 903, 904, 969, 968, 903, 970, 904, 905, 970, 969, 904, 971, 905, 906, 971, 970, 905, 972, 906, 907, 972, 971, 906, 973, 972, 907, 973, 907, 908, 974, 908, 909, 974, 973, 908, 975, 974, 909, 975, 909, 910, 976, 975, 910, 976, 910, 911, 977, 976, 911, 977, 911, 912, 978, 977, 912, 978, 912, 913, 979, 978, 913, 979, 913, 914, 980, 979, 914, 980, 914, 915, 981, 980, 915, 981, 915, 916, 982, 981, 916, 982, 916, 917, 983, 982, 917, 983, 917, 918, 984, 983, 918, 984, 918, 919, 985, 984, 919, 985, 919, 920, 986, 985, 920, 986, 920, 921, 987, 986, 921, 987, 921, 922, 988, 922, 923, 988, 987, 922, 989, 923, 924, 989, 988, 923, 990, 924, 925, 990, 989, 924, 991, 925, 926, 991, 990, 925, 992, 926, 927, 992, 991, 926, 929, 927, 928, 929, 992, 927, 1000, 999, 1064, 998, 1061, 997, 1065, 1062, 993, 1066, 1065, 993, 1067, 1066, 993, 1068, 1062, 1065, 1068, 1063, 1062, 1069, 1067, 993, 1070, 1068, 1065, 1070, 1065, 1066, 1071, 1069, 993, 1072, 1066, 1067, 1072, 1070, 1066, 1073, 1071, 993, 1074, 1001, 1000, 1074, 1002, 1001, 1074, 1063, 1068, 1074, 1064, 1063, 1074, 1000, 1064, 1075, 1067, 1069, 1075, 1072, 1067, 1076, 1073, 993, 1077, 1002, 1074, 1077, 1003, 1002, 1077, 1004, 1003, 1077, 1068, 1070, 1077, 1074, 1068, 1078, 1075, 1069, 1078, 1069, 1071, 1079, 1076, 993, 1080, 1077, 1070, 1080, 1005, 1004, 1080, 1006, 1005, 1080, 1004, 1077, 1080, 1070, 1072, 1081, 1073, 1076, 1081, 1078, 1071, 1081, 1071, 1073, 1082, 1079, 993, 1083, 1080, 1072, 1083, 1007, 1006, 1083, 1008, 1007, 1083, 1006, 1080, 1083, 1072, 1075, 1084, 1081, 1076, 1085, 1082, 993, 1086, 1008, 1083, 1086, 1009, 1008, 1086, 1010, 1009, 1086, 1075, 1078, 1086, 1083, 1075, 1087, 1076, 1079, 1087, 1084, 1076, 1088, 1085, 993, 1089, 1010, 1086, 1089, 1011, 1010, 1089, 1012, 1011, 1089, 1078, 1081, 1089, 1086, 1078, 1090, 1087, 1079, 1090, 1079, 1082, 1091, 1088, 993, 1092, 1013, 1012, 1092, 1014, 1013, 1092, 1081, 1084, 1092, 1012, 1089, 1092, 1089, 1081, 1093, 1090, 1082, 1093, 1082, 1085, 1094, 1091, 993, 1095, 1014, 1092, 1095, 1015, 1014, 1095, 1092, 1084, 1095, 1016, 1015, 1095, 1084, 1087, 1096, 1093, 1085, 1096, 1085, 1088, 1097, 1094, 993, 1098, 1087, 1090, 1098, 1017, 1016, 1098, 1095, 1087, 1098, 1018, 1017, 1098, 1016, 1095, 1099, 1091, 1094, 1099, 1088, 1091, 1099, 1096, 1088, 1100, 1097, 993, 1101, 1090, 1093, 1101, 1019, 1018, 1101, 1020, 1019, 1101, 1098, 1090, 1101, 1018, 1098, 1102, 1099, 1094, 1103, 993, 994, 1103, 1100, 993, 1104, 1093, 1096, 1104, 1020, 1101, 1104, 1021, 1020, 1104, 1022, 1021, 1104, 1101, 1093, 1104, 1096, 1099, 1105, 1102, 1094, 1105, 1097, 1100, 1105, 1094, 1097, 1106, 1103, 994, 1107, 1023, 1022, 1107, 1024, 1023, 1107, 1022, 1104, 1107, 1104, 1099, 1108, 1105, 1100, 1109, 1106, 994, 1110, 1025, 1024, 1110, 1026, 1025, 1110, 1099, 1102, 1110, 1107, 1099, 1110, 1024, 1107, 1111, 1100, 1103, 1111, 1108, 1100, 1111, 1103, 1106, 1112, 1109, 994, 1113, 1027, 1026, 1113, 1026, 1110, 1113, 1028, 1027, 1113, 1105, 1108, 1113, 1110, 1102, 1113, 1102, 1105, 1114, 1111, 1106, 1115, 1112, 994, 1116, 1113, 1108, 1116, 1029, 1028, 1116, 1030, 1029, 1116, 1028, 1113, 1117, 1106, 1109, 1117, 1114, 1106, 1118, 1115, 994, 1119, 1116, 1108, 1119, 1031, 1030, 1119, 1108, 1111, 1119, 1030, 1116, 1120, 1109, 1112, 1120, 1117, 1109, 1121, 1118, 994, 1122, 1119, 1111, 1122, 1032, 1031, 1122, 1033, 1032, 1122, 1031, 1119, 1122, 1111, 1114, 1123, 1115, 1118, 1123, 1120, 1112, 1123, 1112, 1115, 1124, 1121, 994, 1125, 1122, 1114, 1125, 1034, 1033, 1125, 1035, 1034, 1125, 1033, 1122, 1125, 1114, 1117, 1126, 1118, 1121, 1126, 1123, 1118, 1127, 1124, 994, 1128, 1035, 1125, 1128, 1125, 1117, 1128, 1117, 1120, 1128, 1036, 1035, 1128, 1037, 1036, 1129, 1121, 1124, 1129, 1126, 1121, 1130, 1127, 994, 1131, 1128, 1120, 1131, 1120, 1123, 1131, 1038, 1037, 1131, 1039, 1038, 1131, 1037, 1128, 1132, 1129, 1124, 1133, 1130, 994, 1134, 1039, 1131, 1134, 1123, 1126, 1134, 1131, 1123, 1134, 1040, 1039, 1134, 1041, 1040, 1135, 1124, 1127, 1135, 1132, 1124, 1136, 1133, 994, 1137, 1126, 1129, 1137, 1041, 1134, 1137, 1134, 1126, 1137, 1042, 1041, 1137, 1043, 1042, 1138, 1127, 1130, 1138, 1135, 1127, 1139, 1136, 994, 1140, 1129, 1132, 1140, 1137, 1129, 1140, 1043, 1137, 1140, 1044, 1043, 1140, 1045, 1044, 1141, 1130, 1133, 1141, 1138, 1130, 1142, 1139, 994, 1143, 1132, 1135, 1143, 1045, 1140, 1143, 1046, 1045, 1143, 1047, 1046, 1143, 1140, 1132, 1144, 1133, 1136, 1144, 1141, 1133, 1145, 1142, 994, 1146, 1143, 1135, 1146, 1135, 1138, 1146, 1048, 1047, 1146, 1049, 1048, 1146, 1138, 1141, 1146, 1047, 1143, 1147, 1136, 1139, 1147, 1144, 1136, 1148, 994, 995, 1148, 1145, 994, 1149, 1146, 1141, 1149, 1050, 1049, 1149, 1051, 1050, 1149, 1049, 1146, 1150, 1147, 1139, 1150, 1139, 1142, 1151, 1149, 1141, 1151, 1052, 1051, 1151, 1053, 1052, 1151, 1141, 1144, 1151, 1051, 1149, 1152, 1142, 1145, 1152, 1150, 1142, 1153, 1144, 1147, 1153, 1151, 1144, 1153, 1054, 1053, 1153, 1055, 1054, 1153, 1147, 1150, 1153, 1053, 1151, 1154, 995, 996, 1154, 1152, 1145, 1154, 1148, 995, 1154, 1145, 1148, 1155, 1153, 1150, 1155, 1055, 1153, 1155, 1056, 1055, 1155, 1057, 1056, 1156, 1150, 1152, 1156, 1057, 1155, 1156, 1155, 1150, 1156, 1058, 1057, 1156, 1059, 1058, 1157, 1156, 1152, 1157, 996, 997, 1157, 1152, 1154, 1157, 997, 1061, 1157, 1059, 1156, 1157, 1060, 1059, 1157, 1061, 1060, 1157, 1154, 996, 1224, 1158, 1159, 1224, 1223, 1158, 1225, 1159, 1160, 1225, 1224, 1159, 1226, 1160, 1161, 1226, 1225, 1160, 1227, 1161, 1162, 1227, 1226, 1161, 1228, 1162, 1163, 1228, 1227, 1162, 1229, 1163, 1164, 1229, 1228, 1163, 1230, 1164, 1165, 1230, 1229, 1164, 1231, 1165, 1166, 1231, 1230, 1165, 1232, 1166, 1167, 1232, 1231, 1166, 1233, 1167, 1168, 1233, 1232, 1167, 1234, 1168, 1169, 1234, 1233, 1168, 1235, 1169, 1170, 1235, 1234, 1169, 1171, 1235, 1170, 1236, 1235, 1171, 1172, 1236, 1171, 1237, 1236, 1172, 1238, 1172, 1173, 1238, 1237, 1172, 1174, 1238, 1173, 1239, 1238, 1174, 1175, 1239, 1174, 1240, 1239, 1175, 1176, 1240, 1175, 1241, 1240, 1176, 1242, 1241, 1176, 1242, 1176, 1177, 1178, 1242, 1177, 1243, 1242, 1178, 1179, 1243, 1178, 1244, 1243, 1179, 1180, 1244, 1179, 1245, 1244, 1180, 1181, 1245, 1180, 1246, 1245, 1181, 1247, 1181, 1182, 1247, 1246, 1181, 1248, 1182, 1183, 1248, 1247, 1182, 1249, 1183, 1184, 1249, 1248, 1183, 1250, 1184, 1185, 1250, 1249, 1184, 1186, 1250, 1185, 1251, 1250, 1186, 1187, 1251, 1186, 1252, 1251, 1187, 1253, 1187, 1188, 1253, 1252, 1187, 1189, 1253, 1188, 1254, 1253, 1189, 1255, 1189, 1190, 1255, 1254, 1189, 1256, 1190, 1191, 1256, 1255, 1190, 1257, 1191, 1192, 1257, 1256, 1191, 1258, 1192, 1193, 1258, 1257, 1192, 1259, 1193, 1194, 1259, 1258, 1193, 1260, 1194, 1195, 1260, 1259, 1194, 1261, 1195, 1196, 1261, 1260, 1195, 1262, 1196, 1197, 1262, 1261, 1196, 1263, 1197, 1198, 1263, 1262, 1197, 1264, 1198, 1199, 1264, 1263, 1198, 1265, 1199, 1200, 1265, 1264, 1199, 1266, 1265, 1200, 1266, 1200, 1201, 1267, 1201, 1202, 1267, 1266, 1201, 1268, 1267, 1202, 1268, 1202, 1203, 1204, 1268, 1203, 1269, 1268, 1204, 1270, 1269, 1204, 1270, 1204, 1205, 1271, 1270, 1205, 1271, 1205, 1206, 1207, 1271, 1206, 1272, 1271, 1207, 1273, 1272, 1207, 1273, 1207, 1208, 1274, 1273, 1208, 1274, 1208, 1209, 1210, 1274, 1209, 1275, 1274, 1210, 1276, 1275, 1210, 1276, 1210, 1211, 1277, 1276, 1211, 1277, 1211, 1212, 1278, 1277, 1212, 1278, 1212, 1213, 1279, 1278, 1213, 1279, 1213, 1214, 1280, 1279, 1214, 1280, 1214, 1215, 1281, 1215, 1216, 1281, 1280, 1215, 1282, 1216, 1217, 1282, 1281, 1216, 1283, 1217, 1218, 1283, 1282, 1217, 1284, 1218, 1219, 1284, 1283, 1218, 1285, 1219, 1220, 1285, 1284, 1219, 1221, 1285, 1220, 1222, 1285, 1221, 1352, 1286, 1287, 1352, 1351, 1286, 1353, 1287, 1288, 1353, 1352, 1287, 1354, 1288, 1289, 1354, 1353, 1288, 1355, 1289, 1290, 1355, 1354, 1289, 1356, 1290, 1291, 1356, 1355, 1290, 1357, 1291, 1292, 1357, 1356, 1291, 1358, 1292, 1293, 1358, 1357, 1292, 1294, 1358, 1293, 1359, 1358, 1294, 1360, 1294, 1295, 1360, 1359, 1294, 1361, 1295, 1296, 1361, 1360, 1295, 1362, 1296, 1297, 1362, 1361, 1296, 1363, 1297, 1298, 1363, 1362, 1297, 1364, 1298, 1299, 1364, 1363, 1298, 1365, 1299, 1300, 1365, 1364, 1299, 1366, 1300, 1301, 1366, 1365, 1300, 1367, 1301, 1302, 1367, 1366, 1301, 1368, 1302, 1303, 1368, 1367, 1302, 1304, 1368, 1303, 1369, 1368, 1304, 1305, 1369, 1304, 1370, 1369, 1305, 1371, 1370, 1305, 1371, 1305, 1306, 1307, 1371, 1306, 1372, 1371, 1307, 1373, 1372, 1307, 1373, 1307, 1308, 1374, 1373, 1308, 1374, 1308, 1309, 1375, 1309, 1310, 1375, 1374, 1309, 1376, 1310, 1311, 1376, 1375, 1310, 1377, 1311, 1312, 1377, 1376, 1311, 1378, 1312, 1313, 1378, 1377, 1312, 1379, 1313, 1314, 1379, 1378, 1313, 1315, 1379, 1314, 1380, 1379, 1315, 1381, 1315, 1316, 1381, 1380, 1315, 1382, 1316, 1317, 1382, 1381, 1316, 1383, 1317, 1318, 1383, 1382, 1317, 1384, 1318, 1319, 1384, 1383, 1318, 1385, 1319, 1320, 1385, 1384, 1319, 1386, 1320, 1321, 1386, 1385, 1320, 1387, 1321, 1322, 1387, 1386, 1321, 1388, 1322, 1323, 1388, 1387, 1322, 1389, 1323, 1324, 1389, 1388, 1323, 1390, 1324, 1325, 1390, 1389, 1324, 1391, 1325, 1326, 1391, 1390, 1325, 1392, 1326, 1327, 1392, 1391, 1326, 1393, 1327, 1328, 1393, 1392, 1327, 1394, 1393, 1328, 1394, 1328, 1329, 1395, 1329, 1330, 1395, 1394, 1329, 1396, 1395, 1330, 1396, 1330, 1331, 1397, 1396, 1331, 1397, 1331, 1332, 1333, 1397, 1332, 1398, 1397, 1333, 1399, 1398, 1333, 1399, 1333, 1334, 1400, 1399, 1334, 1400, 1334, 1335, 1401, 1400, 1335, 1401, 1335, 1336, 1337, 1401, 1336, 1402, 1401, 1337, 1403, 1402, 1337, 1403, 1337, 1338, 1404, 1403, 1338, 1404, 1338, 1339, 1405, 1404, 1339, 1405, 1339, 1340, 1406, 1405, 1340, 1406, 1340, 1341, 1407, 1406, 1341, 1407, 1341, 1342, 1408, 1407, 1342, 1408, 1342, 1343, 1409, 1343, 1344, 1409, 1408, 1343, 1345, 1409, 1344, 1410, 1409, 1345, 1411, 1345, 1346, 1411, 1410, 1345, 1347, 1411, 1346, 1412, 1411, 1347, 1413, 1347, 1348, 1413, 1412, 1347, 1350, 1348, 1349, 1350, 1413, 1348, 1480, 1414, 1415, 1480, 1479, 1414, 1481, 1415, 1416, 1481, 1480, 1415, 1482, 1416, 1417, 1482, 1481, 1416, 1483, 1417, 1418, 1483, 1482, 1417, 1484, 1418, 1419, 1484, 1483, 1418, 1485, 1419, 1420, 1485, 1484, 1419, 1486, 1420, 1421, 1486, 1485, 1420, 1487, 1421, 1422, 1487, 1486, 1421, 1488, 1422, 1423, 1488, 1487, 1422, 1424, 1488, 1423, 1489, 1488, 1424, 1490, 1424, 1425, 1490, 1489, 1424, 1426, 1490, 1425, 1491, 1490, 1426, 1492, 1426, 1427, 1492, 1491, 1426, 1428, 1492, 1427, 1493, 1492, 1428, 1494, 1428, 1429, 1494, 1493, 1428, 1430, 1494, 1429, 1495, 1494, 1430, 1496, 1430, 1431, 1496, 1495, 1430, 1497, 1431, 1432, 1497, 1496, 1431, 1498, 1497, 1432, 1498, 1432, 1433, 1499, 1498, 1433, 1499, 1433, 1434, 1435, 1499, 1434, 1500, 1499, 1435, 1501, 1500, 1435, 1501, 1435, 1436, 1502, 1501, 1436, 1502, 1436, 1437, 1438, 1502, 1437, 1503, 1502, 1438, 1504, 1438, 1439, 1504, 1503, 1438, 1505, 1439, 1440, 1505, 1504, 1439, 1506, 1440, 1441, 1506, 1505, 1440, 1507, 1441, 1442, 1507, 1506, 1441, 1508, 1442, 1443, 1508, 1507, 1442, 1509, 1443, 1444, 1509, 1508, 1443, 1510, 1444, 1445, 1510, 1509, 1444, 1511, 1445, 1446, 1511, 1510, 1445, 1512, 1446, 1447, 1512, 1511, 1446, 1513, 1447, 1448, 1513, 1512, 1447, 1514, 1448, 1449, 1514, 1513, 1448, 1515, 1449, 1450, 1515, 1514, 1449, 1516, 1450, 1451, 1516, 1515, 1450, 1517, 1451, 1452, 1517, 1516, 1451, 1518, 1452, 1453, 1518, 1517, 1452, 1519, 1453, 1454, 1519, 1518, 1453, 1520, 1454, 1455, 1520, 1519, 1454, 1521, 1455, 1456, 1521, 1520, 1455, 1522, 1521, 1456, 1522, 1456, 1457, 1523, 1457, 1458, 1523, 1522, 1457, 1524, 1523, 1458, 1524, 1458, 1459, 1525, 1524, 1459, 1525, 1459, 1460, 1461, 1525, 1460, 1526, 1525, 1461, 1527, 1526, 1461, 1527, 1461, 1462, 1528, 1527, 1462, 1528, 1462, 1463, 1529, 1528, 1463, 1529, 1463, 1464, 1530, 1529, 1464, 1530, 1464, 1465, 1531, 1530, 1465, 1531, 1465, 1466, 1532, 1531, 1466, 1532, 1466, 1467, 1468, 1532, 1467, 1533, 1532, 1468, 1534, 1533, 1468, 1534, 1468, 1469, 1535, 1534, 1469, 1535, 1469, 1470, 1536, 1535, 1470, 1536, 1470, 1471, 1537, 1471, 1472, 1537, 1536, 1471, 1538, 1472, 1473, 1538, 1537, 1472, 1539, 1473, 1474, 1539, 1538, 1473, 1540, 1474, 1475, 1540, 1539, 1474, 1541, 1475, 1476, 1541, 1540, 1475, 1478, 1476, 1477, 1478, 1541, 1476, 1608, 1542, 1543, 1608, 1607, 1542, 1609, 1543, 1544, 1609, 1608, 1543, 1610, 1544, 1545, 1610, 1609, 1544, 1611, 1545, 1546, 1611, 1610, 1545, 1612, 1546, 1547, 1612, 1611, 1546, 1613, 1547, 1548, 1613, 1612, 1547, 1614, 1548, 1549, 1614, 1613, 1548, 1550, 1614, 1549, 1615, 1614, 1550, 1616, 1550, 1551, 1616, 1615, 1550, 1617, 1551, 1552, 1617, 1616, 1551, 1618, 1552, 1553, 1618, 1617, 1552, 1554, 1618, 1553, 1619, 1618, 1554, 1620, 1554, 1555, 1620, 1619, 1554, 1621, 1555, 1556, 1621, 1620, 1555, 1557, 1621, 1556, 1622, 1621, 1557, 1623, 1557, 1558, 1623, 1622, 1557, 1559, 1623, 1558, 1624, 1623, 1559, 1560, 1624, 1559, 1625, 1624, 1560, 1626, 1625, 1560, 1626, 1560, 1561, 1562, 1626, 1561, 1627, 1626, 1562, 1563, 1627, 1562, 1628, 1627, 1563, 1629, 1628, 1563, 1629, 1563, 1564, 1630, 1629, 1564, 1630, 1564, 1565, 1566, 1630, 1565, 1631, 1630, 1566, 1632, 1566, 1567, 1632, 1631, 1566, 1568, 1632, 1567, 1633, 1632, 1568, 1569, 1633, 1568, 1634, 1633, 1569, 1635, 1569, 1570, 1635, 1634, 1569, 1571, 1635, 1570, 1636, 1635, 1571, 1572, 1636, 1571, 1637, 1636, 1572, 1638, 1572, 1573, 1638, 1637, 1572, 1639, 1573, 1574, 1639, 1638, 1573, 1640, 1574, 1575, 1640, 1639, 1574, 1641, 1575, 1576, 1641, 1640, 1575, 1642, 1576, 1577, 1642, 1641, 1576, 1643, 1577, 1578, 1643, 1642, 1577, 1644, 1578, 1579, 1644, 1643, 1578, 1645, 1579, 1580, 1645, 1644, 1579, 1646, 1580, 1581, 1646, 1645, 1580, 1647, 1581, 1582, 1647, 1646, 1581, 1648, 1582, 1583, 1648, 1647, 1582, 1649, 1583, 1584, 1649, 1648, 1583, 1650, 1649, 1584, 1650, 1584, 1585, 1651, 1585, 1586, 1651, 1650, 1585, 1652, 1651, 1586, 1652, 1586, 1587, 1653, 1652, 1587, 1653, 1587, 1588, 1654, 1653, 1588, 1654, 1588, 1589, 1655, 1654, 1589, 1655, 1589, 1590, 1656, 1655, 1590, 1656, 1590, 1591, 1657, 1656, 1591, 1657, 1591, 1592, 1658, 1657, 1592, 1658, 1592, 1593, 1659, 1658, 1593, 1659, 1593, 1594, 1660, 1659, 1594, 1660, 1594, 1595, 1661, 1660, 1595, 1661, 1595, 1596, 1662, 1661, 1596, 1662, 1596, 1597, 1663, 1662, 1597, 1663, 1597, 1598, 1664, 1663, 1598, 1664, 1598, 1599, 1665, 1599, 1600, 1665, 1664, 1599, 1666, 1600, 1601, 1666, 1665, 1600, 1667, 1601, 1602, 1667, 1666, 1601, 1668, 1602, 1603, 1668, 1667, 1602, 1604, 1668, 1603, 1669, 1668, 1604, 1606, 1604, 1605, 1606, 1669, 1604, 1736, 1670, 1671, 1736, 1735, 1670, 1737, 1671, 1672, 1737, 1736, 1671, 1738, 1672, 1673, 1738, 1737, 1672, 1674, 1738, 1673, 1739, 1738, 1674, 1675, 1739, 1674, 1740, 1739, 1675, 1741, 1675, 1676, 1741, 1740, 1675, 1742, 1676, 1677, 1742, 1741, 1676, 1743, 1677, 1678, 1743, 1742, 1677, 1744, 1678, 1679, 1744, 1743, 1678, 1745, 1679, 1680, 1745, 1744, 1679, 1746, 1680, 1681, 1746, 1745, 1680, 1747, 1681, 1682, 1747, 1746, 1681, 1748, 1682, 1683, 1748, 1747, 1682, 1749, 1683, 1684, 1749, 1748, 1683, 1750, 1684, 1685, 1750, 1749, 1684, 1686, 1750, 1685, 1751, 1750, 1686, 1752, 1686, 1687, 1752, 1751, 1686, 1753, 1687, 1688, 1753, 1752, 1687, 1754, 1753, 1688, 1754, 1688, 1689, 1755, 1754, 1689, 1755, 1689, 1690, 1691, 1755, 1690, 1756, 1755, 1691, 1692, 1756, 1691, 1757, 1756, 1692, 1758, 1757, 1692, 1758, 1692, 1693, 1694, 1758, 1693, 1759, 1758, 1694, 1760, 1694, 1695, 1760, 1759, 1694, 1696, 1760, 1695, 1761, 1760, 1696, 1697, 1761, 1696, 1762, 1761, 1697, 1763, 1697, 1698, 1763, 1762, 1697, 1699, 1763, 1698, 1764, 1763, 1699, 1765, 1699, 1700, 1765, 1764, 1699, 1701, 1765, 1700, 1766, 1765, 1701, 1702, 1766, 1701, 1767, 1766, 1702, 1768, 1702, 1703, 1768, 1767, 1702, 1769, 1703, 1704, 1769, 1768, 1703, 1770, 1704, 1705, 1770, 1769, 1704, 1771, 1705, 1706, 1771, 1770, 1705, 1772, 1706, 1707, 1772, 1771, 1706, 1773, 1707, 1708, 1773, 1772, 1707, 1709, 1773, 1708, 1774, 1773, 1709, 1775, 1709, 1710, 1775, 1774, 1709, 1711, 1775, 1710, 1776, 1775, 1711, 1777, 1711, 1712, 1777, 1776, 1711, 1713, 1777, 1712, 1778, 1777, 1713, 1779, 1778, 1713, 1779, 1713, 1714, 1780, 1779, 1714, 1780, 1714, 1715, 1781, 1780, 1715, 1781, 1715, 1716, 1782, 1781, 1716, 1782, 1716, 1717, 1783, 1782, 1717, 1783, 1717, 1718, 1784, 1783, 1718, 1784, 1718, 1719, 1785, 1784, 1719, 1785, 1719, 1720, 1786, 1785, 1720, 1786, 1720, 1721, 1787, 1786, 1721, 1787, 1721, 1722, 1788, 1787, 1722, 1788, 1722, 1723, 1789, 1788, 1723, 1789, 1723, 1724, 1790, 1789, 1724, 1790, 1724, 1725, 1726, 1790, 1725, 1791, 1790, 1726, 1792, 1726, 1727, 1792, 1791, 1726, 1793, 1727, 1728, 1793, 1792, 1727, 1794, 1728, 1729, 1794, 1793, 1728, 1795, 1729, 1730, 1795, 1794, 1729, 1796, 1730, 1731, 1796, 1795, 1730, 1797, 1731, 1732, 1797, 1796, 1731, 1734, 1732, 1733, 1734, 1797, 1732, 1864, 1798, 1799, 1864, 1863, 1798, 1865, 1799, 1800, 1865, 1864, 1799, 1866, 1800, 1801, 1866, 1865, 1800, 1867, 1801, 1802, 1867, 1866, 1801, 1868, 1802, 1803, 1868, 1867, 1802, 1869, 1803, 1804, 1869, 1868, 1803, 1870, 1804, 1805, 1870, 1869, 1804, 1871, 1805, 1806, 1871, 1870, 1805, 1872, 1806, 1807, 1872, 1871, 1806, 1873, 1807, 1808, 1873, 1872, 1807, 1874, 1808, 1809, 1874, 1873, 1808, 1810, 1874, 1809, 1875, 1874, 1810, 1876, 1810, 1811, 1876, 1875, 1810, 1812, 1876, 1811, 1877, 1876, 1812, 1878, 1812, 1813, 1878, 1877, 1812, 1879, 1813, 1814, 1879, 1878, 1813, 1880, 1814, 1815, 1880, 1879, 1814, 1881, 1815, 1816, 1881, 1880, 1815, 1882, 1881, 1816, 1882, 1816, 1817, 1818, 1882, 1817, 1883, 1882, 1818, 1884, 1883, 1818, 1884, 1818, 1819, 1885, 1884, 1819, 1885, 1819, 1820, 1886, 1885, 1820, 1886, 1820, 1821, 1887, 1821, 1822, 1887, 1886, 1821, 1888, 1822, 1823, 1888, 1887, 1822, 1889, 1823, 1824, 1889, 1888, 1823, 1825, 1889, 1824, 1890, 1889, 1825, 1891, 1825, 1826, 1891, 1890, 1825, 1892, 1826, 1827, 1892, 1891, 1826, 1893, 1827, 1828, 1893, 1892, 1827, 1894, 1828, 1829, 1894, 1893, 1828, 1895, 1829, 1830, 1895, 1894, 1829, 1896, 1830, 1831, 1896, 1895, 1830, 1897, 1831, 1832, 1897, 1896, 1831, 1898, 1832, 1833, 1898, 1897, 1832, 1899, 1833, 1834, 1899, 1898, 1833, 1900, 1834, 1835, 1900, 1899, 1834, 1901, 1835, 1836, 1901, 1900, 1835, 1902, 1836, 1837, 1902, 1901, 1836, 1903, 1837, 1838, 1903, 1902, 1837, 1904, 1838, 1839, 1904, 1903, 1838, 1905, 1839, 1840, 1905, 1904, 1839, 1906, 1905, 1840, 1906, 1840, 1841, 1907, 1841, 1842, 1907, 1906, 1841, 1908, 1907, 1842, 1908, 1842, 1843, 1909, 1908, 1843, 1909, 1843, 1844, 1910, 1909, 1844, 1910, 1844, 1845, 1846, 1910, 1845, 1911, 1910, 1846, 1912, 1911, 1846, 1912, 1846, 1847, 1913, 1912, 1847, 1913, 1847, 1848, 1914, 1913, 1848, 1914, 1848, 1849, 1915, 1914, 1849, 1915, 1849, 1850, 1916, 1915, 1850, 1916, 1850, 1851, 1852, 1916, 1851, 1917, 1916, 1852, 1918, 1917, 1852, 1918, 1852, 1853, 1919, 1918, 1853, 1919, 1853, 1854, 1855, 1919, 1854, 1920, 1919, 1855, 1921, 1855, 1856, 1921, 1920, 1855, 1922, 1856, 1857, 1922, 1921, 1856, 1923, 1857, 1858, 1923, 1922, 1857, 1924, 1858, 1859, 1924, 1923, 1858, 1925, 1859, 1860, 1925, 1924, 1859, 1862, 1860, 1861, 1862, 1925, 1860, 1992, 1926, 1927, 1992, 1991, 1926, 1993, 1927, 1928, 1993, 1992, 1927, 1994, 1928, 1929, 1994, 1993, 1928, 1995, 1929, 1930, 1995, 1994, 1929, 1996, 1930, 1931, 1996, 1995, 1930, 1932, 1996, 1931, 1997, 1996, 1932, 1998, 1932, 1933, 1998, 1997, 1932, 1999, 1933, 1934, 1999, 1998, 1933, 1935, 1999, 1934, 2000, 1999, 1935, 2001, 1935, 1936, 2001, 2000, 1935, 2002, 1936, 1937, 2002, 2001, 1936, 1938, 2002, 1937, 2003, 2002, 1938, 2004, 1938, 1939, 2004, 2003, 1938, 2005, 1939, 1940, 2005, 2004, 1939, 2006, 1940, 1941, 2006, 2005, 1940, 1942, 2006, 1941, 2007, 2006, 1942, 2008, 1942, 1943, 2008, 2007, 1942, 2009, 1943, 1944, 2009, 2008, 1943, 1945, 2009, 1944, 2010, 2009, 1945, 1946, 2010, 1945, 2011, 2010, 1946, 1947, 2011, 1946, 2012, 2011, 1947, 2013, 2012, 1947, 2013, 1947, 1948, 2014, 2013, 1948, 2014, 1948, 1949, 2015, 1949, 1950, 2015, 2014, 1949, 2016, 1950, 1951, 2016, 2015, 1950, 1952, 2016, 1951, 2017, 2016, 1952, 2018, 1952, 1953, 2018, 2017, 1952, 2019, 1953, 1954, 2019, 2018, 1953, 2020, 1954, 1955, 2020, 2019, 1954, 2021, 1955, 1956, 2021, 2020, 1955, 2022, 1956, 1957, 2022, 2021, 1956, 2023, 1957, 1958, 2023, 2022, 1957, 2024, 1958, 1959, 2024, 2023, 1958, 2025, 1959, 1960, 2025, 2024, 1959, 2026, 1960, 1961, 2026, 2025, 1960, 2027, 1961, 1962, 2027, 2026, 1961, 2028, 1962, 1963, 2028, 2027, 1962, 2029, 1963, 1964, 2029, 2028, 1963, 2030, 1964, 1965, 2030, 2029, 1964, 2031, 1965, 1966, 2031, 2030, 1965, 2032, 1966, 1967, 2032, 2031, 1966, 2033, 1967, 1968, 2033, 2032, 1967, 2034, 2033, 1968, 2034, 1968, 1969, 2035, 1969, 1970, 2035, 2034, 1969, 2036, 2035, 1970, 2036, 1970, 1971, 2037, 2036, 1971, 2037, 1971, 1972, 2038, 2037, 1972, 2038, 1972, 1973, 2039, 2038, 1973, 2039, 1973, 1974, 2040, 2039, 1974, 2040, 1974, 1975, 2041, 2040, 1975, 2041, 1975, 1976, 2042, 2041, 1976, 2042, 1976, 1977, 2043, 2042, 1977, 2043, 1977, 1978, 2044, 2043, 1978, 2044, 1978, 1979, 2045, 2044, 1979, 2045, 1979, 1980, 2046, 2045, 1980, 2046, 1980, 1981, 2047, 2046, 1981, 2047, 1981, 1982, 2048, 2047, 1982, 2048, 1982, 1983, 1984, 2048, 1983, 2049, 2048, 1984, 2050, 1984, 1985, 2050, 2049, 1984, 2051, 1985, 1986, 2051, 2050, 1985, 2052, 1986, 1987, 2052, 2051, 1986, 2053, 1987, 1988, 2053, 2052, 1987, 1990, 1988, 1989, 1990, 2053, 1988, 2120, 2054, 2055, 2120, 2119, 2054, 2121, 2055, 2056, 2121, 2120, 2055, 2122, 2056, 2057, 2122, 2121, 2056, 2123, 2057, 2058, 2123, 2122, 2057, 2124, 2058, 2059, 2124, 2123, 2058, 2060, 2124, 2059, 2125, 2124, 2060, 2126, 2060, 2061, 2126, 2125, 2060, 2127, 2061, 2062, 2127, 2126, 2061, 2128, 2062, 2063, 2128, 2127, 2062, 2129, 2063, 2064, 2129, 2128, 2063, 2130, 2064, 2065, 2130, 2129, 2064, 2066, 2130, 2065, 2131, 2130, 2066, 2067, 2131, 2066, 2132, 2131, 2067, 2133, 2067, 2068, 2133, 2132, 2067, 2134, 2068, 2069, 2134, 2133, 2068, 2135, 2069, 2070, 2135, 2134, 2069, 2136, 2070, 2071, 2136, 2135, 2070, 2072, 2136, 2071, 2137, 2136, 2072, 2073, 2137, 2072, 2138, 2137, 2073, 2139, 2138, 2073, 2139, 2073, 2074, 2140, 2139, 2074, 2140, 2074, 2075, 2141, 2140, 2075, 2141, 2075, 2076, 2142, 2141, 2076, 2142, 2076, 2077, 2143, 2077, 2078, 2143, 2142, 2077, 2144, 2078, 2079, 2144, 2143, 2078, 2145, 2079, 2080, 2145, 2144, 2079, 2146, 2080, 2081, 2146, 2145, 2080, 2147, 2081, 2082, 2147, 2146, 2081, 2148, 2082, 2083, 2148, 2147, 2082, 2149, 2083, 2084, 2149, 2148, 2083, 2150, 2084, 2085, 2150, 2149, 2084, 2151, 2085, 2086, 2151, 2150, 2085, 2152, 2086, 2087, 2152, 2151, 2086, 2153, 2087, 2088, 2153, 2152, 2087, 2154, 2088, 2089, 2154, 2153, 2088, 2155, 2089, 2090, 2155, 2154, 2089, 2156, 2090, 2091, 2156, 2155, 2090, 2157, 2091, 2092, 2157, 2156, 2091, 2093, 2157, 2092, 2158, 2157, 2093, 2159, 2093, 2094, 2159, 2158, 2093, 2160, 2094, 2095, 2160, 2159, 2094, 2096, 2160, 2095, 2161, 2160, 2096, 2162, 2161, 2096, 2162, 2096, 2097, 2163, 2162, 2097, 2163, 2097, 2098, 2164, 2163, 2098, 2164, 2098, 2099, 2165, 2164, 2099, 2165, 2099, 2100, 2166, 2165, 2100, 2166, 2100, 2101, 2167, 2166, 2101, 2167, 2101, 2102, 2168, 2167, 2102, 2168, 2102, 2103, 2169, 2168, 2103, 2169, 2103, 2104, 2170, 2169, 2104, 2170, 2104, 2105, 2171, 2170, 2105, 2171, 2105, 2106, 2172, 2171, 2106, 2172, 2106, 2107, 2173, 2172, 2107, 2173, 2107, 2108, 2174, 2173, 2108, 2174, 2108, 2109, 2175, 2174, 2109, 2175, 2109, 2110, 2176, 2175, 2110, 2176, 2110, 2111, 2177, 2111, 2112, 2177, 2176, 2111, 2178, 2112, 2113, 2178, 2177, 2112, 2179, 2113, 2114, 2179, 2178, 2113, 2180, 2114, 2115, 2180, 2179, 2114, 2181, 2115, 2116, 2181, 2180, 2115, 2118, 2116, 2117, 2118, 2181, 2116, 2301, 2237, 2300, 2301, 2238, 2237, 2299, 2300, 2237, 2299, 2237, 2236, 2302, 2238, 2301, 2302, 2239, 2238, 2298, 2236, 2235, 2298, 2299, 2236, 2303, 2239, 2302, 2303, 2240, 2239, 2297, 2298, 2235, 2297, 2235, 2234, 2304, 2240, 2303, 2304, 2241, 2240, 2296, 2297, 2234, 2296, 2234, 2233, 2305, 2242, 2241, 2305, 2241, 2304, 2305, 2243, 2242, 2295, 2233, 2232, 2295, 2296, 2233, 2306, 2243, 2305, 2294, 2232, 2231, 2294, 2295, 2232, 2307, 2244, 2243, 2307, 2182, 2244, 2307, 2243, 2306, 2293, 2230, 2229, 2293, 2231, 2230, 2293, 2294, 2231, 2245, 2182, 2307, 2292, 2229, 2228, 2292, 2293, 2229, 2246, 2183, 2182, 2246, 2182, 2245, 2291, 2292, 2228, 2247, 2184, 2183, 2247, 2183, 2246, 2290, 2291, 2228, 2290, 2227, 2226, 2290, 2228, 2227, 2248, 2185, 2184, 2248, 2184, 2247, 2186, 2185, 2248, 2289, 2290, 2226, 2249, 2186, 2248, 2288, 2226, 2225, 2288, 2289, 2226, 2250, 2187, 2186, 2250, 2186, 2249, 2287, 2288, 2225, 2287, 2225, 2224, 2251, 2188, 2187, 2251, 2187, 2250, 2286, 2287, 2224, 2286, 2224, 2223, 2252, 2189, 2188, 2252, 2188, 2251, 2285, 2223, 2222, 2285, 2286, 2223, 2190, 2189, 2252, 2190, 2252, 2253, 2221, 2284, 2285, 2221, 2285, 2222, 2191, 2190, 2253, 2191, 2253, 2254, 2220, 2283, 2284, 2220, 2284, 2221, 2192, 2191, 2254, 2192, 2254, 2255, 2219, 2282, 2283, 2219, 2283, 2220, 2193, 2255, 2256, 2193, 2192, 2255, 2218, 2282, 2219, 2218, 2281, 2282, 2194, 2256, 2257, 2194, 2193, 2256, 2258, 2194, 2257, 2217, 2281, 2218, 2217, 2279, 2280, 2217, 2280, 2281, 2195, 2194, 2258, 2216, 2279, 2217, 2216, 2278, 2279, 2196, 2258, 2259, 2196, 2259, 2260, 2196, 2195, 2258, 2215, 2278, 2216, 2197, 2196, 2260, 2197, 2260, 2261, 2214, 2278, 2215, 2214, 2276, 2277, 2214, 2277, 2278, 2198, 2197, 2261, 2213, 2276, 2214, 2199, 2198, 2261, 2199, 2261, 2262, 2212, 2276, 2213, 2212, 2274, 2275, 2212, 2275, 2276, 2200, 2199, 2262, 2200, 2262, 2263, 2211, 2274, 2212, 2201, 2200, 2263, 2201, 2263, 2264, 2210, 2274, 2211, 2210, 2273, 2274, 2202, 2201, 2264, 2202, 2264, 2265, 2202, 2265, 2266, 2209, 2273, 2210, 2209, 2271, 2272, 2209, 2272, 2273, 2203, 2202, 2266, 2208, 2271, 2209, 2204, 2203, 2266, 2204, 2266, 2267, 2207, 2271, 2208, 2207, 2269, 2270, 2207, 2270, 2271, 2205, 2204, 2267, 2205, 2267, 2268, 2206, 2269, 2207, 2206, 2205, 2268, 2206, 2268, 2269, 2374, 2308, 2309, 2374, 2373, 2308, 2375, 2309, 2310, 2375, 2374, 2309, 2376, 2310, 2311, 2376, 2375, 2310, 2377, 2311, 2312, 2377, 2376, 2311, 2313, 2377, 2312, 2378, 2377, 2313, 2379, 2313, 2314, 2379, 2378, 2313, 2380, 2314, 2315, 2380, 2379, 2314, 2381, 2315, 2316, 2381, 2380, 2315, 2382, 2316, 2317, 2382, 2381, 2316, 2383, 2317, 2318, 2383, 2382, 2317, 2384, 2318, 2319, 2384, 2383, 2318, 2385, 2319, 2320, 2385, 2384, 2319, 2321, 2385, 2320, 2386, 2385, 2321, 2387, 2321, 2322, 2387, 2386, 2321, 2388, 2322, 2323, 2388, 2387, 2322, 2389, 2323, 2324, 2389, 2388, 2323, 2390, 2324, 2325, 2390, 2389, 2324, 2391, 2325, 2326, 2391, 2390, 2325, 2392, 2391, 2326, 2392, 2326, 2327, 2393, 2392, 2327, 2393, 2327, 2328, 2394, 2393, 2328, 2394, 2328, 2329, 2395, 2394, 2329, 2395, 2329, 2330, 2396, 2395, 2330, 2396, 2330, 2331, 2397, 2331, 2332, 2397, 2396, 2331, 2398, 2332, 2333, 2398, 2397, 2332, 2399, 2333, 2334, 2399, 2398, 2333, 2400, 2334, 2335, 2400, 2399, 2334, 2401, 2335, 2336, 2401, 2400, 2335, 2402, 2336, 2337, 2402, 2401, 2336, 2403, 2337, 2338, 2403, 2402, 2337, 2404, 2338, 2339, 2404, 2403, 2338, 2340, 2404, 2339, 2405, 2404, 2340, 2406, 2340, 2341, 2406, 2405, 2340, 2407, 2341, 2342, 2407, 2406, 2341, 2408, 2342, 2343, 2408, 2407, 2342, 2409, 2343, 2344, 2409, 2408, 2343, 2410, 2344, 2345, 2410, 2409, 2344, 2411, 2345, 2346, 2411, 2410, 2345, 2412, 2346, 2347, 2412, 2411, 2346, 2413, 2347, 2348, 2413, 2412, 2347, 2414, 2348, 2349, 2414, 2413, 2348, 2415, 2349, 2350, 2415, 2414, 2349, 2351, 2415, 2350, 2416, 2415, 2351, 2352, 2416, 2351, 2417, 2416, 2352, 2418, 2417, 2352, 2418, 2352, 2353, 2354, 2418, 2353, 2419, 2418, 2354, 2420, 2419, 2354, 2420, 2354, 2355, 2421, 2420, 2355, 2421, 2355, 2356, 2422, 2421, 2356, 2422, 2356, 2357, 2358, 2422, 2357, 2423, 2422, 2358, 2424, 2423, 2358, 2424, 2358, 2359, 2360, 2424, 2359, 2425, 2424, 2360, 2426, 2425, 2360, 2426, 2360, 2361, 2427, 2426, 2361, 2427, 2361, 2362, 2363, 2427, 2362, 2428, 2427, 2363, 2429, 2428, 2363, 2429, 2363, 2364, 2365, 2429, 2364, 2430, 2429, 2365, 2431, 2365, 2366, 2431, 2430, 2365, 2367, 2431, 2366, 2432, 2431, 2367, 2433, 2367, 2368, 2433, 2432, 2367, 2434, 2368, 2369, 2434, 2433, 2368, 2435, 2369, 2370, 2435, 2434, 2369, 2372, 2370, 2371, 2372, 2435, 2370, 2502, 2436, 2437, 2502, 2501, 2436, 2503, 2437, 2438, 2503, 2438, 2439, 2503, 2502, 2437, 2504, 2503, 2439, 2505, 2439, 2440, 2505, 2504, 2439, 2506, 2440, 2441, 2506, 2441, 2442, 2506, 2505, 2440, 2507, 2506, 2442, 2508, 2442, 2443, 2508, 2443, 2444, 2508, 2507, 2442, 2509, 2508, 2444, 2510, 2444, 2445, 2510, 2509, 2444, 2511, 2445, 2446, 2511, 2510, 2445, 2512, 2446, 2447, 2512, 2447, 2448, 2512, 2511, 2446, 2513, 2448, 2449, 2513, 2512, 2448, 2514, 2513, 2449, 2515, 2449, 2450, 2515, 2514, 2449, 2516, 2450, 2451, 2516, 2451, 2452, 2516, 2515, 2450, 2517, 2516, 2452, 2518, 2517, 2452, 2518, 2452, 2453, 2518, 2453, 2454, 2519, 2518, 2454, 2520, 2519, 2454, 2520, 2454, 2455, 2521, 2520, 2455, 2521, 2455, 2456, 2522, 2521, 2456, 2522, 2456, 2457, 2522, 2457, 2458, 2523, 2522, 2458, 2524, 2523, 2458, 2524, 2458, 2459, 2525, 2459, 2460, 2525, 2524, 2459, 2525, 2460, 2461, 2526, 2525, 2461, 2527, 2461, 2462, 2527, 2462, 2463, 2527, 2526, 2461, 2528, 2527, 2463, 2529, 2463, 2464, 2529, 2464, 2465, 2529, 2528, 2463, 2530, 2465, 2466, 2530, 2529, 2465, 2531, 2530, 2466, 2532, 2466, 2467, 2532, 2467, 2468, 2532, 2531, 2466, 2533, 2468, 2469, 2533, 2532, 2468, 2534, 2533, 2469, 2535, 2469, 2470, 2535, 2470, 2471, 2535, 2534, 2469, 2536, 2471, 2472, 2536, 2535, 2471, 2537, 2472, 2473, 2537, 2536, 2472, 2538, 2537, 2473, 2539, 2473, 2474, 2539, 2538, 2473, 2540, 2474, 2475, 2540, 2539, 2474, 2541, 2475, 2476, 2541, 2540, 2475, 2542, 2476, 2477, 2542, 2541, 2476, 2543, 2477, 2478, 2543, 2542, 2477, 2544, 2543, 2478, 2544, 2478, 2479, 2545, 2544, 2479, 2545, 2479, 2480, 2546, 2545, 2480, 2546, 2480, 2481, 2547, 2546, 2481, 2547, 2481, 2482, 2548, 2547, 2482, 2548, 2482, 2483, 2549, 2548, 2483, 2549, 2483, 2484, 2550, 2549, 2484, 2550, 2484, 2485, 2551, 2550, 2485, 2551, 2485, 2486, 2551, 2486, 2487, 2552, 2551, 2487, 2553, 2552, 2487, 2553, 2487, 2488, 2554, 2553, 2488, 2554, 2488, 2489, 2555, 2554, 2489, 2555, 2489, 2490, 2556, 2555, 2490, 2556, 2490, 2491, 2557, 2491, 2492, 2557, 2556, 2491, 2558, 2492, 2493, 2558, 2493, 2494, 2558, 2557, 2492, 2559, 2558, 2494, 2560, 2494, 2495, 2560, 2559, 2494, 2561, 2495, 2496, 2561, 2560, 2495, 2562, 2496, 2497, 2562, 2561, 2496, 2563, 2497, 2498, 2563, 2498, 2499, 2563, 2562, 2497, 2500, 2563, 2499, 2667, 2603, 2604, 2667, 2666, 2603, 2665, 2602, 2603, 2665, 2603, 2666, 2668, 2604, 2605, 2668, 2667, 2604, 2664, 2600, 2601, 2664, 2601, 2602, 2664, 2602, 2665, 2669, 2605, 2606, 2669, 2668, 2605, 2663, 2600, 2664, 2670, 2606, 2607, 2670, 2669, 2606, 2662, 2599, 2600, 2662, 2600, 2663, 2671, 2607, 2608, 2671, 2670, 2607, 2609, 2671, 2608, 2661, 2598, 2599, 2661, 2599, 2662, 2672, 2671, 2609, 2610, 2672, 2609, 2660, 2597, 2598, 2660, 2598, 2661, 2673, 2672, 2610, 2659, 2596, 2597, 2659, 2597, 2660, 2674, 2610, 2611, 2674, 2673, 2610, 2612, 2674, 2611, 2658, 2595, 2596, 2658, 2596, 2659, 2675, 2674, 2612, 2613, 2675, 2612, 2657, 2594, 2595, 2657, 2595, 2658, 2676, 2675, 2613, 2593, 2594, 2657, 2656, 2593, 2657, 2677, 2676, 2613, 2677, 2613, 2614, 2655, 2592, 2593, 2655, 2593, 2656, 2615, 2677, 2614, 2678, 2677, 2615, 2654, 2592, 2655, 2654, 2591, 2592, 2679, 2678, 2615, 2679, 2615, 2616, 2590, 2591, 2654, 2653, 2590, 2654, 2680, 2679, 2616, 2680, 2616, 2617, 2589, 2590, 2653, 2652, 2589, 2653, 2618, 2680, 2617, 2681, 2680, 2618, 2651, 2589, 2652, 2651, 2588, 2589, 2619, 2681, 2618, 2682, 2681, 2619, 2587, 2588, 2651, 2587, 2651, 2650, 2620, 2683, 2682, 2620, 2682, 2619, 2649, 2587, 2650, 2586, 2587, 2649, 2621, 2684, 2683, 2621, 2683, 2620, 2648, 2586, 2649, 2585, 2586, 2648, 2685, 2684, 2621, 2622, 2685, 2621, 2584, 2585, 2648, 2584, 2648, 2647, 2623, 2686, 2685, 2623, 2685, 2622, 2583, 2647, 2646, 2583, 2584, 2647, 2624, 2687, 2686, 2624, 2686, 2623, 2582, 2646, 2645, 2582, 2583, 2646, 2625, 2688, 2687, 2625, 2687, 2624, 2689, 2688, 2625, 2581, 2645, 2644, 2581, 2582, 2645, 2626, 2689, 2625, 2580, 2581, 2644, 2580, 2644, 2643, 2564, 2689, 2626, 2564, 2627, 2689, 2579, 2580, 2643, 2579, 2643, 2642, 2565, 2627, 2564, 2565, 2628, 2627, 2629, 2628, 2565, 2578, 2579, 2642, 2578, 2642, 2641, 2566, 2629, 2565, 2577, 2578, 2641, 2577, 2641, 2640, 2567, 2629, 2566, 2567, 2630, 2629, 2576, 2577, 2640, 2576, 2640, 2639, 2568, 2630, 2567, 2568, 2631, 2630, 2575, 2576, 2639, 2575, 2639, 2638, 2569, 2631, 2568, 2569, 2632, 2631, 2569, 2633, 2632, 2574, 2575, 2638, 2574, 2638, 2637, 2570, 2633, 2569, 2570, 2634, 2633, 2573, 2574, 2637, 2573, 2636, 2635, 2573, 2637, 2636, 2571, 2635, 2634, 2571, 2634, 2570, 2572, 2573, 2635, 2572, 2635, 2571, 2756, 2690, 2691, 2756, 2755, 2690, 2757, 2691, 2692, 2757, 2756, 2691, 2758, 2692, 2693, 2758, 2757, 2692, 2759, 2693, 2694, 2759, 2758, 2693, 2760, 2694, 2695, 2760, 2759, 2694, 2761, 2695, 2696, 2761, 2760, 2695, 2762, 2696, 2697, 2762, 2697, 2698, 2762, 2761, 2696, 2763, 2698, 2699, 2763, 2762, 2698, 2764, 2763, 2699, 2765, 2699, 2700, 2765, 2764, 2699, 2766, 2700, 2701, 2766, 2701, 2702, 2766, 2765, 2700, 2767, 2702, 2703, 2767, 2766, 2702, 2768, 2767, 2703, 2769, 2703, 2704, 2769, 2768, 2703, 2770, 2704, 2705, 2770, 2705, 2706, 2770, 2769, 2704, 2771, 2770, 2706, 2772, 2771, 2706, 2772, 2706, 2707, 2772, 2707, 2708, 2773, 2772, 2708, 2773, 2708, 2709, 2774, 2773, 2709, 2775, 2774, 2709, 2775, 2709, 2710, 2776, 2775, 2710, 2776, 2710, 2711, 2777, 2776, 2711, 2777, 2711, 2712, 2778, 2777, 2712, 2778, 2712, 2713, 2779, 2713, 2714, 2779, 2778, 2713, 2780, 2714, 2715, 2780, 2779, 2714, 2781, 2715, 2716, 2781, 2780, 2715, 2782, 2716, 2717, 2782, 2781, 2716, 2783, 2717, 2718, 2783, 2782, 2717, 2784, 2718, 2719, 2784, 2783, 2718, 2785, 2719, 2720, 2785, 2784, 2719, 2786, 2720, 2721, 2786, 2785, 2720, 2787, 2721, 2722, 2787, 2786, 2721, 2788, 2722, 2723, 2788, 2787, 2722, 2789, 2723, 2724, 2789, 2788, 2723, 2790, 2724, 2725, 2790, 2789, 2724, 2791, 2725, 2726, 2791, 2790, 2725, 2792, 2726, 2727, 2792, 2791, 2726, 2793, 2727, 2728, 2793, 2792, 2727, 2794, 2728, 2729, 2794, 2793, 2728, 2795, 2729, 2730, 2795, 2794, 2729, 2796, 2730, 2731, 2796, 2795, 2730, 2797, 2731, 2732, 2797, 2732, 2733, 2797, 2796, 2731, 2798, 2797, 2733, 2798, 2733, 2734, 2799, 2798, 2734, 2800, 2799, 2734, 2800, 2734, 2735, 2801, 2800, 2735, 2801, 2735, 2736, 2802, 2801, 2736, 2802, 2736, 2737, 2803, 2802, 2737, 2803, 2737, 2738, 2804, 2803, 2738, 2804, 2738, 2739, 2805, 2804, 2739, 2805, 2739, 2740, 2806, 2805, 2740, 2806, 2740, 2741, 2807, 2806, 2741, 2807, 2741, 2742, 2807, 2742, 2743, 2808, 2807, 2743, 2809, 2808, 2743, 2809, 2743, 2744, 2810, 2809, 2744, 2810, 2744, 2745, 2811, 2745, 2746, 2811, 2810, 2745, 2812, 2746, 2747, 2812, 2811, 2746, 2813, 2747, 2748, 2813, 2812, 2747, 2814, 2748, 2749, 2814, 2749, 2750, 2814, 2813, 2748, 2815, 2814, 2750, 2816, 2750, 2751, 2816, 2815, 2750, 2817, 2751, 2752, 2817, 2816, 2751, 2754, 2752, 2753, 2754, 2817, 2752, 2936, 2874, 2873, 2937, 2874, 2936, 2935, 2936, 2873, 2935, 2872, 2871, 2935, 2873, 2872, 2938, 2874, 2937, 2938, 2875, 2874, 2934, 2935, 2871, 2939, 2875, 2938, 2939, 2876, 2875, 2933, 2871, 2870, 2933, 2934, 2871, 2940, 2877, 2876, 2940, 2876, 2939, 2932, 2870, 2869, 2932, 2933, 2870, 2941, 2878, 2877, 2941, 2877, 2940, 2931, 2869, 2868, 2931, 2932, 2869, 2867, 2931, 2868, 2942, 2879, 2878, 2942, 2878, 2941, 2930, 2931, 2867, 2880, 2879, 2942, 2943, 2880, 2942, 2929, 2867, 2866, 2929, 2930, 2867, 2881, 2818, 2880, 2881, 2880, 2943, 2928, 2866, 2865, 2928, 2929, 2866, 2882, 2819, 2818, 2882, 2818, 2881, 2927, 2865, 2864, 2927, 2928, 2865, 2883, 2820, 2819, 2883, 2819, 2882, 2926, 2927, 2864, 2926, 2864, 2863, 2884, 2821, 2820, 2884, 2820, 2883, 2925, 2863, 2862, 2925, 2926, 2863, 2885, 2822, 2821, 2885, 2821, 2884, 2924, 2862, 2861, 2924, 2925, 2862, 2823, 2822, 2885, 2886, 2823, 2885, 2923, 2861, 2860, 2923, 2924, 2861, 2887, 2824, 2823, 2887, 2823, 2886, 2922, 2923, 2860, 2922, 2860, 2859, 2825, 2824, 2887, 2888, 2825, 2887, 2921, 2859, 2858, 2921, 2922, 2859, 2889, 2825, 2888, 2826, 2825, 2889, 2920, 2921, 2858, 2857, 2920, 2858, 2827, 2826, 2889, 2827, 2889, 2890, 2856, 2919, 2920, 2856, 2920, 2857, 2828, 2827, 2890, 2828, 2890, 2891, 2855, 2918, 2919, 2855, 2919, 2856, 2829, 2828, 2891, 2829, 2891, 2892, 2917, 2918, 2855, 2854, 2917, 2855, 2830, 2892, 2893, 2830, 2829, 2892, 2853, 2917, 2854, 2853, 2916, 2917, 2894, 2830, 2893, 2915, 2916, 2853, 2831, 2830, 2894, 2852, 2915, 2853, 2832, 2894, 2895, 2832, 2831, 2894, 2851, 2914, 2915, 2851, 2915, 2852, 2833, 2832, 2895, 2833, 2895, 2896, 2850, 2914, 2851, 2850, 2913, 2914, 2834, 2833, 2896, 2834, 2896, 2897, 2849, 2913, 2850, 2849, 2912, 2913, 2835, 2897, 2898, 2835, 2834, 2897, 2848, 2912, 2849, 2848, 2911, 2912, 2836, 2898, 2899, 2836, 2835, 2898, 2847, 2911, 2848, 2847, 2910, 2911, 2909, 2910, 2847, 2837, 2836, 2899, 2837, 2899, 2900, 2846, 2909, 2847, 2838, 2837, 2900, 2838, 2900, 2901, 2838, 2901, 2902, 2845, 2909, 2846, 2845, 2908, 2909, 2839, 2838, 2902, 2844, 2908, 2845, 2844, 2907, 2908, 2840, 2839, 2902, 2840, 2902, 2903, 2840, 2903, 2904, 2843, 2907, 2844, 2843, 2906, 2907, 2841, 2840, 2904, 2841, 2904, 2905, 2842, 2906, 2843, 2842, 2841, 2905, 2842, 2905, 2906, 3010, 2944, 2945, 3010, 3009, 2944, 3011, 2945, 2946, 3011, 2946, 2947, 3011, 3010, 2945, 3012, 3011, 2947, 3013, 2947, 2948, 3013, 3012, 2947, 3014, 2948, 2949, 3014, 2949, 2950, 3014, 3013, 2948, 3015, 3014, 2950, 3016, 2950, 2951, 3016, 3015, 2950, 3017, 2951, 2952, 3017, 3016, 2951, 3018, 2952, 2953, 3018, 3017, 2952, 3019, 2953, 2954, 3019, 3018, 2953, 3020, 2954, 2955, 3020, 3019, 2954, 3112, 2957, 3111, 3113, 2956, 2957, 3113, 2957, 3112, 3110, 3111, 2957, 3114, 2956, 3113, 3109, 3110, 2957, 3108, 3109, 2957, 3107, 3108, 2957, 3106, 3107, 2957, 3105, 3106, 2957, 3104, 3105, 2957, 3103, 3104, 2957, 3102, 3103, 2957, 2958, 3102, 2957, 3021, 2955, 2956, 3021, 3020, 2955, 3101, 3102, 2958, 3100, 3101, 2958, 3099, 3100, 2958, 3098, 3099, 2958, 3115, 2956, 3114, 3115, 3021, 2956, 3116, 3021, 3115, 3097, 3098, 2958, 3096, 3097, 2958, 3095, 3096, 2958, 2959, 3095, 2958, 3022, 3116, 3117, 3022, 3117, 3118, 3022, 3118, 3119, 3022, 3119, 3120, 3022, 3120, 3121, 3022, 3021, 3116, 3094, 3095, 2959, 3122, 3022, 3121, 3093, 3094, 2959, 3092, 3093, 2959, 3091, 3092, 2959, 3090, 3091, 2959, 2960, 3090, 2959, 3023, 3122, 3123, 3023, 3123, 3124, 3023, 3124, 3125, 3023, 3125, 3126, 3023, 3022, 3122, 3089, 3090, 2960, 3127, 3023, 3126, 3088, 3089, 2960, 3087, 3088, 2960, 3086, 3087, 2960, 2961, 3086, 2960, 2961, 3085, 3086, 3024, 3023, 3127, 3024, 3127, 3128, 3024, 3128, 3129, 3024, 3129, 3130, 3131, 3024, 3130, 3084, 3085, 2961, 3083, 3084, 2961, 3082, 3083, 2961, 3081, 3082, 2961, 2962, 3081, 2961, 3025, 3024, 3131, 3025, 3131, 3132, 3025, 3132, 3133, 3025, 3133, 3134, 3025, 3134, 3135, 3080, 3081, 2962, 3136, 3025, 3135, 3079, 3080, 2962, 3078, 3079, 2962, 3077, 3078, 2962, 3076, 3077, 2962, 3075, 3076, 2962, 2963, 3072, 3073, 2963, 3073, 3074, 2963, 3074, 3075, 2963, 3075, 2962, 3026, 3025, 3136, 3026, 3136, 3137, 3026, 3137, 3138, 3026, 3138, 3139, 3026, 3139, 3140, 3026, 3140, 3141, 3142, 3026, 3141, 3157, 3072, 2963, 2964, 3157, 2963, 3027, 3145, 3146, 3027, 3146, 3147, 3027, 3147, 3148, 3027, 3148, 3149, 3027, 3149, 3150, 3027, 3150, 3151, 3027, 3026, 3142, 3027, 3142, 3143, 3027, 3143, 3144, 3027, 3144, 3145, 3028, 3151, 3152, 3028, 3152, 3153, 3028, 3153, 3154, 3028, 3154, 3155, 3028, 3155, 3156, 3028, 3156, 3157, 3028, 3027, 3151, 3029, 3028, 3157, 3029, 3157, 2964, 3030, 2964, 2965, 3030, 2965, 2966, 3030, 3029, 2964, 3031, 3030, 2966, 3032, 2966, 2967, 3032, 3031, 2966, 3033, 2967, 2968, 3033, 3032, 2967, 3034, 2968, 2969, 3034, 3033, 2968, 3035, 2969, 2970, 3035, 3034, 2969, 3036, 2970, 2971, 3036, 3035, 2970, 3037, 2971, 2972, 3037, 3036, 2971, 3038, 2972, 2973, 3038, 3037, 2972, 3039, 2973, 2974, 3039, 2974, 2975, 3039, 3038, 2973, 3040, 3039, 2975, 3041, 2975, 2976, 3041, 3040, 2975, 3042, 2976, 2977, 3042, 3041, 2976, 3043, 2977, 2978, 3043, 3042, 2977, 3044, 3043, 2978, 3044, 2978, 2979, 3045, 3044, 2979, 3045, 2979, 2980, 3046, 3045, 2980, 3046, 2980, 2981, 3046, 2981, 2982, 3047, 3046, 2982, 3048, 3047, 2982, 3048, 2982, 2983, 3049, 3048, 2983, 3049, 2983, 2984, 3050, 3049, 2984, 3050, 2984, 2985, 3051, 3050, 2985, 3051, 2985, 2986, 3051, 2986, 2987, 3052, 3051, 2987, 3053, 3052, 2987, 3053, 2987, 2988, 3217, 2990, 3216, 3217, 2989, 2990, 3215, 3216, 2990, 3218, 2989, 3217, 3214, 3215, 2990, 3213, 3214, 2990, 3212, 3213, 2990, 3211, 3212, 2990, 3210, 3211, 2990, 3209, 3210, 2990, 3208, 3209, 2990, 3207, 3208, 2990, 3054, 2989, 3218, 3054, 3053, 2988, 3054, 2988, 2989, 3054, 3218, 3219, 3054, 3219, 3220, 3206, 2990, 2991, 3206, 3207, 2990, 3205, 3206, 2991, 3204, 3205, 2991, 3203, 3204, 2991, 3202, 3203, 2991, 3201, 3202, 2991, 3200, 3201, 2991, 3199, 3200, 2991, 3198, 3199, 2991, 2992, 3198, 2991, 3055, 3054, 3220, 3055, 3220, 3221, 3055, 3221, 3222, 3055, 3222, 3223, 3055, 3223, 3224, 3055, 3224, 3225, 3055, 3225, 3226, 3055, 3226, 3227, 3055, 3227, 3228, 3055, 3228, 3229, 3197, 3198, 2992, 3196, 3197, 2992, 3195, 3196, 2992, 3194, 3195, 2992, 3193, 3194, 2992, 3192, 3193, 2992, 3191, 3192, 2992, 3190, 3191, 2992, 3189, 3190, 2992, 3188, 3189, 2992, 3187, 3188, 2992, 2993, 3186, 3187, 2993, 3187, 2992, 3056, 3158, 3159, 3056, 3159, 3160, 3056, 3055, 3229, 3056, 3229, 3230, 3056, 3230, 3231, 3056, 3231, 3232, 3056, 3232, 3233, 3056, 3233, 3234, 3056, 3234, 3158, 3185, 3186, 2993, 3184, 3185, 2993, 3183, 3184, 2993, 3182, 3183, 2993, 3181, 3182, 2993, 3180, 3181, 2993, 3179, 3180, 2993, 2994, 3179, 2993, 2994, 3178, 3179, 3057, 3160, 3161, 3057, 3161, 3162, 3057, 3162, 3163, 3057, 3163, 3164, 3057, 3164, 3165, 3057, 3165, 3166, 3057, 3166, 3167, 3057, 3167, 3168, 3057, 3168, 3169, 3057, 3169, 3170, 3057, 3056, 3160, 3058, 3170, 3171, 3058, 3171, 3172, 3058, 3172, 3173, 3058, 3173, 3174, 3058, 3174, 3175, 3058, 3175, 3176, 3058, 3176, 3177, 3058, 3177, 3178, 3058, 3057, 3170, 3059, 3178, 2994, 3059, 3058, 3178, 3060, 3059, 2994, 3060, 2994, 2995, 3061, 3060, 2995, 3061, 2995, 2996, 3062, 3061, 2996, 3062, 2996, 2997, 3063, 3062, 2997, 3063, 2997, 2998, 3064, 3063, 2998, 3064, 2998, 2999, 3065, 3064, 2999, 3065, 2999, 3000, 3066, 3065, 3000, 3066, 3000, 3001, 3067, 3066, 3001, 3067, 3001, 3002, 3068, 3067, 3002, 3068, 3002, 3003, 3069, 3068, 3003, 3069, 3003, 3004, 3069, 3004, 3005, 3070, 3069, 3005, 3071, 3005, 3006, 3071, 3070, 3005, 3008, 3071, 3006, 3008, 3006, 3007, 3365, 3235, 3236, 3303, 3302, 3366, 3299, 3297, 3298, 3301, 3364, 3300, 3367, 3236, 3237, 3367, 3237, 3238, 3367, 3365, 3236, 3368, 3238, 3239, 3368, 3239, 3240, 3368, 3367, 3238, 3369, 3366, 3365, 3369, 3365, 3367, 3369, 3303, 3366, 3369, 3304, 3303, 3369, 3305, 3304, 3370, 3240, 3241, 3370, 3241, 3242, 3370, 3368, 3240, 3371, 3367, 3368, 3371, 3369, 3367, 3371, 3305, 3369, 3371, 3306, 3305, 3371, 3307, 3306, 3372, 3242, 3243, 3372, 3243, 3244, 3372, 3370, 3242, 3373, 3371, 3368, 3373, 3307, 3371, 3373, 3308, 3307, 3373, 3309, 3308, 3373, 3368, 3370, 3374, 3244, 3245, 3374, 3245, 3246, 3374, 3372, 3244, 3375, 3370, 3372, 3375, 3310, 3309, 3375, 3311, 3310, 3375, 3373, 3370, 3375, 3309, 3373, 3376, 3246, 3247, 3376, 3247, 3248, 3376, 3374, 3246, 3377, 3372, 3374, 3377, 3375, 3372, 3377, 3311, 3375, 3377, 3312, 3311, 3377, 3313, 3312, 3378, 3248, 3249, 3378, 3249, 3250, 3378, 3376, 3248, 3379, 3377, 3374, 3379, 3313, 3377, 3379, 3314, 3313, 3379, 3315, 3314, 3379, 3374, 3376, 3380, 3250, 3251, 3380, 3251, 3252, 3380, 3378, 3250, 3381, 3315, 3379, 3381, 3376, 3378, 3381, 3316, 3315, 3381, 3317, 3316, 3381, 3379, 3376, 3382, 3252, 3253, 3382, 3253, 3254, 3382, 3380, 3252, 3383, 3381, 3378, 3383, 3317, 3381, 3383, 3318, 3317, 3383, 3319, 3318, 3383, 3378, 3380, 3384, 3254, 3255, 3384, 3255, 3256, 3384, 3382, 3254, 3385, 3383, 3380, 3385, 3380, 3382, 3385, 3320, 3319, 3385, 3321, 3320, 3385, 3319, 3383, 3386, 3256, 3257, 3386, 3257, 3258, 3386, 3384, 3256, 3387, 3382, 3384, 3387, 3384, 3386, 3387, 3321, 3385, 3387, 3322, 3321, 3387, 3323, 3322, 3387, 3385, 3382, 3388, 3258, 3259, 3388, 3259, 3260, 3388, 3386, 3258, 3389, 3323, 3387, 3389, 3387, 3386, 3389, 3324, 3323, 3389, 3325, 3324, 3390, 3388, 3260, 3390, 3260, 3261, 3390, 3261, 3262, 3391, 3389, 3386, 3391, 3386, 3388, 3391, 3388, 3390, 3391, 3325, 3389, 3391, 3326, 3325, 3391, 3327, 3326, 3392, 3390, 3262, 3392, 3262, 3263, 3392, 3263, 3264, 3393, 3391, 3390, 3393, 3327, 3391, 3393, 3328, 3327, 3393, 3329, 3328, 3394, 3392, 3264, 3394, 3264, 3265, 3394, 3265, 3266, 3395, 3329, 3393, 3395, 3390, 3392, 3395, 3393, 3390, 3395, 3330, 3329, 3395, 3331, 3330, 3396, 3266, 3267, 3396, 3394, 3266, 3397, 3331, 3395, 3397, 3392, 3394, 3397, 3395, 3392, 3397, 3394, 3396, 3397, 3332, 3331, 3397, 3333, 3332, 3398, 3267, 3268, 3398, 3268, 3269, 3398, 3396, 3267, 3399, 3397, 3396, 3399, 3333, 3397, 3399, 3334, 3333, 3400, 3398, 3269, 3400, 3269, 3270, 3400, 3270, 3271, 3401, 3334, 3399, 3401, 3399, 3396, 3401, 3398, 3400, 3401, 3396, 3398, 3401, 3335, 3334, 3401, 3336, 3335, 3402, 3271, 3272, 3402, 3272, 3273, 3402, 3400, 3271, 3403, 3337, 3336, 3403, 3338, 3337, 3403, 3401, 3400, 3403, 3336, 3401, 3404, 3273, 3274, 3404, 3274, 3275, 3404, 3402, 3273, 3405, 3339, 3338, 3405, 3340, 3339, 3405, 3403, 3400, 3405, 3338, 3403, 3405, 3400, 3402, 3406, 3275, 3276, 3406, 3276, 3277, 3406, 3404, 3275, 3407, 3341, 3340, 3407, 3342, 3341, 3407, 3405, 3402, 3407, 3404, 3406, 3407, 3402, 3404, 3407, 3340, 3405, 3408, 3277, 3278, 3408, 3278, 3279, 3408, 3406, 3277, 3409, 3343, 3342, 3409, 3344, 3343, 3409, 3407, 3406, 3409, 3406, 3408, 3409, 3342, 3407, 3410, 3279, 3280, 3410, 3280, 3281, 3410, 3408, 3279, 3411, 3409, 3408, 3411, 3345, 3344, 3411, 3346, 3345, 3411, 3408, 3410, 3411, 3344, 3409, 3412, 3410, 3281, 3412, 3281, 3282, 3412, 3282, 3283, 3413, 3347, 3346, 3413, 3348, 3347, 3413, 3411, 3410, 3413, 3346, 3411, 3414, 3283, 3284, 3414, 3412, 3283, 3414, 3284, 3285, 3415, 3410, 3412, 3415, 3349, 3348, 3415, 3350, 3349, 3415, 3413, 3410, 3415, 3348, 3413, 3416, 3285, 3286, 3416, 3286, 3287, 3416, 3414, 3285, 3417, 3351, 3350, 3417, 3352, 3351, 3417, 3415, 3412, 3417, 3412, 3414, 3417, 3350, 3415, 3418, 3287, 3288, 3418, 3288, 3289, 3418, 3416, 3287, 3419, 3352, 3417, 3419, 3417, 3414, 3419, 3353, 3352, 3419, 3354, 3353, 3419, 3414, 3416, 3420, 3289, 3290, 3420, 3290, 3291, 3420, 3418, 3289, 3421, 3419, 3416, 3421, 3416, 3418, 3421, 3354, 3419, 3421, 3355, 3354, 3421, 3356, 3355, 3422, 3291, 3292, 3422, 3292, 3293, 3422, 3420, 3291, 3423, 3418, 3420, 3423, 3357, 3356, 3423, 3356, 3421, 3423, 3358, 3357, 3423, 3421, 3418, 3424, 3422, 3293, 3424, 3293, 3294, 3424, 3294, 3295, 3425, 3420, 3422, 3425, 3423, 3420, 3425, 3359, 3358, 3425, 3360, 3359, 3425, 3358, 3423, 3426, 3424, 3295, 3426, 3295, 3296, 3426, 3296, 3297, 3426, 3297, 3299, 3427, 3360, 3425, 3427, 3361, 3360, 3427, 3362, 3361, 3427, 3422, 3424, 3427, 3424, 3426, 3427, 3425, 3422, 3428, 3363, 3362, 3428, 3364, 3363, 3428, 3362, 3427, 3428, 3426, 3299, 3428, 3427, 3426, 3428, 3299, 3300, 3428, 3300, 3364, 3429, 3463, 3462, 3430, 3464, 3463, 3430, 3463, 3429, 3431, 3465, 3464, 3431, 3464, 3430, 3432, 3466, 3465, 3432, 3465, 3431, 3433, 3467, 3466, 3433, 3466, 3432, 3434, 3468, 3467, 3434, 3467, 3433, 3435, 3468, 3434, 3435, 3469, 3468, 3436, 3469, 3435, 3436, 3470, 3469, 3437, 3470, 3436, 3437, 3471, 3470, 3438, 3471, 3437, 3438, 3472, 3471, 3439, 3472, 3438, 3439, 3473, 3472, 3440, 3473, 3439, 3440, 3474, 3473, 3441, 3474, 3440, 3441, 3475, 3474, 3442, 3475, 3441, 3442, 3476, 3475, 3443, 3476, 3442, 3443, 3477, 3476, 3443, 3478, 3477, 3444, 3478, 3443, 3444, 3479, 3478, 3445, 3479, 3444, 3445, 3480, 3479, 3446, 3481, 3480, 3446, 3480, 3445, 3447, 3481, 3446, 3447, 3482, 3481, 3448, 3483, 3482, 3448, 3484, 3483, 3448, 3482, 3447, 3449, 3485, 3484, 3449, 3484, 3448, 3450, 3486, 3485, 3450, 3485, 3449, 3451, 3487, 3486, 3451, 3488, 3487, 3451, 3486, 3450, 3452, 3488, 3451, 3452, 3489, 3488, 3453, 3490, 3489, 3453, 3491, 3490, 3453, 3489, 3452, 3454, 3492, 3491, 3454, 3491, 3453, 3455, 3493, 3492, 3455, 3494, 3493, 3455, 3492, 3454, 3456, 3495, 3494, 3456, 3496, 3495, 3456, 3494, 3455, 3457, 3496, 3456, 3457, 3497, 3496, 3458, 3497, 3457, 3458, 3498, 3497, 3458, 3499, 3498, 3459, 3499, 3458, 3459, 3500, 3499, 3459, 3501, 3500, 3460, 3501, 3459, 3460, 3502, 3501, 3460, 3503, 3502, 3461, 3503, 3460, 3461, 3504, 3503, 3508, 3507, 3505, 3506, 3508, 3505, 3512, 3511, 3509, 3510, 3512, 3509, 3513, 3547, 3546, 3514, 3548, 3547, 3514, 3547, 3513, 3515, 3549, 3548, 3515, 3548, 3514, 3516, 3550, 3549, 3516, 3549, 3515, 3517, 3551, 3550, 3517, 3550, 3516, 3518, 3551, 3517, 3518, 3552, 3551, 3519, 3552, 3518, 3519, 3553, 3552, 3520, 3553, 3519, 3520, 3554, 3553, 3521, 3554, 3520, 3521, 3555, 3554, 3522, 3555, 3521, 3522, 3556, 3555, 3523, 3556, 3522, 3523, 3557, 3556, 3524, 3557, 3523, 3524, 3558, 3557, 3525, 3558, 3524, 3525, 3559, 3558, 3526, 3559, 3525, 3526, 3560, 3559, 3526, 3561, 3560, 3527, 3561, 3526, 3527, 3562, 3561, 3528, 3562, 3527, 3528, 3563, 3562, 3529, 3563, 3528, 3529, 3564, 3563, 3530, 3564, 3529, 3530, 3565, 3564, 3531, 3565, 3530, 3531, 3566, 3565, 3532, 3567, 3566, 3532, 3568, 3567, 3532, 3566, 3531, 3533, 3569, 3568, 3533, 3568, 3532, 3534, 3570, 3569, 3534, 3569, 3533, 3535, 3571, 3570, 3535, 3572, 3571, 3535, 3570, 3534, 3536, 3573, 3572, 3536, 3572, 3535, 3537, 3574, 3573, 3537, 3575, 3574, 3537, 3573, 3536, 3538, 3576, 3575, 3538, 3575, 3537, 3539, 3577, 3576, 3539, 3578, 3577, 3539, 3576, 3538, 3540, 3579, 3578, 3540, 3580, 3579, 3540, 3578, 3539, 3541, 3580, 3540, 3541, 3581, 3580, 3542, 3581, 3541, 3542, 3582, 3581, 3542, 3583, 3582, 3543, 3583, 3542, 3543, 3584, 3583, 3543, 3585, 3584, 3544, 3585, 3543, 3544, 3586, 3585, 3544, 3587, 3586, 3545, 3587, 3544, 3545, 3588, 3587, 3590, 3667, 3730, 3590, 3589, 3667, 3591, 3730, 3729, 3591, 3590, 3730, 3592, 3729, 3728, 3592, 3591, 3729, 3593, 3728, 3727, 3593, 3592, 3728, 3594, 3727, 3726, 3594, 3593, 3727, 3595, 3726, 3725, 3595, 3594, 3726, 3596, 3595, 3725, 3597, 3725, 3724, 3597, 3596, 3725, 3598, 3724, 3723, 3598, 3597, 3724, 3599, 3723, 3722, 3599, 3598, 3723, 3600, 3599, 3722, 3601, 3722, 3721, 3601, 3600, 3722, 3602, 3721, 3720, 3602, 3601, 3721, 3603, 3602, 3720, 3604, 3603, 3720, 3604, 3720, 3719, 3605, 3604, 3719, 3605, 3719, 3718, 3606, 3605, 3718, 3607, 3606, 3718, 3607, 3718, 3717, 3608, 3607, 3717, 3608, 3717, 3716, 3609, 3608, 3716, 3610, 3609, 3716, 3610, 3716, 3715, 3611, 3715, 3714, 3611, 3610, 3715, 3612, 3611, 3714, 3613, 3714, 3713, 3613, 3612, 3714, 3614, 3713, 3712, 3614, 3613, 3713, 3615, 3614, 3712, 3616, 3712, 3711, 3616, 3615, 3712, 3617, 3711, 3710, 3617, 3616, 3711, 3618, 3710, 3709, 3618, 3617, 3710, 3619, 3618, 3709, 3620, 3709, 3708, 3620, 3619, 3709, 3621, 3708, 3707, 3621, 3620, 3708, 3622, 3621, 3707, 3623, 3707, 3706, 3623, 3622, 3707, 3624, 3706, 3705, 3624, 3623, 3706, 3625, 3705, 3704, 3625, 3624, 3705, 3626, 3704, 3703, 3626, 3625, 3704, 3627, 3703, 3702, 3627, 3626, 3703, 3628, 3627, 3702, 3629, 3702, 3701, 3629, 3628, 3702, 3630, 3701, 3700, 3630, 3629, 3701, 3631, 3700, 3699, 3631, 3630, 3700, 3632, 3699, 3698, 3632, 3631, 3699, 3633, 3698, 3697, 3633, 3632, 3698, 3634, 3697, 3696, 3634, 3633, 3697, 3635, 3634, 3696, 3635, 3696, 3695, 3636, 3695, 3694, 3636, 3635, 3695, 3637, 3636, 3694, 3638, 3694, 3693, 3638, 3637, 3694, 3639, 3693, 3692, 3639, 3638, 3693, 3640, 3692, 3691, 3640, 3639, 3692, 3641, 3691, 3690, 3641, 3640, 3691, 3642, 3641, 3690, 3642, 3690, 3689, 3643, 3642, 3689, 3643, 3689, 3688, 3644, 3643, 3688, 3644, 3688, 3687, 3645, 3644, 3687, 3645, 3687, 3686, 3646, 3645, 3686, 3647, 3646, 3686, 3647, 3686, 3685, 3648, 3647, 3685, 3648, 3685, 3684, 3649, 3648, 3684, 3649, 3684, 3683, 3650, 3649, 3683, 3650, 3683, 3682, 3651, 3650, 3682, 3651, 3682, 3681, 3652, 3651, 3681, 3652, 3681, 3680, 3653, 3652, 3680, 3653, 3680, 3679, 3654, 3653, 3679, 3654, 3679, 3678, 3655, 3654, 3678, 3655, 3678, 3677, 3656, 3677, 3676, 3656, 3655, 3677, 3657, 3656, 3676, 3657, 3676, 3675, 3658, 3657, 3675, 3659, 3675, 3674, 3659, 3658, 3675, 3660, 3674, 3673, 3660, 3659, 3674, 3661, 3660, 3673, 3661, 3673, 3672, 3662, 3661, 3672, 3662, 3672, 3671, 3663, 3662, 3671, 3663, 3671, 3670, 3664, 3663, 3670, 3664, 3670, 3669, 3665, 3664, 3669, 3665, 3669, 3668, 3666, 3665, 3668, 3833, 3769, 3770, 3834, 3770, 3771, 3834, 3833, 3770, 3832, 3769, 3833, 3835, 3771, 3772, 3835, 3834, 3771, 3831, 3768, 3769, 3831, 3769, 3832, 3836, 3772, 3773, 3836, 3835, 3772, 3830, 3767, 3768, 3830, 3768, 3831, 3837, 3836, 3773, 3837, 3773, 3774, 3829, 3766, 3767, 3829, 3767, 3830, 3838, 3774, 3775, 3838, 3837, 3774, 3828, 3765, 3766, 3828, 3766, 3829, 3839, 3775, 3776, 3839, 3776, 3777, 3839, 3838, 3775, 3827, 3764, 3765, 3827, 3765, 3828, 3840, 3839, 3777, 3826, 3763, 3764, 3826, 3764, 3827, 3841, 3777, 3778, 3841, 3840, 3777, 3825, 3762, 3763, 3825, 3763, 3826, 3842, 3841, 3778, 3842, 3778, 3779, 3842, 3779, 3780, 3824, 3760, 3761, 3824, 3761, 3762, 3824, 3762, 3825, 3843, 3842, 3780, 3823, 3760, 3824, 3844, 3843, 3780, 3844, 3780, 3781, 3844, 3781, 3782, 3822, 3760, 3823, 3822, 3758, 3759, 3822, 3759, 3760, 3845, 3844, 3782, 3821, 3758, 3822, 3846, 3845, 3782, 3846, 3782, 3783, 3784, 3846, 3783, 3820, 3757, 3758, 3820, 3758, 3821, 3847, 3846, 3784, 3819, 3756, 3757, 3819, 3757, 3820, 3848, 3847, 3784, 3848, 3784, 3785, 3818, 3755, 3756, 3818, 3756, 3819, 3849, 3848, 3785, 3849, 3785, 3786, 3850, 3849, 3786, 3754, 3755, 3818, 3754, 3818, 3817, 3787, 3850, 3786, 3753, 3754, 3817, 3753, 3817, 3816, 3815, 3753, 3816, 3788, 3851, 3850, 3788, 3850, 3787, 3752, 3753, 3815, 3789, 3852, 3851, 3789, 3853, 3852, 3789, 3851, 3788, 3751, 3752, 3815, 3751, 3814, 3813, 3751, 3815, 3814, 3790, 3853, 3789, 3750, 3751, 3813, 3791, 3854, 3853, 3791, 3855, 3854, 3791, 3853, 3790, 3749, 3812, 3811, 3749, 3813, 3812, 3749, 3750, 3813, 3792, 3855, 3791, 3748, 3749, 3811, 3793, 3856, 3855, 3793, 3794, 3856, 3793, 3855, 3792, 3747, 3748, 3811, 3747, 3810, 3809, 3747, 3811, 3810, 3731, 3794, 3793, 3746, 3747, 3809, 3746, 3809, 3808, 3732, 3794, 3731, 3732, 3795, 3794, 3732, 3796, 3795, 3745, 3746, 3808, 3733, 3796, 3732, 3733, 3797, 3796, 3744, 3808, 3807, 3744, 3745, 3808, 3734, 3797, 3733, 3734, 3798, 3797, 3743, 3744, 3807, 3743, 3807, 3806, 3735, 3798, 3734, 3735, 3799, 3798, 3742, 3743, 3806, 3742, 3806, 3805, 3736, 3799, 3735, 3741, 3742, 3805, 3741, 3804, 3803, 3741, 3805, 3804, 3737, 3799, 3736, 3737, 3800, 3799, 3737, 3801, 3800, 3740, 3741, 3803, 3738, 3801, 3737, 3739, 3740, 3803, 3739, 3802, 3801, 3739, 3803, 3802, 3739, 3801, 3738, 3879, 3881, 3880, 3886, 3882, 3881, 3886, 3883, 3882, 3886, 3884, 3883, 3886, 3885, 3884, 3877, 3879, 3878, 3888, 3887, 3886, 3888, 3886, 3881, 3875, 3877, 3876, 3890, 3889, 3888, 3890, 3888, 3881, 3872, 3874, 3873, 3872, 3875, 3874, 3869, 3871, 3870, 3868, 3871, 3869, 3867, 3872, 3871, 3867, 3877, 3875, 3867, 3881, 3879, 3867, 3879, 3877, 3867, 3875, 3872, 3867, 3871, 3868, 3864, 3866, 3865, 3864, 3867, 3866, 3864, 3881, 3867, 3861, 3863, 3862, 3861, 3864, 3863, 3861, 3881, 3864, 3859, 3861, 3860, 3858, 3890, 3881, 3858, 3861, 3859, 3858, 3881, 3861, 3930, 3931, 3890, 3932, 3890, 3931, 3929, 3930, 3890, 3933, 3890, 3932, 3933, 3891, 3890, 3928, 3929, 3890, 3934, 3891, 3933, 3927, 3928, 3890, 3935, 3891, 3934, 3926, 3927, 3890, 3936, 3891, 3935, 3925, 3926, 3890, 3937, 3891, 3936, 3924, 3925, 3890, 3938, 3891, 3937, 3923, 3924, 3890, 3923, 3890, 3858, 3939, 3891, 3938, 3985, 3923, 3858, 3940, 3891, 3939, 3984, 3985, 3858, 3941, 3891, 3940, 3983, 3984, 3858, 3942, 3891, 3941, 3982, 3983, 3858, 3943, 3892, 3891, 3943, 3893, 3892, 3943, 3891, 3942, 3981, 3982, 3858, 3944, 3894, 3893, 3944, 3893, 3943, 3980, 3981, 3858, 3945, 3895, 3894, 3945, 3894, 3944, 3979, 3980, 3858, 3946, 3896, 3895, 3946, 3895, 3945, 3978, 3979, 3858, 3947, 3897, 3896, 3947, 3896, 3946, 3977, 3978, 3858, 3948, 3897, 3947, 3898, 3897, 3948, 3976, 3977, 3858, 3899, 3898, 3948, 3899, 3948, 3949, 3900, 3949, 3950, 3900, 3899, 3949, 3901, 3900, 3950, 3901, 3950, 3951, 3902, 3901, 3951, 3903, 3902, 3951, 3903, 3951, 3952, 3904, 3903, 3952, 3904, 3952, 3953, 3905, 3904, 3953, 3906, 3905, 3953, 3906, 3953, 3954, 3857, 3966, 3967, 3857, 3967, 3968, 3857, 3968, 3969, 3857, 3969, 3970, 3857, 3970, 3971, 3857, 3971, 3972, 3857, 3972, 3973, 3857, 3973, 3974, 3857, 3974, 3975, 3857, 3975, 3976, 3857, 3976, 3858, 3907, 3906, 3954, 3907, 3954, 3955, 3922, 3966, 3857, 3908, 3907, 3955, 3908, 3955, 3956, 3921, 3965, 3966, 3921, 3966, 3922, 3909, 3908, 3956, 3920, 3964, 3965, 3920, 3965, 3921, 3910, 3909, 3956, 3910, 3956, 3957, 3919, 3963, 3964, 3919, 3964, 3920, 3911, 3957, 3958, 3911, 3910, 3957, 3918, 3962, 3963, 3918, 3963, 3919, 3912, 3911, 3958, 3917, 3961, 3962, 3917, 3962, 3918, 3913, 3958, 3959, 3913, 3912, 3958, 3914, 3959, 3960, 3914, 3913, 3959, 3916, 3961, 3917, 3915, 3960, 3961, 3915, 3914, 3960, 3915, 3961, 3916, 4052, 3986, 3987, 4052, 4051, 3986, 4053, 3987, 3988, 4053, 3988, 3989, 4053, 4052, 3987, 4054, 4053, 3989, 4055, 3989, 3990, 4055, 4054, 3989, 4056, 3990, 3991, 4056, 3991, 3992, 4056, 4055, 3990, 4057, 4056, 3992, 4058, 3992, 3993, 4058, 3993, 3994, 4058, 4057, 3992, 4059, 4058, 3994, 4060, 3994, 3995, 4060, 4059, 3994, 4061, 3995, 3996, 4061, 4060, 3995, 4062, 3996, 3997, 4062, 3997, 3998, 4062, 4061, 3996, 4063, 3998, 3999, 4063, 4062, 3998, 4064, 4063, 3999, 4065, 3999, 4000, 4065, 4064, 3999, 4066, 4000, 4001, 4066, 4001, 4002, 4066, 4065, 4000, 4067, 4066, 4002, 4068, 4067, 4002, 4068, 4002, 4003, 4068, 4003, 4004, 4069, 4068, 4004, 4070, 4069, 4004, 4070, 4004, 4005, 4071, 4070, 4005, 4071, 4005, 4006, 4072, 4071, 4006, 4072, 4006, 4007, 4072, 4007, 4008, 4073, 4072, 4008, 4074, 4073, 4008, 4074, 4008, 4009, 4075, 4009, 4010, 4075, 4074, 4009, 4075, 4010, 4011, 4076, 4075, 4011, 4077, 4011, 4012, 4077, 4012, 4013, 4077, 4076, 4011, 4078, 4077, 4013, 4079, 4013, 4014, 4079, 4014, 4015, 4079, 4078, 4013, 4080, 4015, 4016, 4080, 4079, 4015, 4081, 4080, 4016, 4082, 4016, 4017, 4082, 4017, 4018, 4082, 4081, 4016, 4083, 4018, 4019, 4083, 4082, 4018, 4084, 4083, 4019, 4085, 4019, 4020, 4085, 4020, 4021, 4085, 4084, 4019, 4086, 4021, 4022, 4086, 4085, 4021, 4087, 4022, 4023, 4087, 4086, 4022, 4088, 4087, 4023, 4089, 4023, 4024, 4089, 4088, 4023, 4090, 4024, 4025, 4090, 4089, 4024, 4091, 4025, 4026, 4091, 4090, 4025, 4092, 4026, 4027, 4092, 4091, 4026, 4093, 4027, 4028, 4093, 4092, 4027, 4094, 4093, 4028, 4094, 4028, 4029, 4095, 4094, 4029, 4095, 4029, 4030, 4096, 4095, 4030, 4096, 4030, 4031, 4097, 4096, 4031, 4097, 4031, 4032, 4098, 4097, 4032, 4098, 4032, 4033, 4099, 4098, 4033, 4099, 4033, 4034, 4100, 4099, 4034, 4100, 4034, 4035, 4101, 4100, 4035, 4101, 4035, 4036, 4101, 4036, 4037, 4102, 4101, 4037, 4103, 4102, 4037, 4103, 4037, 4038, 4104, 4103, 4038, 4104, 4038, 4039, 4105, 4104, 4039, 4105, 4039, 4040, 4106, 4105, 4040, 4106, 4040, 4041, 4107, 4041, 4042, 4107, 4106, 4041, 4108, 4042, 4043, 4108, 4043, 4044, 4108, 4107, 4042, 4109, 4108, 4044, 4110, 4044, 4045, 4110, 4109, 4044, 4111, 4045, 4046, 4111, 4110, 4045, 4112, 4046, 4047, 4112, 4111, 4046, 4113, 4047, 4048, 4113, 4048, 4049, 4113, 4112, 4047, 4050, 4113, 4049, 4233, 4169, 4232, 4233, 4170, 4169, 4231, 4232, 4169, 4231, 4169, 4168, 4234, 4170, 4233, 4234, 4171, 4170, 4230, 4167, 4166, 4230, 4168, 4167, 4230, 4231, 4168, 4235, 4171, 4234, 4235, 4172, 4171, 4229, 4166, 4165, 4229, 4230, 4166, 4236, 4173, 4172, 4236, 4172, 4235, 4228, 4229, 4165, 4237, 4174, 4173, 4237, 4175, 4174, 4237, 4173, 4236, 4227, 4164, 4163, 4227, 4165, 4164, 4227, 4228, 4165, 4238, 4175, 4237, 4226, 4227, 4163, 4239, 4176, 4175, 4239, 4114, 4176, 4239, 4175, 4238, 4225, 4163, 4162, 4225, 4226, 4163, 4177, 4114, 4239, 4224, 4161, 4160, 4224, 4162, 4161, 4224, 4225, 4162, 4178, 4115, 4114, 4178, 4114, 4177, 4223, 4224, 4160, 4179, 4116, 4115, 4179, 4115, 4178, 4222, 4223, 4160, 4222, 4160, 4159, 4180, 4116, 4179, 4180, 4117, 4116, 4221, 4222, 4159, 4221, 4159, 4158, 4181, 4118, 4117, 4181, 4117, 4180, 4220, 4221, 4158, 4220, 4158, 4157, 4119, 4118, 4181, 4182, 4119, 4181, 4219, 4220, 4157, 4219, 4157, 4156, 4183, 4120, 4119, 4183, 4119, 4182, 4218, 4219, 4156, 4218, 4156, 4155, 4184, 4121, 4120, 4184, 4120, 4183, 4217, 4218, 4155, 4217, 4155, 4154, 4122, 4121, 4184, 4122, 4184, 4185, 4153, 4216, 4217, 4153, 4217, 4154, 4123, 4122, 4185, 4123, 4185, 4186, 4215, 4216, 4153, 4152, 4215, 4153, 4124, 4123, 4186, 4124, 4186, 4187, 4151, 4214, 4215, 4151, 4215, 4152, 4213, 4214, 4151, 4125, 4124, 4187, 4125, 4187, 4188, 4150, 4213, 4151, 4126, 4188, 4189, 4126, 4125, 4188, 4149, 4213, 4150, 4149, 4212, 4213, 4190, 4126, 4189, 4127, 4126, 4190, 4148, 4212, 4149, 4148, 4211, 4212, 4128, 4190, 4191, 4128, 4127, 4190, 4147, 4211, 4148, 4147, 4210, 4211, 4129, 4191, 4192, 4129, 4128, 4191, 4146, 4210, 4147, 4146, 4209, 4210, 4130, 4129, 4192, 4130, 4192, 4193, 4130, 4193, 4194, 4145, 4209, 4146, 4145, 4208, 4209, 4131, 4130, 4194, 4131, 4194, 4195, 4144, 4208, 4145, 4144, 4206, 4207, 4144, 4207, 4208, 4132, 4131, 4195, 4143, 4206, 4144, 4133, 4132, 4195, 4133, 4195, 4196, 4133, 4196, 4197, 4142, 4206, 4143, 4142, 4205, 4206, 4134, 4133, 4197, 4141, 4205, 4142, 4141, 4204, 4205, 4135, 4134, 4197, 4135, 4197, 4198, 4140, 4204, 4141, 4140, 4203, 4204, 4136, 4135, 4198, 4136, 4198, 4199, 4139, 4203, 4140, 4139, 4201, 4202, 4139, 4202, 4203, 4137, 4136, 4199, 4137, 4199, 4200, 4137, 4200, 4201, 4138, 4201, 4139, 4138, 4137, 4201, 4306, 4240, 4241, 4306, 4241, 4242, 4306, 4305, 4240, 4307, 4306, 4242, 4308, 4242, 4243, 4308, 4307, 4242, 4309, 4243, 4244, 4309, 4308, 4243, 4310, 4244, 4245, 4310, 4309, 4244, 4311, 4245, 4246, 4311, 4246, 4247, 4311, 4310, 4245, 4312, 4311, 4247, 4313, 4247, 4248, 4313, 4312, 4247, 4314, 4248, 4249, 4314, 4249, 4250, 4314, 4313, 4248, 4315, 4250, 4251, 4315, 4314, 4250, 4316, 4315, 4251, 4317, 4251, 4252, 4317, 4316, 4251, 4318, 4252, 4253, 4318, 4253, 4254, 4318, 4317, 4252, 4319, 4318, 4254, 4320, 4254, 4255, 4320, 4319, 4254, 4321, 4255, 4256, 4321, 4256, 4257, 4321, 4320, 4255, 4322, 4321, 4257, 4323, 4322, 4257, 4323, 4257, 4258, 4324, 4323, 4258, 4324, 4258, 4259, 4325, 4324, 4259, 4325, 4259, 4260, 4326, 4325, 4260, 4326, 4260, 4261, 4327, 4326, 4261, 4327, 4261, 4262, 4328, 4262, 4263, 4328, 4327, 4262, 4329, 4263, 4264, 4329, 4264, 4265, 4329, 4328, 4263, 4330, 4329, 4265, 4331, 4265, 4266, 4331, 4330, 4265, 4332, 4266, 4267, 4332, 4331, 4266, 4333, 4267, 4268, 4333, 4332, 4267, 4334, 4268, 4269, 4334, 4333, 4268, 4335, 4269, 4270, 4335, 4334, 4269, 4336, 4270, 4271, 4336, 4335, 4270, 4337, 4271, 4272, 4337, 4336, 4271, 4338, 4272, 4273, 4338, 4337, 4272, 4339, 4273, 4274, 4339, 4338, 4273, 4340, 4274, 4275, 4340, 4339, 4274, 4341, 4275, 4276, 4341, 4340, 4275, 4342, 4276, 4277, 4342, 4277, 4278, 4342, 4341, 4276, 4343, 4342, 4278, 4344, 4278, 4279, 4344, 4343, 4278, 4345, 4279, 4280, 4345, 4280, 4281, 4345, 4344, 4279, 4346, 4345, 4281, 4347, 4281, 4282, 4347, 4346, 4281, 4348, 4347, 4282, 4348, 4282, 4283, 4348, 4283, 4284, 4349, 4348, 4284, 4350, 4349, 4284, 4350, 4284, 4285, 4351, 4350, 4285, 4351, 4285, 4286, 4352, 4351, 4286, 4352, 4286, 4287, 4353, 4352, 4287, 4353, 4287, 4288, 4353, 4288, 4289, 4354, 4353, 4289, 4355, 4354, 4289, 4355, 4289, 4290, 4356, 4355, 4290, 4356, 4290, 4291, 4356, 4291, 4292, 4357, 4356, 4292, 4357, 4292, 4293, 4358, 4357, 4293, 4358, 4293, 4294, 4359, 4358, 4294, 4360, 4359, 4294, 4360, 4294, 4295, 4360, 4295, 4296, 4361, 4360, 4296, 4362, 4296, 4297, 4362, 4361, 4296, 4363, 4297, 4298, 4363, 4362, 4297, 4364, 4298, 4299, 4364, 4299, 4300, 4364, 4363, 4298, 4365, 4300, 4301, 4365, 4364, 4300, 4366, 4301, 4302, 4366, 4365, 4301, 4367, 4366, 4302, 4304, 4302, 4303, 4304, 4367, 4302, 4497, 4368, 4369, 4435, 4434, 4497, 4432, 4430, 4431, 4433, 4496, 4432, 4498, 4369, 4370, 4498, 4370, 4371, 4498, 4497, 4369, 4498, 4435, 4497, 4498, 4436, 4435, 4498, 4437, 4436, 4499, 4371, 4372, 4499, 4372, 4373, 4499, 4498, 4371, 4499, 4437, 4498, 4499, 4438, 4437, 4499, 4439, 4438, 4500, 4373, 4374, 4500, 4374, 4375, 4500, 4499, 4373, 4500, 4440, 4439, 4500, 4441, 4440, 4500, 4439, 4499, 4501, 4441, 4500, 4501, 4375, 4376, 4501, 4376, 4377, 4501, 4442, 4441, 4501, 4443, 4442, 4501, 4500, 4375, 4502, 4377, 4378, 4502, 4378, 4379, 4502, 4501, 4377, 4502, 4443, 4501, 4502, 4444, 4443, 4502, 4445, 4444, 4503, 4379, 4380, 4503, 4380, 4381, 4503, 4502, 4379, 4503, 4445, 4502, 4503, 4446, 4445, 4503, 4447, 4446, 4504, 4447, 4503, 4504, 4381, 4382, 4504, 4382, 4383, 4504, 4448, 4447, 4504, 4449, 4448, 4504, 4503, 4381, 4505, 4383, 4384, 4505, 4384, 4385, 4505, 4504, 4383, 4505, 4449, 4504, 4505, 4450, 4449, 4505, 4451, 4450, 4506, 4385, 4386, 4506, 4386, 4387, 4506, 4505, 4385, 4506, 4451, 4505, 4506, 4452, 4451, 4506, 4453, 4452, 4507, 4387, 4388, 4507, 4388, 4389, 4507, 4506, 4387, 4507, 4453, 4506, 4507, 4454, 4453, 4507, 4455, 4454, 4508, 4389, 4390, 4508, 4390, 4391, 4508, 4507, 4389, 4508, 4455, 4507, 4508, 4456, 4455, 4508, 4457, 4456, 4509, 4391, 4392, 4509, 4392, 4393, 4509, 4508, 4391, 4509, 4457, 4508, 4509, 4458, 4457, 4509, 4459, 4458, 4510, 4509, 4393, 4510, 4459, 4509, 4510, 4393, 4394, 4510, 4394, 4395, 4510, 4460, 4459, 4510, 4461, 4460, 4511, 4395, 4396, 4511, 4396, 4397, 4511, 4510, 4395, 4511, 4461, 4510, 4511, 4462, 4461, 4511, 4463, 4462, 4512, 4397, 4398, 4512, 4398, 4399, 4512, 4511, 4397, 4512, 4463, 4511, 4512, 4464, 4463, 4512, 4465, 4464, 4513, 4399, 4400, 4513, 4512, 4399, 4513, 4466, 4465, 4513, 4465, 4512, 4514, 4513, 4400, 4514, 4466, 4513, 4514, 4400, 4401, 4514, 4401, 4402, 4514, 4467, 4466, 4514, 4468, 4467, 4515, 4470, 4469, 4515, 4402, 4403, 4515, 4403, 4404, 4515, 4514, 4402, 4515, 4468, 4514, 4515, 4469, 4468, 4516, 4471, 4470, 4516, 4472, 4471, 4516, 4404, 4405, 4516, 4405, 4406, 4516, 4515, 4404, 4516, 4470, 4515, 4517, 4473, 4472, 4517, 4474, 4473, 4517, 4406, 4407, 4517, 4407, 4408, 4517, 4516, 4406, 4517, 4472, 4516, 4518, 4475, 4474, 4518, 4476, 4475, 4518, 4408, 4409, 4518, 4409, 4410, 4518, 4517, 4408, 4518, 4474, 4517, 4519, 4477, 4476, 4519, 4478, 4477, 4519, 4410, 4411, 4519, 4411, 4412, 4519, 4518, 4410, 4519, 4476, 4518, 4520, 4519, 4412, 4520, 4479, 4478, 4520, 4480, 4479, 4520, 4412, 4413, 4520, 4413, 4414, 4520, 4478, 4519, 4521, 4480, 4520, 4521, 4481, 4480, 4521, 4482, 4481, 4521, 4520, 4414, 4521, 4414, 4415, 4521, 4415, 4416, 4522, 4483, 4482, 4522, 4484, 4483, 4522, 4482, 4521, 4522, 4521, 4416, 4522, 4416, 4417, 4522, 4417, 4418, 4523, 4485, 4484, 4523, 4486, 4485, 4523, 4484, 4522, 4523, 4522, 4418, 4523, 4418, 4419, 4523, 4419, 4420, 4524, 4487, 4486, 4524, 4488, 4487, 4524, 4420, 4421, 4524, 4421, 4422, 4524, 4486, 4523, 4524, 4523, 4420, 4525, 4489, 4488, 4525, 4490, 4489, 4525, 4422, 4423, 4525, 4423, 4424, 4525, 4488, 4524, 4525, 4524, 4422, 4526, 4491, 4490, 4526, 4492, 4491, 4526, 4424, 4425, 4526, 4425, 4426, 4526, 4490, 4525, 4526, 4525, 4424, 4527, 4493, 4492, 4527, 4494, 4493, 4527, 4426, 4427, 4527, 4427, 4428, 4527, 4492, 4526, 4527, 4526, 4426, 4528, 4527, 4428, 4528, 4495, 4494, 4528, 4496, 4495, 4528, 4428, 4429, 4528, 4429, 4430, 4528, 4430, 4432, 4528, 4432, 4496, 4528, 4494, 4527, 4632, 4568, 4569, 4632, 4569, 4570, 4632, 4631, 4568, 4630, 4567, 4568, 4630, 4568, 4631, 4633, 4632, 4570, 4629, 4566, 4567, 4629, 4567, 4630, 4634, 4570, 4571, 4634, 4633, 4570, 4628, 4565, 4566, 4628, 4566, 4629, 4635, 4571, 4572, 4635, 4572, 4573, 4635, 4634, 4571, 4627, 4564, 4565, 4627, 4565, 4628, 4636, 4635, 4573, 4626, 4563, 4564, 4626, 4564, 4627, 4637, 4636, 4573, 4637, 4573, 4574, 4625, 4562, 4563, 4625, 4563, 4626, 4638, 4574, 4575, 4638, 4637, 4574, 4624, 4560, 4561, 4624, 4561, 4562, 4624, 4562, 4625, 4639, 4638, 4575, 4639, 4575, 4576, 4623, 4560, 4624, 4640, 4639, 4576, 4640, 4576, 4577, 4622, 4560, 4623, 4622, 4559, 4560, 4641, 4577, 4578, 4641, 4640, 4577, 4621, 4559, 4622, 4621, 4557, 4558, 4621, 4558, 4559, 4642, 4578, 4579, 4642, 4641, 4578, 4620, 4557, 4621, 4643, 4642, 4579, 4643, 4579, 4580, 4619, 4557, 4620, 4619, 4556, 4557, 4644, 4580, 4581, 4644, 4643, 4580, 4618, 4555, 4556, 4618, 4556, 4619, 4645, 4644, 4581, 4645, 4581, 4582, 4617, 4555, 4618, 4617, 4554, 4555, 4646, 4645, 4582, 4646, 4582, 4583, 4616, 4553, 4554, 4616, 4554, 4617, 4647, 4646, 4583, 4647, 4583, 4584, 4552, 4553, 4616, 4552, 4616, 4615, 4585, 4648, 4647, 4585, 4647, 4584, 4551, 4552, 4615, 4551, 4615, 4614, 4586, 4649, 4648, 4586, 4648, 4585, 4550, 4614, 4613, 4550, 4551, 4614, 4587, 4650, 4649, 4587, 4649, 4586, 4549, 4550, 4613, 4549, 4613, 4612, 4588, 4650, 4587, 4588, 4651, 4650, 4588, 4652, 4651, 4548, 4549, 4612, 4548, 4612, 4611, 4589, 4653, 4652, 4589, 4652, 4588, 4547, 4548, 4611, 4547, 4611, 4610, 4590, 4653, 4589, 4546, 4547, 4610, 4546, 4609, 4608, 4546, 4610, 4609, 4591, 4654, 4653, 4591, 4592, 4654, 4591, 4653, 4590, 4545, 4546, 4608, 4529, 4592, 4591, 4544, 4545, 4608, 4544, 4607, 4606, 4544, 4608, 4607, 4530, 4592, 4529, 4530, 4593, 4592, 4530, 4594, 4593, 4543, 4544, 4606, 4543, 4606, 4605, 4531, 4594, 4530, 4542, 4543, 4605, 4532, 4594, 4531, 4532, 4595, 4594, 4541, 4542, 4605, 4541, 4605, 4604, 4533, 4596, 4595, 4533, 4595, 4532, 4540, 4541, 4604, 4540, 4603, 4602, 4540, 4604, 4603, 4534, 4596, 4533, 4534, 4597, 4596, 4539, 4540, 4602, 4535, 4597, 4534, 4535, 4598, 4597, 4538, 4539, 4602, 4538, 4602, 4601, 4536, 4598, 4535, 4536, 4599, 4598, 4537, 4600, 4599, 4537, 4601, 4600, 4537, 4538, 4601, 4537, 4599, 4536, 4786, 4655, 4656, 4724, 4723, 4788, 4719, 4717, 4718, 4722, 4785, 4721, 4789, 4656, 4657, 4789, 4657, 4658, 4789, 4786, 4656, 4790, 4658, 4659, 4790, 4659, 4660, 4790, 4789, 4658, 4791, 4787, 4786, 4791, 4786, 4789, 4792, 4660, 4661, 4792, 4661, 4662, 4792, 4790, 4660, 4793, 4791, 4789, 4793, 4789, 4790, 4794, 4662, 4663, 4794, 4663, 4664, 4794, 4792, 4662, 4795, 4788, 4787, 4795, 4787, 4791, 4795, 4725, 4724, 4795, 4726, 4725, 4795, 4724, 4788, 4796, 4790, 4792, 4796, 4793, 4790, 4797, 4664, 4665, 4797, 4665, 4666, 4797, 4794, 4664, 4798, 4791, 4793, 4798, 4795, 4791, 4798, 4727, 4726, 4798, 4728, 4727, 4798, 4726, 4795, 4799, 4792, 4794, 4799, 4796, 4792, 4800, 4666, 4667, 4800, 4667, 4668, 4800, 4797, 4666, 4801, 4728, 4798, 4801, 4796, 4799, 4801, 4729, 4728, 4801, 4730, 4729, 4801, 4798, 4793, 4801, 4793, 4796, 4802, 4799, 4794, 4802, 4794, 4797, 4803, 4800, 4668, 4803, 4668, 4669, 4803, 4669, 4670, 4804, 4801, 4799, 4804, 4730, 4801, 4804, 4731, 4730, 4804, 4732, 4731, 4805, 4797, 4800, 4805, 4802, 4797, 4806, 4803, 4670, 4806, 4670, 4671, 4806, 4671, 4672, 4807, 4732, 4804, 4807, 4733, 4732, 4807, 4734, 4733, 4807, 4804, 4799, 4807, 4799, 4802, 4808, 4800, 4803, 4808, 4805, 4800, 4809, 4806, 4672, 4809, 4672, 4673, 4809, 4673, 4674, 4810, 4807, 4802, 4810, 4802, 4805, 4810, 4734, 4807, 4810, 4735, 4734, 4810, 4736, 4735, 4811, 4808, 4803, 4811, 4803, 4806, 4812, 4674, 4675, 4812, 4675, 4676, 4812, 4809, 4674, 4813, 4805, 4808, 4813, 4810, 4805, 4813, 4737, 4736, 4813, 4738, 4737, 4813, 4736, 4810, 4814, 4806, 4809, 4814, 4811, 4806, 4815, 4676, 4677, 4815, 4812, 4676, 4815, 4677, 4678, 4816, 4738, 4813, 4816, 4813, 4808, 4816, 4808, 4811, 4816, 4739, 4738, 4816, 4740, 4739, 4817, 4812, 4815, 4817, 4814, 4809, 4817, 4809, 4812, 4818, 4678, 4679, 4818, 4679, 4680, 4818, 4815, 4678, 4819, 4740, 4816, 4819, 4816, 4811, 4819, 4811, 4814, 4819, 4741, 4740, 4819, 4742, 4741, 4820, 4817, 4815, 4821, 4680, 4681, 4821, 4681, 4682, 4821, 4818, 4680, 4822, 4819, 4814, 4822, 4742, 4819, 4822, 4743, 4742, 4822, 4744, 4743, 4822, 4814, 4817, 4823, 4820, 4815, 4823, 4815, 4818, 4824, 4682, 4683, 4824, 4683, 4684, 4824, 4821, 4682, 4825, 4822, 4817, 4825, 4817, 4820, 4825, 4744, 4822, 4825, 4745, 4744, 4825, 4746, 4745, 4826, 4823, 4818, 4826, 4818, 4821, 4827, 4684, 4685, 4827, 4685, 4686, 4827, 4824, 4684, 4828, 4825, 4820, 4828, 4746, 4825, 4828, 4820, 4823, 4828, 4747, 4746, 4828, 4748, 4747, 4829, 4821, 4824, 4829, 4826, 4821, 4830, 4686, 4687, 4830, 4827, 4686, 4831, 4823, 4826, 4831, 4826, 4829, 4831, 4748, 4828, 4831, 4828, 4823, 4831, 4749, 4748, 4831, 4750, 4749, 4832, 4829, 4824, 4832, 4824, 4827, 4833, 4830, 4687, 4833, 4687, 4688, 4833, 4688, 4689, 4834, 4750, 4831, 4834, 4829, 4832, 4834, 4831, 4829, 4834, 4751, 4750, 4834, 4752, 4751, 4835, 4830, 4833, 4835, 4832, 4827, 4835, 4827, 4830, 4836, 4689, 4690, 4836, 4690, 4691, 4836, 4833, 4689, 4837, 4834, 4832, 4837, 4752, 4834, 4837, 4753, 4752, 4837, 4754, 4753, 4838, 4835, 4833, 4839, 4691, 4692, 4839, 4692, 4693, 4839, 4836, 4691, 4840, 4754, 4837, 4840, 4835, 4838, 4840, 4837, 4832, 4840, 4832, 4835, 4840, 4755, 4754, 4841, 4833, 4836, 4841, 4838, 4833, 4842, 4839, 4693, 4842, 4693, 4694, 4842, 4694, 4695, 4843, 4757, 4756, 4843, 4755, 4840, 4843, 4838, 4841, 4843, 4840, 4838, 4843, 4756, 4755, 4844, 4841, 4836, 4844, 4836, 4839, 4845, 4695, 4696, 4845, 4696, 4697, 4845, 4842, 4695, 4846, 4758, 4757, 4846, 4759, 4758, 4846, 4757, 4843, 4846, 4843, 4841, 4847, 4844, 4839, 4847, 4839, 4842, 4848, 4697, 4698, 4848, 4698, 4699, 4848, 4845, 4697, 4849, 4760, 4759, 4849, 4761, 4760, 4849, 4759, 4846, 4849, 4841, 4844, 4849, 4846, 4841, 4850, 4842, 4845, 4850, 4847, 4842, 4851, 4699, 4700, 4851, 4700, 4701, 4851, 4848, 4699, 4852, 4762, 4761, 4852, 4763, 4762, 4852, 4844, 4847, 4852, 4849, 4844, 4852, 4761, 4849, 4853, 4850, 4845, 4853, 4845, 4848, 4854, 4851, 4701, 4854, 4701, 4702, 4854, 4702, 4703, 4855, 4764, 4763, 4855, 4765, 4764, 4855, 4763, 4852, 4855, 4847, 4850, 4855, 4852, 4847, 4855, 4850, 4853, 4856, 4848, 4851, 4856, 4853, 4848, 4857, 4703, 4704, 4857, 4704, 4705, 4857, 4854, 4703, 4858, 4766, 4765, 4858, 4767, 4766, 4858, 4855, 4853, 4858, 4853, 4856, 4858, 4765, 4855, 4859, 4856, 4851, 4859, 4851, 4854, 4860, 4705, 4706, 4860, 4706, 4707, 4860, 4857, 4705, 4861, 4768, 4767, 4861, 4769, 4768, 4861, 4767, 4858, 4861, 4858, 4856, 4862, 4854, 4857, 4862, 4859, 4854, 4863, 4707, 4708, 4863, 4708, 4709, 4863, 4860, 4707, 4864, 4770, 4769, 4864, 4771, 4770, 4864, 4769, 4861, 4864, 4856, 4859, 4864, 4861, 4856, 4864, 4859, 4862, 4865, 4857, 4860, 4865, 4862, 4857, 4865, 4860, 4863, 4866, 4709, 4710, 4866, 4710, 4711, 4866, 4863, 4709, 4867, 4772, 4771, 4867, 4773, 4772, 4867, 4771, 4864, 4867, 4864, 4862, 4868, 4865, 4863, 4869, 4711, 4712, 4869, 4712, 4713, 4869, 4866, 4711, 4870, 4774, 4773, 4870, 4775, 4774, 4870, 4773, 4867, 4870, 4862, 4865, 4870, 4867, 4862, 4871, 4863, 4866, 4871, 4868, 4863, 4872, 4869, 4713, 4872, 4713, 4714, 4872, 4714, 4715, 4873, 4870, 4865, 4873, 4776, 4775, 4873, 4777, 4776, 4873, 4775, 4870, 4873, 4865, 4868, 4874, 4871, 4866, 4874, 4866, 4869, 4875, 4872, 4715, 4875, 4715, 4716, 4875, 4716, 4717, 4875, 4717, 4719, 4876, 4777, 4873, 4876, 4873, 4868, 4876, 4778, 4777, 4876, 4779, 4778, 4876, 4868, 4871, 4877, 4874, 4869, 4877, 4869, 4872, 4878, 4871, 4874, 4878, 4874, 4877, 4878, 4779, 4876, 4878, 4780, 4779, 4878, 4781, 4780, 4878, 4876, 4871, 4879, 4872, 4875, 4879, 4877, 4872, 4879, 4875, 4719, 4879, 4719, 4720, 4879, 4720, 4721, 4880, 4877, 4879, 4880, 4782, 4781, 4880, 4783, 4782, 4880, 4781, 4878, 4880, 4878, 4877, 4881, 4721, 4785, 4881, 4880, 4879, 4881, 4784, 4783, 4881, 4785, 4784, 4881, 4879, 4721, 4881, 4783, 4880, 4948, 4882, 4883, 4948, 4947, 4882, 4949, 4883, 4884, 4949, 4948, 4883, 4950, 4884, 4885, 4950, 4949, 4884, 4951, 4885, 4886, 4951, 4950, 4885, 4952, 4886, 4887, 4952, 4951, 4886, 4953, 4887, 4888, 4953, 4888, 4889, 4953, 4952, 4887, 4954, 4953, 4889, 4955, 4889, 4890, 4955, 4954, 4889, 4956, 4890, 4891, 4956, 4955, 4890, 4957, 4891, 4892, 4957, 4956, 4891, 4958, 4892, 4893, 4958, 4957, 4892, 4959, 4893, 4894, 4959, 4958, 4893, 4960, 4894, 4895, 4960, 4959, 4894, 4961, 4895, 4896, 4961, 4960, 4895, 4962, 4896, 4897, 4962, 4961, 4896, 4963, 4897, 4898, 4963, 4962, 4897, 4964, 4898, 4899, 4964, 4963, 4898, 4965, 4899, 4900, 4965, 4964, 4899, 4966, 4965, 4900, 4966, 4900, 4901, 4966, 4901, 4902, 4967, 4966, 4902, 4967, 4902, 4903, 4968, 4967, 4903, 4969, 4968, 4903, 4969, 4903, 4904, 4970, 4904, 4905, 4970, 4969, 4904, 4971, 4905, 4906, 4971, 4970, 4905, 4972, 4906, 4907, 4972, 4971, 4906, 4973, 4907, 4908, 4973, 4972, 4907, 4974, 4908, 4909, 4974, 4973, 4908, 4975, 4909, 4910, 4975, 4974, 4909, 4976, 4910, 4911, 4976, 4975, 4910, 4977, 4911, 4912, 4977, 4976, 4911, 4978, 4912, 4913, 4978, 4977, 4912, 4979, 4913, 4914, 4979, 4914, 4915, 4979, 4978, 4913, 4980, 4979, 4915, 4981, 4915, 4916, 4981, 4980, 4915, 4982, 4916, 4917, 4982, 4981, 4916, 4983, 4917, 4918, 4983, 4982, 4917, 4984, 4918, 4919, 4984, 4983, 4918, 4985, 4919, 4920, 4985, 4984, 4919, 4986, 4920, 4921, 4986, 4985, 4920, 4987, 4921, 4922, 4987, 4986, 4921, 4988, 4922, 4923, 4988, 4923, 4924, 4988, 4987, 4922, 4989, 4988, 4924, 4990, 4989, 4924, 4990, 4924, 4925, 4991, 4990, 4925, 4991, 4925, 4926, 4992, 4991, 4926, 4992, 4926, 4927, 4993, 4992, 4927, 4993, 4927, 4928, 4994, 4993, 4928, 4994, 4928, 4929, 4995, 4994, 4929, 4995, 4929, 4930, 4996, 4995, 4930, 4996, 4930, 4931, 4997, 4996, 4931, 4997, 4931, 4932, 4998, 4997, 4932, 4998, 4932, 4933, 4999, 4998, 4933, 4999, 4933, 4934, 5000, 4999, 4934, 5000, 4934, 4935, 5001, 5000, 4935, 5001, 4935, 4936, 5002, 5001, 4936, 5002, 4936, 4937, 5003, 4937, 4938, 5003, 5002, 4937, 5004, 4938, 4939, 5004, 5003, 4938, 5005, 4939, 4940, 5005, 5004, 4939, 5006, 4940, 4941, 5006, 5005, 4940, 5007, 4941, 4942, 5007, 5006, 4941, 5008, 4942, 4943, 5008, 5007, 4942, 5009, 4943, 4944, 5009, 4944, 4945, 5009, 5008, 4943, 4946, 5009, 4945, 5079, 5010, 5011, 5074, 5072, 5073, 5082, 5011, 5012, 5082, 5012, 5013, 5082, 5079, 5011, 5083, 5013, 5014, 5083, 5014, 5015, 5083, 5082, 5013, 5084, 5015, 5016, 5084, 5016, 5017, 5084, 5083, 5015, 5085, 5079, 5082, 5085, 5080, 5079, 5086, 5017, 5018, 5086, 5018, 5019, 5086, 5084, 5017, 5087, 5082, 5083, 5087, 5085, 5082, 5088, 5019, 5020, 5088, 5020, 5021, 5088, 5086, 5019, 5089, 5087, 5083, 5089, 5083, 5084, 5090, 5021, 5022, 5090, 5022, 5023, 5090, 5088, 5021, 5091, 5080, 5085, 5091, 5081, 5080, 5091, 5078, 5081, 5092, 5089, 5084, 5092, 5084, 5086, 5093, 5023, 5024, 5093, 5024, 5025, 5093, 5090, 5023, 5094, 5091, 5085, 5094, 5078, 5091, 5094, 5085, 5087, 5095, 5092, 5086, 5095, 5086, 5088, 5096, 5093, 5025, 5096, 5025, 5026, 5096, 5026, 5027, 5097, 5094, 5087, 5097, 5078, 5094, 5097, 5087, 5089, 5098, 5088, 5090, 5098, 5095, 5088, 5099, 5027, 5028, 5099, 5028, 5029, 5099, 5096, 5027, 5100, 5089, 5092, 5100, 5097, 5089, 5100, 5078, 5097, 5101, 5098, 5090, 5101, 5090, 5093, 5102, 5029, 5030, 5102, 5099, 5029, 5102, 5030, 5031, 5103, 5100, 5092, 5103, 5092, 5095, 5103, 5078, 5100, 5104, 5093, 5096, 5104, 5101, 5093, 5105, 5102, 5031, 5105, 5031, 5032, 5105, 5032, 5033, 5106, 5095, 5098, 5106, 5103, 5095, 5106, 5078, 5103, 5107, 5104, 5096, 5107, 5096, 5099, 5108, 5033, 5034, 5108, 5034, 5035, 5108, 5105, 5033, 5109, 5106, 5098, 5109, 5098, 5101, 5109, 5078, 5106, 5110, 5102, 5105, 5110, 5107, 5099, 5110, 5099, 5102, 5111, 5108, 5035, 5111, 5035, 5036, 5111, 5036, 5037, 5112, 5078, 5109, 5112, 5109, 5101, 5112, 5101, 5104, 5113, 5110, 5105, 5114, 5037, 5038, 5114, 5038, 5039, 5114, 5111, 5037, 5115, 5104, 5107, 5115, 5112, 5104, 5115, 5078, 5112, 5116, 5105, 5108, 5116, 5113, 5105, 5117, 5039, 5040, 5117, 5040, 5041, 5117, 5114, 5039, 5118, 5107, 5110, 5118, 5115, 5107, 5118, 5110, 5113, 5118, 5078, 5115, 5119, 5108, 5111, 5119, 5116, 5108, 5120, 5041, 5042, 5120, 5117, 5041, 5121, 5118, 5113, 5121, 5113, 5116, 5121, 5078, 5118, 5122, 5111, 5114, 5122, 5119, 5111, 5123, 5042, 5043, 5123, 5043, 5044, 5123, 5120, 5042, 5124, 5121, 5116, 5124, 5078, 5121, 5125, 5114, 5117, 5125, 5122, 5114, 5126, 5044, 5045, 5126, 5045, 5046, 5126, 5123, 5044, 5127, 5116, 5119, 5127, 5124, 5116, 5127, 5078, 5124, 5128, 5125, 5117, 5128, 5117, 5120, 5129, 5126, 5046, 5129, 5046, 5047, 5129, 5047, 5048, 5130, 5119, 5122, 5130, 5127, 5119, 5130, 5078, 5127, 5131, 5128, 5120, 5131, 5120, 5123, 5132, 5129, 5048, 5132, 5048, 5049, 5132, 5049, 5050, 5133, 5122, 5125, 5133, 5130, 5122, 5133, 5078, 5130, 5134, 5123, 5126, 5134, 5131, 5123, 5135, 5050, 5051, 5135, 5051, 5052, 5135, 5132, 5050, 5136, 5077, 5078, 5136, 5125, 5128, 5136, 5078, 5133, 5136, 5133, 5125, 5136, 5128, 5131, 5137, 5126, 5129, 5137, 5129, 5132, 5137, 5134, 5126, 5138, 5052, 5053, 5138, 5053, 5054, 5138, 5135, 5052, 5139, 5136, 5131, 5139, 5077, 5136, 5140, 5137, 5132, 5141, 5138, 5054, 5141, 5054, 5055, 5141, 5055, 5056, 5142, 5139, 5131, 5142, 5077, 5139, 5142, 5131, 5134, 5143, 5132, 5135, 5143, 5135, 5138, 5143, 5140, 5132, 5144, 5056, 5057, 5144, 5057, 5058, 5144, 5141, 5056, 5145, 5137, 5140, 5145, 5077, 5142, 5145, 5142, 5134, 5145, 5134, 5137, 5146, 5143, 5138, 5147, 5144, 5058, 5147, 5058, 5059, 5147, 5059, 5060, 5148, 5145, 5140, 5148, 5077, 5145, 5149, 5146, 5138, 5149, 5138, 5141, 5150, 5147, 5060, 5150, 5060, 5061, 5150, 5061, 5062, 5151, 5140, 5143, 5151, 5143, 5146, 5151, 5148, 5140, 5151, 5077, 5148, 5152, 5141, 5144, 5152, 5144, 5147, 5152, 5149, 5141, 5153, 5062, 5063, 5153, 5063, 5064, 5153, 5150, 5062, 5154, 5151, 5146, 5154, 5077, 5151, 5155, 5152, 5147, 5156, 5064, 5065, 5156, 5065, 5066, 5156, 5153, 5064, 5157, 5146, 5149, 5157, 5154, 5146, 5157, 5077, 5154, 5158, 5147, 5150, 5158, 5155, 5147, 5159, 5066, 5067, 5159, 5067, 5068, 5159, 5156, 5066, 5160, 5149, 5152, 5160, 5157, 5149, 5160, 5077, 5157, 5161, 5150, 5153, 5161, 5153, 5156, 5161, 5158, 5150, 5162, 5159, 5068, 5162, 5068, 5069, 5162, 5069, 5070, 5163, 5155, 5158, 5163, 5152, 5155, 5163, 5160, 5152, 5163, 5077, 5160, 5164, 5161, 5156, 5165, 5072, 5074, 5165, 5070, 5071, 5165, 5071, 5072, 5165, 5162, 5070, 5166, 5163, 5158, 5166, 5077, 5163, 5167, 5156, 5159, 5167, 5164, 5156, 5168, 5158, 5161, 5168, 5166, 5158, 5168, 5077, 5166, 5169, 5159, 5162, 5169, 5167, 5159, 5170, 5161, 5164, 5170, 5077, 5168, 5170, 5168, 5161, 5170, 5164, 5167, 5171, 5074, 5075, 5171, 5165, 5074, 5171, 5162, 5165, 5171, 5169, 5162, 5172, 5077, 5170, 5172, 5170, 5167, 5173, 5167, 5169, 5173, 5077, 5172, 5173, 5172, 5167, 5174, 5169, 5171, 5174, 5077, 5173, 5174, 5075, 5076, 5174, 5076, 5077, 5174, 5171, 5075, 5174, 5173, 5169]
        point3f[] points = [(0.0000, 9.0000, 0.0000), (0.0000, 8.9553, 0.8961), (0.0000, 8.8216, 1.7833), (0.0000, 8.6002, 2.6528), (0.0000, 8.2933, 3.4959), (0.0000, 7.9040, 4.3043), (0.0000, 7.4361, 5.0699), (0.0000, 6.8944, 5.7851), (0.0000, 6.2841, 6.4428), (0.0000, 5.6114, 7.0365), (0.0000, 4.8829, 7.5602), (0.0000, 4.1059, 8.0088), (0.0000, 3.2881, 8.3779), (0.0000, 2.4376, 8.6636), (0.0000, 1.5628, 8.8633), (0.0000, 0.6726, 8.9748), (0.0000, -0.2244, 8.9972), (0.0000, -1.1191, 8.9302), (0.0000, -2.0027, 8.7744), (0.0000, -2.8664, 8.5313), (0.0000, -3.7016, 8.2036), (0.0000, -4.5000, 7.7942), (0.0000, -5.2537, 7.3074), (0.0000, -5.9552, 6.7480), (0.0000, -6.5975, 6.1216), (0.0000, -7.1742, 5.4342), (0.0000, -7.6796, 4.6929), (0.0000, -8.1087, 3.9050), (0.0000, -8.4572, 3.0782), (0.0000, -8.7217, 2.2208), (0.0000, -8.8995, 1.3414), (0.0000, -8.9888, 0.4486), (0.0000, -8.9888, -0.4486), (0.0000, -8.8995, -1.3414), (0.0000, -8.7217, -2.2208), (0.0000, -8.4572, -3.0782), (0.0000, -8.1087, -3.9050), (0.0000, -7.6796, -4.6929), (0.0000, -7.1742, -5.4342), (0.0000, -6.5975, -6.1216), (0.0000, -5.9552, -6.7480), (0.0000, -5.2537, -7.3074), (0.0000, -4.5000, -7.7942), (0.0000, -3.7016, -8.2036), (0.0000, -2.8664, -8.5313), (0.0000, -2.0027, -8.7744), (0.0000, -1.1191, -8.9302), (0.0000, -0.2244, -8.9972), (0.0000, 0.6726, -8.9748), (0.0000, 1.5628, -8.8633), (0.0000, 2.4376, -8.6636), (0.0000, 3.2881, -8.3779), (0.0000, 4.1059, -8.0088), (0.0000, 4.8829, -7.5602), (0.0000, 5.6114, -7.0365), (0.0000, 6.2841, -6.4428), (0.0000, 6.8944, -5.7851), (0.0000, 7.4361, -5.0699), (0.0000, 7.9040, -4.3043), (0.0000, 8.2933, -3.4959), (0.0000, 8.6002, -2.6528), (0.0000, 8.8216, -1.7833), (0.0000, 8.9553, -0.8961), (0.0000, 9.0000, 0.0000), (1.0000, 10.0000, 0.0000), (1.0000, 10.0000, 0.0000), (1.0000, 9.9503, 0.9957), (1.0000, 9.8017, 1.9815), (1.0000, 9.5557, 2.9476), (1.0000, 9.2148, 3.8843), (1.0000, 8.7822, 4.7825), (1.0000, 8.2624, 5.6332), (1.0000, 7.6604, 6.4279), (1.0000, 6.9824, 7.1587), (1.0000, 6.2349, 7.8183), (1.0000, 5.4255, 8.4003), (1.0000, 4.5621, 8.8987), (1.0000, 3.6534, 9.3087), (1.0000, 2.7084, 9.6262), (1.0000, 1.7365, 9.8481), (1.0000, 0.7473, 9.9720), (1.0000, -0.2493, 9.9969), (1.0000, -1.2434, 9.9224), (1.0000, -2.2252, 9.7493), (1.0000, -3.1849, 9.4793), (1.0000, -4.1129, 9.1151), (1.0000, -5.0000, 8.6603), (1.0000, -5.8374, 8.1194), (1.0000, -6.6169, 7.4978), (1.0000, -7.3305, 6.8017), (1.0000, -7.9713, 6.0380), (1.0000, -8.5329, 5.2144), (1.0000, -9.0097, 4.3388), (1.0000, -9.3969, 3.4202), (1.0000, -9.6908, 2.4676), (1.0000, -9.8883, 1.4904), (1.0000, -9.9876, 0.4985), (1.0000, -9.9876, -0.4985), (1.0000, -9.8883, -1.4904), (1.0000, -9.6908, -2.4676), (1.0000, -9.3969, -3.4202), (1.0000, -9.0097, -4.3388), (1.0000, -8.5329, -5.2144), (1.0000, -7.9713, -6.0380), (1.0000, -7.3305, -6.8017), (1.0000, -6.6169, -7.4978), (1.0000, -5.8374, -8.1194), (1.0000, -5.0000, -8.6603), (1.0000, -4.1129, -9.1151), (1.0000, -3.1849, -9.4793), (1.0000, -2.2252, -9.7493), (1.0000, -1.2434, -9.9224), (1.0000, -0.2493, -9.9969), (1.0000, 0.7473, -9.9720), (1.0000, 1.7365, -9.8481), (1.0000, 2.7084, -9.6262), (1.0000, 3.6534, -9.3087), (1.0000, 4.5621, -8.8987), (1.0000, 5.4255, -8.4003), (1.0000, 6.2349, -7.8183), (1.0000, 6.9824, -7.1587), (1.0000, 7.6604, -6.4279), (1.0000, 8.2624, -5.6332), (1.0000, 8.7822, -4.7825), (1.0000, 9.2148, -3.8843), (1.0000, 9.5557, -2.9476), (1.0000, 9.8017, -1.9815), (1.0000, 9.9503, -0.9957), (0.0000, 9.0000, 0.0000), (0.0000, 8.9553, 0.8961), (0.0000, 8.8216, 1.7833), (0.0000, 8.6002, 2.6528), (0.0000, 8.2933, 3.4959), (0.0000, 7.9040, 4.3043), (0.0000, 7.4361, 5.0699), (0.0000, 6.8944, 5.7851), (0.0000, 6.2841, 6.4428), (0.0000, 5.6114, 7.0365), (0.0000, 4.8829, 7.5602), (0.0000, 4.1059, 8.0088), (0.0000, 3.2881, 8.3779), (0.0000, 2.4376, 8.6636), (0.0000, 1.5628, 8.8633), (0.0000, 0.6726, 8.9748), (0.0000, -0.2244, 8.9972), (0.0000, -1.1191, 8.9302), (0.0000, -2.0027, 8.7744), (0.0000, -2.8664, 8.5313), (0.0000, -3.7016, 8.2036), (0.0000, -4.5000, 7.7942), (0.0000, -5.2537, 7.3074), (0.0000, -5.9552, 6.7480), (0.0000, -6.5975, 6.1216), (0.0000, -7.1742, 5.4342), (0.0000, -7.6796, 4.6929), (0.0000, -8.1087, 3.9050), (0.0000, -8.4572, 3.0782), (0.0000, -8.7217, 2.2208), (0.0000, -8.8995, 1.3414), (0.0000, -8.9888, 0.4486), (0.0000, -8.9888, -0.4486), (0.0000, -8.8995, -1.3414), (0.0000, -8.7217, -2.2208), (0.0000, -8.4572, -3.0782), (0.0000, -8.1087, -3.9050), (0.0000, -7.6796, -4.6929), (0.0000, -7.1742, -5.4342), (0.0000, -6.5975, -6.1216), (0.0000, -5.9552, -6.7480), (0.0000, -5.2537, -7.3074), (0.0000, -4.5000, -7.7942), (0.0000, -3.7016, -8.2036), (0.0000, -2.8664, -8.5313), (0.0000, -2.0027, -8.7744), (0.0000, -1.1191, -8.9302), (0.0000, -0.2244, -8.9972), (0.0000, 0.6726, -8.9748), (0.0000, 1.5628, -8.8633), (0.0000, 2.4376, -8.6636), (0.0000, 3.2881, -8.3779), (0.0000, 4.1059, -8.0088), (0.0000, 4.8829, -7.5602), (0.0000, 5.6114, -7.0365), (0.0000, 6.2841, -6.4428), (0.0000, 6.8944, -5.7851), (0.0000, 7.4361, -5.0699), (0.0000, 7.9040, -4.3043), (0.0000, 8.2933, -3.4959), (0.0000, 8.6002, -2.6528), (0.0000, 8.8216, -1.7833), (0.0000, 8.9553, -0.8961), (0.0000, 2.6500, 0.0000), (0.0000, 2.6368, 0.2639), (0.0000, 2.5975, 0.5251), (0.0000, 2.5323, 0.7811), (0.0000, 2.4419, 1.0294), (0.0000, 2.3273, 1.2674), (0.0000, 2.1895, 1.4928), (0.0000, 2.0300, 1.7034), (0.0000, 1.8503, 1.8970), (0.0000, 1.6522, 2.0719), (0.0000, 1.4377, 2.2261), (0.0000, 1.2090, 2.3582), (0.0000, 0.9682, 2.4668), (0.0000, 0.7177, 2.5510), (0.0000, 0.4602, 2.6097), (0.0000, 0.1980, 2.6426), (0.0000, -0.0661, 2.6492), (0.0000, -0.3295, 2.6294), (0.0000, -0.5897, 2.5836), (0.0000, -0.8440, 2.5120), (0.0000, -1.0899, 2.4155), (0.0000, -1.3250, 2.2950), (0.0000, -1.5469, 2.1516), (0.0000, -1.7535, 1.9869), (0.0000, -1.9426, 1.8025), (0.0000, -2.1124, 1.6001), (0.0000, -2.2612, 1.3818), (0.0000, -2.3876, 1.1498), (0.0000, -2.4902, 0.9064), (0.0000, -2.5681, 0.6539), (0.0000, -2.6204, 0.3950), (0.0000, -2.6467, 0.1321), (0.0000, -2.6467, -0.1321), (0.0000, -2.6204, -0.3950), (0.0000, -2.5681, -0.6539), (0.0000, -2.4902, -0.9064), (0.0000, -2.3876, -1.1498), (0.0000, -2.2612, -1.3818), (0.0000, -2.1124, -1.6001), (0.0000, -1.9426, -1.8025), (0.0000, -1.7535, -1.9869), (0.0000, -1.5469, -2.1516), (0.0000, -1.3250, -2.2950), (0.0000, -1.0899, -2.4155), (0.0000, -0.8440, -2.5120), (0.0000, -0.5897, -2.5836), (0.0000, -0.3295, -2.6294), (0.0000, -0.0661, -2.6492), (0.0000, 0.1980, -2.6426), (0.0000, 0.4602, -2.6097), (0.0000, 0.7177, -2.5510), (0.0000, 0.9682, -2.4668), (0.0000, 1.2090, -2.3582), (0.0000, 1.4377, -2.2261), (0.0000, 1.6522, -2.0719), (0.0000, 1.8503, -1.8970), (0.0000, 2.0300, -1.7034), (0.0000, 2.1895, -1.4928), (0.0000, 2.3273, -1.2674), (0.0000, 2.4419, -1.0294), (0.0000, 2.5323, -0.7811), (0.0000, 2.5975, -0.5251), (0.0000, 2.6368, -0.2639), (1.0000, 10.0000, 0.0000), (1.0000, 9.9503, 0.9957), (1.0000, 9.8017, 1.9815), (1.0000, 9.5557, 2.9476), (1.0000, 9.2148, 3.8843), (1.0000, 8.7822, 4.7825), (1.0000, 8.2624, 5.6332), (1.0000, 7.6604, 6.4279), (1.0000, 6.9824, 7.1587), (1.0000, 6.2349, 7.8183), (1.0000, 5.4255, 8.4003), (1.0000, 4.5621, 8.8987), (1.0000, 3.6534, 9.3087), (1.0000, 2.7084, 9.6262), (1.0000, 1.7365, 9.8481), (1.0000, 0.7473, 9.9720), (1.0000, -0.2493, 9.9969), (1.0000, -1.2434, 9.9224), (1.0000, -2.2252, 9.7493), (1.0000, -3.1849, 9.4793), (1.0000, -4.1129, 9.1151), (1.0000, -5.0000, 8.6603), (1.0000, -5.8374, 8.1194), (1.0000, -6.6169, 7.4978), (1.0000, -7.3305, 6.8017), (1.0000, -7.9713, 6.0380), (1.0000, -8.5329, 5.2144), (1.0000, -9.0097, 4.3388), (1.0000, -9.3969, 3.4202), (1.0000, -9.6908, 2.4676), (1.0000, -9.8883, 1.4904), (1.0000, -9.9876, 0.4985), (1.0000, -9.9876, -0.4985), (1.0000, -9.8883, -1.4904), (1.0000, -9.6908, -2.4676), (1.0000, -9.3969, -3.4202), (1.0000, -9.0097, -4.3388), (1.0000, -8.5329, -5.2144), (1.0000, -7.9713, -6.0380), (1.0000, -7.3305, -6.8017), (1.0000, -6.6169, -7.4978), (1.0000, -5.8374, -8.1194), (1.0000, -5.0000, -8.6603), (1.0000, -4.1129, -9.1151), (1.0000, -3.1849, -9.4793), (1.0000, -2.2252, -9.7493), (1.0000, -1.2434, -9.9224), (1.0000, -0.2493, -9.9969), (1.0000, 0.7473, -9.9720), (1.0000, 1.7365, -9.8481), (1.0000, 2.7084, -9.6262), (1.0000, 3.6534, -9.3087), (1.0000, 4.5621, -8.8987), (1.0000, 5.4255, -8.4003), (1.0000, 6.2349, -7.8183), (1.0000, 6.9824, -7.1587), (1.0000, 7.6604, -6.4279), (1.0000, 8.2624, -5.6332), (1.0000, 8.7822, -4.7825), (1.0000, 9.2148, -3.8843), (1.0000, 9.5557, -2.9476), (1.0000, 9.8017, -1.9815), (1.0000, 9.9503, -0.9957), (1.0000, 10.0000, 0.0000), (28.5000, 10.0000, 0.0000), (28.5000, 10.0000, 0.0000), (28.5000, 9.9503, 0.9957), (28.5000, 9.8017, 1.9815), (28.5000, 9.5557, 2.9476), (28.5000, 9.2148, 3.8843), (28.5000, 8.7822, 4.7825), (28.5000, 8.2624, 5.6332), (28.5000, 7.6604, 6.4279), (28.5000, 6.9824, 7.1587), (28.5000, 6.2349, 7.8183), (28.5000, 5.4255, 8.4003), (28.5000, 4.5621, 8.8987), (28.5000, 3.6534, 9.3087), (28.5000, 2.7084, 9.6262), (28.5000, 1.7365, 9.8481), (28.5000, 0.7473, 9.9720), (28.5000, -0.2493, 9.9969), (28.5000, -1.2434, 9.9224), (28.5000, -2.2252, 9.7493), (28.5000, -3.1849, 9.4793), (28.5000, -4.1129, 9.1151), (28.5000, -5.0000, 8.6603), (28.5000, -5.8374, 8.1194), (28.5000, -6.6169, 7.4978), (28.5000, -7.3305, 6.8017), (28.5000, -7.9713, 6.0380), (28.5000, -8.5329, 5.2144), (28.5000, -9.0097, 4.3388), (28.5000, -9.3969, 3.4202), (28.5000, -9.6908, 2.4676), (28.5000, -9.8883, 1.4904), (28.5000, -9.9876, 0.4985), (28.5000, -9.9876, -0.4985), (28.5000, -9.8883, -1.4904), (28.5000, -9.6908, -2.4676), (28.5000, -9.3969, -3.4202), (28.5000, -9.0097, -4.3388), (28.5000, -8.5329, -5.2144), (28.5000, -7.9713, -6.0380), (28.5000, -7.3305, -6.8017), (28.5000, -6.6169, -7.4978), (28.5000, -5.8374, -8.1194), (28.5000, -5.0000, -8.6603), (28.5000, -4.1129, -9.1151), (28.5000, -3.1849, -9.4793), (28.5000, -2.2252, -9.7493), (28.5000, -1.2434, -9.9224), (28.5000, -0.2493, -9.9969), (28.5000, 0.7473, -9.9720), (28.5000, 1.7365, -9.8481), (28.5000, 2.7084, -9.6262), (28.5000, 3.6534, -9.3087), (28.5000, 4.5621, -8.8987), (28.5000, 5.4255, -8.4003), (28.5000, 6.2349, -7.8183), (28.5000, 6.9824, -7.1587), (28.5000, 7.6604, -6.4279), (28.5000, 8.2624, -5.6332), (28.5000, 8.7822, -4.7825), (28.5000, 9.2148, -3.8843), (28.5000, 9.5557, -2.9476), (28.5000, 9.8017, -1.9815), (28.5000, 9.9503, -0.9957), (2.4250, 1.2500, 0.0000), (2.4250, 1.2438, 0.1245), (2.4250, 1.2252, 0.2477), (2.4250, 1.1945, 0.3684), (2.4250, 1.1518, 0.4855), (2.4250, 1.0978, 0.5978), (2.4250, 1.0328, 0.7042), (2.4250, 0.9576, 0.8035), (2.4250, 0.8728, 0.8948), (2.4250, 0.7794, 0.9773), (2.4250, 0.6782, 1.0500), (2.4250, 0.5703, 1.1123), (2.4250, 0.4567, 1.1636), (2.4250, 0.3386, 1.2033), (2.4250, 0.2171, 1.2310), (2.4250, 0.0934, 1.2465), (2.4250, -0.0312, 1.2496), (2.4250, -0.1554, 1.2403), (2.4250, -0.2782, 1.2187), (2.4250, -0.3981, 1.1849), (2.4250, -0.5141, 1.1394), (2.4250, -0.6250, 1.0825), (2.4250, -0.7297, 1.0149), (2.4250, -0.8271, 0.9372), (2.4250, -0.9163, 0.8502), (2.4250, -0.9964, 0.7548), (2.4250, -1.0666, 0.6518), (2.4250, -1.1262, 0.5424), (2.4250, -1.1746, 0.4275), (2.4250, -1.2113, 0.3084), (2.4250, -1.2360, 0.1863), (2.4250, -1.2484, 0.0623), (2.4250, -1.2484, -0.0623), (2.4250, -1.2360, -0.1863), (2.4250, -1.2113, -0.3084), (2.4250, -1.1746, -0.4275), (2.4250, -1.1262, -0.5424), (2.4250, -1.0666, -0.6518), (2.4250, -0.9964, -0.7548), (2.4250, -0.9163, -0.8502), (2.4250, -0.8271, -0.9372), (2.4250, -0.7297, -1.0149), (2.4250, -0.6250, -1.0825), (2.4250, -0.5141, -1.1394), (2.4250, -0.3981, -1.1849), (2.4250, -0.2782, -1.2187), (2.4250, -0.1554, -1.2403), (2.4250, -0.0312, -1.2496), (2.4250, 0.0934, -1.2465), (2.4250, 0.2171, -1.2310), (2.4250, 0.3386, -1.2033), (2.4250, 0.4567, -1.1636), (2.4250, 0.5703, -1.1123), (2.4250, 0.6782, -1.0500), (2.4250, 0.7794, -0.9773), (2.4250, 0.8728, -0.8948), (2.4250, 0.9576, -0.8035), (2.4250, 1.0328, -0.7042), (2.4250, 1.0978, -0.5978), (2.4250, 1.1518, -0.4855), (2.4250, 1.1945, -0.3684), (2.4250, 1.2252, -0.2477), (2.4250, 1.2438, -0.1245), (2.4250, 1.2500, 0.0000), (1.8187, 1.6000, 0.0000), (1.2125, 1.9500, 0.0000), (0.6062, 2.3000, 0.0000), (0.0000, 2.6500, 0.0000), (0.0000, 2.6500, 0.0000), (0.0000, 2.6368, 0.2639), (0.0000, 2.5975, 0.5251), (0.0000, 2.5323, 0.7811), (0.0000, 2.4419, 1.0294), (0.0000, 2.3273, 1.2674), (0.0000, 2.1895, 1.4928), (0.0000, 2.0300, 1.7034), (0.0000, 1.8503, 1.8970), (0.0000, 1.6522, 2.0719), (0.0000, 1.4377, 2.2261), (0.0000, 1.2090, 2.3582), (0.0000, 0.9682, 2.4668), (0.0000, 0.7177, 2.5510), (0.0000, 0.4602, 2.6097), (0.0000, 0.1980, 2.6426), (0.0000, -0.0661, 2.6492), (0.0000, -0.3295, 2.6294), (0.0000, -0.5897, 2.5836), (0.0000, -0.8440, 2.5120), (0.0000, -1.0899, 2.4155), (0.0000, -1.3250, 2.2950), (0.0000, -1.5469, 2.1516), (0.0000, -1.7535, 1.9869), (0.0000, -1.9426, 1.8025), (0.0000, -2.1124, 1.6001), (0.0000, -2.2612, 1.3818), (0.0000, -2.3876, 1.1498), (0.0000, -2.4902, 0.9064), (0.0000, -2.5681, 0.6539), (0.0000, -2.6204, 0.3950), (0.0000, -2.6467, 0.1321), (0.0000, -2.6467, -0.1321), (0.0000, -2.6204, -0.3950), (0.0000, -2.5681, -0.6539), (0.0000, -2.4902, -0.9064), (0.0000, -2.3876, -1.1498), (0.0000, -2.2612, -1.3818), (0.0000, -2.1124, -1.6001), (0.0000, -1.9426, -1.8025), (0.0000, -1.7535, -1.9869), (0.0000, -1.5469, -2.1516), (0.0000, -1.3250, -2.2950), (0.0000, -1.0899, -2.4155), (0.0000, -0.8440, -2.5120), (0.0000, -0.5897, -2.5836), (0.0000, -0.3295, -2.6294), (0.0000, -0.0661, -2.6492), (0.0000, 0.1980, -2.6426), (0.0000, 0.4602, -2.6097), (0.0000, 0.7177, -2.5510), (0.0000, 0.9682, -2.4668), (0.0000, 1.2090, -2.3582), (0.0000, 1.4377, -2.2261), (0.0000, 1.6522, -2.0719), (0.0000, 1.8503, -1.8970), (0.0000, 2.0300, -1.7034), (0.0000, 2.1895, -1.4928), (0.0000, 2.3273, -1.2674), (0.0000, 2.4419, -1.0294), (0.0000, 2.5323, -0.7811), (0.0000, 2.5975, -0.5251), (0.0000, 2.6368, -0.2639), (1.8187, 1.6000, 0.0000), (1.2125, 1.9500, 0.0000), (0.6062, 2.3000, 0.0000), (1.8187, 1.5693, 0.3121), (1.8187, 1.4782, 0.6123), (1.2125, 1.9125, 0.3804), (1.8187, 1.3304, 0.8889), (1.2125, 1.8016, 0.7462), (1.8187, 1.1314, 1.1314), (0.6062, 2.2558, 0.4487), (1.2125, 1.6214, 1.0834), (1.8187, 0.8889, 1.3304), (0.6062, 2.1249, 0.8802), (1.2125, 1.3789, 1.3789), (1.8187, 0.6123, 1.4782), (0.6062, 1.9124, 1.2778), (1.2125, 1.0834, 1.6214), (1.8187, 0.3121, 1.5693), (0.6062, 1.6263, 1.6263), (1.2125, 0.7462, 1.8016), (1.8187, 0.0000, 1.6000), (0.6062, 1.2778, 1.9124), (1.2125, 0.3804, 1.9125), (1.8187, -0.3121, 1.5693), (0.6062, 0.8802, 2.1249), (1.2125, 0.0000, 1.9500), (1.8187, -0.6123, 1.4782), (0.6062, 0.4487, 2.2558), (1.2125, -0.3804, 1.9125), (1.8187, -0.8889, 1.3304), (0.6062, 0.0000, 2.3000), (1.2125, -0.7462, 1.8016), (1.8187, -1.1314, 1.1314), (0.6062, -0.4487, 2.2558), (1.2125, -1.0834, 1.6214), (1.8187, -1.3304, 0.8889), (0.6062, -0.8802, 2.1249), (1.2125, -1.3789, 1.3789), (1.8187, -1.4782, 0.6123), (0.6062, -1.2778, 1.9124), (1.2125, -1.6214, 1.0834), (1.8187, -1.5693, 0.3121), (0.6062, -1.6263, 1.6263), (1.2125, -1.8016, 0.7462), (1.8187, -1.6000, -0.0000), (0.6062, -1.9124, 1.2778), (1.2125, -1.9125, 0.3804), (1.8187, -1.5693, -0.3121), (0.6062, -2.1249, 0.8802), (1.2125, -1.9500, -0.0000), (1.8187, -1.4782, -0.6123), (0.6062, -2.2558, 0.4487), (1.2125, -1.9125, -0.3804), (1.8187, -1.3304, -0.8889), (0.6062, -2.3000, -0.0000), (1.2125, -1.8016, -0.7462), (1.8187, -1.1314, -1.1314), (0.6062, -2.2558, -0.4487), (1.2125, -1.6214, -1.0834), (1.8187, -0.8889, -1.3304), (0.6062, -2.1249, -0.8802), (1.2125, -1.3789, -1.3789), (1.8187, -0.6123, -1.4782), (0.6062, -1.9124, -1.2778), (1.2125, -1.0834, -1.6214), (1.8187, -0.3121, -1.5693), (0.6062, -1.6263, -1.6263), (1.2125, -0.7462, -1.8016), (1.8187, 0.0000, -1.6000), (0.6062, -1.2778, -1.9124), (1.2125, -0.3804, -1.9125), (1.8187, 0.3121, -1.5693), (0.6062, -0.8802, -2.1249), (1.2125, 0.0000, -1.9500), (1.8187, 0.6123, -1.4782), (0.6062, -0.4487, -2.2558), (1.2125, 0.3804, -1.9125), (1.8187, 0.8889, -1.3304), (0.6062, 0.0000, -2.3000), (1.2125, 0.7462, -1.8016), (1.8187, 1.1314, -1.1314), (0.6062, 0.4487, -2.2558), (1.2125, 1.0834, -1.6214), (1.8187, 1.3304, -0.8889), (0.6062, 0.8802, -2.1249), (1.2125, 1.3789, -1.3789), (1.8187, 1.4782, -0.6123), (0.6062, 1.2778, -1.9124), (1.2125, 1.6214, -1.0834), (1.8187, 1.5693, -0.3121), (0.6062, 1.6263, -1.6263), (1.2125, 1.8016, -0.7462), (0.6062, 1.9124, -1.2778), (1.2125, 1.9125, -0.3804), (0.6062, 2.1249, -0.8802), (0.6062, 2.2558, -0.4487), (28.5000, 10.0000, 0.0000), (28.5000, 9.9503, 0.9957), (28.5000, 9.8017, 1.9815), (28.5000, 9.5557, 2.9476), (28.5000, 9.2148, 3.8843), (28.5000, 8.7822, 4.7825), (28.5000, 8.2624, 5.6332), (28.5000, 7.6604, 6.4279), (28.5000, 6.9824, 7.1587), (28.5000, 6.2349, 7.8183), (28.5000, 5.4255, 8.4003), (28.5000, 4.5621, 8.8987), (28.5000, 3.6534, 9.3087), (28.5000, 2.7084, 9.6262), (28.5000, 1.7365, 9.8481), (28.5000, 0.7473, 9.9720), (28.5000, -0.2493, 9.9969), (28.5000, -1.2434, 9.9224), (28.5000, -2.2252, 9.7493), (28.5000, -3.1849, 9.4793), (28.5000, -4.1129, 9.1151), (28.5000, -5.0000, 8.6603), (28.5000, -5.8374, 8.1194), (28.5000, -6.6169, 7.4978), (28.5000, -7.3305, 6.8017), (28.5000, -7.9713, 6.0380), (28.5000, -8.5329, 5.2144), (28.5000, -9.0097, 4.3388), (28.5000, -9.3969, 3.4202), (28.5000, -9.6908, 2.4676), (28.5000, -9.8883, 1.4904), (28.5000, -9.9876, 0.4985), (28.5000, -9.9876, -0.4985), (28.5000, -9.8883, -1.4904), (28.5000, -9.6908, -2.4676), (28.5000, -9.3969, -3.4202), (28.5000, -9.0097, -4.3388), (28.5000, -8.5329, -5.2144), (28.5000, -7.9713, -6.0380), (28.5000, -7.3305, -6.8017), (28.5000, -6.6169, -7.4978), (28.5000, -5.8374, -8.1194), (28.5000, -5.0000, -8.6603), (28.5000, -4.1129, -9.1151), (28.5000, -3.1849, -9.4793), (28.5000, -2.2252, -9.7493), (28.5000, -1.2434, -9.9224), (28.5000, -0.2493, -9.9969), (28.5000, 0.7473, -9.9720), (28.5000, 1.7365, -9.8481), (28.5000, 2.7084, -9.6262), (28.5000, 3.6534, -9.3087), (28.5000, 4.5621, -8.8987), (28.5000, 5.4255, -8.4003), (28.5000, 6.2349, -7.8183), (28.5000, 6.9824, -7.1587), (28.5000, 7.6604, -6.4279), (28.5000, 8.2624, -5.6332), (28.5000, 8.7822, -4.7825), (28.5000, 9.2148, -3.8843), (28.5000, 9.5557, -2.9476), (28.5000, 9.8017, -1.9815), (28.5000, 9.9503, -0.9957), (28.5000, 10.0000, 0.0000), (28.7347, 10.0185, 0.0000), (28.7347, 10.0185, 0.0000), (28.7347, 9.9687, 0.9975), (28.7347, 9.8198, 1.9851), (28.7347, 9.5734, 2.9530), (28.7347, 9.2318, 3.8915), (28.7347, 8.7984, 4.7914), (28.7347, 8.2776, 5.6436), (28.7347, 7.6746, 6.4397), (28.7347, 6.9953, 7.1719), (28.7347, 6.2464, 7.8328), (28.7347, 5.4355, 8.4158), (28.7347, 4.5705, 8.9152), (28.7347, 3.6602, 9.3259), (28.7347, 2.7134, 9.6440), (28.7347, 1.7397, 9.8663), (28.7347, 0.7487, 9.9905), (28.7347, -0.2498, 10.0154), (28.7347, -1.2457, 9.9407), (28.7347, -2.2293, 9.7673), (28.7347, -3.1907, 9.4968), (28.7347, -4.1205, 9.1319), (28.7347, -5.0092, 8.6762), (28.7347, -5.8482, 8.1344), (28.7347, -6.6291, 7.5117), (28.7347, -7.3441, 6.8143), (28.7347, -7.9860, 6.0492), (28.7347, -8.5487, 5.2240), (28.7347, -9.0263, 4.3469), (28.7347, -9.4143, 3.4265), (28.7347, -9.7087, 2.4721), (28.7347, -9.9066, 1.4932), (28.7347, -10.0060, 0.4994), (28.7347, -10.0060, -0.4994), (28.7347, -9.9066, -1.4932), (28.7347, -9.7087, -2.4721), (28.7347, -9.4143, -3.4265), (28.7347, -9.0263, -4.3469), (28.7347, -8.5487, -5.2240), (28.7347, -7.9860, -6.0492), (28.7347, -7.3441, -6.8143), (28.7347, -6.6291, -7.5117), (28.7347, -5.8482, -8.1344), (28.7347, -5.0092, -8.6762), (28.7347, -4.1205, -9.1319), (28.7347, -3.1907, -9.4968), (28.7347, -2.2293, -9.7673), (28.7347, -1.2457, -9.9407), (28.7347, -0.2498, -10.0154), (28.7347, 0.7487, -9.9905), (28.7347, 1.7397, -9.8663), (28.7347, 2.7134, -9.6440), (28.7347, 3.6602, -9.3259), (28.7347, 4.5705, -8.9152), (28.7347, 5.4355, -8.4158), (28.7347, 6.2464, -7.8328), (28.7347, 6.9953, -7.1719), (28.7347, 7.6746, -6.4397), (28.7347, 8.2776, -5.6436), (28.7347, 8.7984, -4.7914), (28.7347, 9.2318, -3.8915), (28.7347, 9.5734, -2.9530), (28.7347, 9.8198, -1.9851), (28.7347, 9.9687, -0.9975), (7.4250, 1.2500, 0.0000), (7.4250, 1.2438, 0.1245), (7.4250, 1.2252, 0.2477), (7.4250, 1.1945, 0.3684), (7.4250, 1.1518, 0.4855), (7.4250, 1.0978, 0.5978), (7.4250, 1.0328, 0.7042), (7.4250, 0.9576, 0.8035), (7.4250, 0.8728, 0.8948), (7.4250, 0.7794, 0.9773), (7.4250, 0.6782, 1.0500), (7.4250, 0.5703, 1.1123), (7.4250, 0.4567, 1.1636), (7.4250, 0.3386, 1.2033), (7.4250, 0.2171, 1.2310), (7.4250, 0.0934, 1.2465), (7.4250, -0.0312, 1.2496), (7.4250, -0.1554, 1.2403), (7.4250, -0.2782, 1.2187), (7.4250, -0.3981, 1.1849), (7.4250, -0.5141, 1.1394), (7.4250, -0.6250, 1.0825), (7.4250, -0.7297, 1.0149), (7.4250, -0.8271, 0.9372), (7.4250, -0.9163, 0.8502), (7.4250, -0.9964, 0.7548), (7.4250, -1.0666, 0.6518), (7.4250, -1.1262, 0.5424), (7.4250, -1.1746, 0.4275), (7.4250, -1.2113, 0.3084), (7.4250, -1.2360, 0.1863), (7.4250, -1.2484, 0.0623), (7.4250, -1.2484, -0.0623), (7.4250, -1.2360, -0.1863), (7.4250, -1.2113, -0.3084), (7.4250, -1.1746, -0.4275), (7.4250, -1.1262, -0.5424), (7.4250, -1.0666, -0.6518), (7.4250, -0.9964, -0.7548), (7.4250, -0.9163, -0.8502), (7.4250, -0.8271, -0.9372), (7.4250, -0.7297, -1.0149), (7.4250, -0.6250, -1.0825), (7.4250, -0.5141, -1.1394), (7.4250, -0.3981, -1.1849), (7.4250, -0.2782, -1.2187), (7.4250, -0.1554, -1.2403), (7.4250, -0.0312, -1.2496), (7.4250, 0.0934, -1.2465), (7.4250, 0.2171, -1.2310), (7.4250, 0.3386, -1.2033), (7.4250, 0.4567, -1.1636), (7.4250, 0.5703, -1.1123), (7.4250, 0.6782, -1.0500), (7.4250, 0.7794, -0.9773), (7.4250, 0.8728, -0.8948), (7.4250, 0.9576, -0.8035), (7.4250, 1.0328, -0.7042), (7.4250, 1.0978, -0.5978), (7.4250, 1.1518, -0.4855), (7.4250, 1.1945, -0.3684), (7.4250, 1.2252, -0.2477), (7.4250, 1.2438, -0.1245), (7.4250, 1.2500, 0.0000), (2.4250, 1.2500, 0.0000), (2.4250, 1.2500, 0.0000), (2.4250, 1.2438, 0.1245), (2.4250, 1.2252, 0.2477), (2.4250, 1.1945, 0.3684), (2.4250, 1.1518, 0.4855), (2.4250, 1.0978, 0.5978), (2.4250, 1.0328, 0.7042), (2.4250, 0.9576, 0.8035), (2.4250, 0.8728, 0.8948), (2.4250, 0.7794, 0.9773), (2.4250, 0.6782, 1.0500), (2.4250, 0.5703, 1.1123), (2.4250, 0.4567, 1.1636), (2.4250, 0.3386, 1.2033), (2.4250, 0.2171, 1.2310), (2.4250, 0.0934, 1.2465), (2.4250, -0.0312, 1.2496), (2.4250, -0.1554, 1.2403), (2.4250, -0.2782, 1.2187), (2.4250, -0.3981, 1.1849), (2.4250, -0.5141, 1.1394), (2.4250, -0.6250, 1.0825), (2.4250, -0.7297, 1.0149), (2.4250, -0.8271, 0.9372), (2.4250, -0.9163, 0.8502), (2.4250, -0.9964, 0.7548), (2.4250, -1.0666, 0.6518), (2.4250, -1.1262, 0.5424), (2.4250, -1.1746, 0.4275), (2.4250, -1.2113, 0.3084), (2.4250, -1.2360, 0.1863), (2.4250, -1.2484, 0.0623), (2.4250, -1.2484, -0.0623), (2.4250, -1.2360, -0.1863), (2.4250, -1.2113, -0.3084), (2.4250, -1.1746, -0.4275), (2.4250, -1.1262, -0.5424), (2.4250, -1.0666, -0.6518), (2.4250, -0.9964, -0.7548), (2.4250, -0.9163, -0.8502), (2.4250, -0.8271, -0.9372), (2.4250, -0.7297, -1.0149), (2.4250, -0.6250, -1.0825), (2.4250, -0.5141, -1.1394), (2.4250, -0.3981, -1.1849), (2.4250, -0.2782, -1.2187), (2.4250, -0.1554, -1.2403), (2.4250, -0.0312, -1.2496), (2.4250, 0.0934, -1.2465), (2.4250, 0.2171, -1.2310), (2.4250, 0.3386, -1.2033), (2.4250, 0.4567, -1.1636), (2.4250, 0.5703, -1.1123), (2.4250, 0.6782, -1.0500), (2.4250, 0.7794, -0.9773), (2.4250, 0.8728, -0.8948), (2.4250, 0.9576, -0.8035), (2.4250, 1.0328, -0.7042), (2.4250, 1.0978, -0.5978), (2.4250, 1.1518, -0.4855), (2.4250, 1.1945, -0.3684), (2.4250, 1.2252, -0.2477), (2.4250, 1.2438, -0.1245), (28.7347, 10.0185, 0.0000), (28.7347, 9.9687, 0.9975), (28.7347, 9.8198, 1.9851), (28.7347, 9.5734, 2.9530), (28.7347, 9.2318, 3.8915), (28.7347, 8.7984, 4.7914), (28.7347, 8.2776, 5.6436), (28.7347, 7.6746, 6.4397), (28.7347, 6.9953, 7.1719), (28.7347, 6.2464, 7.8328), (28.7347, 5.4355, 8.4158), (28.7347, 4.5705, 8.9152), (28.7347, 3.6602, 9.3259), (28.7347, 2.7134, 9.6440), (28.7347, 1.7397, 9.8663), (28.7347, 0.7487, 9.9905), (28.7347, -0.2498, 10.0154), (28.7347, -1.2457, 9.9407), (28.7347, -2.2293, 9.7673), (28.7347, -3.1907, 9.4968), (28.7347, -4.1205, 9.1319), (28.7347, -5.0092, 8.6762), (28.7347, -5.8482, 8.1344), (28.7347, -6.6291, 7.5117), (28.7347, -7.3441, 6.8143), (28.7347, -7.9860, 6.0492), (28.7347, -8.5487, 5.2240), (28.7347, -9.0263, 4.3469), (28.7347, -9.4143, 3.4265), (28.7347, -9.7087, 2.4721), (28.7347, -9.9066, 1.4932), (28.7347, -10.0060, 0.4994), (28.7347, -10.0060, -0.4994), (28.7347, -9.9066, -1.4932), (28.7347, -9.7087, -2.4721), (28.7347, -9.4143, -3.4265), (28.7347, -9.0263, -4.3469), (28.7347, -8.5487, -5.2240), (28.7347, -7.9860, -6.0492), (28.7347, -7.3441, -6.8143), (28.7347, -6.6291, -7.5117), (28.7347, -5.8482, -8.1344), (28.7347, -5.0092, -8.6762), (28.7347, -4.1205, -9.1319), (28.7347, -3.1907, -9.4968), (28.7347, -2.2293, -9.7673), (28.7347, -1.2457, -9.9407), (28.7347, -0.2498, -10.0154), (28.7347, 0.7487, -9.9905), (28.7347, 1.7397, -9.8663), (28.7347, 2.7134, -9.6440), (28.7347, 3.6602, -9.3259), (28.7347, 4.5705, -8.9152), (28.7347, 5.4355, -8.4158), (28.7347, 6.2464, -7.8328), (28.7347, 6.9953, -7.1719), (28.7347, 7.6746, -6.4397), (28.7347, 8.2776, -5.6436), (28.7347, 8.7984, -4.7914), (28.7347, 9.2318, -3.8915), (28.7347, 9.5734, -2.9530), (28.7347, 9.8198, -1.9851), (28.7347, 9.9687, -0.9975), (28.7347, 10.0185, 0.0000), (28.9635, 10.0734, 0.0000), (28.9635, 10.0734, 0.0000), (28.9635, 10.0234, 1.0030), (28.9635, 9.8737, 1.9960), (28.9635, 9.6259, 2.9692), (28.9635, 9.2824, 3.9129), (28.9635, 8.8467, 4.8177), (28.9635, 8.3230, 5.6746), (28.9635, 7.7167, 6.4751), (28.9635, 7.0336, 7.2112), (28.9635, 6.2807, 7.8757), (28.9635, 5.4653, 8.4619), (28.9635, 4.5956, 8.9640), (28.9635, 3.6802, 9.3771), (28.9635, 2.7283, 9.6969), (28.9635, 1.7492, 9.9204), (28.9635, 0.7528, 10.0452), (28.9635, -0.2511, 10.0703), (28.9635, -1.2526, 9.9952), (28.9635, -2.2415, 9.8209), (28.9635, -3.2082, 9.5489), (28.9635, -4.1431, 9.1820), (28.9635, -5.0367, 8.7238), (28.9635, -5.8803, 8.1790), (28.9635, -6.6654, 7.5529), (28.9635, -7.3843, 6.8517), (28.9635, -8.0298, 6.0824), (28.9635, -8.5956, 5.2526), (28.9635, -9.0758, 4.3707), (28.9635, -9.4659, 3.4453), (28.9635, -9.7619, 2.4857), (28.9635, -9.9609, 1.5014), (28.9635, -10.0609, 0.5021), (28.9635, -10.0609, -0.5021), (28.9635, -9.9609, -1.5014), (28.9635, -9.7619, -2.4857), (28.9635, -9.4659, -3.4453), (28.9635, -9.0758, -4.3707), (28.9635, -8.5956, -5.2526), (28.9635, -8.0298, -6.0824), (28.9635, -7.3843, -6.8517), (28.9635, -6.6654, -7.5529), (28.9635, -5.8803, -8.1790), (28.9635, -5.0367, -8.7238), (28.9635, -4.1431, -9.1820), (28.9635, -3.2082, -9.5489), (28.9635, -2.2415, -9.8209), (28.9635, -1.2526, -9.9952), (28.9635, -0.2511, -10.0703), (28.9635, 0.7528, -10.0452), (28.9635, 1.7492, -9.9204), (28.9635, 2.7283, -9.6969), (28.9635, 3.6802, -9.3771), (28.9635, 4.5956, -8.9640), (28.9635, 5.4653, -8.4619), (28.9635, 6.2807, -7.8757), (28.9635, 7.0336, -7.2112), (28.9635, 7.7167, -6.4751), (28.9635, 8.3230, -5.6746), (28.9635, 8.8467, -4.8177), (28.9635, 9.2824, -3.9129), (28.9635, 9.6259, -2.9692), (28.9635, 9.8737, -1.9960), (28.9635, 10.0234, -1.0030), (8.1761, 0.0000, 0.0000), (8.1761, 0.0000, 0.0000), (7.9883, 0.3125, 0.0000), (7.8005, 0.6250, 0.0000), (7.6128, 0.9375, 0.0000), (7.4250, 1.2500, 0.0000), (7.4250, 1.2500, 0.0000), (7.4250, 1.2438, 0.1245), (7.4250, 1.2252, 0.2477), (7.4250, 1.1945, 0.3684), (7.4250, 1.1518, 0.4855), (7.4250, 1.0978, 0.5978), (7.4250, 1.0328, 0.7042), (7.4250, 0.9576, 0.8035), (7.4250, 0.8728, 0.8948), (7.4250, 0.7794, 0.9773), (7.4250, 0.6782, 1.0500), (7.4250, 0.5703, 1.1123), (7.4250, 0.4567, 1.1636), (7.4250, 0.3386, 1.2033), (7.4250, 0.2171, 1.2310), (7.4250, 0.0934, 1.2465), (7.4250, -0.0312, 1.2496), (7.4250, -0.1554, 1.2403), (7.4250, -0.2782, 1.2187), (7.4250, -0.3981, 1.1849), (7.4250, -0.5141, 1.1394), (7.4250, -0.6250, 1.0825), (7.4250, -0.7297, 1.0149), (7.4250, -0.8271, 0.9372), (7.4250, -0.9163, 0.8502), (7.4250, -0.9964, 0.7548), (7.4250, -1.0666, 0.6518), (7.4250, -1.1262, 0.5424), (7.4250, -1.1746, 0.4275), (7.4250, -1.2113, 0.3084), (7.4250, -1.2360, 0.1863), (7.4250, -1.2484, 0.0623), (7.4250, -1.2484, -0.0623), (7.4250, -1.2360, -0.1863), (7.4250, -1.2113, -0.3084), (7.4250, -1.1746, -0.4275), (7.4250, -1.1262, -0.5424), (7.4250, -1.0666, -0.6518), (7.4250, -0.9964, -0.7548), (7.4250, -0.9163, -0.8502), (7.4250, -0.8271, -0.9372), (7.4250, -0.7297, -1.0149), (7.4250, -0.6250, -1.0825), (7.4250, -0.5141, -1.1394), (7.4250, -0.3981, -1.1849), (7.4250, -0.2782, -1.2187), (7.4250, -0.1554, -1.2403), (7.4250, -0.0312, -1.2496), (7.4250, 0.0934, -1.2465), (7.4250, 0.2171, -1.2310), (7.4250, 0.3386, -1.2033), (7.4250, 0.4567, -1.1636), (7.4250, 0.5703, -1.1123), (7.4250, 0.6782, -1.0500), (7.4250, 0.7794, -0.9773), (7.4250, 0.8728, -0.8948), (7.4250, 0.9576, -0.8035), (7.4250, 1.0328, -0.7042), (7.4250, 1.0978, -0.5978), (7.4250, 1.1518, -0.4855), (7.4250, 1.1945, -0.3684), (7.4250, 1.2252, -0.2477), (7.4250, 1.2438, -0.1245), (7.9883, 0.3125, 0.0000), (7.8005, 0.6250, 0.0000), (7.6128, 0.9375, 0.0000), (7.9883, 0.3065, 0.0610), (7.9883, 0.2887, 0.1196), (7.9883, 0.2598, 0.1736), (7.8005, 0.6130, 0.1219), (7.9883, 0.2210, 0.2210), (7.8005, 0.5774, 0.2392), (7.9883, 0.1736, 0.2598), (7.8005, 0.5197, 0.3472), (7.9883, 0.1196, 0.2887), (7.6128, 0.9195, 0.1829), (7.8005, 0.4419, 0.4419), (7.9883, 0.0610, 0.3065), (7.6128, 0.8661, 0.3588), (7.8005, 0.3472, 0.5197), (7.9883, 0.0000, 0.3125), (7.6128, 0.7795, 0.5208), (7.8005, 0.2392, 0.5774), (7.9883, -0.0610, 0.3065), (7.6128, 0.6629, 0.6629), (7.8005, 0.1219, 0.6130), (7.9883, -0.1196, 0.2887), (7.6128, 0.5208, 0.7795), (7.8005, 0.0000, 0.6250), (7.9883, -0.1736, 0.2598), (7.6128, 0.3588, 0.8661), (7.8005, -0.1219, 0.6130), (7.9883, -0.2210, 0.2210), (7.6128, 0.1829, 0.9195), (7.8005, -0.2392, 0.5774), (7.9883, -0.2598, 0.1736), (7.6128, 0.0000, 0.9375), (7.8005, -0.3472, 0.5197), (7.9883, -0.2887, 0.1196), (7.6128, -0.1829, 0.9195), (7.8005, -0.4419, 0.4419), (7.9883, -0.3065, 0.0610), (7.6128, -0.3588, 0.8661), (7.8005, -0.5197, 0.3472), (7.9883, -0.3125, -0.0000), (7.6128, -0.5208, 0.7795), (7.8005, -0.5774, 0.2392), (7.9883, -0.3065, -0.0610), (7.6128, -0.6629, 0.6629), (7.8005, -0.6130, 0.1219), (7.9883, -0.2887, -0.1196), (7.6128, -0.7795, 0.5208), (7.8005, -0.6250, -0.0000), (7.9883, -0.2598, -0.1736), (7.6128, -0.8661, 0.3588), (7.8005, -0.6130, -0.1219), (7.9883, -0.2210, -0.2210), (7.6128, -0.9195, 0.1829), (7.8005, -0.5774, -0.2392), (7.9883, -0.1736, -0.2598), (7.6128, -0.9375, -0.0000), (7.8005, -0.5197, -0.3472), (7.9883, -0.1196, -0.2887), (7.6128, -0.9195, -0.1829), (7.8005, -0.4419, -0.4419), (7.9883, -0.0610, -0.3065), (7.6128, -0.8661, -0.3588), (7.8005, -0.3472, -0.5197), (7.9883, 0.0000, -0.3125), (7.6128, -0.7795, -0.5208), (7.8005, -0.2392, -0.5774), (7.9883, 0.0610, -0.3065), (7.6128, -0.6629, -0.6629), (7.8005, -0.1219, -0.6130), (7.9883, 0.1196, -0.2887), (7.6128, -0.5208, -0.7795), (7.8005, 0.0000, -0.6250), (7.9883, 0.1736, -0.2598), (7.6128, -0.3588, -0.8661), (7.8005, 0.1219, -0.6130), (7.9883, 0.2210, -0.2210), (7.6128, -0.1829, -0.9195), (7.8005, 0.2392, -0.5774), (7.9883, 0.2598, -0.1736), (7.6128, 0.0000, -0.9375), (7.8005, 0.3472, -0.5197), (7.9883, 0.2887, -0.1196), (7.6128, 0.1829, -0.9195), (7.8005, 0.4419, -0.4419), (7.9883, 0.3065, -0.0610), (7.6128, 0.3588, -0.8661), (7.8005, 0.5197, -0.3472), (7.6128, 0.5208, -0.7795), (7.8005, 0.5774, -0.2392), (7.6128, 0.6629, -0.6629), (7.8005, 0.6130, -0.1219), (7.6128, 0.7795, -0.5208), (7.6128, 0.8661, -0.3588), (7.6128, 0.9195, -0.1829), (28.9635, 10.0734, 0.0000), (28.9635, 10.0234, 1.0030), (28.9635, 9.8737, 1.9960), (28.9635, 9.6259, 2.9692), (28.9635, 9.2824, 3.9129), (28.9635, 8.8467, 4.8177), (28.9635, 8.3230, 5.6746), (28.9635, 7.7167, 6.4751), (28.9635, 7.0336, 7.2112), (28.9635, 6.2807, 7.8757), (28.9635, 5.4653, 8.4619), (28.9635, 4.5956, 8.9640), (28.9635, 3.6802, 9.3771), (28.9635, 2.7283, 9.6969), (28.9635, 1.7492, 9.9204), (28.9635, 0.7528, 10.0452), (28.9635, -0.2511, 10.0703), (28.9635, -1.2526, 9.9952), (28.9635, -2.2415, 9.8209), (28.9635, -3.2082, 9.5489), (28.9635, -4.1431, 9.1820), (28.9635, -5.0367, 8.7238), (28.9635, -5.8803, 8.1790), (28.9635, -6.6654, 7.5529), (28.9635, -7.3843, 6.8517), (28.9635, -8.0298, 6.0824), (28.9635, -8.5956, 5.2526), (28.9635, -9.0758, 4.3707), (28.9635, -9.4659, 3.4453), (28.9635, -9.7619, 2.4857), (28.9635, -9.9609, 1.5014), (28.9635, -10.0609, 0.5021), (28.9635, -10.0609, -0.5021), (28.9635, -9.9609, -1.5014), (28.9635, -9.7619, -2.4857), (28.9635, -9.4659, -3.4453), (28.9635, -9.0758, -4.3707), (28.9635, -8.5956, -5.2526), (28.9635, -8.0298, -6.0824), (28.9635, -7.3843, -6.8517), (28.9635, -6.6654, -7.5529), (28.9635, -5.8803, -8.1790), (28.9635, -5.0367, -8.7238), (28.9635, -4.1431, -9.1820), (28.9635, -3.2082, -9.5489), (28.9635, -2.2415, -9.8209), (28.9635, -1.2526, -9.9952), (28.9635, -0.2511, -10.0703), (28.9635, 0.7528, -10.0452), (28.9635, 1.7492, -9.9204), (28.9635, 2.7283, -9.6969), (28.9635, 3.6802, -9.3771), (28.9635, 4.5956, -8.9640), (28.9635, 5.4653, -8.4619), (28.9635, 6.2807, -7.8757), (28.9635, 7.0336, -7.2112), (28.9635, 7.7167, -6.4751), (28.9635, 8.3230, -5.6746), (28.9635, 8.8467, -4.8177), (28.9635, 9.2824, -3.9129), (28.9635, 9.6259, -2.9692), (28.9635, 9.8737, -1.9960), (28.9635, 10.0234, -1.0030), (28.9635, 10.0734, 0.0000), (29.1810, 10.1635, 0.0000), (29.1810, 10.1635, 0.0000), (29.1810, 10.1130, 1.0120), (29.1810, 9.9620, 2.0139), (29.1810, 9.7120, 2.9957), (29.1810, 9.3654, 3.9479), (29.1810, 8.9258, 4.8607), (29.1810, 8.3975, 5.7253), (29.1810, 7.7857, 6.5330), (29.1810, 7.0965, 7.2757), (29.1810, 6.3368, 7.9461), (29.1810, 5.5142, 8.5376), (29.1810, 4.6367, 9.0442), (29.1810, 3.7131, 9.4609), (29.1810, 2.7527, 9.7836), (29.1810, 1.7649, 10.0091), (29.1810, 0.7595, 10.1351), (29.1810, -0.2534, 10.1603), (29.1810, -1.2638, 10.0846), (29.1810, -2.2616, 9.9087), (29.1810, -3.2369, 9.6343), (29.1810, -4.1801, 9.2641), (29.1810, -5.0817, 8.8018), (29.1810, -5.9329, 8.2521), (29.1810, -6.7250, 7.6204), (29.1810, -7.4504, 6.9129), (29.1810, -8.1016, 6.1368), (29.1810, -8.6724, 5.2996), (29.1810, -9.1570, 4.4098), (29.1810, -9.5506, 3.4761), (29.1810, -9.8492, 2.5079), (29.1810, -10.0500, 1.5148), (29.1810, -10.1509, 0.5066), (29.1810, -10.1509, -0.5066), (29.1810, -10.0500, -1.5148), (29.1810, -9.8492, -2.5079), (29.1810, -9.5506, -3.4761), (29.1810, -9.1570, -4.4098), (29.1810, -8.6724, -5.2996), (29.1810, -8.1016, -6.1368), (29.1810, -7.4504, -6.9129), (29.1810, -6.7250, -7.6204), (29.1810, -5.9329, -8.2521), (29.1810, -5.0817, -8.8018), (29.1810, -4.1801, -9.2641), (29.1810, -3.2369, -9.6343), (29.1810, -2.2616, -9.9087), (29.1810, -1.2638, -10.0846), (29.1810, -0.2534, -10.1603), (29.1810, 0.7595, -10.1351), (29.1810, 1.7649, -10.0091), (29.1810, 2.7527, -9.7836), (29.1810, 3.7131, -9.4609), (29.1810, 4.6367, -9.0442), (29.1810, 5.5142, -8.5376), (29.1810, 6.3368, -7.9461), (29.1810, 7.0965, -7.2757), (29.1810, 7.7857, -6.5330), (29.1810, 8.3975, -5.7253), (29.1810, 8.9258, -4.8607), (29.1810, 9.3654, -3.9479), (29.1810, 9.7120, -2.9957), (29.1810, 9.9620, -2.0139), (29.1810, 10.1130, -1.0120), (29.1810, 10.1635, 0.0000), (29.1810, 10.1130, 1.0120), (29.1810, 9.9620, 2.0139), (29.1810, 9.7120, 2.9957), (29.1810, 9.3654, 3.9479), (29.1810, 8.9258, 4.8607), (29.1810, 8.3975, 5.7253), (29.1810, 7.7857, 6.5330), (29.1810, 7.0965, 7.2757), (29.1810, 6.3368, 7.9461), (29.1810, 5.5142, 8.5376), (29.1810, 4.6367, 9.0442), (29.1810, 3.7131, 9.4609), (29.1810, 2.7527, 9.7836), (29.1810, 1.7649, 10.0091), (29.1810, 0.7595, 10.1351), (29.1810, -0.2534, 10.1603), (29.1810, -1.2638, 10.0846), (29.1810, -2.2616, 9.9087), (29.1810, -3.2369, 9.6343), (29.1810, -4.1801, 9.2641), (29.1810, -5.0817, 8.8018), (29.1810, -5.9329, 8.2521), (29.1810, -6.7250, 7.6204), (29.1810, -7.4504, 6.9129), (29.1810, -8.1016, 6.1368), (29.1810, -8.6724, 5.2996), (29.1810, -9.1570, 4.4098), (29.1810, -9.5506, 3.4761), (29.1810, -9.8492, 2.5079), (29.1810, -10.0500, 1.5148), (29.1810, -10.1509, 0.5066), (29.1810, -10.1509, -0.5066), (29.1810, -10.0500, -1.5148), (29.1810, -9.8492, -2.5079), (29.1810, -9.5506, -3.4761), (29.1810, -9.1570, -4.4098), (29.1810, -8.6724, -5.2996), (29.1810, -8.1016, -6.1368), (29.1810, -7.4504, -6.9129), (29.1810, -6.7250, -7.6204), (29.1810, -5.9329, -8.2521), (29.1810, -5.0817, -8.8018), (29.1810, -4.1801, -9.2641), (29.1810, -3.2369, -9.6343), (29.1810, -2.2616, -9.9087), (29.1810, -1.2638, -10.0846), (29.1810, -0.2534, -10.1603), (29.1810, 0.7595, -10.1351), (29.1810, 1.7649, -10.0091), (29.1810, 2.7527, -9.7836), (29.1810, 3.7131, -9.4609), (29.1810, 4.6367, -9.0442), (29.1810, 5.5142, -8.5376), (29.1810, 6.3368, -7.9461), (29.1810, 7.0965, -7.2757), (29.1810, 7.7857, -6.5330), (29.1810, 8.3975, -5.7253), (29.1810, 8.9258, -4.8607), (29.1810, 9.3654, -3.9479), (29.1810, 9.7120, -2.9957), (29.1810, 9.9620, -2.0139), (29.1810, 10.1130, -1.0120), (29.1810, 10.1635, 0.0000), (29.3817, 10.2865, 0.0000), (29.3817, 10.2865, 0.0000), (29.3817, 10.2354, 1.0242), (29.3817, 10.0825, 2.0382), (29.3817, 9.8295, 3.0320), (29.3817, 9.4787, 3.9956), (29.3817, 9.0338, 4.9195), (29.3817, 8.4991, 5.7946), (29.3817, 7.8799, 6.6120), (29.3817, 7.1824, 7.3637), (29.3817, 6.4135, 8.0423), (29.3817, 5.5809, 8.6409), (29.3817, 4.6928, 9.1536), (29.3817, 3.7581, 9.5754), (29.3817, 2.7860, 9.9020), (29.3817, 1.7862, 10.1302), (29.3817, 0.7687, 10.2577), (29.3817, -0.2564, 10.2833), (29.3817, -1.2791, 10.2066), (29.3817, -2.2890, 10.0286), (29.3817, -3.2761, 9.7508), (29.3817, -4.2307, 9.3762), (29.3817, -5.1432, 8.9083), (29.3817, -6.0047, 8.3520), (29.3817, -6.8064, 7.7126), (29.3817, -7.5405, 6.9966), (29.3817, -8.1997, 6.2110), (29.3817, -8.7774, 5.3637), (29.3817, -9.2678, 4.4631), (29.3817, -9.6661, 3.5182), (29.3817, -9.9684, 2.5383), (29.3817, -10.1716, 1.5331), (29.3817, -10.2737, 0.5127), (29.3817, -10.2737, -0.5127), (29.3817, -10.1716, -1.5331), (29.3817, -9.9684, -2.5383), (29.3817, -9.6661, -3.5182), (29.3817, -9.2678, -4.4631), (29.3817, -8.7774, -5.3637), (29.3817, -8.1997, -6.2110), (29.3817, -7.5405, -6.9966), (29.3817, -6.8064, -7.7126), (29.3817, -6.0047, -8.3520), (29.3817, -5.1432, -8.9083), (29.3817, -4.2307, -9.3762), (29.3817, -3.2761, -9.7508), (29.3817, -2.2890, -10.0286), (29.3817, -1.2791, -10.2066), (29.3817, -0.2564, -10.2833), (29.3817, 0.7687, -10.2577), (29.3817, 1.7862, -10.1302), (29.3817, 2.7860, -9.9020), (29.3817, 3.7581, -9.5754), (29.3817, 4.6928, -9.1536), (29.3817, 5.5809, -8.6409), (29.3817, 6.4135, -8.0423), (29.3817, 7.1824, -7.3637), (29.3817, 7.8799, -6.6120), (29.3817, 8.4991, -5.7946), (29.3817, 9.0338, -4.9195), (29.3817, 9.4787, -3.9956), (29.3817, 9.8295, -3.0320), (29.3817, 10.0825, -2.0382), (29.3817, 10.2354, -1.0242), (29.3817, 10.2865, 0.0000), (29.3817, 10.2354, 1.0242), (29.3817, 10.0825, 2.0382), (29.3817, 9.8295, 3.0320), (29.3817, 9.4787, 3.9956), (29.3817, 9.0338, 4.9195), (29.3817, 8.4991, 5.7946), (29.3817, 7.8799, 6.6120), (29.3817, 7.1824, 7.3637), (29.3817, 6.4135, 8.0423), (29.3817, 5.5809, 8.6409), (29.3817, 4.6928, 9.1536), (29.3817, 3.7581, 9.5754), (29.3817, 2.7860, 9.9020), (29.3817, 1.7862, 10.1302), (29.3817, 0.7687, 10.2577), (29.3817, -0.2564, 10.2833), (29.3817, -1.2791, 10.2066), (29.3817, -2.2890, 10.0286), (29.3817, -3.2761, 9.7508), (29.3817, -4.2307, 9.3762), (29.3817, -5.1432, 8.9083), (29.3817, -6.0047, 8.3520), (29.3817, -6.8064, 7.7126), (29.3817, -7.5405, 6.9966), (29.3817, -8.1997, 6.2110), (29.3817, -8.7774, 5.3637), (29.3817, -9.2678, 4.4631), (29.3817, -9.6661, 3.5182), (29.3817, -9.9684, 2.5383), (29.3817, -10.1716, 1.5331), (29.3817, -10.2737, 0.5127), (29.3817, -10.2737, -0.5127), (29.3817, -10.1716, -1.5331), (29.3817, -9.9684, -2.5383), (29.3817, -9.6661, -3.5182), (29.3817, -9.2678, -4.4631), (29.3817, -8.7774, -5.3637), (29.3817, -8.1997, -6.2110), (29.3817, -7.5405, -6.9966), (29.3817, -6.8064, -7.7126), (29.3817, -6.0047, -8.3520), (29.3817, -5.1432, -8.9083), (29.3817, -4.2307, -9.3762), (29.3817, -3.2761, -9.7508), (29.3817, -2.2890, -10.0286), (29.3817, -1.2791, -10.2066), (29.3817, -0.2564, -10.2833), (29.3817, 0.7687, -10.2577), (29.3817, 1.7862, -10.1302), (29.3817, 2.7860, -9.9020), (29.3817, 3.7581, -9.5754), (29.3817, 4.6928, -9.1536), (29.3817, 5.5809, -8.6409), (29.3817, 6.4135, -8.0423), (29.3817, 7.1824, -7.3637), (29.3817, 7.8799, -6.6120), (29.3817, 8.4991, -5.7946), (29.3817, 9.0338, -4.9195), (29.3817, 9.4787, -3.9956), (29.3817, 9.8295, -3.0320), (29.3817, 10.0825, -2.0382), (29.3817, 10.2354, -1.0242), (29.3817, 10.2865, 0.0000), (29.5607, 10.4393, 0.0000), (29.5607, 10.4393, 0.0000), (29.5607, 10.3875, 1.0394), (29.5607, 10.2324, 2.0685), (29.5607, 9.9755, 3.0770), (29.5607, 9.6196, 4.0550), (29.5607, 9.1681, 4.9927), (29.5607, 8.6254, 5.8807), (29.5607, 7.9970, 6.7103), (29.5607, 7.2891, 7.4732), (29.5607, 6.5088, 8.1618), (29.5607, 5.6638, 8.7693), (29.5607, 4.7625, 9.2897), (29.5607, 3.8139, 9.7177), (29.5607, 2.8274, 10.0492), (29.5607, 1.8128, 10.2807), (29.5607, 0.7801, 10.4101), (29.5607, -0.2603, 10.4361), (29.5607, -1.2981, 10.3583), (29.5607, -2.3230, 10.1776), (29.5607, -3.3248, 9.8957), (29.5607, -4.2936, 9.5155), (29.5607, -5.2197, 9.0407), (29.5607, -6.0939, 8.4761), (29.5607, -6.9076, 7.8272), (29.5607, -7.6526, 7.1006), (29.5607, -8.3215, 6.3033), (29.5607, -8.9078, 5.4434), (29.5607, -9.4055, 4.5295), (29.5607, -9.8098, 3.5705), (29.5607, -10.1165, 2.5760), (29.5607, -10.3227, 1.5559), (29.5607, -10.4264, 0.5204), (29.5607, -10.4264, -0.5204), (29.5607, -10.3227, -1.5559), (29.5607, -10.1165, -2.5760), (29.5607, -9.8098, -3.5705), (29.5607, -9.4055, -4.5295), (29.5607, -8.9078, -5.4434), (29.5607, -8.3215, -6.3033), (29.5607, -7.6526, -7.1006), (29.5607, -6.9076, -7.8272), (29.5607, -6.0939, -8.4761), (29.5607, -5.2197, -9.0407), (29.5607, -4.2936, -9.5155), (29.5607, -3.3248, -9.8957), (29.5607, -2.3230, -10.1776), (29.5607, -1.2981, -10.3583), (29.5607, -0.2603, -10.4361), (29.5607, 0.7801, -10.4101), (29.5607, 1.8128, -10.2807), (29.5607, 2.8274, -10.0492), (29.5607, 3.8139, -9.7177), (29.5607, 4.7625, -9.2897), (29.5607, 5.6638, -8.7693), (29.5607, 6.5088, -8.1618), (29.5607, 7.2891, -7.4732), (29.5607, 7.9970, -6.7103), (29.5607, 8.6254, -5.8807), (29.5607, 9.1681, -4.9927), (29.5607, 9.6196, -4.0550), (29.5607, 9.9755, -3.0770), (29.5607, 10.2324, -2.0685), (29.5607, 10.3875, -1.0394), (29.5607, 10.4393, 0.0000), (29.5607, 10.3875, 1.0394), (29.5607, 10.2324, 2.0685), (29.5607, 9.9755, 3.0770), (29.5607, 9.6196, 4.0550), (29.5607, 9.1681, 4.9927), (29.5607, 8.6254, 5.8807), (29.5607, 7.9970, 6.7103), (29.5607, 7.2891, 7.4732), (29.5607, 6.5088, 8.1618), (29.5607, 5.6638, 8.7693), (29.5607, 4.7625, 9.2897), (29.5607, 3.8139, 9.7177), (29.5607, 2.8274, 10.0492), (29.5607, 1.8128, 10.2807), (29.5607, 0.7801, 10.4101), (29.5607, -0.2603, 10.4361), (29.5607, -1.2981, 10.3583), (29.5607, -2.3230, 10.1776), (29.5607, -3.3248, 9.8957), (29.5607, -4.2936, 9.5155), (29.5607, -5.2197, 9.0407), (29.5607, -6.0939, 8.4761), (29.5607, -6.9076, 7.8272), (29.5607, -7.6526, 7.1006), (29.5607, -8.3215, 6.3033), (29.5607, -8.9078, 5.4434), (29.5607, -9.4055, 4.5295), (29.5607, -9.8098, 3.5705), (29.5607, -10.1165, 2.5760), (29.5607, -10.3227, 1.5559), (29.5607, -10.4264, 0.5204), (29.5607, -10.4264, -0.5204), (29.5607, -10.3227, -1.5559), (29.5607, -10.1165, -2.5760), (29.5607, -9.8098, -3.5705), (29.5607, -9.4055, -4.5295), (29.5607, -8.9078, -5.4434), (29.5607, -8.3215, -6.3033), (29.5607, -7.6526, -7.1006), (29.5607, -6.9076, -7.8272), (29.5607, -6.0939, -8.4761), (29.5607, -5.2197, -9.0407), (29.5607, -4.2936, -9.5155), (29.5607, -3.3248, -9.8957), (29.5607, -2.3230, -10.1776), (29.5607, -1.2981, -10.3583), (29.5607, -0.2603, -10.4361), (29.5607, 0.7801, -10.4101), (29.5607, 1.8128, -10.2807), (29.5607, 2.8274, -10.0492), (29.5607, 3.8139, -9.7177), (29.5607, 4.7625, -9.2897), (29.5607, 5.6638, -8.7693), (29.5607, 6.5088, -8.1618), (29.5607, 7.2891, -7.4732), (29.5607, 7.9970, -6.7103), (29.5607, 8.6254, -5.8807), (29.5607, 9.1681, -4.9927), (29.5607, 9.6196, -4.0550), (29.5607, 9.9755, -3.0770), (29.5607, 10.2324, -2.0685), (29.5607, 10.3875, -1.0394), (29.5607, 10.4393, 0.0000), (29.7135, 10.6183, 0.0000), (29.7135, 10.6183, 0.0000), (29.7135, 10.5656, 1.0572), (29.7135, 10.4078, 2.1040), (29.7135, 10.1466, 3.1298), (29.7135, 9.7845, 4.1245), (29.7135, 9.3252, 5.0783), (29.7135, 8.7733, 5.9815), (29.7135, 8.1341, 6.8253), (29.7135, 7.4141, 7.6013), (29.7135, 6.6204, 8.3017), (29.7135, 5.7609, 8.9197), (29.7135, 4.8442, 9.4489), (29.7135, 3.8793, 9.8843), (29.7135, 2.8759, 10.2215), (29.7135, 1.8439, 10.4570), (29.7135, 0.7935, 10.5886), (29.7135, -0.2647, 10.6150), (29.7135, -1.3203, 10.5359), (29.7135, -2.3628, 10.3521), (29.7135, -3.3818, 10.0654), (29.7135, -4.3672, 9.6787), (29.7135, -5.3092, 9.1957), (29.7135, -6.1984, 8.6214), (29.7135, -7.0260, 7.9614), (29.7135, -7.7838, 7.2223), (29.7135, -8.4642, 6.4114), (29.7135, -9.0605, 5.5368), (29.7135, -9.5668, 4.6071), (29.7135, -9.9780, 3.6317), (29.7135, -10.2900, 2.6201), (29.7135, -10.4997, 1.5826), (29.7135, -10.6051, 0.5293), (29.7135, -10.6051, -0.5293), (29.7135, -10.4997, -1.5826), (29.7135, -10.2900, -2.6201), (29.7135, -9.9780, -3.6317), (29.7135, -9.5668, -4.6071), (29.7135, -9.0605, -5.5368), (29.7135, -8.4642, -6.4114), (29.7135, -7.7838, -7.2223), (29.7135, -7.0260, -7.9614), (29.7135, -6.1984, -8.6214), (29.7135, -5.3092, -9.1957), (29.7135, -4.3672, -9.6787), (29.7135, -3.3818, -10.0654), (29.7135, -2.3628, -10.3521), (29.7135, -1.3203, -10.5359), (29.7135, -0.2647, -10.6150), (29.7135, 0.7935, -10.5886), (29.7135, 1.8439, -10.4570), (29.7135, 2.8759, -10.2215), (29.7135, 3.8793, -9.8843), (29.7135, 4.8442, -9.4489), (29.7135, 5.7609, -8.9197), (29.7135, 6.6204, -8.3017), (29.7135, 7.4141, -7.6013), (29.7135, 8.1341, -6.8253), (29.7135, 8.7733, -5.9815), (29.7135, 9.3252, -5.0783), (29.7135, 9.7845, -4.1245), (29.7135, 10.1466, -3.1298), (29.7135, 10.4078, -2.1040), (29.7135, 10.5656, -1.0572), (29.7135, 10.6183, 0.0000), (29.7135, 10.5656, 1.0572), (29.7135, 10.4078, 2.1040), (29.7135, 10.1466, 3.1298), (29.7135, 9.7845, 4.1245), (29.7135, 9.3252, 5.0783), (29.7135, 8.7733, 5.9815), (29.7135, 8.1341, 6.8253), (29.7135, 7.4141, 7.6013), (29.7135, 6.6204, 8.3017), (29.7135, 5.7609, 8.9197), (29.7135, 4.8442, 9.4489), (29.7135, 3.8793, 9.8843), (29.7135, 2.8759, 10.2215), (29.7135, 1.8439, 10.4570), (29.7135, 0.7935, 10.5886), (29.7135, -0.2647, 10.6150), (29.7135, -1.3203, 10.5359), (29.7135, -2.3628, 10.3521), (29.7135, -3.3818, 10.0654), (29.7135, -4.3672, 9.6787), (29.7135, -5.3092, 9.1957), (29.7135, -6.1984, 8.6214), (29.7135, -7.0260, 7.9614), (29.7135, -7.7838, 7.2223), (29.7135, -8.4642, 6.4114), (29.7135, -9.0605, 5.5368), (29.7135, -9.5668, 4.6071), (29.7135, -9.9780, 3.6317), (29.7135, -10.2900, 2.6201), (29.7135, -10.4997, 1.5826), (29.7135, -10.6051, 0.5293), (29.7135, -10.6051, -0.5293), (29.7135, -10.4997, -1.5826), (29.7135, -10.2900, -2.6201), (29.7135, -9.9780, -3.6317), (29.7135, -9.5668, -4.6071), (29.7135, -9.0605, -5.5368), (29.7135, -8.4642, -6.4114), (29.7135, -7.7838, -7.2223), (29.7135, -7.0260, -7.9614), (29.7135, -6.1984, -8.6214), (29.7135, -5.3092, -9.1957), (29.7135, -4.3672, -9.6787), (29.7135, -3.3818, -10.0654), (29.7135, -2.3628, -10.3521), (29.7135, -1.3203, -10.5359), (29.7135, -0.2647, -10.6150), (29.7135, 0.7935, -10.5886), (29.7135, 1.8439, -10.4570), (29.7135, 2.8759, -10.2215), (29.7135, 3.8793, -9.8843), (29.7135, 4.8442, -9.4489), (29.7135, 5.7609, -8.9197), (29.7135, 6.6204, -8.3017), (29.7135, 7.4141, -7.6013), (29.7135, 8.1341, -6.8253), (29.7135, 8.7733, -5.9815), (29.7135, 9.3252, -5.0783), (29.7135, 9.7845, -4.1245), (29.7135, 10.1466, -3.1298), (29.7135, 10.4078, -2.1040), (29.7135, 10.5656, -1.0572), (29.7135, 10.6183, 0.0000), (29.8365, 10.8190, 0.0000), (29.8365, 10.8190, 0.0000), (29.8365, 10.7653, 1.0772), (29.8365, 10.6045, 2.1437), (29.8365, 10.3384, 3.1890), (29.8365, 9.9695, 4.2025), (29.8365, 9.5015, 5.1742), (29.8365, 8.9391, 6.0946), (29.8365, 8.2878, 6.9543), (29.8365, 7.5542, 7.7450), (29.8365, 6.7455, 8.4586), (29.8365, 5.8698, 9.0883), (29.8365, 4.9357, 9.6275), (29.8365, 3.9526, 10.0711), (29.8365, 2.9302, 10.4146), (29.8365, 1.8787, 10.6546), (29.8365, 0.8085, 10.7888), (29.8365, -0.2697, 10.8157), (29.8365, -1.3453, 10.7351), (29.8365, -2.4075, 10.5478), (29.8365, -3.4457, 10.2556), (29.8365, -4.4497, 9.8616), (29.8365, -5.4095, 9.3695), (29.8365, -6.3155, 8.7844), (29.8365, -7.1588, 8.1119), (29.8365, -7.9309, 7.3588), (29.8365, -8.6242, 6.5326), (29.8365, -9.2318, 5.6414), (29.8365, -9.7476, 4.6942), (29.8365, -10.1665, 3.7003), (29.8365, -10.4845, 2.6697), (29.8365, -10.6982, 1.6125), (29.8365, -10.8056, 0.5393), (29.8365, -10.8056, -0.5393), (29.8365, -10.6982, -1.6125), (29.8365, -10.4845, -2.6697), (29.8365, -10.1665, -3.7003), (29.8365, -9.7476, -4.6942), (29.8365, -9.2318, -5.6414), (29.8365, -8.6242, -6.5326), (29.8365, -7.9309, -7.3588), (29.8365, -7.1588, -8.1119), (29.8365, -6.3155, -8.7844), (29.8365, -5.4095, -9.3695), (29.8365, -4.4497, -9.8616), (29.8365, -3.4457, -10.2556), (29.8365, -2.4075, -10.5478), (29.8365, -1.3453, -10.7351), (29.8365, -0.2697, -10.8157), (29.8365, 0.8085, -10.7888), (29.8365, 1.8787, -10.6546), (29.8365, 2.9302, -10.4146), (29.8365, 3.9526, -10.0711), (29.8365, 4.9357, -9.6275), (29.8365, 5.8698, -9.0883), (29.8365, 6.7455, -8.4586), (29.8365, 7.5542, -7.7450), (29.8365, 8.2878, -6.9543), (29.8365, 8.9391, -6.0946), (29.8365, 9.5015, -5.1742), (29.8365, 9.9695, -4.2025), (29.8365, 10.3384, -3.1890), (29.8365, 10.6045, -2.1437), (29.8365, 10.7653, -1.0772), (29.8365, 10.8190, 0.0000), (29.8365, 10.7653, 1.0772), (29.8365, 10.6045, 2.1437), (29.8365, 10.3384, 3.1890), (29.8365, 9.9695, 4.2025), (29.8365, 9.5015, 5.1742), (29.8365, 8.9391, 6.0946), (29.8365, 8.2878, 6.9543), (29.8365, 7.5542, 7.7450), (29.8365, 6.7455, 8.4586), (29.8365, 5.8698, 9.0883), (29.8365, 4.9357, 9.6275), (29.8365, 3.9526, 10.0711), (29.8365, 2.9302, 10.4146), (29.8365, 1.8787, 10.6546), (29.8365, 0.8085, 10.7888), (29.8365, -0.2697, 10.8157), (29.8365, -1.3453, 10.7351), (29.8365, -2.4075, 10.5478), (29.8365, -3.4457, 10.2556), (29.8365, -4.4497, 9.8616), (29.8365, -5.4095, 9.3695), (29.8365, -6.3155, 8.7844), (29.8365, -7.1588, 8.1119), (29.8365, -7.9309, 7.3588), (29.8365, -8.6242, 6.5326), (29.8365, -9.2318, 5.6414), (29.8365, -9.7476, 4.6942), (29.8365, -10.1665, 3.7003), (29.8365, -10.4845, 2.6697), (29.8365, -10.6982, 1.6125), (29.8365, -10.8056, 0.5393), (29.8365, -10.8056, -0.5393), (29.8365, -10.6982, -1.6125), (29.8365, -10.4845, -2.6697), (29.8365, -10.1665, -3.7003), (29.8365, -9.7476, -4.6942), (29.8365, -9.2318, -5.6414), (29.8365, -8.6242, -6.5326), (29.8365, -7.9309, -7.3588), (29.8365, -7.1588, -8.1119), (29.8365, -6.3155, -8.7844), (29.8365, -5.4095, -9.3695), (29.8365, -4.4497, -9.8616), (29.8365, -3.4457, -10.2556), (29.8365, -2.4075, -10.5478), (29.8365, -1.3453, -10.7351), (29.8365, -0.2697, -10.8157), (29.8365, 0.8085, -10.7888), (29.8365, 1.8787, -10.6546), (29.8365, 2.9302, -10.4146), (29.8365, 3.9526, -10.0711), (29.8365, 4.9357, -9.6275), (29.8365, 5.8698, -9.0883), (29.8365, 6.7455, -8.4586), (29.8365, 7.5542, -7.7450), (29.8365, 8.2878, -6.9543), (29.8365, 8.9391, -6.0946), (29.8365, 9.5015, -5.1742), (29.8365, 9.9695, -4.2025), (29.8365, 10.3384, -3.1890), (29.8365, 10.6045, -2.1437), (29.8365, 10.7653, -1.0772), (29.8365, 10.8190, 0.0000), (29.9266, 11.0365, 0.0000), (29.9266, 11.0365, 0.0000), (29.9266, 10.9816, 1.0989), (29.9266, 10.8176, 2.1868), (29.9266, 10.5462, 3.2531), (29.9266, 10.1698, 4.2870), (29.9266, 9.6925, 5.2782), (29.9266, 9.1188, 6.2171), (29.9266, 8.4544, 7.0941), (29.9266, 7.7061, 7.9006), (29.9266, 6.8811, 8.6287), (29.9266, 5.9878, 9.2709), (29.9266, 5.0350, 9.8210), (29.9266, 4.0321, 10.2736), (29.9266, 2.9891, 10.6240), (29.9266, 1.9165, 10.8688), (29.9266, 0.8248, 11.0056), (29.9266, -0.2751, 11.0330), (29.9266, -1.3723, 10.9508), (29.9266, -2.4558, 10.7598), (29.9266, -3.5150, 10.4618), (29.9266, -4.5392, 10.0598), (29.9266, -5.5182, 9.5579), (29.9266, -6.4425, 8.9609), (29.9266, -7.3027, 8.2749), (29.9266, -8.0903, 7.5067), (29.9266, -8.7975, 6.6639), (29.9266, -9.4173, 5.7548), (29.9266, -9.9435, 4.7885), (29.9266, -10.3709, 3.7747), (29.9266, -10.6952, 2.7233), (29.9266, -10.9132, 1.6449), (29.9266, -11.0228, 0.5501), (29.9266, -11.0228, -0.5501), (29.9266, -10.9132, -1.6449), (29.9266, -10.6952, -2.7233), (29.9266, -10.3709, -3.7747), (29.9266, -9.9435, -4.7885), (29.9266, -9.4173, -5.7548), (29.9266, -8.7975, -6.6639), (29.9266, -8.0903, -7.5067), (29.9266, -7.3027, -8.2749), (29.9266, -6.4425, -8.9609), (29.9266, -5.5182, -9.5579), (29.9266, -4.5392, -10.0598), (29.9266, -3.5150, -10.4618), (29.9266, -2.4558, -10.7598), (29.9266, -1.3723, -10.9508), (29.9266, -0.2751, -11.0330), (29.9266, 0.8248, -11.0056), (29.9266, 1.9165, -10.8688), (29.9266, 2.9891, -10.6240), (29.9266, 4.0321, -10.2736), (29.9266, 5.0350, -9.8210), (29.9266, 5.9878, -9.2709), (29.9266, 6.8811, -8.6287), (29.9266, 7.7061, -7.9006), (29.9266, 8.4544, -7.0941), (29.9266, 9.1188, -6.2171), (29.9266, 9.6925, -5.2782), (29.9266, 10.1698, -4.2870), (29.9266, 10.5462, -3.2531), (29.9266, 10.8176, -2.1868), (29.9266, 10.9816, -1.0989), (29.9266, 11.0365, 0.0000), (29.9266, 10.9816, 1.0989), (29.9266, 10.8176, 2.1868), (29.9266, 10.5462, 3.2531), (29.9266, 10.1698, 4.2870), (29.9266, 9.6925, 5.2782), (29.9266, 9.1188, 6.2171), (29.9266, 8.4544, 7.0941), (29.9266, 7.7061, 7.9006), (29.9266, 6.8811, 8.6287), (29.9266, 5.9878, 9.2709), (29.9266, 5.0350, 9.8210), (29.9266, 4.0321, 10.2736), (29.9266, 2.9891, 10.6240), (29.9266, 1.9165, 10.8688), (29.9266, 0.8248, 11.0056), (29.9266, -0.2751, 11.0330), (29.9266, -1.3723, 10.9508), (29.9266, -2.4558, 10.7598), (29.9266, -3.5150, 10.4618), (29.9266, -4.5392, 10.0598), (29.9266, -5.5182, 9.5579), (29.9266, -6.4425, 8.9609), (29.9266, -7.3027, 8.2749), (29.9266, -8.0903, 7.5067), (29.9266, -8.7975, 6.6639), (29.9266, -9.4173, 5.7548), (29.9266, -9.9435, 4.7885), (29.9266, -10.3709, 3.7747), (29.9266, -10.6952, 2.7233), (29.9266, -10.9132, 1.6449), (29.9266, -11.0228, 0.5501), (29.9266, -11.0228, -0.5501), (29.9266, -10.9132, -1.6449), (29.9266, -10.6952, -2.7233), (29.9266, -10.3709, -3.7747), (29.9266, -9.9435, -4.7885), (29.9266, -9.4173, -5.7548), (29.9266, -8.7975, -6.6639), (29.9266, -8.0903, -7.5067), (29.9266, -7.3027, -8.2749), (29.9266, -6.4425, -8.9609), (29.9266, -5.5182, -9.5579), (29.9266, -4.5392, -10.0598), (29.9266, -3.5150, -10.4618), (29.9266, -2.4558, -10.7598), (29.9266, -1.3723, -10.9508), (29.9266, -0.2751, -11.0330), (29.9266, 0.8248, -11.0056), (29.9266, 1.9165, -10.8688), (29.9266, 2.9891, -10.6240), (29.9266, 4.0321, -10.2736), (29.9266, 5.0350, -9.8210), (29.9266, 5.9878, -9.2709), (29.9266, 6.8811, -8.6287), (29.9266, 7.7061, -7.9006), (29.9266, 8.4544, -7.0941), (29.9266, 9.1188, -6.2171), (29.9266, 9.6925, -5.2782), (29.9266, 10.1698, -4.2870), (29.9266, 10.5462, -3.2531), (29.9266, 10.8176, -2.1868), (29.9266, 10.9816, -1.0989), (29.9266, 11.0365, 0.0000), (29.9815, 11.2653, 0.0000), (29.9815, 11.2653, 0.0000), (29.9815, 11.2094, 1.1217), (29.9815, 11.0420, 2.2322), (29.9815, 10.7649, 3.3205), (29.9815, 10.3808, 4.3759), (29.9815, 9.8935, 5.3877), (29.9815, 9.3079, 6.3460), (29.9815, 8.6298, 7.2412), (29.9815, 7.8659, 8.0645), (29.9815, 7.0238, 8.8076), (29.9815, 6.1120, 9.4632), (29.9815, 5.1394, 10.0247), (29.9815, 4.1157, 10.4866), (29.9815, 3.0511, 10.8443), (29.9815, 1.9562, 11.0942), (29.9815, 0.8419, 11.2338), (29.9815, -0.2809, 11.2618), (29.9815, -1.4008, 11.1779), (29.9815, -2.5068, 10.9829), (29.9815, -3.5879, 10.6787), (29.9815, -4.6333, 10.2684), (29.9815, -5.6327, 9.7561), (29.9815, -6.5761, 9.1468), (29.9815, -7.4541, 8.4465), (29.9815, -8.2581, 7.6624), (29.9815, -8.9800, 6.8021), (29.9815, -9.6126, 5.8741), (29.9815, -10.1497, 4.8879), (29.9815, -10.5860, 3.8530), (29.9815, -10.9170, 2.7798), (29.9815, -11.1395, 1.6790), (29.9815, -11.2513, 0.5615), (29.9815, -11.2513, -0.5615), (29.9815, -11.1395, -1.6790), (29.9815, -10.9170, -2.7798), (29.9815, -10.5860, -3.8530), (29.9815, -10.1497, -4.8879), (29.9815, -9.6126, -5.8741), (29.9815, -8.9800, -6.8021), (29.9815, -8.2581, -7.6624), (29.9815, -7.4541, -8.4465), (29.9815, -6.5761, -9.1468), (29.9815, -5.6327, -9.7561), (29.9815, -4.6333, -10.2684), (29.9815, -3.5879, -10.6787), (29.9815, -2.5068, -10.9829), (29.9815, -1.4008, -11.1779), (29.9815, -0.2809, -11.2618), (29.9815, 0.8419, -11.2338), (29.9815, 1.9562, -11.0942), (29.9815, 3.0511, -10.8443), (29.9815, 4.1157, -10.4866), (29.9815, 5.1394, -10.0247), (29.9815, 6.1120, -9.4632), (29.9815, 7.0238, -8.8076), (29.9815, 7.8659, -8.0645), (29.9815, 8.6298, -7.2412), (29.9815, 9.3079, -6.3460), (29.9815, 9.8935, -5.3877), (29.9815, 10.3808, -4.3759), (29.9815, 10.7649, -3.3205), (29.9815, 11.0420, -2.2322), (29.9815, 11.2094, -1.1217), (29.9815, 11.2653, 0.0000), (29.9815, 11.2094, 1.1217), (29.9815, 11.0420, 2.2322), (29.9815, 10.7649, 3.3205), (29.9815, 10.3808, 4.3759), (29.9815, 9.8935, 5.3877), (29.9815, 9.3079, 6.3460), (29.9815, 8.6298, 7.2412), (29.9815, 7.8659, 8.0645), (29.9815, 7.0238, 8.8076), (29.9815, 6.1120, 9.4632), (29.9815, 5.1394, 10.0247), (29.9815, 4.1157, 10.4866), (29.9815, 3.0511, 10.8443), (29.9815, 1.9562, 11.0942), (29.9815, 0.8419, 11.2338), (29.9815, -0.2809, 11.2618), (29.9815, -1.4008, 11.1779), (29.9815, -2.5068, 10.9829), (29.9815, -3.5879, 10.6787), (29.9815, -4.6333, 10.2684), (29.9815, -5.6327, 9.7561), (29.9815, -6.5761, 9.1468), (29.9815, -7.4541, 8.4465), (29.9815, -8.2581, 7.6624), (29.9815, -8.9800, 6.8021), (29.9815, -9.6126, 5.8741), (29.9815, -10.1497, 4.8879), (29.9815, -10.5860, 3.8530), (29.9815, -10.9170, 2.7798), (29.9815, -11.1395, 1.6790), (29.9815, -11.2513, 0.5615), (29.9815, -11.2513, -0.5615), (29.9815, -11.1395, -1.6790), (29.9815, -10.9170, -2.7798), (29.9815, -10.5860, -3.8530), (29.9815, -10.1497, -4.8879), (29.9815, -9.6126, -5.8741), (29.9815, -8.9800, -6.8021), (29.9815, -8.2581, -7.6624), (29.9815, -7.4541, -8.4465), (29.9815, -6.5761, -9.1468), (29.9815, -5.6327, -9.7561), (29.9815, -4.6333, -10.2684), (29.9815, -3.5879, -10.6787), (29.9815, -2.5068, -10.9829), (29.9815, -1.4008, -11.1779), (29.9815, -0.2809, -11.2618), (29.9815, 0.8419, -11.2338), (29.9815, 1.9562, -11.0942), (29.9815, 3.0511, -10.8443), (29.9815, 4.1157, -10.4866), (29.9815, 5.1394, -10.0247), (29.9815, 6.1120, -9.4632), (29.9815, 7.0238, -8.8076), (29.9815, 7.8659, -8.0645), (29.9815, 8.6298, -7.2412), (29.9815, 9.3079, -6.3460), (29.9815, 9.8935, -5.3877), (29.9815, 10.3808, -4.3759), (29.9815, 10.7649, -3.3205), (29.9815, 11.0420, -2.2322), (29.9815, 11.2094, -1.1217), (29.9815, 11.2653, 0.0000), (30.0000, 11.5000, 0.0000), (30.0000, 11.5000, 0.0000), (30.0000, 11.4429, 1.1450), (30.0000, 11.2720, 2.2787), (30.0000, 10.9891, 3.3897), (30.0000, 10.5970, 4.4670), (30.0000, 10.0995, 5.4999), (30.0000, 9.5017, 6.4782), (30.0000, 8.8095, 7.3921), (30.0000, 8.0297, 8.2325), (30.0000, 7.1701, 8.9911), (30.0000, 6.2393, 9.6603), (30.0000, 5.2464, 10.2335), (30.0000, 4.2014, 10.7050), (30.0000, 3.1147, 11.0702), (30.0000, 1.9970, 11.3253), (30.0000, 0.8594, 11.4678), (30.0000, -0.2867, 11.4964), (30.0000, -1.4300, 11.4108), (30.0000, -2.5590, 11.2117), (30.0000, -3.6626, 10.9012), (30.0000, -4.7298, 10.4823), (30.0000, -5.7500, 9.9593), (30.0000, -6.7131, 9.3373), (30.0000, -7.6094, 8.6225), (30.0000, -8.4301, 7.8220), (30.0000, -9.1670, 6.9438), (30.0000, -9.8128, 5.9965), (30.0000, -10.3611, 4.9897), (30.0000, -10.8065, 3.9332), (30.0000, -11.1444, 2.8377), (30.0000, -11.3716, 1.7140), (30.0000, -11.4857, 0.5732), (30.0000, -11.4857, -0.5732), (30.0000, -11.3716, -1.7140), (30.0000, -11.1444, -2.8377), (30.0000, -10.8065, -3.9332), (30.0000, -10.3611, -4.9897), (30.0000, -9.8128, -5.9965), (30.0000, -9.1670, -6.9438), (30.0000, -8.4301, -7.8220), (30.0000, -7.6094, -8.6225), (30.0000, -6.7131, -9.3373), (30.0000, -5.7500, -9.9593), (30.0000, -4.7298, -10.4823), (30.0000, -3.6626, -10.9012), (30.0000, -2.5590, -11.2117), (30.0000, -1.4300, -11.4108), (30.0000, -0.2867, -11.4964), (30.0000, 0.8594, -11.4678), (30.0000, 1.9970, -11.3253), (30.0000, 3.1147, -11.0702), (30.0000, 4.2014, -10.7050), (30.0000, 5.2464, -10.2335), (30.0000, 6.2393, -9.6603), (30.0000, 7.1701, -8.9911), (30.0000, 8.0297, -8.2325), (30.0000, 8.8095, -7.3921), (30.0000, 9.5017, -6.4782), (30.0000, 10.0995, -5.4999), (30.0000, 10.5970, -4.4670), (30.0000, 10.9891, -3.3897), (30.0000, 11.2720, -2.2787), (30.0000, 11.4429, -1.1450), (30.0000, 14.0000, 0.0000), (30.0000, 13.9304, 1.3939), (30.0000, 13.7224, 2.7740), (30.0000, 13.3780, 4.1266), (30.0000, 12.9007, 5.4381), (30.0000, 12.2951, 6.6956), (30.0000, 11.5673, 7.8865), (30.0000, 10.7246, 8.9990), (30.0000, 9.7753, 10.0221), (30.0000, 8.7289, 10.9456), (30.0000, 7.5956, 11.7604), (30.0000, 6.3869, 12.4582), (30.0000, 5.1148, 13.0322), (30.0000, 3.7918, 13.4767), (30.0000, 2.4311, 13.7873), (30.0000, 1.0462, 13.9609), (30.0000, -0.3490, 13.9956), (30.0000, -1.7408, 13.8913), (30.0000, -3.1153, 13.6490), (30.0000, -4.4588, 13.2710), (30.0000, -5.7580, 12.7611), (30.0000, -7.0000, 12.1244), (30.0000, -8.1724, 11.3671), (30.0000, -9.2636, 10.4969), (30.0000, -10.2627, 9.5224), (30.0000, -11.1599, 8.4533), (30.0000, -11.9461, 7.3001), (30.0000, -12.6136, 6.0744), (30.0000, -13.1557, 4.7883), (30.0000, -13.5671, 3.4546), (30.0000, -13.8436, 2.0866), (30.0000, -13.9826, 0.6978), (30.0000, -13.9826, -0.6978), (30.0000, -13.8436, -2.0866), (30.0000, -13.5671, -3.4546), (30.0000, -13.1557, -4.7883), (30.0000, -12.6136, -6.0744), (30.0000, -11.9461, -7.3001), (30.0000, -11.1599, -8.4533), (30.0000, -10.2627, -9.5224), (30.0000, -9.2636, -10.4969), (30.0000, -8.1724, -11.3671), (30.0000, -7.0000, -12.1244), (30.0000, -5.7580, -12.7611), (30.0000, -4.4588, -13.2710), (30.0000, -3.1153, -13.6490), (30.0000, -1.7408, -13.8913), (30.0000, -0.3490, -13.9956), (30.0000, 1.0462, -13.9609), (30.0000, 2.4311, -13.7873), (30.0000, 3.7918, -13.4767), (30.0000, 5.1148, -13.0322), (30.0000, 6.3869, -12.4582), (30.0000, 7.5956, -11.7604), (30.0000, 8.7289, -10.9456), (30.0000, 9.7753, -10.0221), (30.0000, 10.7246, -8.9990), (30.0000, 11.5673, -7.8865), (30.0000, 12.2951, -6.6956), (30.0000, 12.9007, -5.4381), (30.0000, 13.3780, -4.1266), (30.0000, 13.7224, -2.7740), (30.0000, 13.9304, -1.3939), (30.0000, 11.5000, 0.0000), (30.0000, 11.4429, 1.1450), (30.0000, 11.2720, 2.2787), (30.0000, 10.9891, 3.3897), (30.0000, 10.5970, 4.4670), (30.0000, 10.0995, 5.4999), (30.0000, 9.5017, 6.4782), (30.0000, 8.8095, 7.3921), (30.0000, 8.0297, 8.2325), (30.0000, 7.1701, 8.9911), (30.0000, 6.2393, 9.6603), (30.0000, 5.2464, 10.2335), (30.0000, 4.2014, 10.7050), (30.0000, 3.1147, 11.0702), (30.0000, 1.9970, 11.3253), (30.0000, 0.8594, 11.4678), (30.0000, -0.2867, 11.4964), (30.0000, -1.4300, 11.4108), (30.0000, -2.5590, 11.2117), (30.0000, -3.6626, 10.9012), (30.0000, -4.7298, 10.4823), (30.0000, -5.7500, 9.9593), (30.0000, -6.7131, 9.3373), (30.0000, -7.6094, 8.6225), (30.0000, -8.4301, 7.8220), (30.0000, -9.1670, 6.9438), (30.0000, -9.8128, 5.9965), (30.0000, -10.3611, 4.9897), (30.0000, -10.8065, 3.9332), (30.0000, -11.1444, 2.8377), (30.0000, -11.3716, 1.7140), (30.0000, -11.4857, 0.5732), (30.0000, -11.4857, -0.5732), (30.0000, -11.3716, -1.7140), (30.0000, -11.1444, -2.8377), (30.0000, -10.8065, -3.9332), (30.0000, -10.3611, -4.9897), (30.0000, -9.8128, -5.9965), (30.0000, -9.1670, -6.9438), (30.0000, -8.4301, -7.8220), (30.0000, -7.6094, -8.6225), (30.0000, -6.7131, -9.3373), (30.0000, -5.7500, -9.9593), (30.0000, -4.7298, -10.4823), (30.0000, -3.6626, -10.9012), (30.0000, -2.5590, -11.2117), (30.0000, -1.4300, -11.4108), (30.0000, -0.2867, -11.4964), (30.0000, 0.8594, -11.4678), (30.0000, 1.9970, -11.3253), (30.0000, 3.1147, -11.0702), (30.0000, 4.2014, -10.7050), (30.0000, 5.2464, -10.2335), (30.0000, 6.2393, -9.6603), (30.0000, 7.1701, -8.9911), (30.0000, 8.0297, -8.2325), (30.0000, 8.8095, -7.3921), (30.0000, 9.5017, -6.4782), (30.0000, 10.0995, -5.4999), (30.0000, 10.5970, -4.4670), (30.0000, 10.9891, -3.3897), (30.0000, 11.2720, -2.2787), (30.0000, 11.4429, -1.1450), (30.0000, 14.0000, 0.0000), (30.0000, 13.9304, 1.3939), (30.0000, 13.7224, 2.7740), (30.0000, 13.3780, 4.1266), (30.0000, 12.9007, 5.4381), (30.0000, 12.2951, 6.6956), (30.0000, 11.5673, 7.8865), (30.0000, 10.7246, 8.9990), (30.0000, 9.7753, 10.0221), (30.0000, 8.7289, 10.9456), (30.0000, 7.5956, 11.7604), (30.0000, 6.3869, 12.4582), (30.0000, 5.1148, 13.0322), (30.0000, 3.7918, 13.4767), (30.0000, 2.4311, 13.7873), (30.0000, 1.0462, 13.9609), (30.0000, -0.3490, 13.9956), (30.0000, -1.7408, 13.8913), (30.0000, -3.1153, 13.6490), (30.0000, -4.4588, 13.2710), (30.0000, -5.7580, 12.7611), (30.0000, -7.0000, 12.1244), (30.0000, -8.1724, 11.3671), (30.0000, -9.2636, 10.4969), (30.0000, -10.2627, 9.5224), (30.0000, -11.1599, 8.4533), (30.0000, -11.9461, 7.3001), (30.0000, -12.6136, 6.0744), (30.0000, -13.1557, 4.7883), (30.0000, -13.5671, 3.4546), (30.0000, -13.8436, 2.0866), (30.0000, -13.9826, 0.6978), (30.0000, -13.9826, -0.6978), (30.0000, -13.8436, -2.0866), (30.0000, -13.5671, -3.4546), (30.0000, -13.1557, -4.7883), (30.0000, -12.6136, -6.0744), (30.0000, -11.9461, -7.3001), (30.0000, -11.1599, -8.4533), (30.0000, -10.2627, -9.5224), (30.0000, -9.2636, -10.4969), (30.0000, -8.1724, -11.3671), (30.0000, -7.0000, -12.1244), (30.0000, -5.7580, -12.7611), (30.0000, -4.4588, -13.2710), (30.0000, -3.1153, -13.6490), (30.0000, -1.7408, -13.8913), (30.0000, -0.3490, -13.9956), (30.0000, 1.0462, -13.9609), (30.0000, 2.4311, -13.7873), (30.0000, 3.7918, -13.4767), (30.0000, 5.1148, -13.0322), (30.0000, 6.3869, -12.4582), (30.0000, 7.5956, -11.7604), (30.0000, 8.7289, -10.9456), (30.0000, 9.7753, -10.0221), (30.0000, 10.7246, -8.9990), (30.0000, 11.5673, -7.8865), (30.0000, 12.2951, -6.6956), (30.0000, 12.9007, -5.4381), (30.0000, 13.3780, -4.1266), (30.0000, 13.7224, -2.7740), (30.0000, 13.9304, -1.3939), (30.0000, 14.0000, 0.0000), (31.0000, 15.0000, 0.0000), (31.0000, 15.0000, 0.0000), (31.0000, 14.9255, 1.4935), (31.0000, 14.7026, 2.9722), (31.0000, 14.3336, 4.4213), (31.0000, 13.8221, 5.8265), (31.0000, 13.1733, 7.1738), (31.0000, 12.3936, 8.4498), (31.0000, 11.4907, 9.6418), (31.0000, 10.4736, 10.7380), (31.0000, 9.3523, 11.7275), (31.0000, 8.1382, 12.6004), (31.0000, 6.8432, 13.3481), (31.0000, 5.4801, 13.9631), (31.0000, 4.0626, 14.4394), (31.0000, 2.6047, 14.7721), (31.0000, 1.1210, 14.9581), (31.0000, -0.3740, 14.9953), (31.0000, -1.8652, 14.8836), (31.0000, -3.3378, 14.6239), (31.0000, -4.7773, 14.2189), (31.0000, -6.1693, 13.6726), (31.0000, -7.5000, 12.9904), (31.0000, -8.7562, 12.1791), (31.0000, -9.9253, 11.2467), (31.0000, -10.9958, 10.2026), (31.0000, -11.9570, 9.0571), (31.0000, -12.7994, 7.8215), (31.0000, -13.5145, 6.5083), (31.0000, -14.0954, 5.1303), (31.0000, -14.5362, 3.7014), (31.0000, -14.8325, 2.2356), (31.0000, -14.9814, 0.7477), (31.0000, -14.9814, -0.7477), (31.0000, -14.8325, -2.2356), (31.0000, -14.5362, -3.7014), (31.0000, -14.0954, -5.1303), (31.0000, -13.5145, -6.5083), (31.0000, -12.7994, -7.8215), (31.0000, -11.9570, -9.0571), (31.0000, -10.9958, -10.2026), (31.0000, -9.9253, -11.2467), (31.0000, -8.7562, -12.1791), (31.0000, -7.5000, -12.9904), (31.0000, -6.1693, -13.6726), (31.0000, -4.7773, -14.2189), (31.0000, -3.3378, -14.6239), (31.0000, -1.8652, -14.8836), (31.0000, -0.3740, -14.9953), (31.0000, 1.1210, -14.9581), (31.0000, 2.6047, -14.7721), (31.0000, 4.0626, -14.4394), (31.0000, 5.4801, -13.9631), (31.0000, 6.8432, -13.3481), (31.0000, 8.1382, -12.6004), (31.0000, 9.3523, -11.7275), (31.0000, 10.4736, -10.7380), (31.0000, 11.4907, -9.6418), (31.0000, 12.3936, -8.4498), (31.0000, 13.1733, -7.1738), (31.0000, 13.8221, -5.8265), (31.0000, 14.3336, -4.4213), (31.0000, 14.7026, -2.9722), (31.0000, 14.9255, -1.4935), (31.0000, 15.0000, 0.0000), (31.0000, 14.9255, 1.4935), (31.0000, 14.7026, 2.9722), (31.0000, 14.3336, 4.4213), (31.0000, 13.8221, 5.8265), (31.0000, 13.1733, 7.1738), (31.0000, 12.3936, 8.4498), (31.0000, 11.4907, 9.6418), (31.0000, 10.4736, 10.7380), (31.0000, 9.3523, 11.7275), (31.0000, 8.1382, 12.6004), (31.0000, 6.8432, 13.3481), (31.0000, 5.4801, 13.9631), (31.0000, 4.0626, 14.4394), (31.0000, 2.6047, 14.7721), (31.0000, 1.1210, 14.9581), (31.0000, -0.3740, 14.9953), (31.0000, -1.8652, 14.8836), (31.0000, -3.3378, 14.6239), (31.0000, -4.7773, 14.2189), (31.0000, -6.1693, 13.6726), (31.0000, -7.5000, 12.9904), (31.0000, -8.7562, 12.1791), (31.0000, -9.9253, 11.2467), (31.0000, -10.9958, 10.2026), (31.0000, -11.9570, 9.0571), (31.0000, -12.7994, 7.8215), (31.0000, -13.5145, 6.5083), (31.0000, -14.0954, 5.1303), (31.0000, -14.5362, 3.7014), (31.0000, -14.8325, 2.2356), (31.0000, -14.9814, 0.7477), (31.0000, -14.9814, -0.7477), (31.0000, -14.8325, -2.2356), (31.0000, -14.5362, -3.7014), (31.0000, -14.0954, -5.1303), (31.0000, -13.5145, -6.5083), (31.0000, -12.7994, -7.8215), (31.0000, -11.9570, -9.0571), (31.0000, -10.9958, -10.2026), (31.0000, -9.9253, -11.2467), (31.0000, -8.7562, -12.1791), (31.0000, -7.5000, -12.9904), (31.0000, -6.1693, -13.6726), (31.0000, -4.7773, -14.2189), (31.0000, -3.3378, -14.6239), (31.0000, -1.8652, -14.8836), (31.0000, -0.3740, -14.9953), (31.0000, 1.1210, -14.9581), (31.0000, 2.6047, -14.7721), (31.0000, 4.0626, -14.4394), (31.0000, 5.4801, -13.9631), (31.0000, 6.8432, -13.3481), (31.0000, 8.1382, -12.6004), (31.0000, 9.3523, -11.7275), (31.0000, 10.4736, -10.7380), (31.0000, 11.4907, -9.6418), (31.0000, 12.3936, -8.4498), (31.0000, 13.1733, -7.1738), (31.0000, 13.8221, -5.8265), (31.0000, 14.3336, -4.4213), (31.0000, 14.7026, -2.9722), (31.0000, 14.9255, -1.4935), (31.0000, 15.0000, 0.0000), (40.0000, 15.0000, 0.0000), (40.0000, 15.0000, 0.0000), (40.0000, 14.9255, 1.4935), (40.0000, 14.7026, 2.9722), (40.0000, 14.3336, 4.4213), (40.0000, 13.8221, 5.8265), (40.0000, 13.1733, 7.1738), (40.0000, 12.3936, 8.4498), (40.0000, 11.4907, 9.6418), (40.0000, 10.4736, 10.7380), (40.0000, 9.3523, 11.7275), (40.0000, 8.1382, 12.6004), (40.0000, 6.8432, 13.3481), (40.0000, 5.4801, 13.9631), (40.0000, 4.0626, 14.4394), (40.0000, 2.6047, 14.7721), (40.0000, 1.1210, 14.9581), (40.0000, -0.3740, 14.9953), (40.0000, -1.8652, 14.8836), (40.0000, -3.3378, 14.6239), (40.0000, -4.7773, 14.2189), (40.0000, -6.1693, 13.6726), (40.0000, -7.5000, 12.9904), (40.0000, -8.7562, 12.1791), (40.0000, -9.9253, 11.2467), (40.0000, -10.9958, 10.2026), (40.0000, -11.9570, 9.0571), (40.0000, -12.7994, 7.8215), (40.0000, -13.5145, 6.5083), (40.0000, -14.0954, 5.1303), (40.0000, -14.5362, 3.7014), (40.0000, -14.8325, 2.2356), (40.0000, -14.9814, 0.7477), (40.0000, -14.9814, -0.7477), (40.0000, -14.8325, -2.2356), (40.0000, -14.5362, -3.7014), (40.0000, -14.0954, -5.1303), (40.0000, -13.5145, -6.5083), (40.0000, -12.7994, -7.8215), (40.0000, -11.9570, -9.0571), (40.0000, -10.9958, -10.2026), (40.0000, -9.9253, -11.2467), (40.0000, -8.7562, -12.1791), (40.0000, -7.5000, -12.9904), (40.0000, -6.1693, -13.6726), (40.0000, -4.7773, -14.2189), (40.0000, -3.3378, -14.6239), (40.0000, -1.8652, -14.8836), (40.0000, -0.3740, -14.9953), (40.0000, 1.1210, -14.9581), (40.0000, 2.6047, -14.7721), (40.0000, 4.0626, -14.4394), (40.0000, 5.4801, -13.9631), (40.0000, 6.8432, -13.3481), (40.0000, 8.1382, -12.6004), (40.0000, 9.3523, -11.7275), (40.0000, 10.4736, -10.7380), (40.0000, 11.4907, -9.6418), (40.0000, 12.3936, -8.4498), (40.0000, 13.1733, -7.1738), (40.0000, 13.8221, -5.8265), (40.0000, 14.3336, -4.4213), (40.0000, 14.7026, -2.9722), (40.0000, 14.9255, -1.4935), (40.0000, 15.0000, 0.0000), (40.0000, 14.9255, 1.4935), (40.0000, 14.7026, 2.9722), (40.0000, 14.3336, 4.4213), (40.0000, 13.8221, 5.8265), (40.0000, 13.1733, 7.1738), (40.0000, 12.3936, 8.4498), (40.0000, 11.4907, 9.6418), (40.0000, 10.4736, 10.7380), (40.0000, 9.3523, 11.7275), (40.0000, 8.1382, 12.6004), (40.0000, 6.8432, 13.3481), (40.0000, 5.4801, 13.9631), (40.0000, 4.0626, 14.4394), (40.0000, 2.6047, 14.7721), (40.0000, 1.1210, 14.9581), (40.0000, -0.3740, 14.9953), (40.0000, -1.8652, 14.8836), (40.0000, -3.3378, 14.6239), (40.0000, -4.7773, 14.2189), (40.0000, -6.1693, 13.6726), (40.0000, -7.5000, 12.9904), (40.0000, -8.7562, 12.1791), (40.0000, -9.9253, 11.2467), (40.0000, -10.9958, 10.2026), (40.0000, -11.9570, 9.0571), (40.0000, -12.7994, 7.8215), (40.0000, -13.5145, 6.5083), (40.0000, -14.0954, 5.1303), (40.0000, -14.5362, 3.7014), (40.0000, -14.8325, 2.2356), (40.0000, -14.9814, 0.7477), (40.0000, -14.9814, -0.7477), (40.0000, -14.8325, -2.2356), (40.0000, -14.5362, -3.7014), (40.0000, -14.0954, -5.1303), (40.0000, -13.5145, -6.5083), (40.0000, -12.7994, -7.8215), (40.0000, -11.9570, -9.0571), (40.0000, -10.9958, -10.2026), (40.0000, -9.9253, -11.2467), (40.0000, -8.7562, -12.1791), (40.0000, -7.5000, -12.9904), (40.0000, -6.1693, -13.6726), (40.0000, -4.7773, -14.2189), (40.0000, -3.3378, -14.6239), (40.0000, -1.8652, -14.8836), (40.0000, -0.3740, -14.9953), (40.0000, 1.1210, -14.9581), (40.0000, 2.6047, -14.7721), (40.0000, 4.0626, -14.4394), (40.0000, 5.4801, -13.9631), (40.0000, 6.8432, -13.3481), (40.0000, 8.1382, -12.6004), (40.0000, 9.3523, -11.7275), (40.0000, 10.4736, -10.7380), (40.0000, 11.4907, -9.6418), (40.0000, 12.3936, -8.4498), (40.0000, 13.1733, -7.1738), (40.0000, 13.8221, -5.8265), (40.0000, 14.3336, -4.4213), (40.0000, 14.7026, -2.9722), (40.0000, 14.9255, -1.4935), (40.0000, 14.3000, 0.0000), (40.0000, 14.2289, 1.4238), (40.0000, 14.0165, 2.8335), (40.0000, 13.6647, 4.2150), (40.0000, 13.1771, 5.5546), (40.0000, 12.5586, 6.8390), (40.0000, 11.8152, 8.0555), (40.0000, 10.9544, 9.1919), (40.0000, 9.9848, 10.2369), (40.0000, 8.9159, 11.1802), (40.0000, 7.7584, 12.0124), (40.0000, 6.5238, 12.7252), (40.0000, 5.2244, 13.3115), (40.0000, 3.8730, 13.7655), (40.0000, 2.4832, 14.0828), (40.0000, 1.0686, 14.2600), (40.0000, -0.3565, 14.2956), (40.0000, -1.7781, 14.1890), (40.0000, -3.1820, 13.9415), (40.0000, -4.5544, 13.5554), (40.0000, -5.8814, 13.0345), (40.0000, -7.1500, 12.3842), (40.0000, -8.3475, 11.6107), (40.0000, -9.4621, 10.7219), (40.0000, -10.4826, 9.7265), (40.0000, -11.3990, 8.6344), (40.0000, -12.2021, 7.4565), (40.0000, -12.8839, 6.2045), (40.0000, -13.4376, 4.8909), (40.0000, -13.8578, 3.5286), (40.0000, -14.1403, 2.1313), (40.0000, -14.2822, 0.7128), (40.0000, -14.2822, -0.7128), (40.0000, -14.1403, -2.1313), (40.0000, -13.8578, -3.5286), (40.0000, -13.4376, -4.8909), (40.0000, -12.8839, -6.2045), (40.0000, -12.2021, -7.4565), (40.0000, -11.3990, -8.6344), (40.0000, -10.4826, -9.7265), (40.0000, -9.4621, -10.7219), (40.0000, -8.3475, -11.6107), (40.0000, -7.1500, -12.3842), (40.0000, -5.8814, -13.0345), (40.0000, -4.5544, -13.5554), (40.0000, -3.1820, -13.9415), (40.0000, -1.7781, -14.1890), (40.0000, -0.3565, -14.2956), (40.0000, 1.0686, -14.2600), (40.0000, 2.4832, -14.0828), (40.0000, 3.8730, -13.7655), (40.0000, 5.2244, -13.3115), (40.0000, 6.5238, -12.7252), (40.0000, 7.7584, -12.0124), (40.0000, 8.9159, -11.1802), (40.0000, 9.9848, -10.2369), (40.0000, 10.9544, -9.1919), (40.0000, 11.8152, -8.0555), (40.0000, 12.5586, -6.8390), (40.0000, 13.1771, -5.5546), (40.0000, 13.6647, -4.2150), (40.0000, 14.0165, -2.8335), (40.0000, 14.2289, -1.4238), (40.0000, 14.3000, 0.0000), (40.0000, 14.2289, 1.4238), (40.0000, 14.0165, 2.8335), (40.0000, 13.6647, 4.2150), (40.0000, 13.1771, 5.5546), (40.0000, 12.5586, 6.8390), (40.0000, 11.8152, 8.0555), (40.0000, 10.9544, 9.1919), (40.0000, 9.9848, 10.2369), (40.0000, 8.9159, 11.1802), (40.0000, 7.7584, 12.0124), (40.0000, 6.5238, 12.7252), (40.0000, 5.2244, 13.3115), (40.0000, 3.8730, 13.7655), (40.0000, 2.4832, 14.0828), (40.0000, 1.0686, 14.2600), (40.0000, -0.3565, 14.2956), (40.0000, -1.7781, 14.1890), (40.0000, -3.1820, 13.9415), (40.0000, -4.5544, 13.5554), (40.0000, -5.8814, 13.0345), (40.0000, -7.1500, 12.3842), (40.0000, -8.3475, 11.6107), (40.0000, -9.4621, 10.7219), (40.0000, -10.4826, 9.7265), (40.0000, -11.3990, 8.6344), (40.0000, -12.2021, 7.4565), (40.0000, -12.8839, 6.2045), (40.0000, -13.4376, 4.8909), (40.0000, -13.8578, 3.5286), (40.0000, -14.1403, 2.1313), (40.0000, -14.2822, 0.7128), (40.0000, -14.2822, -0.7128), (40.0000, -14.1403, -2.1313), (40.0000, -13.8578, -3.5286), (40.0000, -13.4376, -4.8909), (40.0000, -12.8839, -6.2045), (40.0000, -12.2021, -7.4565), (40.0000, -11.3990, -8.6344), (40.0000, -10.4826, -9.7265), (40.0000, -9.4621, -10.7219), (40.0000, -8.3475, -11.6107), (40.0000, -7.1500, -12.3842), (40.0000, -5.8814, -13.0345), (40.0000, -4.5544, -13.5554), (40.0000, -3.1820, -13.9415), (40.0000, -1.7781, -14.1890), (40.0000, -0.3565, -14.2956), (40.0000, 1.0686, -14.2600), (40.0000, 2.4832, -14.0828), (40.0000, 3.8730, -13.7655), (40.0000, 5.2244, -13.3115), (40.0000, 6.5238, -12.7252), (40.0000, 7.7584, -12.0124), (40.0000, 8.9159, -11.1802), (40.0000, 9.9848, -10.2369), (40.0000, 10.9544, -9.1919), (40.0000, 11.8152, -8.0555), (40.0000, 12.5586, -6.8390), (40.0000, 13.1771, -5.5546), (40.0000, 13.6647, -4.2150), (40.0000, 14.0165, -2.8335), (40.0000, 14.2289, -1.4238), (40.0000, 14.3000, 0.0000), (41.6000, 14.3000, 0.0000), (41.6000, 14.3000, 0.0000), (41.6000, 14.2289, 1.4238), (41.6000, 14.0165, 2.8335), (41.6000, 13.6647, 4.2150), (41.6000, 13.1771, 5.5546), (41.6000, 12.5586, 6.8390), (41.6000, 11.8152, 8.0555), (41.6000, 10.9544, 9.1919), (41.6000, 9.9848, 10.2369), (41.6000, 8.9159, 11.1802), (41.6000, 7.7584, 12.0124), (41.6000, 6.5238, 12.7252), (41.6000, 5.2244, 13.3115), (41.6000, 3.8730, 13.7655), (41.6000, 2.4832, 14.0828), (41.6000, 1.0686, 14.2600), (41.6000, -0.3565, 14.2956), (41.6000, -1.7781, 14.1890), (41.6000, -3.1820, 13.9415), (41.6000, -4.5544, 13.5554), (41.6000, -5.8814, 13.0345), (41.6000, -7.1500, 12.3842), (41.6000, -8.3475, 11.6107), (41.6000, -9.4621, 10.7219), (41.6000, -10.4826, 9.7265), (41.6000, -11.3990, 8.6344), (41.6000, -12.2021, 7.4565), (41.6000, -12.8839, 6.2045), (41.6000, -13.4376, 4.8909), (41.6000, -13.8578, 3.5286), (41.6000, -14.1403, 2.1313), (41.6000, -14.2822, 0.7128), (41.6000, -14.2822, -0.7128), (41.6000, -14.1403, -2.1313), (41.6000, -13.8578, -3.5286), (41.6000, -13.4376, -4.8909), (41.6000, -12.8839, -6.2045), (41.6000, -12.2021, -7.4565), (41.6000, -11.3990, -8.6344), (41.6000, -10.4826, -9.7265), (41.6000, -9.4621, -10.7219), (41.6000, -8.3475, -11.6107), (41.6000, -7.1500, -12.3842), (41.6000, -5.8814, -13.0345), (41.6000, -4.5544, -13.5554), (41.6000, -3.1820, -13.9415), (41.6000, -1.7781, -14.1890), (41.6000, -0.3565, -14.2956), (41.6000, 1.0686, -14.2600), (41.6000, 2.4832, -14.0828), (41.6000, 3.8730, -13.7655), (41.6000, 5.2244, -13.3115), (41.6000, 6.5238, -12.7252), (41.6000, 7.7584, -12.0124), (41.6000, 8.9159, -11.1802), (41.6000, 9.9848, -10.2369), (41.6000, 10.9544, -9.1919), (41.6000, 11.8152, -8.0555), (41.6000, 12.5586, -6.8390), (41.6000, 13.1771, -5.5546), (41.6000, 13.6647, -4.2150), (41.6000, 14.0165, -2.8335), (41.6000, 14.2289, -1.4238), (41.6000, 15.0000, 0.0000), (41.6000, 14.9255, 1.4935), (41.6000, 14.7026, 2.9722), (41.6000, 14.3336, 4.4213), (41.6000, 13.8221, 5.8265), (41.6000, 13.1733, 7.1738), (41.6000, 12.3936, 8.4498), (41.6000, 11.4907, 9.6418), (41.6000, 10.4736, 10.7380), (41.6000, 9.3523, 11.7275), (41.6000, 8.1382, 12.6004), (41.6000, 6.8432, 13.3481), (41.6000, 5.4801, 13.9631), (41.6000, 4.0626, 14.4394), (41.6000, 2.6047, 14.7721), (41.6000, 1.1210, 14.9581), (41.6000, -0.3740, 14.9953), (41.6000, -1.8652, 14.8836), (41.6000, -3.3378, 14.6239), (41.6000, -4.7773, 14.2189), (41.6000, -6.1693, 13.6726), (41.6000, -7.5000, 12.9904), (41.6000, -8.7562, 12.1791), (41.6000, -9.9253, 11.2467), (41.6000, -10.9958, 10.2026), (41.6000, -11.9570, 9.0571), (41.6000, -12.7994, 7.8215), (41.6000, -13.5145, 6.5083), (41.6000, -14.0954, 5.1303), (41.6000, -14.5362, 3.7014), (41.6000, -14.8325, 2.2356), (41.6000, -14.9814, 0.7477), (41.6000, -14.9814, -0.7477), (41.6000, -14.8325, -2.2356), (41.6000, -14.5362, -3.7014), (41.6000, -14.0954, -5.1303), (41.6000, -13.5145, -6.5083), (41.6000, -12.7994, -7.8215), (41.6000, -11.9570, -9.0571), (41.6000, -10.9958, -10.2026), (41.6000, -9.9253, -11.2467), (41.6000, -8.7562, -12.1791), (41.6000, -7.5000, -12.9904), (41.6000, -6.1693, -13.6726), (41.6000, -4.7773, -14.2189), (41.6000, -3.3378, -14.6239), (41.6000, -1.8652, -14.8836), (41.6000, -0.3740, -14.9953), (41.6000, 1.1210, -14.9581), (41.6000, 2.6047, -14.7721), (41.6000, 4.0626, -14.4394), (41.6000, 5.4801, -13.9631), (41.6000, 6.8432, -13.3481), (41.6000, 8.1382, -12.6004), (41.6000, 9.3523, -11.7275), (41.6000, 10.4736, -10.7380), (41.6000, 11.4907, -9.6418), (41.6000, 12.3936, -8.4498), (41.6000, 13.1733, -7.1738), (41.6000, 13.8221, -5.8265), (41.6000, 14.3336, -4.4213), (41.6000, 14.7026, -2.9722), (41.6000, 14.9255, -1.4935), (41.6000, 14.3000, 0.0000), (41.6000, 14.2289, 1.4238), (41.6000, 14.0165, 2.8335), (41.6000, 13.6647, 4.2150), (41.6000, 13.1771, 5.5546), (41.6000, 12.5586, 6.8390), (41.6000, 11.8152, 8.0555), (41.6000, 10.9544, 9.1919), (41.6000, 9.9848, 10.2369), (41.6000, 8.9159, 11.1802), (41.6000, 7.7584, 12.0124), (41.6000, 6.5238, 12.7252), (41.6000, 5.2244, 13.3115), (41.6000, 3.8730, 13.7655), (41.6000, 2.4832, 14.0828), (41.6000, 1.0686, 14.2600), (41.6000, -0.3565, 14.2956), (41.6000, -1.7781, 14.1890), (41.6000, -3.1820, 13.9415), (41.6000, -4.5544, 13.5554), (41.6000, -5.8814, 13.0345), (41.6000, -7.1500, 12.3842), (41.6000, -8.3475, 11.6107), (41.6000, -9.4621, 10.7219), (41.6000, -10.4826, 9.7265), (41.6000, -11.3990, 8.6344), (41.6000, -12.2021, 7.4565), (41.6000, -12.8839, 6.2045), (41.6000, -13.4376, 4.8909), (41.6000, -13.8578, 3.5286), (41.6000, -14.1403, 2.1313), (41.6000, -14.2822, 0.7128), (41.6000, -14.2822, -0.7128), (41.6000, -14.1403, -2.1313), (41.6000, -13.8578, -3.5286), (41.6000, -13.4376, -4.8909), (41.6000, -12.8839, -6.2045), (41.6000, -12.2021, -7.4565), (41.6000, -11.3990, -8.6344), (41.6000, -10.4826, -9.7265), (41.6000, -9.4621, -10.7219), (41.6000, -8.3475, -11.6107), (41.6000, -7.1500, -12.3842), (41.6000, -5.8814, -13.0345), (41.6000, -4.5544, -13.5554), (41.6000, -3.1820, -13.9415), (41.6000, -1.7781, -14.1890), (41.6000, -0.3565, -14.2956), (41.6000, 1.0686, -14.2600), (41.6000, 2.4832, -14.0828), (41.6000, 3.8730, -13.7655), (41.6000, 5.2244, -13.3115), (41.6000, 6.5238, -12.7252), (41.6000, 7.7584, -12.0124), (41.6000, 8.9159, -11.1802), (41.6000, 9.9848, -10.2369), (41.6000, 10.9544, -9.1919), (41.6000, 11.8152, -8.0555), (41.6000, 12.5586, -6.8390), (41.6000, 13.1771, -5.5546), (41.6000, 13.6647, -4.2150), (41.6000, 14.0165, -2.8335), (41.6000, 14.2289, -1.4238), (41.6000, 15.0000, 0.0000), (41.6000, 14.9255, 1.4935), (41.6000, 14.7026, 2.9722), (41.6000, 14.3336, 4.4213), (41.6000, 13.8221, 5.8265), (41.6000, 13.1733, 7.1738), (41.6000, 12.3936, 8.4498), (41.6000, 11.4907, 9.6418), (41.6000, 10.4736, 10.7380), (41.6000, 9.3523, 11.7275), (41.6000, 8.1382, 12.6004), (41.6000, 6.8432, 13.3481), (41.6000, 5.4801, 13.9631), (41.6000, 4.0626, 14.4394), (41.6000, 2.6047, 14.7721), (41.6000, 1.1210, 14.9581), (41.6000, -0.3740, 14.9953), (41.6000, -1.8652, 14.8836), (41.6000, -3.3378, 14.6239), (41.6000, -4.7773, 14.2189), (41.6000, -6.1693, 13.6726), (41.6000, -7.5000, 12.9904), (41.6000, -8.7562, 12.1791), (41.6000, -9.9253, 11.2467), (41.6000, -10.9958, 10.2026), (41.6000, -11.9570, 9.0571), (41.6000, -12.7994, 7.8215), (41.6000, -13.5145, 6.5083), (41.6000, -14.0954, 5.1303), (41.6000, -14.5362, 3.7014), (41.6000, -14.8325, 2.2356), (41.6000, -14.9814, 0.7477), (41.6000, -14.9814, -0.7477), (41.6000, -14.8325, -2.2356), (41.6000, -14.5362, -3.7014), (41.6000, -14.0954, -5.1303), (41.6000, -13.5145, -6.5083), (41.6000, -12.7994, -7.8215), (41.6000, -11.9570, -9.0571), (41.6000, -10.9958, -10.2026), (41.6000, -9.9253, -11.2467), (41.6000, -8.7562, -12.1791), (41.6000, -7.5000, -12.9904), (41.6000, -6.1693, -13.6726), (41.6000, -4.7773, -14.2189), (41.6000, -3.3378, -14.6239), (41.6000, -1.8652, -14.8836), (41.6000, -0.3740, -14.9953), (41.6000, 1.1210, -14.9581), (41.6000, 2.6047, -14.7721), (41.6000, 4.0626, -14.4394), (41.6000, 5.4801, -13.9631), (41.6000, 6.8432, -13.3481), (41.6000, 8.1382, -12.6004), (41.6000, 9.3523, -11.7275), (41.6000, 10.4736, -10.7380), (41.6000, 11.4907, -9.6418), (41.6000, 12.3936, -8.4498), (41.6000, 13.1733, -7.1738), (41.6000, 13.8221, -5.8265), (41.6000, 14.3336, -4.4213), (41.6000, 14.7026, -2.9722), (41.6000, 14.9255, -1.4935), (41.6000, 15.0000, 0.0000), (70.0000, 15.0000, 0.0000), (70.0000, 15.0000, 0.0000), (70.0000, 14.9255, 1.4935), (70.0000, 14.7026, 2.9722), (70.0000, 14.3336, 4.4213), (70.0000, 13.8221, 5.8265), (70.0000, 13.1733, 7.1738), (70.0000, 12.3936, 8.4498), (70.0000, 11.4907, 9.6418), (70.0000, 10.4736, 10.7380), (70.0000, 9.3523, 11.7275), (70.0000, 8.1382, 12.6004), (70.0000, 6.8432, 13.3481), (70.0000, 5.4801, 13.9631), (70.0000, 4.0626, 14.4394), (70.0000, 2.6047, 14.7721), (70.0000, 1.1210, 14.9581), (70.0000, -0.3740, 14.9953), (70.0000, -1.8652, 14.8836), (70.0000, -3.3378, 14.6239), (70.0000, -4.7773, 14.2189), (70.0000, -6.1693, 13.6726), (70.0000, -7.5000, 12.9904), (70.0000, -8.7562, 12.1791), (70.0000, -9.9253, 11.2467), (70.0000, -10.9958, 10.2026), (70.0000, -11.9570, 9.0571), (70.0000, -12.7994, 7.8215), (70.0000, -13.5145, 6.5083), (70.0000, -14.0954, 5.1303), (70.0000, -14.5362, 3.7014), (70.0000, -14.8325, 2.2356), (70.0000, -14.9814, 0.7477), (70.0000, -14.9814, -0.7477), (70.0000, -14.8325, -2.2356), (70.0000, -14.5362, -3.7014), (70.0000, -14.0954, -5.1303), (70.0000, -13.5145, -6.5083), (70.0000, -12.7994, -7.8215), (70.0000, -11.9570, -9.0571), (70.0000, -10.9958, -10.2026), (70.0000, -9.9253, -11.2467), (70.0000, -8.7562, -12.1791), (70.0000, -7.5000, -12.9904), (70.0000, -6.1693, -13.6726), (70.0000, -4.7773, -14.2189), (70.0000, -3.3378, -14.6239), (70.0000, -1.8652, -14.8836), (70.0000, -0.3740, -14.9953), (70.0000, 1.1210, -14.9581), (70.0000, 2.6047, -14.7721), (70.0000, 4.0626, -14.4394), (70.0000, 5.4801, -13.9631), (70.0000, 6.8432, -13.3481), (70.0000, 8.1382, -12.6004), (70.0000, 9.3523, -11.7275), (70.0000, 10.4736, -10.7380), (70.0000, 11.4907, -9.6418), (70.0000, 12.3936, -8.4498), (70.0000, 13.1733, -7.1738), (70.0000, 13.8221, -5.8265), (70.0000, 14.3336, -4.4213), (70.0000, 14.7026, -2.9722), (70.0000, 14.9255, -1.4935), (49.0000, -4.0000, 14.4568), (48.6452, -3.9842, 14.4612), (48.2926, -3.9370, 14.4741), (47.9437, -3.8580, 14.4954), (47.5997, -3.7469, 14.5245), (47.2626, -3.6030, 14.5609), (46.9343, -3.4254, 14.6037), (46.6175, -3.2131, 14.6518), (46.3151, -2.9650, 14.7040), (46.0307, -2.6802, 14.7586), (45.7937, -2.3915, 14.8081), (45.5987, -2.1050, 14.8516), (45.4241, -1.7925, 14.8925), (45.2735, -1.4536, 14.9294), (45.1518, -1.0916, 14.9602), (45.0709, -0.7500, 14.9812), (45.0235, -0.4328, 14.9938), (45.0015, -0.1093, 14.9996), (45.0058, 0.2159, 14.9984), (45.0359, 0.5350, 14.9905), (45.0904, 0.8457, 14.9761), (45.1677, 1.1459, 14.9562), (45.2660, 1.4342, 14.9313), (45.3834, 1.7089, 14.9023), (45.5180, 1.9687, 14.8702), (45.6676, 2.2125, 14.8359), (45.8297, 2.4392, 14.8004), (46.0020, 2.6481, 14.7644), (46.1819, 2.8387, 14.7289), (46.3691, 3.0130, 14.6943), (46.5635, 3.1723, 14.6607), (46.7641, 3.3167, 14.6287), (46.9700, 3.4466, 14.5987), (47.1807, 3.5623, 14.5709), (47.3953, 3.6640, 14.5456), (47.6133, 3.7519, 14.5232), (47.8341, 3.8263, 14.5038), (48.0572, 3.8873, 14.4875), (48.2822, 3.9351, 14.4746), (48.5086, 3.9697, 14.4652), (48.7360, 3.9913, 14.4592), (48.8679, 3.9978, 14.4574), (49.0000, 4.0000, 14.4568), (61.0000, 4.0000, 14.4568), (61.3552, 3.9842, 14.4612), (61.7087, 3.9367, 14.4742), (62.0588, 3.8573, 14.4956), (62.4038, 3.7456, 14.5248), (62.7417, 3.6009, 14.5614), (63.0704, 3.4225, 14.6043), (63.3874, 3.2094, 14.6526), (63.6904, 2.9600, 14.7050), (63.9482, 2.7034, 14.7544), (64.1650, 2.4460, 14.7992), (64.3646, 2.1632, 14.8432), (64.5439, 1.8550, 14.8849), (64.6993, 1.5217, 14.9226), (64.8269, 1.1639, 14.9548), (64.9216, 0.7880, 14.9793), (64.9758, 0.4393, 14.9936), (64.9982, 0.1208, 14.9995), (64.9951, -0.1987, 14.9987), (64.9666, -0.5160, 14.9911), (64.9134, -0.8280, 14.9771), (64.8366, -1.1316, 14.9573), (64.7380, -1.4238, 14.9323), (64.6199, -1.7020, 14.9031), (64.4849, -1.9635, 14.8709), (64.3367, -2.2061, 14.8369), (64.1788, -2.4279, 14.8022), (64.0120, -2.6321, 14.7673), (63.8359, -2.8209, 14.7324), (63.6518, -2.9947, 14.6980), (63.4605, -3.1537, 14.6647), (63.2632, -3.2982, 14.6329), (63.0605, -3.4285, 14.6029), (62.8532, -3.5448, 14.5751), (62.6419, -3.6475, 14.5498), (62.4273, -3.7367, 14.5271), (62.2099, -3.8126, 14.5074), (61.9901, -3.8755, 14.4907), (61.7685, -3.9255, 14.4772), (61.5453, -3.9627, 14.4671), (61.3210, -3.9871, 14.4604), (61.1606, -3.9968, 14.4577), (61.0000, -4.0000, 14.4568), (52.0000, 0.0000, -15.0000), (51.9920, 0.1788, -14.9989), (51.9685, 0.3535, -14.9958), (51.9305, 0.5227, -14.9909), (51.8789, 0.6853, -14.9843), (51.8149, 0.8403, -14.9764), (51.7397, 0.9866, -14.9675), (51.6546, 1.1235, -14.9579), (51.5610, 1.2503, -14.9478), (51.4604, 1.3665, -14.9376), (51.3544, 1.4716, -14.9276), (51.2443, 1.5658, -14.9180), (51.1298, 1.6503, -14.9089), (51.0117, 1.7253, -14.9005), (50.8904, 1.7909, -14.8927), (50.7666, 1.8473, -14.8858), (50.6406, 1.8946, -14.8799), (50.5129, 1.9331, -14.8749), (50.3839, 1.9628, -14.8710), (50.2539, 1.9838, -14.8682), (50.1232, 1.9962, -14.8666), (49.9923, 2.0000, -14.8661), (49.8612, 1.9952, -14.8667), (49.7304, 1.9817, -14.8685), (49.6000, 1.9596, -14.8714), (49.4706, 1.9287, -14.8755), (49.3424, 1.8888, -14.8806), (49.2159, 1.8399, -14.8867), (49.0916, 1.7818, -14.8938), (48.9701, 1.7144, -14.9017), (48.8518, 1.6376, -14.9103), (48.7375, 1.5512, -14.9196), (48.6279, 1.4551, -14.9293), (48.5237, 1.3493, -14.9392), (48.4256, 1.2334, -14.9492), (48.3334, 1.1057, -14.9592), (48.2490, 0.9664, -14.9688), (48.1744, 0.8168, -14.9777), (48.1114, 0.6581, -14.9856), (48.0615, 0.4920, -14.9919), (48.0258, 0.3201, -14.9966), (48.0052, 0.1444, -14.9993), (48.0003, -0.0334, -15.0000), (48.0112, -0.2112, -14.9985), (48.0378, -0.3870, -14.9950), (48.0797, -0.5590, -14.9896), (48.1366, -0.7265, -14.9824), (48.2081, -0.8882, -14.9737), (48.2935, -1.0430, -14.9637), (48.3923, -1.1897, -14.9527), (48.5037, -1.3270, -14.9412), (48.6267, -1.4540, -14.9294), (48.7605, -1.5696, -14.9177), (48.9040, -1.6729, -14.9064), (49.0560, -1.7632, -14.8960), (49.2155, -1.8397, -14.8868), (49.3810, -1.9018, -14.8789), (49.5514, -1.9490, -14.8728), (49.7253, -1.9810, -14.8686), (49.9014, -1.9976, -14.8664), (50.0782, -1.9985, -14.8663), (50.2546, -1.9837, -14.8682), (50.4299, -1.9532, -14.8723), (50.6032, -1.9069, -14.8783), (50.7735, -1.8443, -14.8862), (50.9400, -1.7653, -14.8958), (51.1013, -1.6695, -14.9068), (51.2561, -1.5563, -14.9190), (51.4033, -1.4250, -14.9322), (51.5286, -1.2897, -14.9445), (51.6333, -1.1542, -14.9555), (51.7283, -1.0064, -14.9662), (51.8117, -0.8473, -14.9761), (51.8817, -0.6777, -14.9847), (51.9367, -0.4991, -14.9917), (51.9754, -0.3128, -14.9967), (51.9938, -0.1579, -14.9992), (70.0000, 15.0000, 0.0000), (70.0000, 14.9255, 1.4935), (70.0000, 14.7026, 2.9722), (70.0000, 14.3336, 4.4213), (70.0000, 13.8221, 5.8265), (70.0000, 13.1733, 7.1738), (70.0000, 12.3936, 8.4498), (70.0000, 11.4907, 9.6418), (70.0000, 10.4736, 10.7380), (70.0000, 9.3523, 11.7275), (70.0000, 8.1382, 12.6004), (70.0000, 6.8432, 13.3481), (70.0000, 5.4801, 13.9631), (70.0000, 4.0626, 14.4394), (70.0000, 2.6047, 14.7721), (70.0000, 1.1210, 14.9581), (70.0000, -0.3740, 14.9953), (70.0000, -1.8652, 14.8836), (70.0000, -3.3378, 14.6239), (70.0000, -4.7773, 14.2189), (70.0000, -6.1693, 13.6726), (70.0000, -7.5000, 12.9904), (70.0000, -8.7562, 12.1791), (70.0000, -9.9253, 11.2467), (70.0000, -10.9958, 10.2026), (70.0000, -11.9570, 9.0571), (70.0000, -12.7994, 7.8215), (70.0000, -13.5145, 6.5083), (70.0000, -14.0954, 5.1303), (70.0000, -14.5362, 3.7014), (70.0000, -14.8325, 2.2356), (70.0000, -14.9814, 0.7477), (70.0000, -14.9814, -0.7477), (70.0000, -14.8325, -2.2356), (70.0000, -14.5362, -3.7014), (70.0000, -14.0954, -5.1303), (70.0000, -13.5145, -6.5083), (70.0000, -12.7994, -7.8215), (70.0000, -11.9570, -9.0571), (70.0000, -10.9958, -10.2026), (70.0000, -9.9253, -11.2467), (70.0000, -8.7562, -12.1791), (70.0000, -7.5000, -12.9904), (70.0000, -6.1693, -13.6726), (70.0000, -4.7773, -14.2189), (70.0000, -3.3378, -14.6239), (70.0000, -1.8652, -14.8836), (70.0000, -0.3740, -14.9953), (70.0000, 1.1210, -14.9581), (70.0000, 2.6047, -14.7721), (70.0000, 4.0626, -14.4394), (70.0000, 5.4801, -13.9631), (70.0000, 6.8432, -13.3481), (70.0000, 8.1382, -12.6004), (70.0000, 9.3523, -11.7275), (70.0000, 10.4736, -10.7380), (70.0000, 11.4907, -9.6418), (70.0000, 12.3936, -8.4498), (70.0000, 13.1733, -7.1738), (70.0000, 13.8221, -5.8265), (70.0000, 14.3336, -4.4213), (70.0000, 14.7026, -2.9722), (70.0000, 14.9255, -1.4935), (70.0000, 15.0000, 0.0000), (73.3333, 14.1667, 0.0000), (76.6667, 13.3333, 0.0000), (80.0000, 12.5000, 0.0000), (80.0000, 12.5000, 0.0000), (80.0000, 12.4379, 1.2446), (80.0000, 12.2522, 2.4768), (80.0000, 11.9447, 3.6844), (80.0000, 11.5185, 4.8554), (80.0000, 10.9778, 5.9782), (80.0000, 10.3280, 7.0415), (80.0000, 9.5756, 8.0348), (80.0000, 8.7280, 8.9483), (80.0000, 7.7936, 9.7729), (80.0000, 6.7818, 10.5003), (80.0000, 5.7026, 11.1234), (80.0000, 4.5668, 11.6359), (80.0000, 3.3855, 12.0328), (80.0000, 2.1706, 12.3101), (80.0000, 0.9341, 12.4650), (80.0000, -0.3116, 12.4961), (80.0000, -1.5543, 12.4030), (80.0000, -2.7815, 12.1866), (80.0000, -3.9811, 11.8491), (80.0000, -5.1411, 11.3938), (80.0000, -6.2500, 10.8253), (80.0000, -7.2968, 10.1492), (80.0000, -8.2711, 9.3723), (80.0000, -9.1631, 8.5022), (80.0000, -9.9642, 7.5476), (80.0000, -10.6661, 6.5179), (80.0000, -11.2621, 5.4235), (80.0000, -11.7462, 4.2753), (80.0000, -12.1135, 3.0845), (80.0000, -12.3604, 1.8630), (80.0000, -12.4845, 0.6231), (80.0000, -12.4845, -0.6231), (80.0000, -12.3604, -1.8630), (80.0000, -12.1135, -3.0845), (80.0000, -11.7462, -4.2753), (80.0000, -11.2621, -5.4235), (80.0000, -10.6661, -6.5179), (80.0000, -9.9642, -7.5476), (80.0000, -9.1631, -8.5022), (80.0000, -8.2711, -9.3723), (80.0000, -7.2968, -10.1492), (80.0000, -6.2500, -10.8253), (80.0000, -5.1411, -11.3938), (80.0000, -3.9811, -11.8491), (80.0000, -2.7815, -12.1866), (80.0000, -1.5543, -12.4030), (80.0000, -0.3116, -12.4961), (80.0000, 0.9341, -12.4650), (80.0000, 2.1706, -12.3101), (80.0000, 3.3855, -12.0328), (80.0000, 4.5668, -11.6359), (80.0000, 5.7026, -11.1234), (80.0000, 6.7818, -10.5003), (80.0000, 7.7936, -9.7729), (80.0000, 8.7280, -8.9483), (80.0000, 9.5756, -8.0348), (80.0000, 10.3280, -7.0415), (80.0000, 10.9778, -5.9782), (80.0000, 11.5185, -4.8554), (80.0000, 11.9447, -3.6844), (80.0000, 12.2522, -2.4768), (80.0000, 12.4379, -1.2446), (73.3333, 14.1667, 0.0000), (76.6667, 13.3333, 0.0000), (73.3333, 13.8945, 2.7638), (73.3333, 13.0883, 5.4213), (76.6667, 13.0771, 2.6012), (73.3333, 11.7792, 7.8706), (76.6667, 12.3184, 5.1024), (73.3333, 10.0173, 10.0173), (76.6667, 11.0863, 7.4076), (73.3333, 7.8706, 11.7792), (76.6667, 9.4281, 9.4281), (73.3333, 5.4213, 13.0883), (76.6667, 7.4076, 11.0863), (73.3333, 2.7638, 13.8945), (76.6667, 5.1024, 12.3184), (73.3333, 0.0000, 14.1667), (76.6667, 2.6012, 13.0771), (73.3333, -2.7638, 13.8945), (76.6667, 0.0000, 13.3333), (73.3333, -5.4213, 13.0883), (76.6667, -2.6012, 13.0771), (73.3333, -7.8706, 11.7792), (76.6667, -5.1024, 12.3184), (73.3333, -10.0173, 10.0173), (76.6667, -7.4076, 11.0863), (73.3333, -11.7792, 7.8706), (76.6667, -9.4281, 9.4281), (73.3333, -13.0883, 5.4213), (76.6667, -11.0863, 7.4076), (73.3333, -13.8945, 2.7638), (76.6667, -12.3184, 5.1024), (73.3333, -14.1667, -0.0000), (76.6667, -13.0771, 2.6012), (73.3333, -13.8945, -2.7638), (76.6667, -13.3333, -0.0000), (73.3333, -13.0883, -5.4213), (76.6667, -13.0771, -2.6012), (73.3333, -11.7792, -7.8706), (76.6667, -12.3184, -5.1024), (73.3333, -10.0173, -10.0173), (76.6667, -11.0863, -7.4076), (73.3333, -7.8706, -11.7792), (76.6667, -9.4281, -9.4281), (73.3333, -5.4213, -13.0883), (76.6667, -7.4076, -11.0863), (73.3333, -2.7638, -13.8945), (76.6667, -5.1024, -12.3184), (73.3333, 0.0000, -14.1667), (76.6667, -2.6012, -13.0771), (73.3333, 2.7638, -13.8945), (76.6667, 0.0000, -13.3333), (73.3333, 5.4213, -13.0883), (76.6667, 2.6012, -13.0771), (73.3333, 7.8706, -11.7792), (76.6667, 5.1024, -12.3184), (73.3333, 10.0173, -10.0173), (76.6667, 7.4076, -11.0863), (73.3333, 11.7792, -7.8706), (76.6667, 9.4281, -9.4281), (73.3333, 13.0883, -5.4213), (76.6667, 11.0863, -7.4076), (73.3333, 13.8945, -2.7638), (76.6667, 12.3184, -5.1024), (76.6667, 13.0771, -2.6012), (49.0000, -4.0000, 11.0000), (48.6079, -3.9807, 11.0000), (48.2196, -3.9231, 11.0000), (47.8389, -3.8278, 11.0000), (47.4693, -3.6955, 11.0000), (47.1144, -3.5277, 11.0000), (46.7777, -3.3259, 11.0000), (46.4624, -3.0920, 11.0000), (46.1716, -2.8284, 11.0000), (45.9080, -2.5376, 11.0000), (45.6741, -2.2223, 11.0000), (45.4723, -1.8856, 11.0000), (45.3045, -1.5307, 11.0000), (45.1722, -1.1611, 11.0000), (45.0769, -0.7804, 11.0000), (45.0193, -0.3921, 11.0000), (45.0000, 0.0000, 11.0000), (45.0193, 0.3921, 11.0000), (45.0769, 0.7804, 11.0000), (45.1722, 1.1611, 11.0000), (45.3045, 1.5307, 11.0000), (45.4723, 1.8856, 11.0000), (45.6741, 2.2223, 11.0000), (45.9080, 2.5376, 11.0000), (46.1716, 2.8284, 11.0000), (46.4624, 3.0920, 11.0000), (46.7777, 3.3259, 11.0000), (47.1144, 3.5277, 11.0000), (47.4693, 3.6955, 11.0000), (47.8389, 3.8278, 11.0000), (48.2196, 3.9231, 11.0000), (48.6079, 3.9807, 11.0000), (49.0000, 4.0000, 11.0000), (49.0000, -4.0000, 14.4568), (48.6452, -3.9842, 14.4612), (48.2926, -3.9370, 14.4741), (47.9437, -3.8580, 14.4954), (47.5997, -3.7469, 14.5245), (47.2626, -3.6030, 14.5609), (46.9343, -3.4254, 14.6037), (46.6175, -3.2131, 14.6518), (46.3151, -2.9650, 14.7040), (46.0307, -2.6802, 14.7586), (45.7937, -2.3915, 14.8081), (45.5987, -2.1050, 14.8516), (45.4241, -1.7925, 14.8925), (45.2735, -1.4536, 14.9294), (45.1518, -1.0916, 14.9602), (45.0709, -0.7500, 14.9812), (45.0235, -0.4328, 14.9938), (45.0015, -0.1093, 14.9996), (45.0058, 0.2159, 14.9984), (45.0359, 0.5350, 14.9905), (45.0904, 0.8457, 14.9761), (45.1677, 1.1459, 14.9562), (45.2660, 1.4342, 14.9313), (45.3834, 1.7089, 14.9023), (45.5180, 1.9687, 14.8702), (45.6676, 2.2125, 14.8359), (45.8297, 2.4392, 14.8004), (46.0020, 2.6481, 14.7644), (46.1819, 2.8387, 14.7289), (46.3691, 3.0130, 14.6943), (46.5635, 3.1723, 14.6607), (46.7641, 3.3167, 14.6287), (46.9700, 3.4466, 14.5987), (47.1807, 3.5623, 14.5709), (47.3953, 3.6640, 14.5456), (47.6133, 3.7519, 14.5232), (47.8341, 3.8263, 14.5038), (48.0572, 3.8873, 14.4875), (48.2822, 3.9351, 14.4746), (48.5086, 3.9697, 14.4652), (48.7360, 3.9913, 14.4592), (48.8679, 3.9978, 14.4574), (49.0000, 4.0000, 14.4568), (61.0000, -4.0000, 11.0000), (49.0000, -4.0000, 11.0000), (61.0000, -4.0000, 14.4568), (49.0000, -4.0000, 14.4568), (49.0000, 4.0000, 11.0000), (61.0000, 4.0000, 11.0000), (49.0000, 4.0000, 14.4568), (61.0000, 4.0000, 14.4568), (61.0000, 4.0000, 11.0000), (61.3921, 3.9807, 11.0000), (61.7804, 3.9231, 11.0000), (62.1611, 3.8278, 11.0000), (62.5307, 3.6955, 11.0000), (62.8856, 3.5277, 11.0000), (63.2223, 3.3259, 11.0000), (63.5376, 3.0920, 11.0000), (63.8284, 2.8284, 11.0000), (64.0920, 2.5376, 11.0000), (64.3259, 2.2223, 11.0000), (64.5277, 1.8856, 11.0000), (64.6955, 1.5307, 11.0000), (64.8278, 1.1611, 11.0000), (64.9231, 0.7804, 11.0000), (64.9807, 0.3921, 11.0000), (65.0000, -0.0000, 11.0000), (64.9807, -0.3921, 11.0000), (64.9231, -0.7804, 11.0000), (64.8278, -1.1611, 11.0000), (64.6955, -1.5307, 11.0000), (64.5277, -1.8856, 11.0000), (64.3259, -2.2223, 11.0000), (64.0920, -2.5376, 11.0000), (63.8284, -2.8284, 11.0000), (63.5376, -3.0920, 11.0000), (63.2223, -3.3259, 11.0000), (62.8856, -3.5277, 11.0000), (62.5307, -3.6955, 11.0000), (62.1611, -3.8278, 11.0000), (61.7804, -3.9231, 11.0000), (61.3921, -3.9807, 11.0000), (61.0000, -4.0000, 11.0000), (61.0000, 4.0000, 14.4568), (61.3552, 3.9842, 14.4612), (61.7087, 3.9367, 14.4742), (62.0588, 3.8573, 14.4956), (62.4038, 3.7456, 14.5248), (62.7417, 3.6009, 14.5614), (63.0704, 3.4225, 14.6043), (63.3874, 3.2094, 14.6526), (63.6904, 2.9600, 14.7050), (63.9482, 2.7034, 14.7544), (64.1650, 2.4460, 14.7992), (64.3646, 2.1632, 14.8432), (64.5439, 1.8550, 14.8849), (64.6993, 1.5217, 14.9226), (64.8269, 1.1639, 14.9548), (64.9216, 0.7880, 14.9793), (64.9758, 0.4393, 14.9936), (64.9982, 0.1208, 14.9995), (64.9951, -0.1987, 14.9987), (64.9666, -0.5160, 14.9911), (64.9134, -0.8280, 14.9771), (64.8366, -1.1316, 14.9573), (64.7380, -1.4238, 14.9323), (64.6199, -1.7020, 14.9031), (64.4849, -1.9635, 14.8709), (64.3367, -2.2061, 14.8369), (64.1788, -2.4279, 14.8022), (64.0120, -2.6321, 14.7673), (63.8359, -2.8209, 14.7324), (63.6518, -2.9947, 14.6980), (63.4605, -3.1537, 14.6647), (63.2632, -3.2982, 14.6329), (63.0605, -3.4285, 14.6029), (62.8532, -3.5448, 14.5751), (62.6419, -3.6475, 14.5498), (62.4273, -3.7367, 14.5271), (62.2099, -3.8126, 14.5074), (61.9901, -3.8755, 14.4907), (61.7685, -3.9255, 14.4772), (61.5453, -3.9627, 14.4671), (61.3210, -3.9871, 14.4604), (61.1606, -3.9968, 14.4577), (61.0000, -4.0000, 14.4568), (52.0000, 0.0000, -15.0000), (51.9920, 0.1788, -14.9989), (51.9685, 0.3535, -14.9958), (51.9305, 0.5227, -14.9909), (51.8789, 0.6853, -14.9843), (51.8149, 0.8403, -14.9764), (51.7397, 0.9866, -14.9675), (51.6546, 1.1235, -14.9579), (51.5610, 1.2503, -14.9478), (51.4604, 1.3665, -14.9376), (51.3544, 1.4716, -14.9276), (51.2443, 1.5658, -14.9180), (51.1298, 1.6503, -14.9089), (51.0117, 1.7253, -14.9005), (50.8904, 1.7909, -14.8927), (50.7666, 1.8473, -14.8858), (50.6406, 1.8946, -14.8799), (50.5129, 1.9331, -14.8749), (50.3839, 1.9628, -14.8710), (50.2539, 1.9838, -14.8682), (50.1232, 1.9962, -14.8666), (49.9923, 2.0000, -14.8661), (49.8612, 1.9952, -14.8667), (49.7304, 1.9817, -14.8685), (49.6000, 1.9596, -14.8714), (49.4706, 1.9287, -14.8755), (49.3424, 1.8888, -14.8806), (49.2159, 1.8399, -14.8867), (49.0916, 1.7818, -14.8938), (48.9701, 1.7144, -14.9017), (48.8518, 1.6376, -14.9103), (48.7375, 1.5512, -14.9196), (48.6279, 1.4551, -14.9293), (48.5237, 1.3493, -14.9392), (48.4256, 1.2334, -14.9492), (48.3334, 1.1057, -14.9592), (48.2490, 0.9664, -14.9688), (48.1744, 0.8168, -14.9777), (48.1114, 0.6581, -14.9856), (48.0615, 0.4920, -14.9919), (48.0258, 0.3201, -14.9966), (48.0052, 0.1444, -14.9993), (48.0003, -0.0334, -15.0000), (48.0112, -0.2112, -14.9985), (48.0378, -0.3870, -14.9950), (48.0797, -0.5590, -14.9896), (48.1366, -0.7265, -14.9824), (48.2081, -0.8882, -14.9737), (48.2935, -1.0430, -14.9637), (48.3923, -1.1897, -14.9527), (48.5037, -1.3270, -14.9412), (48.6267, -1.4540, -14.9294), (48.7605, -1.5696, -14.9177), (48.9040, -1.6729, -14.9064), (49.0560, -1.7632, -14.8960), (49.2155, -1.8397, -14.8868), (49.3810, -1.9018, -14.8789), (49.5514, -1.9490, -14.8728), (49.7253, -1.9810, -14.8686), (49.9014, -1.9976, -14.8664), (50.0782, -1.9985, -14.8663), (50.2546, -1.9837, -14.8682), (50.4299, -1.9532, -14.8723), (50.6032, -1.9069, -14.8783), (50.7735, -1.8443, -14.8862), (50.9400, -1.7653, -14.8958), (51.1013, -1.6695, -14.9068), (51.2561, -1.5563, -14.9190), (51.4033, -1.4250, -14.9322), (51.5286, -1.2897, -14.9445), (51.6333, -1.1542, -14.9555), (51.7283, -1.0064, -14.9662), (51.8117, -0.8473, -14.9761), (51.8817, -0.6777, -14.9847), (51.9367, -0.4991, -14.9917), (51.9754, -0.3128, -14.9967), (51.9938, -0.1579, -14.9992), (52.0000, 0.0000, -15.0000), (52.0000, 0.0000, 11.0000), (52.0000, 0.0000, 11.0000), (51.9901, -0.1991, 11.0000), (51.9603, -0.3963, 11.0000), (51.9111, -0.5895, 11.0000), (51.8430, -0.7769, 11.0000), (51.7564, -0.9565, 11.0000), (51.6525, -1.1266, 11.0000), (51.5321, -1.2856, 11.0000), (51.3965, -1.4317, 11.0000), (51.2470, -1.5637, 11.0000), (51.0851, -1.6801, 11.0000), (50.9124, -1.7797, 11.0000), (50.7307, -1.8617, 11.0000), (50.5417, -1.9252, 11.0000), (50.3473, -1.9696, 11.0000), (50.1495, -1.9944, 11.0000), (49.9501, -1.9994, 11.0000), (49.7513, -1.9845, 11.0000), (49.5550, -1.9499, 11.0000), (49.3630, -1.8959, 11.0000), (49.1774, -1.8230, 11.0000), (49.0000, -1.7321, 11.0000), (48.8325, -1.6239, 11.0000), (48.6766, -1.4996, 11.0000), (48.5339, -1.3603, 11.0000), (48.4057, -1.2076, 11.0000), (48.2934, -1.0429, 11.0000), (48.1981, -0.8678, 11.0000), (48.1206, -0.6840, 11.0000), (48.0618, -0.4935, 11.0000), (48.0223, -0.2981, 11.0000), (48.0025, -0.0997, 11.0000), (48.0025, 0.0997, 11.0000), (48.0223, 0.2981, 11.0000), (48.0618, 0.4935, 11.0000), (48.1206, 0.6840, 11.0000), (48.1981, 0.8678, 11.0000), (48.2934, 1.0429, 11.0000), (48.4057, 1.2076, 11.0000), (48.5339, 1.3603, 11.0000), (48.6766, 1.4996, 11.0000), (48.8325, 1.6239, 11.0000), (49.0000, 1.7321, 11.0000), (49.1774, 1.8230, 11.0000), (49.3630, 1.8959, 11.0000), (49.5550, 1.9499, 11.0000), (49.7513, 1.9845, 11.0000), (49.9501, 1.9994, 11.0000), (50.1495, 1.9944, 11.0000), (50.3473, 1.9696, 11.0000), (50.5417, 1.9252, 11.0000), (50.7307, 1.8617, 11.0000), (50.9124, 1.7797, 11.0000), (51.0851, 1.6801, 11.0000), (51.2470, 1.5637, 11.0000), (51.3965, 1.4317, 11.0000), (51.5321, 1.2856, 11.0000), (51.6525, 1.1266, 11.0000), (51.7564, 0.9565, 11.0000), (51.8430, 0.7769, 11.0000), (51.9111, 0.5895, 11.0000), (51.9603, 0.3963, 11.0000), (51.9901, 0.1991, 11.0000), (80.0000, 12.5000, 0.0000), (80.0000, 12.4379, 1.2446), (80.0000, 12.2522, 2.4768), (80.0000, 11.9447, 3.6844), (80.0000, 11.5185, 4.8554), (80.0000, 10.9778, 5.9782), (80.0000, 10.3280, 7.0415), (80.0000, 9.5756, 8.0348), (80.0000, 8.7280, 8.9483), (80.0000, 7.7936, 9.7729), (80.0000, 6.7818, 10.5003), (80.0000, 5.7026, 11.1234), (80.0000, 4.5668, 11.6359), (80.0000, 3.3855, 12.0328), (80.0000, 2.1706, 12.3101), (80.0000, 0.9341, 12.4650), (80.0000, -0.3116, 12.4961), (80.0000, -1.5543, 12.4030), (80.0000, -2.7815, 12.1866), (80.0000, -3.9811, 11.8491), (80.0000, -5.1411, 11.3938), (80.0000, -6.2500, 10.8253), (80.0000, -7.2968, 10.1492), (80.0000, -8.2711, 9.3723), (80.0000, -9.1631, 8.5022), (80.0000, -9.9642, 7.5476), (80.0000, -10.6661, 6.5179), (80.0000, -11.2621, 5.4235), (80.0000, -11.7462, 4.2753), (80.0000, -12.1135, 3.0845), (80.0000, -12.3604, 1.8630), (80.0000, -12.4845, 0.6231), (80.0000, -12.4845, -0.6231), (80.0000, -12.3604, -1.8630), (80.0000, -12.1135, -3.0845), (80.0000, -11.7462, -4.2753), (80.0000, -11.2621, -5.4235), (80.0000, -10.6661, -6.5179), (80.0000, -9.9642, -7.5476), (80.0000, -9.1631, -8.5022), (80.0000, -8.2711, -9.3723), (80.0000, -7.2968, -10.1492), (80.0000, -6.2500, -10.8253), (80.0000, -5.1411, -11.3938), (80.0000, -3.9811, -11.8491), (80.0000, -2.7815, -12.1866), (80.0000, -1.5543, -12.4030), (80.0000, -0.3116, -12.4961), (80.0000, 0.9341, -12.4650), (80.0000, 2.1706, -12.3101), (80.0000, 3.3855, -12.0328), (80.0000, 4.5668, -11.6359), (80.0000, 5.7026, -11.1234), (80.0000, 6.7818, -10.5003), (80.0000, 7.7936, -9.7729), (80.0000, 8.7280, -8.9483), (80.0000, 9.5756, -8.0348), (80.0000, 10.3280, -7.0415), (80.0000, 10.9778, -5.9782), (80.0000, 11.5185, -4.8554), (80.0000, 11.9447, -3.6844), (80.0000, 12.2522, -2.4768), (80.0000, 12.4379, -1.2446), (80.0000, 8.9000, 0.0000), (80.0000, 8.8558, 0.8862), (80.0000, 8.7235, 1.7635), (80.0000, 8.5046, 2.6233), (80.0000, 8.2011, 3.4571), (80.0000, 7.8162, 4.2565), (80.0000, 7.3535, 5.0135), (80.0000, 6.8178, 5.7208), (80.0000, 6.2143, 6.3712), (80.0000, 5.5491, 6.9583), (80.0000, 4.8287, 7.4762), (80.0000, 4.0603, 7.9199), (80.0000, 3.2515, 8.2848), (80.0000, 2.4105, 8.5674), (80.0000, 1.5455, 8.7648), (80.0000, 0.6651, 8.8751), (80.0000, -0.2219, 8.8972), (80.0000, -1.1067, 8.8309), (80.0000, -1.9804, 8.6769), (80.0000, -2.8345, 8.4366), (80.0000, -3.6605, 8.1124), (80.0000, -4.4500, 7.7076), (80.0000, -5.1953, 7.2262), (80.0000, -5.8890, 6.6731), (80.0000, -6.5242, 6.0535), (80.0000, -7.0945, 5.3739), (80.0000, -7.5943, 4.6408), (80.0000, -8.0186, 3.8616), (80.0000, -8.3633, 3.0440), (80.0000, -8.6248, 2.1961), (80.0000, -8.8006, 1.3265), (80.0000, -8.8889, 0.4436), (80.0000, -8.8889, -0.4436), (80.0000, -8.8006, -1.3265), (80.0000, -8.6248, -2.1961), (80.0000, -8.3633, -3.0440), (80.0000, -8.0186, -3.8616), (80.0000, -7.5943, -4.6408), (80.0000, -7.0945, -5.3739), (80.0000, -6.5242, -6.0535), (80.0000, -5.8890, -6.6731), (80.0000, -5.1953, -7.2262), (80.0000, -4.4500, -7.7076), (80.0000, -3.6605, -8.1124), (80.0000, -2.8345, -8.4366), (80.0000, -1.9804, -8.6769), (80.0000, -1.1067, -8.8309), (80.0000, -0.2219, -8.8972), (80.0000, 0.6651, -8.8751), (80.0000, 1.5455, -8.7648), (80.0000, 2.4105, -8.5674), (80.0000, 3.2515, -8.2848), (80.0000, 4.0603, -7.9199), (80.0000, 4.8287, -7.4762), (80.0000, 5.5491, -6.9583), (80.0000, 6.2143, -6.3712), (80.0000, 6.8178, -5.7208), (80.0000, 7.3535, -5.0135), (80.0000, 7.8162, -4.2565), (80.0000, 8.2011, -3.4571), (80.0000, 8.5046, -2.6233), (80.0000, 8.7235, -1.7635), (80.0000, 8.8558, -0.8862), (49.0000, 4.0000, 11.0000), (61.0000, 4.0000, 11.0000), (61.3921, 3.9807, 11.0000), (61.7804, 3.9231, 11.0000), (62.1611, 3.8278, 11.0000), (62.5307, 3.6955, 11.0000), (62.8856, 3.5277, 11.0000), (63.2223, 3.3259, 11.0000), (63.5376, 3.0920, 11.0000), (63.8284, 2.8284, 11.0000), (64.0920, 2.5376, 11.0000), (64.3259, 2.2223, 11.0000), (64.5277, 1.8856, 11.0000), (64.6955, 1.5307, 11.0000), (64.8278, 1.1611, 11.0000), (64.9231, 0.7804, 11.0000), (64.9807, 0.3921, 11.0000), (65.0000, -0.0000, 11.0000), (64.9807, -0.3921, 11.0000), (64.9231, -0.7804, 11.0000), (64.8278, -1.1611, 11.0000), (64.6955, -1.5307, 11.0000), (64.5277, -1.8856, 11.0000), (64.3259, -2.2223, 11.0000), (64.0920, -2.5376, 11.0000), (63.8284, -2.8284, 11.0000), (63.5376, -3.0920, 11.0000), (63.2223, -3.3259, 11.0000), (62.8856, -3.5277, 11.0000), (62.5307, -3.6955, 11.0000), (62.1611, -3.8278, 11.0000), (61.7804, -3.9231, 11.0000), (61.3921, -3.9807, 11.0000), (61.0000, -4.0000, 11.0000), (49.0000, -4.0000, 11.0000), (48.6079, -3.9807, 11.0000), (48.2196, -3.9231, 11.0000), (47.8389, -3.8278, 11.0000), (47.4693, -3.6955, 11.0000), (47.1144, -3.5277, 11.0000), (46.7777, -3.3259, 11.0000), (46.4624, -3.0920, 11.0000), (46.1716, -2.8284, 11.0000), (45.9080, -2.5376, 11.0000), (45.6741, -2.2223, 11.0000), (45.4723, -1.8856, 11.0000), (45.3045, -1.5307, 11.0000), (45.1722, -1.1611, 11.0000), (45.0769, -0.7804, 11.0000), (45.0193, -0.3921, 11.0000), (45.0000, 0.0000, 11.0000), (45.0193, 0.3921, 11.0000), (45.0769, 0.7804, 11.0000), (45.1722, 1.1611, 11.0000), (45.3045, 1.5307, 11.0000), (45.4723, 1.8856, 11.0000), (45.6741, 2.2223, 11.0000), (45.9080, 2.5376, 11.0000), (46.1716, 2.8284, 11.0000), (46.4624, 3.0920, 11.0000), (46.7777, 3.3259, 11.0000), (47.1144, 3.5277, 11.0000), (47.4693, 3.6955, 11.0000), (47.8389, 3.8278, 11.0000), (48.2196, 3.9231, 11.0000), (48.6079, 3.9807, 11.0000), (52.0000, 0.0000, 11.0000), (51.9901, -0.1991, 11.0000), (51.9603, -0.3963, 11.0000), (51.9111, -0.5895, 11.0000), (51.8430, -0.7769, 11.0000), (51.7564, -0.9565, 11.0000), (51.6525, -1.1266, 11.0000), (51.5321, -1.2856, 11.0000), (51.3965, -1.4317, 11.0000), (51.2470, -1.5637, 11.0000), (51.0851, -1.6801, 11.0000), (50.9124, -1.7797, 11.0000), (50.7307, -1.8617, 11.0000), (50.5417, -1.9252, 11.0000), (50.3473, -1.9696, 11.0000), (50.1495, -1.9944, 11.0000), (49.9501, -1.9994, 11.0000), (49.7513, -1.9845, 11.0000), (49.5550, -1.9499, 11.0000), (49.3630, -1.8959, 11.0000), (49.1774, -1.8230, 11.0000), (49.0000, -1.7321, 11.0000), (48.8325, -1.6239, 11.0000), (48.6766, -1.4996, 11.0000), (48.5339, -1.3603, 11.0000), (48.4057, -1.2076, 11.0000), (48.2934, -1.0429, 11.0000), (48.1981, -0.8678, 11.0000), (48.1206, -0.6840, 11.0000), (48.0618, -0.4935, 11.0000), (48.0223, -0.2981, 11.0000), (48.0025, -0.0997, 11.0000), (48.0025, 0.0997, 11.0000), (48.0223, 0.2981, 11.0000), (48.0618, 0.4935, 11.0000), (48.1206, 0.6840, 11.0000), (48.1981, 0.8678, 11.0000), (48.2934, 1.0429, 11.0000), (48.4057, 1.2076, 11.0000), (48.5339, 1.3603, 11.0000), (48.6766, 1.4996, 11.0000), (48.8325, 1.6239, 11.0000), (49.0000, 1.7321, 11.0000), (49.1774, 1.8230, 11.0000), (49.3630, 1.8959, 11.0000), (49.5550, 1.9499, 11.0000), (49.7513, 1.9845, 11.0000), (49.9501, 1.9994, 11.0000), (50.1495, 1.9944, 11.0000), (50.3473, 1.9696, 11.0000), (50.5417, 1.9252, 11.0000), (50.7307, 1.8617, 11.0000), (50.9124, 1.7797, 11.0000), (51.0851, 1.6801, 11.0000), (51.2470, 1.5637, 11.0000), (51.3965, 1.4317, 11.0000), (51.5321, 1.2856, 11.0000), (51.6525, 1.1266, 11.0000), (51.7564, 0.9565, 11.0000), (51.8430, 0.7769, 11.0000), (51.9111, 0.5895, 11.0000), (51.9603, 0.3963, 11.0000), (51.9901, 0.1991, 11.0000), (80.0000, 8.9000, 0.0000), (80.0000, 8.8558, 0.8862), (80.0000, 8.7235, 1.7635), (80.0000, 8.5046, 2.6233), (80.0000, 8.2011, 3.4571), (80.0000, 7.8162, 4.2565), (80.0000, 7.3535, 5.0135), (80.0000, 6.8178, 5.7208), (80.0000, 6.2143, 6.3712), (80.0000, 5.5491, 6.9583), (80.0000, 4.8287, 7.4762), (80.0000, 4.0603, 7.9199), (80.0000, 3.2515, 8.2848), (80.0000, 2.4105, 8.5674), (80.0000, 1.5455, 8.7648), (80.0000, 0.6651, 8.8751), (80.0000, -0.2219, 8.8972), (80.0000, -1.1067, 8.8309), (80.0000, -1.9804, 8.6769), (80.0000, -2.8345, 8.4366), (80.0000, -3.6605, 8.1124), (80.0000, -4.4500, 7.7076), (80.0000, -5.1953, 7.2262), (80.0000, -5.8890, 6.6731), (80.0000, -6.5242, 6.0535), (80.0000, -7.0945, 5.3739), (80.0000, -7.5943, 4.6408), (80.0000, -8.0186, 3.8616), (80.0000, -8.3633, 3.0440), (80.0000, -8.6248, 2.1961), (80.0000, -8.8006, 1.3265), (80.0000, -8.8889, 0.4436), (80.0000, -8.8889, -0.4436), (80.0000, -8.8006, -1.3265), (80.0000, -8.6248, -2.1961), (80.0000, -8.3633, -3.0440), (80.0000, -8.0186, -3.8616), (80.0000, -7.5943, -4.6408), (80.0000, -7.0945, -5.3739), (80.0000, -6.5242, -6.0535), (80.0000, -5.8890, -6.6731), (80.0000, -5.1953, -7.2262), (80.0000, -4.4500, -7.7076), (80.0000, -3.6605, -8.1124), (80.0000, -2.8345, -8.4366), (80.0000, -1.9804, -8.6769), (80.0000, -1.1067, -8.8309), (80.0000, -0.2219, -8.8972), (80.0000, 0.6651, -8.8751), (80.0000, 1.5455, -8.7648), (80.0000, 2.4105, -8.5674), (80.0000, 3.2515, -8.2848), (80.0000, 4.0603, -7.9199), (80.0000, 4.8287, -7.4762), (80.0000, 5.5491, -6.9583), (80.0000, 6.2143, -6.3712), (80.0000, 6.8178, -5.7208), (80.0000, 7.3535, -5.0135), (80.0000, 7.8162, -4.2565), (80.0000, 8.2011, -3.4571), (80.0000, 8.5046, -2.6233), (80.0000, 8.7235, -1.7635), (80.0000, 8.8558, -0.8862), (80.0000, 8.9000, 0.0000), (84.5000, 8.9000, 0.0000), (84.5000, 8.9000, 0.0000), (84.5000, 8.8558, 0.8862), (84.5000, 8.7235, 1.7635), (84.5000, 8.5046, 2.6233), (84.5000, 8.2011, 3.4571), (84.5000, 7.8162, 4.2565), (84.5000, 7.3535, 5.0135), (84.5000, 6.8178, 5.7208), (84.5000, 6.2143, 6.3712), (84.5000, 5.5491, 6.9583), (84.5000, 4.8287, 7.4762), (84.5000, 4.0603, 7.9199), (84.5000, 3.2515, 8.2848), (84.5000, 2.4105, 8.5674), (84.5000, 1.5455, 8.7648), (84.5000, 0.6651, 8.8751), (84.5000, -0.2219, 8.8972), (84.5000, -1.1067, 8.8309), (84.5000, -1.9804, 8.6769), (84.5000, -2.8345, 8.4366), (84.5000, -3.6605, 8.1124), (84.5000, -4.4500, 7.7076), (84.5000, -5.1953, 7.2262), (84.5000, -5.8890, 6.6731), (84.5000, -6.5242, 6.0535), (84.5000, -7.0945, 5.3739), (84.5000, -7.5943, 4.6408), (84.5000, -8.0186, 3.8616), (84.5000, -8.3633, 3.0440), (84.5000, -8.6248, 2.1961), (84.5000, -8.8006, 1.3265), (84.5000, -8.8889, 0.4436), (84.5000, -8.8889, -0.4436), (84.5000, -8.8006, -1.3265), (84.5000, -8.6248, -2.1961), (84.5000, -8.3633, -3.0440), (84.5000, -8.0186, -3.8616), (84.5000, -7.5943, -4.6408), (84.5000, -7.0945, -5.3739), (84.5000, -6.5242, -6.0535), (84.5000, -5.8890, -6.6731), (84.5000, -5.1953, -7.2262), (84.5000, -4.4500, -7.7076), (84.5000, -3.6605, -8.1124), (84.5000, -2.8345, -8.4366), (84.5000, -1.9804, -8.6769), (84.5000, -1.1067, -8.8309), (84.5000, -0.2219, -8.8972), (84.5000, 0.6651, -8.8751), (84.5000, 1.5455, -8.7648), (84.5000, 2.4105, -8.5674), (84.5000, 3.2515, -8.2848), (84.5000, 4.0603, -7.9199), (84.5000, 4.8287, -7.4762), (84.5000, 5.5491, -6.9583), (84.5000, 6.2143, -6.3712), (84.5000, 6.8178, -5.7208), (84.5000, 7.3535, -5.0135), (84.5000, 7.8162, -4.2565), (84.5000, 8.2011, -3.4571), (84.5000, 8.5046, -2.6233), (84.5000, 8.7235, -1.7635), (84.5000, 8.8558, -0.8862), (84.5000, 10.0000, 0.0000), (84.5000, 9.9503, 0.9957), (84.5000, 9.8017, 1.9815), (84.5000, 9.5557, 2.9476), (84.5000, 9.2148, 3.8843), (84.5000, 8.7822, 4.7825), (84.5000, 8.2624, 5.6332), (84.5000, 7.6604, 6.4279), (84.5000, 6.9824, 7.1587), (84.5000, 6.2349, 7.8183), (84.5000, 5.4255, 8.4003), (84.5000, 4.5621, 8.8987), (84.5000, 3.6534, 9.3087), (84.5000, 2.7084, 9.6262), (84.5000, 1.7365, 9.8481), (84.5000, 0.7473, 9.9720), (84.5000, -0.2493, 9.9969), (84.5000, -1.2434, 9.9224), (84.5000, -2.2252, 9.7493), (84.5000, -3.1849, 9.4793), (84.5000, -4.1129, 9.1151), (84.5000, -5.0000, 8.6603), (84.5000, -5.8374, 8.1194), (84.5000, -6.6169, 7.4978), (84.5000, -7.3305, 6.8017), (84.5000, -7.9713, 6.0380), (84.5000, -8.5329, 5.2144), (84.5000, -9.0097, 4.3388), (84.5000, -9.3969, 3.4202), (84.5000, -9.6908, 2.4676), (84.5000, -9.8883, 1.4904), (84.5000, -9.9876, 0.4985), (84.5000, -9.9876, -0.4985), (84.5000, -9.8883, -1.4904), (84.5000, -9.6908, -2.4676), (84.5000, -9.3969, -3.4202), (84.5000, -9.0097, -4.3388), (84.5000, -8.5329, -5.2144), (84.5000, -7.9713, -6.0380), (84.5000, -7.3305, -6.8017), (84.5000, -6.6169, -7.4978), (84.5000, -5.8374, -8.1194), (84.5000, -5.0000, -8.6603), (84.5000, -4.1129, -9.1151), (84.5000, -3.1849, -9.4793), (84.5000, -2.2252, -9.7493), (84.5000, -1.2434, -9.9224), (84.5000, -0.2493, -9.9969), (84.5000, 0.7473, -9.9720), (84.5000, 1.7365, -9.8481), (84.5000, 2.7084, -9.6262), (84.5000, 3.6534, -9.3087), (84.5000, 4.5621, -8.8987), (84.5000, 5.4255, -8.4003), (84.5000, 6.2349, -7.8183), (84.5000, 6.9824, -7.1587), (84.5000, 7.6604, -6.4279), (84.5000, 8.2624, -5.6332), (84.5000, 8.7822, -4.7825), (84.5000, 9.2148, -3.8843), (84.5000, 9.5557, -2.9476), (84.5000, 9.8017, -1.9815), (84.5000, 9.9503, -0.9957), (84.5000, 8.9000, 0.0000), (84.5000, 8.8558, 0.8862), (84.5000, 8.7235, 1.7635), (84.5000, 8.5046, 2.6233), (84.5000, 8.2011, 3.4571), (84.5000, 7.8162, 4.2565), (84.5000, 7.3535, 5.0135), (84.5000, 6.8178, 5.7208), (84.5000, 6.2143, 6.3712), (84.5000, 5.5491, 6.9583), (84.5000, 4.8287, 7.4762), (84.5000, 4.0603, 7.9199), (84.5000, 3.2515, 8.2848), (84.5000, 2.4105, 8.5674), (84.5000, 1.5455, 8.7648), (84.5000, 0.6651, 8.8751), (84.5000, -0.2219, 8.8972), (84.5000, -1.1067, 8.8309), (84.5000, -1.9804, 8.6769), (84.5000, -2.8345, 8.4366), (84.5000, -3.6605, 8.1124), (84.5000, -4.4500, 7.7076), (84.5000, -5.1953, 7.2262), (84.5000, -5.8890, 6.6731), (84.5000, -6.5242, 6.0535), (84.5000, -7.0945, 5.3739), (84.5000, -7.5943, 4.6408), (84.5000, -8.0186, 3.8616), (84.5000, -8.3633, 3.0440), (84.5000, -8.6248, 2.1961), (84.5000, -8.8006, 1.3265), (84.5000, -8.8889, 0.4436), (84.5000, -8.8889, -0.4436), (84.5000, -8.8006, -1.3265), (84.5000, -8.6248, -2.1961), (84.5000, -8.3633, -3.0440), (84.5000, -8.0186, -3.8616), (84.5000, -7.5943, -4.6408), (84.5000, -7.0945, -5.3739), (84.5000, -6.5242, -6.0535), (84.5000, -5.8890, -6.6731), (84.5000, -5.1953, -7.2262), (84.5000, -4.4500, -7.7076), (84.5000, -3.6605, -8.1124), (84.5000, -2.8345, -8.4366), (84.5000, -1.9804, -8.6769), (84.5000, -1.1067, -8.8309), (84.5000, -0.2219, -8.8972), (84.5000, 0.6651, -8.8751), (84.5000, 1.5455, -8.7648), (84.5000, 2.4105, -8.5674), (84.5000, 3.2515, -8.2848), (84.5000, 4.0603, -7.9199), (84.5000, 4.8287, -7.4762), (84.5000, 5.5491, -6.9583), (84.5000, 6.2143, -6.3712), (84.5000, 6.8178, -5.7208), (84.5000, 7.3535, -5.0135), (84.5000, 7.8162, -4.2565), (84.5000, 8.2011, -3.4571), (84.5000, 8.5046, -2.6233), (84.5000, 8.7235, -1.7635), (84.5000, 8.8558, -0.8862), (84.5000, 10.0000, 0.0000), (84.5000, 9.9503, 0.9957), (84.5000, 9.8017, 1.9815), (84.5000, 9.5557, 2.9476), (84.5000, 9.2148, 3.8843), (84.5000, 8.7822, 4.7825), (84.5000, 8.2624, 5.6332), (84.5000, 7.6604, 6.4279), (84.5000, 6.9824, 7.1587), (84.5000, 6.2349, 7.8183), (84.5000, 5.4255, 8.4003), (84.5000, 4.5621, 8.8987), (84.5000, 3.6534, 9.3087), (84.5000, 2.7084, 9.6262), (84.5000, 1.7365, 9.8481), (84.5000, 0.7473, 9.9720), (84.5000, -0.2493, 9.9969), (84.5000, -1.2434, 9.9224), (84.5000, -2.2252, 9.7493), (84.5000, -3.1849, 9.4793), (84.5000, -4.1129, 9.1151), (84.5000, -5.0000, 8.6603), (84.5000, -5.8374, 8.1194), (84.5000, -6.6169, 7.4978), (84.5000, -7.3305, 6.8017), (84.5000, -7.9713, 6.0380), (84.5000, -8.5329, 5.2144), (84.5000, -9.0097, 4.3388), (84.5000, -9.3969, 3.4202), (84.5000, -9.6908, 2.4676), (84.5000, -9.8883, 1.4904), (84.5000, -9.9876, 0.4985), (84.5000, -9.9876, -0.4985), (84.5000, -9.8883, -1.4904), (84.5000, -9.6908, -2.4676), (84.5000, -9.3969, -3.4202), (84.5000, -9.0097, -4.3388), (84.5000, -8.5329, -5.2144), (84.5000, -7.9713, -6.0380), (84.5000, -7.3305, -6.8017), (84.5000, -6.6169, -7.4978), (84.5000, -5.8374, -8.1194), (84.5000, -5.0000, -8.6603), (84.5000, -4.1129, -9.1151), (84.5000, -3.1849, -9.4793), (84.5000, -2.2252, -9.7493), (84.5000, -1.2434, -9.9224), (84.5000, -0.2493, -9.9969), (84.5000, 0.7473, -9.9720), (84.5000, 1.7365, -9.8481), (84.5000, 2.7084, -9.6262), (84.5000, 3.6534, -9.3087), (84.5000, 4.5621, -8.8987), (84.5000, 5.4255, -8.4003), (84.5000, 6.2349, -7.8183), (84.5000, 6.9824, -7.1587), (84.5000, 7.6604, -6.4279), (84.5000, 8.2624, -5.6332), (84.5000, 8.7822, -4.7825), (84.5000, 9.2148, -3.8843), (84.5000, 9.5557, -2.9476), (84.5000, 9.8017, -1.9815), (84.5000, 9.9503, -0.9957), (84.5000, 10.0000, 0.0000), (98.5000, 10.0000, 0.0000), (98.5000, 10.0000, 0.0000), (98.5000, 9.9503, 0.9957), (98.5000, 9.8017, 1.9815), (98.5000, 9.5557, 2.9476), (98.5000, 9.2148, 3.8843), (98.5000, 8.7822, 4.7825), (98.5000, 8.2624, 5.6332), (98.5000, 7.6604, 6.4279), (98.5000, 6.9824, 7.1587), (98.5000, 6.2349, 7.8183), (98.5000, 5.4255, 8.4003), (98.5000, 4.5621, 8.8987), (98.5000, 3.6534, 9.3087), (98.5000, 2.7084, 9.6262), (98.5000, 1.7365, 9.8481), (98.5000, 0.7473, 9.9720), (98.5000, -0.2493, 9.9969), (98.5000, -1.2434, 9.9224), (98.5000, -2.2252, 9.7493), (98.5000, -3.1849, 9.4793), (98.5000, -4.1129, 9.1151), (98.5000, -5.0000, 8.6603), (98.5000, -5.8374, 8.1194), (98.5000, -6.6169, 7.4978), (98.5000, -7.3305, 6.8017), (98.5000, -7.9713, 6.0380), (98.5000, -8.5329, 5.2144), (98.5000, -9.0097, 4.3388), (98.5000, -9.3969, 3.4202), (98.5000, -9.6908, 2.4676), (98.5000, -9.8883, 1.4904), (98.5000, -9.9876, 0.4985), (98.5000, -9.9876, -0.4985), (98.5000, -9.8883, -1.4904), (98.5000, -9.6908, -2.4676), (98.5000, -9.3969, -3.4202), (98.5000, -9.0097, -4.3388), (98.5000, -8.5329, -5.2144), (98.5000, -7.9713, -6.0380), (98.5000, -7.3305, -6.8017), (98.5000, -6.6169, -7.4978), (98.5000, -5.8374, -8.1194), (98.5000, -5.0000, -8.6603), (98.5000, -4.1129, -9.1151), (98.5000, -3.1849, -9.4793), (98.5000, -2.2252, -9.7493), (98.5000, -1.2434, -9.9224), (98.5000, -0.2493, -9.9969), (98.5000, 0.7473, -9.9720), (98.5000, 1.7365, -9.8481), (98.5000, 2.7084, -9.6262), (98.5000, 3.6534, -9.3087), (98.5000, 4.5621, -8.8987), (98.5000, 5.4255, -8.4003), (98.5000, 6.2349, -7.8183), (98.5000, 6.9824, -7.1587), (98.5000, 7.6604, -6.4279), (98.5000, 8.2624, -5.6332), (98.5000, 8.7822, -4.7825), (98.5000, 9.2148, -3.8843), (98.5000, 9.5557, -2.9476), (98.5000, 9.8017, -1.9815), (98.5000, 9.9503, -0.9957), (98.5000, 10.0000, 0.0000), (98.5000, 9.9503, 0.9957), (98.5000, 9.8017, 1.9815), (98.5000, 9.5557, 2.9476), (98.5000, 9.2148, 3.8843), (98.5000, 8.7822, 4.7825), (98.5000, 8.2624, 5.6332), (98.5000, 7.6604, 6.4279), (98.5000, 6.9824, 7.1587), (98.5000, 6.2349, 7.8183), (98.5000, 5.4255, 8.4003), (98.5000, 4.5621, 8.8987), (98.5000, 3.6534, 9.3087), (98.5000, 2.7084, 9.6262), (98.5000, 1.7365, 9.8481), (98.5000, 0.7473, 9.9720), (98.5000, -0.2493, 9.9969), (98.5000, -1.2434, 9.9224), (98.5000, -2.2252, 9.7493), (98.5000, -3.1849, 9.4793), (98.5000, -4.1129, 9.1151), (98.5000, -5.0000, 8.6603), (98.5000, -5.8374, 8.1194), (98.5000, -6.6169, 7.4978), (98.5000, -7.3305, 6.8017), (98.5000, -7.9713, 6.0380), (98.5000, -8.5329, 5.2144), (98.5000, -9.0097, 4.3388), (98.5000, -9.3969, 3.4202), (98.5000, -9.6908, 2.4676), (98.5000, -9.8883, 1.4904), (98.5000, -9.9876, 0.4985), (98.5000, -9.9876, -0.4985), (98.5000, -9.8883, -1.4904), (98.5000, -9.6908, -2.4676), (98.5000, -9.3969, -3.4202), (98.5000, -9.0097, -4.3388), (98.5000, -8.5329, -5.2144), (98.5000, -7.9713, -6.0380), (98.5000, -7.3305, -6.8017), (98.5000, -6.6169, -7.4978), (98.5000, -5.8374, -8.1194), (98.5000, -5.0000, -8.6603), (98.5000, -4.1129, -9.1151), (98.5000, -3.1849, -9.4793), (98.5000, -2.2252, -9.7493), (98.5000, -1.2434, -9.9224), (98.5000, -0.2493, -9.9969), (98.5000, 0.7473, -9.9720), (98.5000, 1.7365, -9.8481), (98.5000, 2.7084, -9.6262), (98.5000, 3.6534, -9.3087), (98.5000, 4.5621, -8.8987), (98.5000, 5.4255, -8.4003), (98.5000, 6.2349, -7.8183), (98.5000, 6.9824, -7.1587), (98.5000, 7.6604, -6.4279), (98.5000, 8.2624, -5.6332), (98.5000, 8.7822, -4.7825), (98.5000, 9.2148, -3.8843), (98.5000, 9.5557, -2.9476), (98.5000, 9.8017, -1.9815), (98.5000, 9.9503, -0.9957), (98.5000, 10.0000, 0.0000), (99.2500, 9.2500, 0.0000), (100.0000, 8.5000, 0.0000), (100.0000, 8.5000, 0.0000), (100.0000, 8.4578, 0.8463), (100.0000, 8.3315, 1.6842), (100.0000, 8.1224, 2.5054), (100.0000, 7.8325, 3.3017), (100.0000, 7.4649, 4.0652), (100.0000, 7.0230, 4.7882), (100.0000, 6.5114, 5.4637), (100.0000, 5.9350, 6.0849), (100.0000, 5.2997, 6.6456), (100.0000, 4.6116, 7.1402), (100.0000, 3.8778, 7.5639), (100.0000, 3.1054, 7.9124), (100.0000, 2.3021, 8.1823), (100.0000, 1.4760, 8.3709), (100.0000, 0.6352, 8.4762), (100.0000, -0.2119, 8.4974), (100.0000, -1.0569, 8.4340), (100.0000, -1.8914, 8.2869), (100.0000, -2.7071, 8.0574), (100.0000, -3.4959, 7.7478), (100.0000, -4.2500, 7.3612), (100.0000, -4.9618, 6.9015), (100.0000, -5.6243, 6.3731), (100.0000, -6.2309, 5.7815), (100.0000, -6.7756, 5.1323), (100.0000, -7.2530, 4.4322), (100.0000, -7.6582, 3.6880), (100.0000, -7.9874, 2.9072), (100.0000, -8.2372, 2.0974), (100.0000, -8.4051, 1.2669), (100.0000, -8.4894, 0.4237), (100.0000, -8.4894, -0.4237), (100.0000, -8.4051, -1.2669), (100.0000, -8.2372, -2.0974), (100.0000, -7.9874, -2.9072), (100.0000, -7.6582, -3.6880), (100.0000, -7.2530, -4.4322), (100.0000, -6.7756, -5.1323), (100.0000, -6.2309, -5.7815), (100.0000, -5.6243, -6.3731), (100.0000, -4.9618, -6.9015), (100.0000, -4.2500, -7.3612), (100.0000, -3.4959, -7.7478), (100.0000, -2.7071, -8.0574), (100.0000, -1.8914, -8.2869), (100.0000, -1.0569, -8.4340), (100.0000, -0.2119, -8.4974), (100.0000, 0.6352, -8.4762), (100.0000, 1.4760, -8.3709), (100.0000, 2.3021, -8.1823), (100.0000, 3.1054, -7.9124), (100.0000, 3.8778, -7.5639), (100.0000, 4.6116, -7.1402), (100.0000, 5.2997, -6.6456), (100.0000, 5.9350, -6.0849), (100.0000, 6.5114, -5.4637), (100.0000, 7.0230, -4.7882), (100.0000, 7.4649, -4.0652), (100.0000, 7.8325, -3.3017), (100.0000, 8.1224, -2.5054), (100.0000, 8.3315, -1.6842), (100.0000, 8.4578, -0.8463), (99.2500, 9.2500, 0.0000), (99.2500, 9.0723, 1.8046), (99.2500, 8.5459, 3.5398), (99.2500, 7.6911, 5.1390), (99.2500, 6.5407, 6.5407), (99.2500, 5.1390, 7.6911), (99.2500, 3.5398, 8.5459), (99.2500, 1.8046, 9.0723), (99.2500, 0.0000, 9.2500), (99.2500, -1.8046, 9.0723), (99.2500, -3.5398, 8.5459), (99.2500, -5.1390, 7.6911), (99.2500, -6.5407, 6.5407), (99.2500, -7.6911, 5.1390), (99.2500, -8.5459, 3.5398), (99.2500, -9.0723, 1.8046), (99.2500, -9.2500, -0.0000), (99.2500, -9.0723, -1.8046), (99.2500, -8.5459, -3.5398), (99.2500, -7.6911, -5.1390), (99.2500, -6.5407, -6.5407), (99.2500, -5.1390, -7.6911), (99.2500, -3.5398, -8.5459), (99.2500, -1.8046, -9.0723), (99.2500, 0.0000, -9.2500), (99.2500, 1.8046, -9.0723), (99.2500, 3.5398, -8.5459), (99.2500, 5.1390, -7.6911), (99.2500, 6.5407, -6.5407), (99.2500, 7.6911, -5.1390), (99.2500, 8.5459, -3.5398), (99.2500, 9.0723, -1.8046), (100.0000, 8.5000, 0.0000), (100.0000, 8.4578, 0.8463), (100.0000, 8.3315, 1.6842), (100.0000, 8.1224, 2.5054), (100.0000, 7.8325, 3.3017), (100.0000, 7.4649, 4.0652), (100.0000, 7.0230, 4.7882), (100.0000, 6.5114, 5.4637), (100.0000, 5.9350, 6.0849), (100.0000, 5.2997, 6.6456), (100.0000, 4.6116, 7.1402), (100.0000, 3.8778, 7.5639), (100.0000, 3.1054, 7.9124), (100.0000, 2.3021, 8.1823), (100.0000, 1.4760, 8.3709), (100.0000, 0.6352, 8.4762), (100.0000, -0.2119, 8.4974), (100.0000, -1.0569, 8.4340), (100.0000, -1.8914, 8.2869), (100.0000, -2.7071, 8.0574), (100.0000, -3.4959, 7.7478), (100.0000, -4.2500, 7.3612), (100.0000, -4.9618, 6.9015), (100.0000, -5.6243, 6.3731), (100.0000, -6.2309, 5.7815), (100.0000, -6.7756, 5.1323), (100.0000, -7.2530, 4.4322), (100.0000, -7.6582, 3.6880), (100.0000, -7.9874, 2.9072), (100.0000, -8.2372, 2.0974), (100.0000, -8.4051, 1.2669), (100.0000, -8.4894, 0.4237), (100.0000, -8.4894, -0.4237), (100.0000, -8.4051, -1.2669), (100.0000, -8.2372, -2.0974), (100.0000, -7.9874, -2.9072), (100.0000, -7.6582, -3.6880), (100.0000, -7.2530, -4.4322), (100.0000, -6.7756, -5.1323), (100.0000, -6.2309, -5.7815), (100.0000, -5.6243, -6.3731), (100.0000, -4.9618, -6.9015), (100.0000, -4.2500, -7.3612), (100.0000, -3.4959, -7.7478), (100.0000, -2.7071, -8.0574), (100.0000, -1.8914, -8.2869), (100.0000, -1.0569, -8.4340), (100.0000, -0.2119, -8.4974), (100.0000, 0.6352, -8.4762), (100.0000, 1.4760, -8.3709), (100.0000, 2.3021, -8.1823), (100.0000, 3.1054, -7.9124), (100.0000, 3.8778, -7.5639), (100.0000, 4.6116, -7.1402), (100.0000, 5.2997, -6.6456), (100.0000, 5.9350, -6.0849), (100.0000, 6.5114, -5.4637), (100.0000, 7.0230, -4.7882), (100.0000, 7.4649, -4.0652), (100.0000, 7.8325, -3.3017), (100.0000, 8.1224, -2.5054), (100.0000, 8.3315, -1.6842), (100.0000, 8.4578, -0.8463), (100.0000, 2.1250, 0.0000), (100.0000, 2.1144, 0.2116), (100.0000, 2.0829, 0.4211), (100.0000, 2.0306, 0.6264), (100.0000, 1.9581, 0.8254), (100.0000, 1.8662, 1.0163), (100.0000, 1.7558, 1.1971), (100.0000, 1.6278, 1.3659), (100.0000, 1.4838, 1.5212), (100.0000, 1.3249, 1.6614), (100.0000, 1.1529, 1.7851), (100.0000, 0.9694, 1.8910), (100.0000, 0.7763, 1.9781), (100.0000, 0.5755, 2.0456), (100.0000, 0.3690, 2.0927), (100.0000, 0.1588, 2.1191), (100.0000, -0.0530, 2.1243), (100.0000, -0.2642, 2.1085), (100.0000, -0.4729, 2.0717), (100.0000, -0.6768, 2.0143), (100.0000, -0.8740, 1.9369), (100.0000, -1.0625, 1.8403), (100.0000, -1.2405, 1.7254), (100.0000, -1.4061, 1.5933), (100.0000, -1.5577, 1.4454), (100.0000, -1.6939, 1.2831), (100.0000, -1.8132, 1.1080), (100.0000, -1.9146, 0.9220), (100.0000, -1.9968, 0.7268), (100.0000, -2.0593, 0.5244), (100.0000, -2.1013, 0.3167), (100.0000, -2.1224, 0.1059), (100.0000, -2.1224, -0.1059), (100.0000, -2.1013, -0.3167), (100.0000, -2.0593, -0.5244), (100.0000, -1.9968, -0.7268), (100.0000, -1.9146, -0.9220), (100.0000, -1.8132, -1.1080), (100.0000, -1.6939, -1.2831), (100.0000, -1.5577, -1.4454), (100.0000, -1.4061, -1.5933), (100.0000, -1.2405, -1.7254), (100.0000, -1.0625, -1.8403), (100.0000, -0.8740, -1.9369), (100.0000, -0.6768, -2.0143), (100.0000, -0.4729, -2.0717), (100.0000, -0.2642, -2.1085), (100.0000, -0.0530, -2.1243), (100.0000, 0.1588, -2.1191), (100.0000, 0.3690, -2.0927), (100.0000, 0.5755, -2.0456), (100.0000, 0.7763, -1.9781), (100.0000, 0.9694, -1.8910), (100.0000, 1.1529, -1.7851), (100.0000, 1.3249, -1.6614), (100.0000, 1.4838, -1.5212), (100.0000, 1.6278, -1.3659), (100.0000, 1.7558, -1.1971), (100.0000, 1.8662, -1.0163), (100.0000, 1.9581, -0.8254), (100.0000, 2.0306, -0.6264), (100.0000, 2.0829, -0.4211), (100.0000, 2.1144, -0.2116), (100.0000, 2.1250, 0.0000), (100.0000, 2.1144, 0.2116), (100.0000, 2.0829, 0.4211), (100.0000, 2.0306, 0.6264), (100.0000, 1.9581, 0.8254), (100.0000, 1.8662, 1.0163), (100.0000, 1.7558, 1.1971), (100.0000, 1.6278, 1.3659), (100.0000, 1.4838, 1.5212), (100.0000, 1.3249, 1.6614), (100.0000, 1.1529, 1.7851), (100.0000, 0.9694, 1.8910), (100.0000, 0.7763, 1.9781), (100.0000, 0.5755, 2.0456), (100.0000, 0.3690, 2.0927), (100.0000, 0.1588, 2.1191), (100.0000, -0.0530, 2.1243), (100.0000, -0.2642, 2.1085), (100.0000, -0.4729, 2.0717), (100.0000, -0.6768, 2.0143), (100.0000, -0.8740, 1.9369), (100.0000, -1.0625, 1.8403), (100.0000, -1.2405, 1.7254), (100.0000, -1.4061, 1.5933), (100.0000, -1.5577, 1.4454), (100.0000, -1.6939, 1.2831), (100.0000, -1.8132, 1.1080), (100.0000, -1.9146, 0.9220), (100.0000, -1.9968, 0.7268), (100.0000, -2.0593, 0.5244), (100.0000, -2.1013, 0.3167), (100.0000, -2.1224, 0.1059), (100.0000, -2.1224, -0.1059), (100.0000, -2.1013, -0.3167), (100.0000, -2.0593, -0.5244), (100.0000, -1.9968, -0.7268), (100.0000, -1.9146, -0.9220), (100.0000, -1.8132, -1.1080), (100.0000, -1.6939, -1.2831), (100.0000, -1.5577, -1.4454), (100.0000, -1.4061, -1.5933), (100.0000, -1.2405, -1.7254), (100.0000, -1.0625, -1.8403), (100.0000, -0.8740, -1.9369), (100.0000, -0.6768, -2.0143), (100.0000, -0.4729, -2.0717), (100.0000, -0.2642, -2.1085), (100.0000, -0.0530, -2.1243), (100.0000, 0.1588, -2.1191), (100.0000, 0.3690, -2.0927), (100.0000, 0.5755, -2.0456), (100.0000, 0.7763, -1.9781), (100.0000, 0.9694, -1.8910), (100.0000, 1.1529, -1.7851), (100.0000, 1.3249, -1.6614), (100.0000, 1.4838, -1.5212), (100.0000, 1.6278, -1.3659), (100.0000, 1.7558, -1.1971), (100.0000, 1.8662, -1.0163), (100.0000, 1.9581, -0.8254), (100.0000, 2.0306, -0.6264), (100.0000, 2.0829, -0.4211), (100.0000, 2.1144, -0.2116), (100.0000, 2.1250, 0.0000), (99.5127, 1.8438, 0.0000), (99.0255, 1.5625, 0.0000), (98.5383, 1.2812, 0.0000), (98.0510, 1.0000, 0.0000), (98.0510, 1.0000, 0.0000), (98.0510, 0.9950, 0.0996), (98.0510, 0.9802, 0.1981), (98.0510, 0.9556, 0.2948), (98.0510, 0.9215, 0.3884), (98.0510, 0.8782, 0.4783), (98.0510, 0.8262, 0.5633), (98.0510, 0.7660, 0.6428), (98.0510, 0.6982, 0.7159), (98.0510, 0.6235, 0.7818), (98.0510, 0.5425, 0.8400), (98.0510, 0.4562, 0.8899), (98.0510, 0.3653, 0.9309), (98.0510, 0.2708, 0.9626), (98.0510, 0.1736, 0.9848), (98.0510, 0.0747, 0.9972), (98.0510, -0.0249, 0.9997), (98.0510, -0.1243, 0.9922), (98.0510, -0.2225, 0.9749), (98.0510, -0.3185, 0.9479), (98.0510, -0.4113, 0.9115), (98.0510, -0.5000, 0.8660), (98.0510, -0.5837, 0.8119), (98.0510, -0.6617, 0.7498), (98.0510, -0.7331, 0.6802), (98.0510, -0.7971, 0.6038), (98.0510, -0.8533, 0.5214), (98.0510, -0.9010, 0.4339), (98.0510, -0.9397, 0.3420), (98.0510, -0.9691, 0.2468), (98.0510, -0.9888, 0.1490), (98.0510, -0.9988, 0.0498), (98.0510, -0.9988, -0.0498), (98.0510, -0.9888, -0.1490), (98.0510, -0.9691, -0.2468), (98.0510, -0.9397, -0.3420), (98.0510, -0.9010, -0.4339), (98.0510, -0.8533, -0.5214), (98.0510, -0.7971, -0.6038), (98.0510, -0.7331, -0.6802), (98.0510, -0.6617, -0.7498), (98.0510, -0.5837, -0.8119), (98.0510, -0.5000, -0.8660), (98.0510, -0.4113, -0.9115), (98.0510, -0.3185, -0.9479), (98.0510, -0.2225, -0.9749), (98.0510, -0.1243, -0.9922), (98.0510, -0.0249, -0.9997), (98.0510, 0.0747, -0.9972), (98.0510, 0.1736, -0.9848), (98.0510, 0.2708, -0.9626), (98.0510, 0.3653, -0.9309), (98.0510, 0.4562, -0.8899), (98.0510, 0.5425, -0.8400), (98.0510, 0.6235, -0.7818), (98.0510, 0.6982, -0.7159), (98.0510, 0.7660, -0.6428), (98.0510, 0.8262, -0.5633), (98.0510, 0.8782, -0.4783), (98.0510, 0.9215, -0.3884), (98.0510, 0.9556, -0.2948), (98.0510, 0.9802, -0.1981), (98.0510, 0.9950, -0.0996), (99.5127, 1.8438, 0.0000), (99.0255, 1.5625, 0.0000), (98.5383, 1.2812, 0.0000), (99.5127, 1.8083, 0.3597), (99.5127, 1.7034, 0.7056), (99.0255, 1.5325, 0.3048), (99.5127, 1.5330, 1.0243), (99.0255, 1.4436, 0.5979), (99.5127, 1.3037, 1.3037), (98.5383, 1.2566, 0.2500), (99.0255, 1.2992, 0.8681), (99.5127, 1.0243, 1.5330), (98.5383, 1.1837, 0.4903), (99.0255, 1.1049, 1.1049), (99.5127, 0.7056, 1.7034), (98.5383, 1.0653, 0.7118), (99.0255, 0.8681, 1.2992), (99.5127, 0.3597, 1.8083), (98.5383, 0.9060, 0.9060), (99.0255, 0.5979, 1.4436), (99.5127, 0.0000, 1.8438), (98.5383, 0.7118, 1.0653), (99.0255, 0.3048, 1.5325), (99.5127, -0.3597, 1.8083), (98.5383, 0.4903, 1.1837), (99.0255, 0.0000, 1.5625), (99.5127, -0.7056, 1.7034), (98.5383, 0.2500, 1.2566), (99.0255, -0.3048, 1.5325), (99.5127, -1.0243, 1.5330), (98.5383, 0.0000, 1.2812), (99.0255, -0.5979, 1.4436), (99.5127, -1.3037, 1.3037), (98.5383, -0.2500, 1.2566), (99.0255, -0.8681, 1.2992), (99.5127, -1.5330, 1.0243), (98.5383, -0.4903, 1.1837), (99.0255, -1.1049, 1.1049), (99.5127, -1.7034, 0.7056), (98.5383, -0.7118, 1.0653), (99.0255, -1.2992, 0.8681), (99.5127, -1.8083, 0.3597), (98.5383, -0.9060, 0.9060), (99.0255, -1.4436, 0.5979), (99.5127, -1.8438, -0.0000), (98.5383, -1.0653, 0.7118), (99.0255, -1.5325, 0.3048), (99.5127, -1.8083, -0.3597), (98.5383, -1.1837, 0.4903), (99.0255, -1.5625, -0.0000), (99.5127, -1.7034, -0.7056), (98.5383, -1.2566, 0.2500), (99.0255, -1.5325, -0.3048), (99.5127, -1.5330, -1.0243), (98.5383, -1.2812, -0.0000), (99.0255, -1.4436, -0.5979), (99.5127, -1.3037, -1.3037), (98.5383, -1.2566, -0.2500), (99.0255, -1.2992, -0.8681), (99.5127, -1.0243, -1.5330), (98.5383, -1.1837, -0.4903), (99.0255, -1.1049, -1.1049), (99.5127, -0.7056, -1.7034), (98.5383, -1.0653, -0.7118), (99.0255, -0.8681, -1.2992), (99.5127, -0.3597, -1.8083), (98.5383, -0.9060, -0.9060), (99.0255, -0.5979, -1.4436), (99.5127, 0.0000, -1.8438), (98.5383, -0.7118, -1.0653), (99.0255, -0.3048, -1.5325), (99.5127, 0.3597, -1.8083), (98.5383, -0.4903, -1.1837), (99.0255, 0.0000, -1.5625), (99.5127, 0.7056, -1.7034), (98.5383, -0.2500, -1.2566), (99.0255, 0.3048, -1.5325), (99.5127, 1.0243, -1.5330), (98.5383, 0.0000, -1.2812), (99.0255, 0.5979, -1.4436), (99.5127, 1.3037, -1.3037), (98.5383, 0.2500, -1.2566), (99.0255, 0.8681, -1.2992), (99.5127, 1.5330, -1.0243), (98.5383, 0.4903, -1.1837), (99.0255, 1.1049, -1.1049), (99.5127, 1.7034, -0.7056), (98.5383, 0.7118, -1.0653), (99.0255, 1.2992, -0.8681), (99.5127, 1.8083, -0.3597), (98.5383, 0.9060, -0.9060), (99.0255, 1.4436, -0.5979), (98.5383, 1.0653, -0.7118), (99.0255, 1.5325, -0.3048), (98.5383, 1.1837, -0.4903), (98.5383, 1.2566, -0.2500), (98.0510, 1.0000, 0.0000), (98.0510, 0.9950, 0.0996), (98.0510, 0.9802, 0.1981), (98.0510, 0.9556, 0.2948), (98.0510, 0.9215, 0.3884), (98.0510, 0.8782, 0.4783), (98.0510, 0.8262, 0.5633), (98.0510, 0.7660, 0.6428), (98.0510, 0.6982, 0.7159), (98.0510, 0.6235, 0.7818), (98.0510, 0.5425, 0.8400), (98.0510, 0.4562, 0.8899), (98.0510, 0.3653, 0.9309), (98.0510, 0.2708, 0.9626), (98.0510, 0.1736, 0.9848), (98.0510, 0.0747, 0.9972), (98.0510, -0.0249, 0.9997), (98.0510, -0.1243, 0.9922), (98.0510, -0.2225, 0.9749), (98.0510, -0.3185, 0.9479), (98.0510, -0.4113, 0.9115), (98.0510, -0.5000, 0.8660), (98.0510, -0.5837, 0.8119), (98.0510, -0.6617, 0.7498), (98.0510, -0.7331, 0.6802), (98.0510, -0.7971, 0.6038), (98.0510, -0.8533, 0.5214), (98.0510, -0.9010, 0.4339), (98.0510, -0.9397, 0.3420), (98.0510, -0.9691, 0.2468), (98.0510, -0.9888, 0.1490), (98.0510, -0.9988, 0.0498), (98.0510, -0.9988, -0.0498), (98.0510, -0.9888, -0.1490), (98.0510, -0.9691, -0.2468), (98.0510, -0.9397, -0.3420), (98.0510, -0.9010, -0.4339), (98.0510, -0.8533, -0.5214), (98.0510, -0.7971, -0.6038), (98.0510, -0.7331, -0.6802), (98.0510, -0.6617, -0.7498), (98.0510, -0.5837, -0.8119), (98.0510, -0.5000, -0.8660), (98.0510, -0.4113, -0.9115), (98.0510, -0.3185, -0.9479), (98.0510, -0.2225, -0.9749), (98.0510, -0.1243, -0.9922), (98.0510, -0.0249, -0.9997), (98.0510, 0.0747, -0.9972), (98.0510, 0.1736, -0.9848), (98.0510, 0.2708, -0.9626), (98.0510, 0.3653, -0.9309), (98.0510, 0.4562, -0.8899), (98.0510, 0.5425, -0.8400), (98.0510, 0.6235, -0.7818), (98.0510, 0.6982, -0.7159), (98.0510, 0.7660, -0.6428), (98.0510, 0.8262, -0.5633), (98.0510, 0.8782, -0.4783), (98.0510, 0.9215, -0.3884), (98.0510, 0.9556, -0.2948), (98.0510, 0.9802, -0.1981), (98.0510, 0.9950, -0.0996), (98.0510, 1.0000, 0.0000), (94.0510, 1.0000, 0.0000), (94.0510, 1.0000, 0.0000), (94.0510, 0.9950, 0.0996), (94.0510, 0.9802, 0.1981), (94.0510, 0.9556, 0.2948), (94.0510, 0.9215, 0.3884), (94.0510, 0.8782, 0.4783), (94.0510, 0.8262, 0.5633), (94.0510, 0.7660, 0.6428), (94.0510, 0.6982, 0.7159), (94.0510, 0.6235, 0.7818), (94.0510, 0.5425, 0.8400), (94.0510, 0.4562, 0.8899), (94.0510, 0.3653, 0.9309), (94.0510, 0.2708, 0.9626), (94.0510, 0.1736, 0.9848), (94.0510, 0.0747, 0.9972), (94.0510, -0.0249, 0.9997), (94.0510, -0.1243, 0.9922), (94.0510, -0.2225, 0.9749), (94.0510, -0.3185, 0.9479), (94.0510, -0.4113, 0.9115), (94.0510, -0.5000, 0.8660), (94.0510, -0.5837, 0.8119), (94.0510, -0.6617, 0.7498), (94.0510, -0.7331, 0.6802), (94.0510, -0.7971, 0.6038), (94.0510, -0.8533, 0.5214), (94.0510, -0.9010, 0.4339), (94.0510, -0.9397, 0.3420), (94.0510, -0.9691, 0.2468), (94.0510, -0.9888, 0.1490), (94.0510, -0.9988, 0.0498), (94.0510, -0.9988, -0.0498), (94.0510, -0.9888, -0.1490), (94.0510, -0.9691, -0.2468), (94.0510, -0.9397, -0.3420), (94.0510, -0.9010, -0.4339), (94.0510, -0.8533, -0.5214), (94.0510, -0.7971, -0.6038), (94.0510, -0.7331, -0.6802), (94.0510, -0.6617, -0.7498), (94.0510, -0.5837, -0.8119), (94.0510, -0.5000, -0.8660), (94.0510, -0.4113, -0.9115), (94.0510, -0.3185, -0.9479), (94.0510, -0.2225, -0.9749), (94.0510, -0.1243, -0.9922), (94.0510, -0.0249, -0.9997), (94.0510, 0.0747, -0.9972), (94.0510, 0.1736, -0.9848), (94.0510, 0.2708, -0.9626), (94.0510, 0.3653, -0.9309), (94.0510, 0.4562, -0.8899), (94.0510, 0.5425, -0.8400), (94.0510, 0.6235, -0.7818), (94.0510, 0.6982, -0.7159), (94.0510, 0.7660, -0.6428), (94.0510, 0.8262, -0.5633), (94.0510, 0.8782, -0.4783), (94.0510, 0.9215, -0.3884), (94.0510, 0.9556, -0.2948), (94.0510, 0.9802, -0.1981), (94.0510, 0.9950, -0.0996), (94.0510, 1.0000, 0.0000), (94.0510, 0.9950, 0.0996), (94.0510, 0.9802, 0.1981), (94.0510, 0.9556, 0.2948), (94.0510, 0.9215, 0.3884), (94.0510, 0.8782, 0.4783), (94.0510, 0.8262, 0.5633), (94.0510, 0.7660, 0.6428), (94.0510, 0.6982, 0.7159), (94.0510, 0.6235, 0.7818), (94.0510, 0.5425, 0.8400), (94.0510, 0.4562, 0.8899), (94.0510, 0.3653, 0.9309), (94.0510, 0.2708, 0.9626), (94.0510, 0.1736, 0.9848), (94.0510, 0.0747, 0.9972), (94.0510, -0.0249, 0.9997), (94.0510, -0.1243, 0.9922), (94.0510, -0.2225, 0.9749), (94.0510, -0.3185, 0.9479), (94.0510, -0.4113, 0.9115), (94.0510, -0.5000, 0.8660), (94.0510, -0.5837, 0.8119), (94.0510, -0.6617, 0.7498), (94.0510, -0.7331, 0.6802), (94.0510, -0.7971, 0.6038), (94.0510, -0.8533, 0.5214), (94.0510, -0.9010, 0.4339), (94.0510, -0.9397, 0.3420), (94.0510, -0.9691, 0.2468), (94.0510, -0.9888, 0.1490), (94.0510, -0.9988, 0.0498), (94.0510, -0.9988, -0.0498), (94.0510, -0.9888, -0.1490), (94.0510, -0.9691, -0.2468), (94.0510, -0.9397, -0.3420), (94.0510, -0.9010, -0.4339), (94.0510, -0.8533, -0.5214), (94.0510, -0.7971, -0.6038), (94.0510, -0.7331, -0.6802), (94.0510, -0.6617, -0.7498), (94.0510, -0.5837, -0.8119), (94.0510, -0.5000, -0.8660), (94.0510, -0.4113, -0.9115), (94.0510, -0.3185, -0.9479), (94.0510, -0.2225, -0.9749), (94.0510, -0.1243, -0.9922), (94.0510, -0.0249, -0.9997), (94.0510, 0.0747, -0.9972), (94.0510, 0.1736, -0.9848), (94.0510, 0.2708, -0.9626), (94.0510, 0.3653, -0.9309), (94.0510, 0.4562, -0.8899), (94.0510, 0.5425, -0.8400), (94.0510, 0.6235, -0.7818), (94.0510, 0.6982, -0.7159), (94.0510, 0.7660, -0.6428), (94.0510, 0.8262, -0.5633), (94.0510, 0.8782, -0.4783), (94.0510, 0.9215, -0.3884), (94.0510, 0.9556, -0.2948), (94.0510, 0.9802, -0.1981), (94.0510, 0.9950, -0.0996), (94.0510, 1.0000, 0.0000), (93.9008, 0.7500, 0.0000), (93.7506, 0.5000, 0.0000), (93.6004, 0.2500, 0.0000), (93.4501, 0.0000, 0.0000), (93.4501, 0.0000, 0.0000), (93.9008, 0.7500, 0.0000), (93.7506, 0.5000, 0.0000), (93.6004, 0.2500, 0.0000), (93.9008, 0.7356, 0.1463), (93.9008, 0.6929, 0.2870), (93.9008, 0.6236, 0.4167), (93.7506, 0.4904, 0.0975), (93.9008, 0.5303, 0.5303), (93.7506, 0.4619, 0.1913), (93.9008, 0.4167, 0.6236), (93.7506, 0.4157, 0.2778), (93.9008, 0.2870, 0.6929), (93.6004, 0.2452, 0.0488), (93.7506, 0.3536, 0.3536), (93.9008, 0.1463, 0.7356), (93.6004, 0.2310, 0.0957), (93.7506, 0.2778, 0.4157), (93.9008, 0.0000, 0.7500), (93.6004, 0.2079, 0.1389), (93.7506, 0.1913, 0.4619), (93.9008, -0.1463, 0.7356), (93.6004, 0.1768, 0.1768), (93.7506, 0.0975, 0.4904), (93.9008, -0.2870, 0.6929), (93.6004, 0.1389, 0.2079), (93.7506, 0.0000, 0.5000), (93.9008, -0.4167, 0.6236), (93.6004, 0.0957, 0.2310), (93.7506, -0.0975, 0.4904), (93.9008, -0.5303, 0.5303), (93.6004, 0.0488, 0.2452), (93.7506, -0.1913, 0.4619), (93.9008, -0.6236, 0.4167), (93.6004, 0.0000, 0.2500), (93.7506, -0.2778, 0.4157), (93.9008, -0.6929, 0.2870), (93.6004, -0.0488, 0.2452), (93.7506, -0.3536, 0.3536), (93.9008, -0.7356, 0.1463), (93.6004, -0.0957, 0.2310), (93.7506, -0.4157, 0.2778), (93.9008, -0.7500, -0.0000), (93.6004, -0.1389, 0.2079), (93.7506, -0.4619, 0.1913), (93.9008, -0.7356, -0.1463), (93.6004, -0.1768, 0.1768), (93.7506, -0.4904, 0.0975), (93.9008, -0.6929, -0.2870), (93.6004, -0.2079, 0.1389), (93.7506, -0.5000, -0.0000), (93.9008, -0.6236, -0.4167), (93.6004, -0.2310, 0.0957), (93.7506, -0.4904, -0.0975), (93.9008, -0.5303, -0.5303), (93.6004, -0.2452, 0.0488), (93.7506, -0.4619, -0.1913), (93.9008, -0.4167, -0.6236), (93.6004, -0.2500, -0.0000), (93.7506, -0.4157, -0.2778), (93.9008, -0.2870, -0.6929), (93.6004, -0.2452, -0.0488), (93.7506, -0.3536, -0.3536), (93.9008, -0.1463, -0.7356), (93.6004, -0.2310, -0.0957), (93.7506, -0.2778, -0.4157), (93.9008, 0.0000, -0.7500), (93.6004, -0.2079, -0.1389), (93.7506, -0.1913, -0.4619), (93.9008, 0.1463, -0.7356), (93.6004, -0.1768, -0.1768), (93.7506, -0.0975, -0.4904), (93.9008, 0.2870, -0.6929), (93.6004, -0.1389, -0.2079), (93.7506, 0.0000, -0.5000), (93.9008, 0.4167, -0.6236), (93.6004, -0.0957, -0.2310), (93.7506, 0.0975, -0.4904), (93.9008, 0.5303, -0.5303), (93.6004, -0.0488, -0.2452), (93.7506, 0.1913, -0.4619), (93.9008, 0.6236, -0.4167), (93.6004, 0.0000, -0.2500), (93.7506, 0.2778, -0.4157), (93.9008, 0.6929, -0.2870), (93.6004, 0.0488, -0.2452), (93.7506, 0.3536, -0.3536), (93.9008, 0.7356, -0.1463), (93.6004, 0.0957, -0.2310), (93.7506, 0.4157, -0.2778), (93.6004, 0.1389, -0.2079), (93.7506, 0.4619, -0.1913), (93.6004, 0.1768, -0.1768), (93.7506, 0.4904, -0.0975), (93.6004, 0.2079, -0.1389), (93.6004, 0.2310, -0.0957), (93.6004, 0.2452, -0.0488)]
        uniform token subdivisionScheme = "none"
        color3f[] primvars:displayColor = [(0.72, 0.74, 0.77)]
    }
}
