ISO-10303-21;
HEADER;
FILE_DESCRIPTION(('Open CASCADE Model'),'2;1');
FILE_NAME('Open CASCADE Shape Model','2026-08-16T00:40:27',('Author'),(
    'Open CASCADE'),'Open CASCADE STEP processor 7.9','Open CASCADE 7.9'
  ,'Unknown');
FILE_SCHEMA(('AUTOMOTIVE_DESIGN { 1 0 10303 214 1 1 1 1 }'));
ENDSEC;
DATA;
#1 = APPLICATION_PROTOCOL_DEFINITION('international standard',
  'automotive_design',2000,#2);
#2 = APPLICATION_CONTEXT(
  'core data for automotive mechanical design processes');
#3 = SHAPE_DEFINITION_REPRESENTATION(#4,#10);
#4 = PRODUCT_DEFINITION_SHAPE('','',#5);
#5 = PRODUCT_DEFINITION('design','',#6,#9);
#6 = PRODUCT_DEFINITION_FORMATION('','',#7);
#7 = PRODUCT('Open CASCADE STEP translator 7.9 10',
  'Open CASCADE STEP translator 7.9 10','',(#8));
#8 = PRODUCT_CONTEXT('',#2,'mechanical');
#9 = PRODUCT_DEFINITION_CONTEXT('part definition',#2,'design');
#10 = ADVANCED_BREP_SHAPE_REPRESENTATION('',(#11,#15),#2401);
#11 = AXIS2_PLACEMENT_3D('',#12,#13,#14);
#12 = CARTESIAN_POINT('',(0.,0.,0.));
#13 = DIRECTION('',(0.,0.,1.));
#14 = DIRECTION('',(1.,0.,-0.));
#15 = MANIFOLD_SOLID_BREP('',#16);
#16 = CLOSED_SHELL('',(#17,#105,#140,#195,#250,#305,#360,#415,#443,#498,
    #553,#608,#663,#718,#773,#828,#883,#918,#973,#1028,#1063,#1118,#1153
    ,#1675,#1730,#1807,#1856,#1905,#1933,#1983,#2018,#2028,#2083,#2118,
    #2173,#2228,#2263,#2318,#2373));
#17 = ADVANCED_FACE('',(#18),#31,.T.);
#18 = FACE_BOUND('',#19,.T.);
#19 = EDGE_LOOP('',(#20,#54,#77,#104));
#20 = ORIENTED_EDGE('',*,*,#21,.T.);
#21 = EDGE_CURVE('',#22,#22,#24,.T.);
#22 = VERTEX_POINT('',#23);
#23 = CARTESIAN_POINT('',(0.,9.,0.));
#24 = SURFACE_CURVE('',#25,(#30,#42),.PCURVE_S1.);
#25 = CIRCLE('',#26,9.);
#26 = AXIS2_PLACEMENT_3D('',#27,#28,#29);
#27 = CARTESIAN_POINT('',(0.,0.,0.));
#28 = DIRECTION('',(1.,0.,0.));
#29 = DIRECTION('',(-0.,1.,0.));
#30 = PCURVE('',#31,#36);
#31 = CONICAL_SURFACE('',#32,9.,0.785398163397);
#32 = AXIS2_PLACEMENT_3D('',#33,#34,#35);
#33 = CARTESIAN_POINT('',(0.,0.,0.));
#34 = DIRECTION('',(1.,0.,0.));
#35 = DIRECTION('',(-0.,1.,0.));
#36 = DEFINITIONAL_REPRESENTATION('',(#37),#41);
#37 = LINE('',#38,#39);
#38 = CARTESIAN_POINT('',(0.,0.));
#39 = VECTOR('',#40,1.);
#40 = DIRECTION('',(1.,0.));
#41 = ( GEOMETRIC_REPRESENTATION_CONTEXT(2) 
PARAMETRIC_REPRESENTATION_CONTEXT() REPRESENTATION_CONTEXT('2D SPACE',''
  ) );
#42 = PCURVE('',#43,#48);
#43 = PLANE('',#44);
#44 = AXIS2_PLACEMENT_3D('',#45,#46,#47);
#45 = CARTESIAN_POINT('',(0.,0.,0.));
#46 = DIRECTION('',(1.,0.,0.));
#47 = DIRECTION('',(-0.,1.,0.));
#48 = DEFINITIONAL_REPRESENTATION('',(#49),#53);
#49 = CIRCLE('',#50,9.);
#50 = AXIS2_PLACEMENT_2D('',#51,#52);
#51 = CARTESIAN_POINT('',(0.,0.));
#52 = DIRECTION('',(1.,-0.));
#53 = ( GEOMETRIC_REPRESENTATION_CONTEXT(2) 
PARAMETRIC_REPRESENTATION_CONTEXT() REPRESENTATION_CONTEXT('2D SPACE',''
  ) );
#54 = ORIENTED_EDGE('',*,*,#55,.T.);
#55 = EDGE_CURVE('',#22,#56,#58,.T.);
#56 = VERTEX_POINT('',#57);
#57 = CARTESIAN_POINT('',(1.,10.,0.));
#58 = SEAM_CURVE('',#59,(#63,#70),.PCURVE_S1.);
#59 = LINE('',#60,#61);
#60 = CARTESIAN_POINT('',(0.,9.,0.));
#61 = VECTOR('',#62,1.);
#62 = DIRECTION('',(0.707106781187,0.707106781187,0.));
#63 = PCURVE('',#31,#64);
#64 = DEFINITIONAL_REPRESENTATION('',(#65),#69);
#65 = LINE('',#66,#67);
#66 = CARTESIAN_POINT('',(0.,0.));
#67 = VECTOR('',#68,1.);
#68 = DIRECTION('',(0.,1.));
#69 = ( GEOMETRIC_REPRESENTATION_CONTEXT(2) 
PARAMETRIC_REPRESENTATION_CONTEXT() REPRESENTATION_CONTEXT('2D SPACE',''
  ) );
#70 = PCURVE('',#31,#71);
#71 = DEFINITIONAL_REPRESENTATION('',(#72),#76);
#72 = LINE('',#73,#74);
#73 = CARTESIAN_POINT('',(6.28318530718,0.));
#74 = VECTOR('',#75,1.);
#75 = DIRECTION('',(0.,1.));
#76 = ( GEOMETRIC_REPRESENTATION_CONTEXT(2) 
PARAMETRIC_REPRESENTATION_CONTEXT() REPRESENTATION_CONTEXT('2D SPACE',''
  ) );
#77 = ORIENTED_EDGE('',*,*,#78,.F.);
#78 = EDGE_CURVE('',#56,#56,#79,.T.);
#79 = SURFACE_CURVE('',#80,(#85,#92),.PCURVE_S1.);
#80 = CIRCLE('',#81,10.);
#81 = AXIS2_PLACEMENT_3D('',#82,#83,#84);
#82 = CARTESIAN_POINT('',(1.,0.,0.));
#83 = DIRECTION('',(1.,0.,0.));
#84 = DIRECTION('',(-0.,1.,0.));
#85 = PCURVE('',#31,#86);
#86 = DEFINITIONAL_REPRESENTATION('',(#87),#91);
#87 = LINE('',#88,#89);
#88 = CARTESIAN_POINT('',(0.,1.));
#89 = VECTOR('',#90,1.);
#90 = DIRECTION('',(1.,0.));
#91 = ( GEOMETRIC_REPRESENTATION_CONTEXT(2) 
PARAMETRIC_REPRESENTATION_CONTEXT() REPRESENTATION_CONTEXT('2D SPACE',''
  ) );
#92 = PCURVE('',#93,#98);
#93 = CYLINDRICAL_SURFACE('',#94,10.);
#94 = AXIS2_PLACEMENT_3D('',#95,#96,#97);
#95 = CARTESIAN_POINT('',(1.,0.,0.));
#96 = DIRECTION('',(1.,0.,0.));
#97 = DIRECTION('',(-0.,1.,0.));
#98 = DEFINITIONAL_REPRESENTATION('',(#99),#103);
#99 = LINE('',#100,#101);
#100 = CARTESIAN_POINT('',(0.,0.));
#101 = VECTOR('',#102,1.);
#102 = DIRECTION('',(1.,0.));
#103 = ( GEOMETRIC_REPRESENTATION_CONTEXT(2) 
PARAMETRIC_REPRESENTATION_CONTEXT() REPRESENTATION_CONTEXT('2D SPACE',''
  ) );
#104 = ORIENTED_EDGE('',*,*,#55,.F.);
#105 = ADVANCED_FACE('',(#106,#137),#43,.F.);
#106 = FACE_BOUND('',#107,.T.);
#107 = EDGE_LOOP('',(#108));
#108 = ORIENTED_EDGE('',*,*,#109,.T.);
#109 = EDGE_CURVE('',#110,#110,#112,.T.);
#110 = VERTEX_POINT('',#111);
#111 = CARTESIAN_POINT('',(0.,2.65,0.));
#112 = SURFACE_CURVE('',#113,(#118,#125),.PCURVE_S1.);
#113 = CIRCLE('',#114,2.65);
#114 = AXIS2_PLACEMENT_3D('',#115,#116,#117);
#115 = CARTESIAN_POINT('',(0.,0.,0.));
#116 = DIRECTION('',(1.,0.,0.));
#117 = DIRECTION('',(-0.,1.,0.));
#118 = PCURVE('',#43,#119);
#119 = DEFINITIONAL_REPRESENTATION('',(#120),#124);
#120 = CIRCLE('',#121,2.65);
#121 = AXIS2_PLACEMENT_2D('',#122,#123);
#122 = CARTESIAN_POINT('',(0.,0.));
#123 = DIRECTION('',(1.,-0.));
#124 = ( GEOMETRIC_REPRESENTATION_CONTEXT(2) 
PARAMETRIC_REPRESENTATION_CONTEXT() REPRESENTATION_CONTEXT('2D SPACE',''
  ) );
#125 = PCURVE('',#126,#131);
#126 = CONICAL_SURFACE('',#127,1.25,0.523575764122);
#127 = AXIS2_PLACEMENT_3D('',#128,#129,#130);
#128 = CARTESIAN_POINT('',(2.425,0.,0.));
#129 = DIRECTION('',(-1.,-0.,-0.));
#130 = DIRECTION('',(0.,1.,0.));
#131 = DEFINITIONAL_REPRESENTATION('',(#132),#136);
#132 = LINE('',#133,#134);
#133 = CARTESIAN_POINT('',(-0.,2.425));
#134 = VECTOR('',#135,1.);
#135 = DIRECTION('',(-1.,0.));
#136 = ( GEOMETRIC_REPRESENTATION_CONTEXT(2) 
PARAMETRIC_REPRESENTATION_CONTEXT() REPRESENTATION_CONTEXT('2D SPACE',''
  ) );
#137 = FACE_BOUND('',#138,.T.);
#138 = EDGE_LOOP('',(#139));
#139 = ORIENTED_EDGE('',*,*,#21,.F.);
#140 = ADVANCED_FACE('',(#141),#93,.T.);
#141 = FACE_BOUND('',#142,.T.);
#142 = EDGE_LOOP('',(#143,#144,#167,#194));
#143 = ORIENTED_EDGE('',*,*,#78,.T.);
#144 = ORIENTED_EDGE('',*,*,#145,.T.);
#145 = EDGE_CURVE('',#56,#146,#148,.T.);
#146 = VERTEX_POINT('',#147);
#147 = CARTESIAN_POINT('',(28.5,10.,0.));
#148 = SEAM_CURVE('',#149,(#153,#160),.PCURVE_S1.);
#149 = LINE('',#150,#151);
#150 = CARTESIAN_POINT('',(1.,10.,0.));
#151 = VECTOR('',#152,1.);
#152 = DIRECTION('',(1.,0.,0.));
#153 = PCURVE('',#93,#154);
#154 = DEFINITIONAL_REPRESENTATION('',(#155),#159);
#155 = LINE('',#156,#157);
#156 = CARTESIAN_POINT('',(0.,0.));
#157 = VECTOR('',#158,1.);
#158 = DIRECTION('',(0.,1.));
#159 = ( GEOMETRIC_REPRESENTATION_CONTEXT(2) 
PARAMETRIC_REPRESENTATION_CONTEXT() REPRESENTATION_CONTEXT('2D SPACE',''
  ) );
#160 = PCURVE('',#93,#161);
#161 = DEFINITIONAL_REPRESENTATION('',(#162),#166);
#162 = LINE('',#163,#164);
#163 = CARTESIAN_POINT('',(6.28318530718,0.));
#164 = VECTOR('',#165,1.);
#165 = DIRECTION('',(0.,1.));
#166 = ( GEOMETRIC_REPRESENTATION_CONTEXT(2) 
PARAMETRIC_REPRESENTATION_CONTEXT() REPRESENTATION_CONTEXT('2D SPACE',''
  ) );
#167 = ORIENTED_EDGE('',*,*,#168,.F.);
#168 = EDGE_CURVE('',#146,#146,#169,.T.);
#169 = SURFACE_CURVE('',#170,(#175,#182),.PCURVE_S1.);
#170 = CIRCLE('',#171,10.);
#171 = AXIS2_PLACEMENT_3D('',#172,#173,#174);
#172 = CARTESIAN_POINT('',(28.5,0.,0.));
#173 = DIRECTION('',(1.,0.,0.));
#174 = DIRECTION('',(-0.,1.,0.));
#175 = PCURVE('',#93,#176);
#176 = DEFINITIONAL_REPRESENTATION('',(#177),#181);
#177 = LINE('',#178,#179);
#178 = CARTESIAN_POINT('',(0.,27.5));
#179 = VECTOR('',#180,1.);
#180 = DIRECTION('',(1.,0.));
#181 = ( GEOMETRIC_REPRESENTATION_CONTEXT(2) 
PARAMETRIC_REPRESENTATION_CONTEXT() REPRESENTATION_CONTEXT('2D SPACE',''
  ) );
#182 = PCURVE('',#183,#188);
#183 = CONICAL_SURFACE('',#184,10.,7.853981633974E-02);
#184 = AXIS2_PLACEMENT_3D('',#185,#186,#187);
#185 = CARTESIAN_POINT('',(28.5,0.,0.));
#186 = DIRECTION('',(1.,0.,0.));
#187 = DIRECTION('',(-0.,1.,0.));
#188 = DEFINITIONAL_REPRESENTATION('',(#189),#193);
#189 = LINE('',#190,#191);
#190 = CARTESIAN_POINT('',(0.,0.));
#191 = VECTOR('',#192,1.);
#192 = DIRECTION('',(1.,0.));
#193 = ( GEOMETRIC_REPRESENTATION_CONTEXT(2) 
PARAMETRIC_REPRESENTATION_CONTEXT() REPRESENTATION_CONTEXT('2D SPACE',''
  ) );
#194 = ORIENTED_EDGE('',*,*,#145,.F.);
#195 = ADVANCED_FACE('',(#196),#126,.F.);
#196 = FACE_BOUND('',#197,.T.);
#197 = EDGE_LOOP('',(#198,#227,#248,#249));
#198 = ORIENTED_EDGE('',*,*,#199,.T.);
#199 = EDGE_CURVE('',#200,#200,#202,.T.);
#200 = VERTEX_POINT('',#201);
#201 = CARTESIAN_POINT('',(2.425,1.25,0.));
#202 = SURFACE_CURVE('',#203,(#208,#215),.PCURVE_S1.);
#203 = CIRCLE('',#204,1.25);
#204 = AXIS2_PLACEMENT_3D('',#205,#206,#207);
#205 = CARTESIAN_POINT('',(2.425,0.,0.));
#206 = DIRECTION('',(1.,0.,0.));
#207 = DIRECTION('',(-0.,1.,0.));
#208 = PCURVE('',#126,#209);
#209 = DEFINITIONAL_REPRESENTATION('',(#210),#214);
#210 = LINE('',#211,#212);
#211 = CARTESIAN_POINT('',(-0.,0.));
#212 = VECTOR('',#213,1.);
#213 = DIRECTION('',(-1.,0.));
#214 = ( GEOMETRIC_REPRESENTATION_CONTEXT(2) 
PARAMETRIC_REPRESENTATION_CONTEXT() REPRESENTATION_CONTEXT('2D SPACE',''
  ) );
#215 = PCURVE('',#216,#221);
#216 = CYLINDRICAL_SURFACE('',#217,1.25);
#217 = AXIS2_PLACEMENT_3D('',#218,#219,#220);
#218 = CARTESIAN_POINT('',(7.425,0.,0.));
#219 = DIRECTION('',(-1.,-0.,-0.));
#220 = DIRECTION('',(0.,1.,0.));
#221 = DEFINITIONAL_REPRESENTATION('',(#222),#226);
#222 = LINE('',#223,#224);
#223 = CARTESIAN_POINT('',(-0.,5.));
#224 = VECTOR('',#225,1.);
#225 = DIRECTION('',(-1.,0.));
#226 = ( GEOMETRIC_REPRESENTATION_CONTEXT(2) 
PARAMETRIC_REPRESENTATION_CONTEXT() REPRESENTATION_CONTEXT('2D SPACE',''
  ) );
#227 = ORIENTED_EDGE('',*,*,#228,.T.);
#228 = EDGE_CURVE('',#200,#110,#229,.T.);
#229 = SEAM_CURVE('',#230,(#234,#241),.PCURVE_S1.);
#230 = LINE('',#231,#232);
#231 = CARTESIAN_POINT('',(2.425,1.25,0.));
#232 = VECTOR('',#233,1.);
#233 = DIRECTION('',(-0.866036909293,0.499980071345,0.));
#234 = PCURVE('',#126,#235);
#235 = DEFINITIONAL_REPRESENTATION('',(#236),#240);
#236 = LINE('',#237,#238);
#237 = CARTESIAN_POINT('',(-0.,0.));
#238 = VECTOR('',#239,1.);
#239 = DIRECTION('',(-0.,1.));
#240 = ( GEOMETRIC_REPRESENTATION_CONTEXT(2) 
PARAMETRIC_REPRESENTATION_CONTEXT() REPRESENTATION_CONTEXT('2D SPACE',''
  ) );
#241 = PCURVE('',#126,#242);
#242 = DEFINITIONAL_REPRESENTATION('',(#243),#247);
#243 = LINE('',#244,#245);
#244 = CARTESIAN_POINT('',(-6.28318530718,0.));
#245 = VECTOR('',#246,1.);
#246 = DIRECTION('',(-0.,1.));
#247 = ( GEOMETRIC_REPRESENTATION_CONTEXT(2) 
PARAMETRIC_REPRESENTATION_CONTEXT() REPRESENTATION_CONTEXT('2D SPACE',''
  ) );
#248 = ORIENTED_EDGE('',*,*,#109,.F.);
#249 = ORIENTED_EDGE('',*,*,#228,.F.);
#250 = ADVANCED_FACE('',(#251),#183,.T.);
#251 = FACE_BOUND('',#252,.T.);
#252 = EDGE_LOOP('',(#253,#254,#277,#304));
#253 = ORIENTED_EDGE('',*,*,#168,.T.);
#254 = ORIENTED_EDGE('',*,*,#255,.T.);
#255 = EDGE_CURVE('',#146,#256,#258,.T.);
#256 = VERTEX_POINT('',#257);
#257 = CARTESIAN_POINT('',(28.73465169756,10.018467489107,0.));
#258 = SEAM_CURVE('',#259,(#263,#270),.PCURVE_S1.);
#259 = LINE('',#260,#261);
#260 = CARTESIAN_POINT('',(28.5,10.,0.));
#261 = VECTOR('',#262,1.);
#262 = DIRECTION('',(0.996917333733,7.845909572784E-02,0.));
#263 = PCURVE('',#183,#264);
#264 = DEFINITIONAL_REPRESENTATION('',(#265),#269);
#265 = LINE('',#266,#267);
#266 = CARTESIAN_POINT('',(0.,0.));
#267 = VECTOR('',#268,1.);
#268 = DIRECTION('',(0.,1.));
#269 = ( GEOMETRIC_REPRESENTATION_CONTEXT(2) 
PARAMETRIC_REPRESENTATION_CONTEXT() REPRESENTATION_CONTEXT('2D SPACE',''
  ) );
#270 = PCURVE('',#183,#271);
#271 = DEFINITIONAL_REPRESENTATION('',(#272),#276);
#272 = LINE('',#273,#274);
#273 = CARTESIAN_POINT('',(6.28318530718,0.));
#274 = VECTOR('',#275,1.);
#275 = DIRECTION('',(0.,1.));
#276 = ( GEOMETRIC_REPRESENTATION_CONTEXT(2) 
PARAMETRIC_REPRESENTATION_CONTEXT() REPRESENTATION_CONTEXT('2D SPACE',''
  ) );
#277 = ORIENTED_EDGE('',*,*,#278,.F.);
#278 = EDGE_CURVE('',#256,#256,#279,.T.);
#279 = SURFACE_CURVE('',#280,(#285,#292),.PCURVE_S1.);
#280 = CIRCLE('',#281,10.018467489107);
#281 = AXIS2_PLACEMENT_3D('',#282,#283,#284);
#282 = CARTESIAN_POINT('',(28.73465169756,0.,0.));
#283 = DIRECTION('',(1.,0.,0.));
#284 = DIRECTION('',(-0.,1.,0.));
#285 = PCURVE('',#183,#286);
#286 = DEFINITIONAL_REPRESENTATION('',(#287),#291);
#287 = LINE('',#288,#289);
#288 = CARTESIAN_POINT('',(0.,0.23465169756));
#289 = VECTOR('',#290,1.);
#290 = DIRECTION('',(1.,0.));
#291 = ( GEOMETRIC_REPRESENTATION_CONTEXT(2) 
PARAMETRIC_REPRESENTATION_CONTEXT() REPRESENTATION_CONTEXT('2D SPACE',''
  ) );
#292 = PCURVE('',#293,#298);
#293 = CONICAL_SURFACE('',#294,10.018467489107,0.235619449019);
#294 = AXIS2_PLACEMENT_3D('',#295,#296,#297);
#295 = CARTESIAN_POINT('',(28.73465169756,0.,0.));
#296 = DIRECTION('',(1.,0.,0.));
#297 = DIRECTION('',(-0.,1.,0.));
#298 = DEFINITIONAL_REPRESENTATION('',(#299),#303);
#299 = LINE('',#300,#301);
#300 = CARTESIAN_POINT('',(0.,0.));
#301 = VECTOR('',#302,1.);
#302 = DIRECTION('',(1.,0.));
#303 = ( GEOMETRIC_REPRESENTATION_CONTEXT(2) 
PARAMETRIC_REPRESENTATION_CONTEXT() REPRESENTATION_CONTEXT('2D SPACE',''
  ) );
#304 = ORIENTED_EDGE('',*,*,#255,.F.);
#305 = ADVANCED_FACE('',(#306),#216,.F.);
#306 = FACE_BOUND('',#307,.T.);
#307 = EDGE_LOOP('',(#308,#337,#358,#359));
#308 = ORIENTED_EDGE('',*,*,#309,.T.);
#309 = EDGE_CURVE('',#310,#310,#312,.T.);
#310 = VERTEX_POINT('',#311);
#311 = CARTESIAN_POINT('',(7.425,1.25,0.));
#312 = SURFACE_CURVE('',#313,(#318,#325),.PCURVE_S1.);
#313 = CIRCLE('',#314,1.25);
#314 = AXIS2_PLACEMENT_3D('',#315,#316,#317);
#315 = CARTESIAN_POINT('',(7.425,0.,0.));
#316 = DIRECTION('',(1.,0.,0.));
#317 = DIRECTION('',(-0.,1.,0.));
#318 = PCURVE('',#216,#319);
#319 = DEFINITIONAL_REPRESENTATION('',(#320),#324);
#320 = LINE('',#321,#322);
#321 = CARTESIAN_POINT('',(-0.,0.));
#322 = VECTOR('',#323,1.);
#323 = DIRECTION('',(-1.,0.));
#324 = ( GEOMETRIC_REPRESENTATION_CONTEXT(2) 
PARAMETRIC_REPRESENTATION_CONTEXT() REPRESENTATION_CONTEXT('2D SPACE',''
  ) );
#325 = PCURVE('',#326,#331);
#326 = CONICAL_SURFACE('',#327,0.,1.029744258677);
#327 = AXIS2_PLACEMENT_3D('',#328,#329,#330);
#328 = CARTESIAN_POINT('',(8.176075773784,0.,0.));
#329 = DIRECTION('',(-1.,-0.,-0.));
#330 = DIRECTION('',(-0.,1.,0.));
#331 = DEFINITIONAL_REPRESENTATION('',(#332),#336);
#332 = LINE('',#333,#334);
#333 = CARTESIAN_POINT('',(-0.,0.751075773784));
#334 = VECTOR('',#335,1.);
#335 = DIRECTION('',(-1.,0.));
#336 = ( GEOMETRIC_REPRESENTATION_CONTEXT(2) 
PARAMETRIC_REPRESENTATION_CONTEXT() REPRESENTATION_CONTEXT('2D SPACE',''
  ) );
#337 = ORIENTED_EDGE('',*,*,#338,.T.);
#338 = EDGE_CURVE('',#310,#200,#339,.T.);
#339 = SEAM_CURVE('',#340,(#344,#351),.PCURVE_S1.);
#340 = LINE('',#341,#342);
#341 = CARTESIAN_POINT('',(7.425,1.25,0.));
#342 = VECTOR('',#343,1.);
#343 = DIRECTION('',(-1.,0.,0.));
#344 = PCURVE('',#216,#345);
#345 = DEFINITIONAL_REPRESENTATION('',(#346),#350);
#346 = LINE('',#347,#348);
#347 = CARTESIAN_POINT('',(-0.,0.));
#348 = VECTOR('',#349,1.);
#349 = DIRECTION('',(-0.,1.));
#350 = ( GEOMETRIC_REPRESENTATION_CONTEXT(2) 
PARAMETRIC_REPRESENTATION_CONTEXT() REPRESENTATION_CONTEXT('2D SPACE',''
  ) );
#351 = PCURVE('',#216,#352);
#352 = DEFINITIONAL_REPRESENTATION('',(#353),#357);
#353 = LINE('',#354,#355);
#354 = CARTESIAN_POINT('',(-6.28318530718,0.));
#355 = VECTOR('',#356,1.);
#356 = DIRECTION('',(-0.,1.));
#357 = ( GEOMETRIC_REPRESENTATION_CONTEXT(2) 
PARAMETRIC_REPRESENTATION_CONTEXT() REPRESENTATION_CONTEXT('2D SPACE',''
  ) );
#358 = ORIENTED_EDGE('',*,*,#199,.F.);
#359 = ORIENTED_EDGE('',*,*,#338,.F.);
#360 = ADVANCED_FACE('',(#361),#293,.T.);
#361 = FACE_BOUND('',#362,.T.);
#362 = EDGE_LOOP('',(#363,#364,#387,#414));
#363 = ORIENTED_EDGE('',*,*,#278,.T.);
#364 = ORIENTED_EDGE('',*,*,#365,.T.);
#365 = EDGE_CURVE('',#256,#366,#368,.T.);
#366 = VERTEX_POINT('',#367);
#367 = CARTESIAN_POINT('',(28.963525491562,10.073415225557,0.));
#368 = SEAM_CURVE('',#369,(#373,#380),.PCURVE_S1.);
#369 = LINE('',#370,#371);
#370 = CARTESIAN_POINT('',(28.73465169756,10.018467489107,0.));
#371 = VECTOR('',#372,1.);
#372 = DIRECTION('',(0.972369920398,0.233445363856,0.));
#373 = PCURVE('',#293,#374);
#374 = DEFINITIONAL_REPRESENTATION('',(#375),#379);
#375 = LINE('',#376,#377);
#376 = CARTESIAN_POINT('',(0.,0.));
#377 = VECTOR('',#378,1.);
#378 = DIRECTION('',(0.,1.));
#379 = ( GEOMETRIC_REPRESENTATION_CONTEXT(2) 
PARAMETRIC_REPRESENTATION_CONTEXT() REPRESENTATION_CONTEXT('2D SPACE',''
  ) );
#380 = PCURVE('',#293,#381);
#381 = DEFINITIONAL_REPRESENTATION('',(#382),#386);
#382 = LINE('',#383,#384);
#383 = CARTESIAN_POINT('',(6.28318530718,0.));
#384 = VECTOR('',#385,1.);
#385 = DIRECTION('',(0.,1.));
#386 = ( GEOMETRIC_REPRESENTATION_CONTEXT(2) 
PARAMETRIC_REPRESENTATION_CONTEXT() REPRESENTATION_CONTEXT('2D SPACE',''
  ) );
#387 = ORIENTED_EDGE('',*,*,#388,.F.);
#388 = EDGE_CURVE('',#366,#366,#389,.T.);
#389 = SURFACE_CURVE('',#390,(#395,#402),.PCURVE_S1.);
#390 = CIRCLE('',#391,10.073415225557);
#391 = AXIS2_PLACEMENT_3D('',#392,#393,#394);
#392 = CARTESIAN_POINT('',(28.963525491562,0.,0.));
#393 = DIRECTION('',(1.,0.,0.));
#394 = DIRECTION('',(-0.,1.,0.));
#395 = PCURVE('',#293,#396);
#396 = DEFINITIONAL_REPRESENTATION('',(#397),#401);
#397 = LINE('',#398,#399);
#398 = CARTESIAN_POINT('',(0.,0.228873794002));
#399 = VECTOR('',#400,1.);
#400 = DIRECTION('',(1.,0.));
#401 = ( GEOMETRIC_REPRESENTATION_CONTEXT(2) 
PARAMETRIC_REPRESENTATION_CONTEXT() REPRESENTATION_CONTEXT('2D SPACE',''
  ) );
#402 = PCURVE('',#403,#408);
#403 = CONICAL_SURFACE('',#404,10.073415225557,0.392699081699);
#404 = AXIS2_PLACEMENT_3D('',#405,#406,#407);
#405 = CARTESIAN_POINT('',(28.963525491562,0.,0.));
#406 = DIRECTION('',(1.,0.,0.));
#407 = DIRECTION('',(-0.,1.,0.));
#408 = DEFINITIONAL_REPRESENTATION('',(#409),#413);
#409 = LINE('',#410,#411);
#410 = CARTESIAN_POINT('',(0.,0.));
#411 = VECTOR('',#412,1.);
#412 = DIRECTION('',(1.,0.));
#413 = ( GEOMETRIC_REPRESENTATION_CONTEXT(2) 
PARAMETRIC_REPRESENTATION_CONTEXT() REPRESENTATION_CONTEXT('2D SPACE',''
  ) );
#414 = ORIENTED_EDGE('',*,*,#365,.F.);
#415 = ADVANCED_FACE('',(#416),#326,.F.);
#416 = FACE_BOUND('',#417,.T.);
#417 = EDGE_LOOP('',(#418,#441,#442));
#418 = ORIENTED_EDGE('',*,*,#419,.T.);
#419 = EDGE_CURVE('',#420,#310,#422,.T.);
#420 = VERTEX_POINT('',#421);
#421 = CARTESIAN_POINT('',(8.176075773784,0.,0.));
#422 = SEAM_CURVE('',#423,(#427,#434),.PCURVE_S1.);
#423 = LINE('',#424,#425);
#424 = CARTESIAN_POINT('',(8.176075773784,0.,0.));
#425 = VECTOR('',#426,1.);
#426 = DIRECTION('',(-0.51503807491,0.857167300702,0.));
#427 = PCURVE('',#326,#428);
#428 = DEFINITIONAL_REPRESENTATION('',(#429),#433);
#429 = LINE('',#430,#431);
#430 = CARTESIAN_POINT('',(-0.,0.));
#431 = VECTOR('',#432,1.);
#432 = DIRECTION('',(-0.,1.));
#433 = ( GEOMETRIC_REPRESENTATION_CONTEXT(2) 
PARAMETRIC_REPRESENTATION_CONTEXT() REPRESENTATION_CONTEXT('2D SPACE',''
  ) );
#434 = PCURVE('',#326,#435);
#435 = DEFINITIONAL_REPRESENTATION('',(#436),#440);
#436 = LINE('',#437,#438);
#437 = CARTESIAN_POINT('',(-6.28318530718,0.));
#438 = VECTOR('',#439,1.);
#439 = DIRECTION('',(-0.,1.));
#440 = ( GEOMETRIC_REPRESENTATION_CONTEXT(2) 
PARAMETRIC_REPRESENTATION_CONTEXT() REPRESENTATION_CONTEXT('2D SPACE',''
  ) );
#441 = ORIENTED_EDGE('',*,*,#309,.F.);
#442 = ORIENTED_EDGE('',*,*,#419,.F.);
#443 = ADVANCED_FACE('',(#444),#403,.T.);
#444 = FACE_BOUND('',#445,.T.);
#445 = EDGE_LOOP('',(#446,#447,#470,#497));
#446 = ORIENTED_EDGE('',*,*,#388,.T.);
#447 = ORIENTED_EDGE('',*,*,#448,.T.);
#448 = EDGE_CURVE('',#366,#449,#451,.T.);
#449 = VERTEX_POINT('',#450);
#450 = CARTESIAN_POINT('',(29.180985749609,10.163490213717,0.));
#451 = SEAM_CURVE('',#452,(#456,#463),.PCURVE_S1.);
#452 = LINE('',#453,#454);
#453 = CARTESIAN_POINT('',(28.963525491562,10.073415225557,0.));
#454 = VECTOR('',#455,1.);
#455 = DIRECTION('',(0.923879532511,0.382683432365,0.));
#456 = PCURVE('',#403,#457);
#457 = DEFINITIONAL_REPRESENTATION('',(#458),#462);
#458 = LINE('',#459,#460);
#459 = CARTESIAN_POINT('',(0.,0.));
#460 = VECTOR('',#461,1.);
#461 = DIRECTION('',(0.,1.));
#462 = ( GEOMETRIC_REPRESENTATION_CONTEXT(2) 
PARAMETRIC_REPRESENTATION_CONTEXT() REPRESENTATION_CONTEXT('2D SPACE',''
  ) );
#463 = PCURVE('',#403,#464);
#464 = DEFINITIONAL_REPRESENTATION('',(#465),#469);
#465 = LINE('',#466,#467);
#466 = CARTESIAN_POINT('',(6.28318530718,0.));
#467 = VECTOR('',#468,1.);
#468 = DIRECTION('',(0.,1.));
#469 = ( GEOMETRIC_REPRESENTATION_CONTEXT(2) 
PARAMETRIC_REPRESENTATION_CONTEXT() REPRESENTATION_CONTEXT('2D SPACE',''
  ) );
#470 = ORIENTED_EDGE('',*,*,#471,.F.);
#471 = EDGE_CURVE('',#449,#449,#472,.T.);
#472 = SURFACE_CURVE('',#473,(#478,#485),.PCURVE_S1.);
#473 = CIRCLE('',#474,10.163490213717);
#474 = AXIS2_PLACEMENT_3D('',#475,#476,#477);
#475 = CARTESIAN_POINT('',(29.180985749609,0.,0.));
#476 = DIRECTION('',(1.,0.,0.));
#477 = DIRECTION('',(-0.,1.,0.));
#478 = PCURVE('',#403,#479);
#479 = DEFINITIONAL_REPRESENTATION('',(#480),#484);
#480 = LINE('',#481,#482);
#481 = CARTESIAN_POINT('',(0.,0.217460258047));
#482 = VECTOR('',#483,1.);
#483 = DIRECTION('',(1.,0.));
#484 = ( GEOMETRIC_REPRESENTATION_CONTEXT(2) 
PARAMETRIC_REPRESENTATION_CONTEXT() REPRESENTATION_CONTEXT('2D SPACE',''
  ) );
#485 = PCURVE('',#486,#491);
#486 = CONICAL_SURFACE('',#487,10.163490213717,0.549778714378);
#487 = AXIS2_PLACEMENT_3D('',#488,#489,#490);
#488 = CARTESIAN_POINT('',(29.180985749609,0.,0.));
#489 = DIRECTION('',(1.,0.,0.));
#490 = DIRECTION('',(-0.,1.,0.));
#491 = DEFINITIONAL_REPRESENTATION('',(#492),#496);
#492 = LINE('',#493,#494);
#493 = CARTESIAN_POINT('',(0.,0.));
#494 = VECTOR('',#495,1.);
#495 = DIRECTION('',(1.,0.));
#496 = ( GEOMETRIC_REPRESENTATION_CONTEXT(2) 
PARAMETRIC_REPRESENTATION_CONTEXT() REPRESENTATION_CONTEXT('2D SPACE',''
  ) );
#497 = ORIENTED_EDGE('',*,*,#448,.F.);
#498 = ADVANCED_FACE('',(#499),#486,.T.);
#499 = FACE_BOUND('',#500,.T.);
#500 = EDGE_LOOP('',(#501,#502,#525,#552));
#501 = ORIENTED_EDGE('',*,*,#471,.T.);
#502 = ORIENTED_EDGE('',*,*,#503,.T.);
#503 = EDGE_CURVE('',#449,#504,#506,.T.);
#504 = VERTEX_POINT('',#505);
#505 = CARTESIAN_POINT('',(29.381677878439,10.286474508438,0.));
#506 = SEAM_CURVE('',#507,(#511,#518),.PCURVE_S1.);
#507 = LINE('',#508,#509);
#508 = CARTESIAN_POINT('',(29.180985749609,10.163490213717,0.));
#509 = VECTOR('',#510,1.);
#510 = DIRECTION('',(0.852640164354,0.522498564716,0.));
#511 = PCURVE('',#486,#512);
#512 = DEFINITIONAL_REPRESENTATION('',(#513),#517);
#513 = LINE('',#514,#515);
#514 = CARTESIAN_POINT('',(0.,0.));
#515 = VECTOR('',#516,1.);
#516 = DIRECTION('',(0.,1.));
#517 = ( GEOMETRIC_REPRESENTATION_CONTEXT(2) 
PARAMETRIC_REPRESENTATION_CONTEXT() REPRESENTATION_CONTEXT('2D SPACE',''
  ) );
#518 = PCURVE('',#486,#519);
#519 = DEFINITIONAL_REPRESENTATION('',(#520),#524);
#520 = LINE('',#521,#522);
#521 = CARTESIAN_POINT('',(6.28318530718,0.));
#522 = VECTOR('',#523,1.);
#523 = DIRECTION('',(0.,1.));
#524 = ( GEOMETRIC_REPRESENTATION_CONTEXT(2) 
PARAMETRIC_REPRESENTATION_CONTEXT() REPRESENTATION_CONTEXT('2D SPACE',''
  ) );
#525 = ORIENTED_EDGE('',*,*,#526,.F.);
#526 = EDGE_CURVE('',#504,#504,#527,.T.);
#527 = SURFACE_CURVE('',#528,(#533,#540),.PCURVE_S1.);
#528 = CIRCLE('',#529,10.286474508438);
#529 = AXIS2_PLACEMENT_3D('',#530,#531,#532);
#530 = CARTESIAN_POINT('',(29.381677878439,0.,0.));
#531 = DIRECTION('',(1.,0.,0.));
#532 = DIRECTION('',(-0.,1.,0.));
#533 = PCURVE('',#486,#534);
#534 = DEFINITIONAL_REPRESENTATION('',(#535),#539);
#535 = LINE('',#536,#537);
#536 = CARTESIAN_POINT('',(0.,0.200692128829));
#537 = VECTOR('',#538,1.);
#538 = DIRECTION('',(1.,0.));
#539 = ( GEOMETRIC_REPRESENTATION_CONTEXT(2) 
PARAMETRIC_REPRESENTATION_CONTEXT() REPRESENTATION_CONTEXT('2D SPACE',''
  ) );
#540 = PCURVE('',#541,#546);
#541 = CONICAL_SURFACE('',#542,10.286474508438,0.706858347058);
#542 = AXIS2_PLACEMENT_3D('',#543,#544,#545);
#543 = CARTESIAN_POINT('',(29.381677878439,0.,0.));
#544 = DIRECTION('',(1.,0.,0.));
#545 = DIRECTION('',(-0.,1.,0.));
#546 = DEFINITIONAL_REPRESENTATION('',(#547),#551);
#547 = LINE('',#548,#549);
#548 = CARTESIAN_POINT('',(0.,0.));
#549 = VECTOR('',#550,1.);
#550 = DIRECTION('',(1.,0.));
#551 = ( GEOMETRIC_REPRESENTATION_CONTEXT(2) 
PARAMETRIC_REPRESENTATION_CONTEXT() REPRESENTATION_CONTEXT('2D SPACE',''
  ) );
#552 = ORIENTED_EDGE('',*,*,#503,.F.);
#553 = ADVANCED_FACE('',(#554),#541,.T.);
#554 = FACE_BOUND('',#555,.T.);
#555 = EDGE_LOOP('',(#556,#557,#580,#607));
#556 = ORIENTED_EDGE('',*,*,#526,.T.);
#557 = ORIENTED_EDGE('',*,*,#558,.T.);
#558 = EDGE_CURVE('',#504,#559,#561,.T.);
#559 = VERTEX_POINT('',#560);
#560 = CARTESIAN_POINT('',(29.56066017178,10.43933982822,0.));
#561 = SEAM_CURVE('',#562,(#566,#573),.PCURVE_S1.);
#562 = LINE('',#563,#564);
#563 = CARTESIAN_POINT('',(29.381677878439,10.286474508438,0.));
#564 = VECTOR('',#565,1.);
#565 = DIRECTION('',(0.7604059656,0.64944804833,0.));
#566 = PCURVE('',#541,#567);
#567 = DEFINITIONAL_REPRESENTATION('',(#568),#572);
#568 = LINE('',#569,#570);
#569 = CARTESIAN_POINT('',(0.,0.));
#570 = VECTOR('',#571,1.);
#571 = DIRECTION('',(0.,1.));
#572 = ( GEOMETRIC_REPRESENTATION_CONTEXT(2) 
PARAMETRIC_REPRESENTATION_CONTEXT() REPRESENTATION_CONTEXT('2D SPACE',''
  ) );
#573 = PCURVE('',#541,#574);
#574 = DEFINITIONAL_REPRESENTATION('',(#575),#579);
#575 = LINE('',#576,#577);
#576 = CARTESIAN_POINT('',(6.28318530718,0.));
#577 = VECTOR('',#578,1.);
#578 = DIRECTION('',(0.,1.));
#579 = ( GEOMETRIC_REPRESENTATION_CONTEXT(2) 
PARAMETRIC_REPRESENTATION_CONTEXT() REPRESENTATION_CONTEXT('2D SPACE',''
  ) );
#580 = ORIENTED_EDGE('',*,*,#581,.F.);
#581 = EDGE_CURVE('',#559,#559,#582,.T.);
#582 = SURFACE_CURVE('',#583,(#588,#595),.PCURVE_S1.);
#583 = CIRCLE('',#584,10.43933982822);
#584 = AXIS2_PLACEMENT_3D('',#585,#586,#587);
#585 = CARTESIAN_POINT('',(29.56066017178,0.,0.));
#586 = DIRECTION('',(1.,0.,0.));
#587 = DIRECTION('',(-0.,1.,0.));
#588 = PCURVE('',#541,#589);
#589 = DEFINITIONAL_REPRESENTATION('',(#590),#594);
#590 = LINE('',#591,#592);
#591 = CARTESIAN_POINT('',(0.,0.178982293341));
#592 = VECTOR('',#593,1.);
#593 = DIRECTION('',(1.,0.));
#594 = ( GEOMETRIC_REPRESENTATION_CONTEXT(2) 
PARAMETRIC_REPRESENTATION_CONTEXT() REPRESENTATION_CONTEXT('2D SPACE',''
  ) );
#595 = PCURVE('',#596,#601);
#596 = CONICAL_SURFACE('',#597,10.43933982822,0.863937979737);
#597 = AXIS2_PLACEMENT_3D('',#598,#599,#600);
#598 = CARTESIAN_POINT('',(29.56066017178,0.,0.));
#599 = DIRECTION('',(1.,0.,0.));
#600 = DIRECTION('',(-0.,1.,0.));
#601 = DEFINITIONAL_REPRESENTATION('',(#602),#606);
#602 = LINE('',#603,#604);
#603 = CARTESIAN_POINT('',(0.,0.));
#604 = VECTOR('',#605,1.);
#605 = DIRECTION('',(1.,0.));
#606 = ( GEOMETRIC_REPRESENTATION_CONTEXT(2) 
PARAMETRIC_REPRESENTATION_CONTEXT() REPRESENTATION_CONTEXT('2D SPACE',''
  ) );
#607 = ORIENTED_EDGE('',*,*,#558,.F.);
#608 = ADVANCED_FACE('',(#609),#596,.T.);
#609 = FACE_BOUND('',#610,.T.);
#610 = EDGE_LOOP('',(#611,#612,#635,#662));
#611 = ORIENTED_EDGE('',*,*,#581,.T.);
#612 = ORIENTED_EDGE('',*,*,#613,.T.);
#613 = EDGE_CURVE('',#559,#614,#616,.T.);
#614 = VERTEX_POINT('',#615);
#615 = CARTESIAN_POINT('',(29.713525491562,10.618322121561,0.));
#616 = SEAM_CURVE('',#617,(#621,#628),.PCURVE_S1.);
#617 = LINE('',#618,#619);
#618 = CARTESIAN_POINT('',(29.56066017178,10.43933982822,0.));
#619 = VECTOR('',#620,1.);
#620 = DIRECTION('',(0.64944804833,0.7604059656,0.));
#621 = PCURVE('',#596,#622);
#622 = DEFINITIONAL_REPRESENTATION('',(#623),#627);
#623 = LINE('',#624,#625);
#624 = CARTESIAN_POINT('',(0.,0.));
#625 = VECTOR('',#626,1.);
#626 = DIRECTION('',(0.,1.));
#627 = ( GEOMETRIC_REPRESENTATION_CONTEXT(2) 
PARAMETRIC_REPRESENTATION_CONTEXT() REPRESENTATION_CONTEXT('2D SPACE',''
  ) );
#628 = PCURVE('',#596,#629);
#629 = DEFINITIONAL_REPRESENTATION('',(#630),#634);
#630 = LINE('',#631,#632);
#631 = CARTESIAN_POINT('',(6.28318530718,0.));
#632 = VECTOR('',#633,1.);
#633 = DIRECTION('',(0.,1.));
#634 = ( GEOMETRIC_REPRESENTATION_CONTEXT(2) 
PARAMETRIC_REPRESENTATION_CONTEXT() REPRESENTATION_CONTEXT('2D SPACE',''
  ) );
#635 = ORIENTED_EDGE('',*,*,#636,.F.);
#636 = EDGE_CURVE('',#614,#614,#637,.T.);
#637 = SURFACE_CURVE('',#638,(#643,#650),.PCURVE_S1.);
#638 = CIRCLE('',#639,10.618322121561);
#639 = AXIS2_PLACEMENT_3D('',#640,#641,#642);
#640 = CARTESIAN_POINT('',(29.713525491562,0.,0.));
#641 = DIRECTION('',(1.,0.,0.));
#642 = DIRECTION('',(-0.,1.,0.));
#643 = PCURVE('',#596,#644);
#644 = DEFINITIONAL_REPRESENTATION('',(#645),#649);
#645 = LINE('',#646,#647);
#646 = CARTESIAN_POINT('',(0.,0.152865319783));
#647 = VECTOR('',#648,1.);
#648 = DIRECTION('',(1.,0.));
#649 = ( GEOMETRIC_REPRESENTATION_CONTEXT(2) 
PARAMETRIC_REPRESENTATION_CONTEXT() REPRESENTATION_CONTEXT('2D SPACE',''
  ) );
#650 = PCURVE('',#651,#656);
#651 = CONICAL_SURFACE('',#652,10.618322121561,1.021017612417);
#652 = AXIS2_PLACEMENT_3D('',#653,#654,#655);
#653 = CARTESIAN_POINT('',(29.713525491562,0.,0.));
#654 = DIRECTION('',(1.,0.,0.));
#655 = DIRECTION('',(-0.,1.,0.));
#656 = DEFINITIONAL_REPRESENTATION('',(#657),#661);
#657 = LINE('',#658,#659);
#658 = CARTESIAN_POINT('',(0.,0.));
#659 = VECTOR('',#660,1.);
#660 = DIRECTION('',(1.,0.));
#661 = ( GEOMETRIC_REPRESENTATION_CONTEXT(2) 
PARAMETRIC_REPRESENTATION_CONTEXT() REPRESENTATION_CONTEXT('2D SPACE',''
  ) );
#662 = ORIENTED_EDGE('',*,*,#613,.F.);
#663 = ADVANCED_FACE('',(#664),#651,.T.);
#664 = FACE_BOUND('',#665,.T.);
#665 = EDGE_LOOP('',(#666,#667,#690,#717));
#666 = ORIENTED_EDGE('',*,*,#636,.T.);
#667 = ORIENTED_EDGE('',*,*,#668,.T.);
#668 = EDGE_CURVE('',#614,#669,#671,.T.);
#669 = VERTEX_POINT('',#670);
#670 = CARTESIAN_POINT('',(29.836509786283,10.819014250391,0.));
#671 = SEAM_CURVE('',#672,(#676,#683),.PCURVE_S1.);
#672 = LINE('',#673,#674);
#673 = CARTESIAN_POINT('',(29.713525491562,10.618322121561,0.));
#674 = VECTOR('',#675,1.);
#675 = DIRECTION('',(0.522498564716,0.852640164354,0.));
#676 = PCURVE('',#651,#677);
#677 = DEFINITIONAL_REPRESENTATION('',(#678),#682);
#678 = LINE('',#679,#680);
#679 = CARTESIAN_POINT('',(0.,0.));
#680 = VECTOR('',#681,1.);
#681 = DIRECTION('',(0.,1.));
#682 = ( GEOMETRIC_REPRESENTATION_CONTEXT(2) 
PARAMETRIC_REPRESENTATION_CONTEXT() REPRESENTATION_CONTEXT('2D SPACE',''
  ) );
#683 = PCURVE('',#651,#684);
#684 = DEFINITIONAL_REPRESENTATION('',(#685),#689);
#685 = LINE('',#686,#687);
#686 = CARTESIAN_POINT('',(6.28318530718,0.));
#687 = VECTOR('',#688,1.);
#688 = DIRECTION('',(0.,1.));
#689 = ( GEOMETRIC_REPRESENTATION_CONTEXT(2) 
PARAMETRIC_REPRESENTATION_CONTEXT() REPRESENTATION_CONTEXT('2D SPACE',''
  ) );
#690 = ORIENTED_EDGE('',*,*,#691,.F.);
#691 = EDGE_CURVE('',#669,#669,#692,.T.);
#692 = SURFACE_CURVE('',#693,(#698,#705),.PCURVE_S1.);
#693 = CIRCLE('',#694,10.819014250391);
#694 = AXIS2_PLACEMENT_3D('',#695,#696,#697);
#695 = CARTESIAN_POINT('',(29.836509786283,0.,0.));
#696 = DIRECTION('',(1.,0.,0.));
#697 = DIRECTION('',(-0.,1.,0.));
#698 = PCURVE('',#651,#699);
#699 = DEFINITIONAL_REPRESENTATION('',(#700),#704);
#700 = LINE('',#701,#702);
#701 = CARTESIAN_POINT('',(0.,0.12298429472));
#702 = VECTOR('',#703,1.);
#703 = DIRECTION('',(1.,0.));
#704 = ( GEOMETRIC_REPRESENTATION_CONTEXT(2) 
PARAMETRIC_REPRESENTATION_CONTEXT() REPRESENTATION_CONTEXT('2D SPACE',''
  ) );
#705 = PCURVE('',#706,#711);
#706 = CONICAL_SURFACE('',#707,10.819014250391,1.178097245096);
#707 = AXIS2_PLACEMENT_3D('',#708,#709,#710);
#708 = CARTESIAN_POINT('',(29.836509786283,0.,0.));
#709 = DIRECTION('',(1.,0.,0.));
#710 = DIRECTION('',(-0.,1.,0.));
#711 = DEFINITIONAL_REPRESENTATION('',(#712),#716);
#712 = LINE('',#713,#714);
#713 = CARTESIAN_POINT('',(0.,0.));
#714 = VECTOR('',#715,1.);
#715 = DIRECTION('',(1.,0.));
#716 = ( GEOMETRIC_REPRESENTATION_CONTEXT(2) 
PARAMETRIC_REPRESENTATION_CONTEXT() REPRESENTATION_CONTEXT('2D SPACE',''
  ) );
#717 = ORIENTED_EDGE('',*,*,#668,.F.);
#718 = ADVANCED_FACE('',(#719),#706,.T.);
#719 = FACE_BOUND('',#720,.T.);
#720 = EDGE_LOOP('',(#721,#722,#745,#772));
#721 = ORIENTED_EDGE('',*,*,#691,.T.);
#722 = ORIENTED_EDGE('',*,*,#723,.T.);
#723 = EDGE_CURVE('',#669,#724,#726,.T.);
#724 = VERTEX_POINT('',#725);
#725 = CARTESIAN_POINT('',(29.926584774443,11.036474508438,0.));
#726 = SEAM_CURVE('',#727,(#731,#738),.PCURVE_S1.);
#727 = LINE('',#728,#729);
#728 = CARTESIAN_POINT('',(29.836509786283,10.819014250391,0.));
#729 = VECTOR('',#730,1.);
#730 = DIRECTION('',(0.382683432365,0.923879532511,0.));
#731 = PCURVE('',#706,#732);
#732 = DEFINITIONAL_REPRESENTATION('',(#733),#737);
#733 = LINE('',#734,#735);
#734 = CARTESIAN_POINT('',(0.,0.));
#735 = VECTOR('',#736,1.);
#736 = DIRECTION('',(0.,1.));
#737 = ( GEOMETRIC_REPRESENTATION_CONTEXT(2) 
PARAMETRIC_REPRESENTATION_CONTEXT() REPRESENTATION_CONTEXT('2D SPACE',''
  ) );
#738 = PCURVE('',#706,#739);
#739 = DEFINITIONAL_REPRESENTATION('',(#740),#744);
#740 = LINE('',#741,#742);
#741 = CARTESIAN_POINT('',(6.28318530718,0.));
#742 = VECTOR('',#743,1.);
#743 = DIRECTION('',(0.,1.));
#744 = ( GEOMETRIC_REPRESENTATION_CONTEXT(2) 
PARAMETRIC_REPRESENTATION_CONTEXT() REPRESENTATION_CONTEXT('2D SPACE',''
  ) );
#745 = ORIENTED_EDGE('',*,*,#746,.F.);
#746 = EDGE_CURVE('',#724,#724,#747,.T.);
#747 = SURFACE_CURVE('',#748,(#753,#760),.PCURVE_S1.);
#748 = CIRCLE('',#749,11.036474508438);
#749 = AXIS2_PLACEMENT_3D('',#750,#751,#752);
#750 = CARTESIAN_POINT('',(29.926584774443,0.,0.));
#751 = DIRECTION('',(1.,0.,0.));
#752 = DIRECTION('',(-0.,1.,0.));
#753 = PCURVE('',#706,#754);
#754 = DEFINITIONAL_REPRESENTATION('',(#755),#759);
#755 = LINE('',#756,#757);
#756 = CARTESIAN_POINT('',(0.,9.007498816018E-02));
#757 = VECTOR('',#758,1.);
#758 = DIRECTION('',(1.,0.));
#759 = ( GEOMETRIC_REPRESENTATION_CONTEXT(2) 
PARAMETRIC_REPRESENTATION_CONTEXT() REPRESENTATION_CONTEXT('2D SPACE',''
  ) );
#760 = PCURVE('',#761,#766);
#761 = CONICAL_SURFACE('',#762,11.036474508438,1.335176877776);
#762 = AXIS2_PLACEMENT_3D('',#763,#764,#765);
#763 = CARTESIAN_POINT('',(29.926584774443,0.,0.));
#764 = DIRECTION('',(1.,0.,0.));
#765 = DIRECTION('',(-0.,1.,0.));
#766 = DEFINITIONAL_REPRESENTATION('',(#767),#771);
#767 = LINE('',#768,#769);
#768 = CARTESIAN_POINT('',(0.,0.));
#769 = VECTOR('',#770,1.);
#770 = DIRECTION('',(1.,0.));
#771 = ( GEOMETRIC_REPRESENTATION_CONTEXT(2) 
PARAMETRIC_REPRESENTATION_CONTEXT() REPRESENTATION_CONTEXT('2D SPACE',''
  ) );
#772 = ORIENTED_EDGE('',*,*,#723,.F.);
#773 = ADVANCED_FACE('',(#774),#761,.T.);
#774 = FACE_BOUND('',#775,.T.);
#775 = EDGE_LOOP('',(#776,#777,#800,#827));
#776 = ORIENTED_EDGE('',*,*,#746,.T.);
#777 = ORIENTED_EDGE('',*,*,#778,.T.);
#778 = EDGE_CURVE('',#724,#779,#781,.T.);
#779 = VERTEX_POINT('',#780);
#780 = CARTESIAN_POINT('',(29.981532510893,11.26534830244,0.));
#781 = SEAM_CURVE('',#782,(#786,#793),.PCURVE_S1.);
#782 = LINE('',#783,#784);
#783 = CARTESIAN_POINT('',(29.926584774443,11.036474508438,0.));
#784 = VECTOR('',#785,1.);
#785 = DIRECTION('',(0.233445363856,0.972369920398,0.));
#786 = PCURVE('',#761,#787);
#787 = DEFINITIONAL_REPRESENTATION('',(#788),#792);
#788 = LINE('',#789,#790);
#789 = CARTESIAN_POINT('',(0.,0.));
#790 = VECTOR('',#791,1.);
#791 = DIRECTION('',(0.,1.));
#792 = ( GEOMETRIC_REPRESENTATION_CONTEXT(2) 
PARAMETRIC_REPRESENTATION_CONTEXT() REPRESENTATION_CONTEXT('2D SPACE',''
  ) );
#793 = PCURVE('',#761,#794);
#794 = DEFINITIONAL_REPRESENTATION('',(#795),#799);
#795 = LINE('',#796,#797);
#796 = CARTESIAN_POINT('',(6.28318530718,0.));
#797 = VECTOR('',#798,1.);
#798 = DIRECTION('',(0.,1.));
#799 = ( GEOMETRIC_REPRESENTATION_CONTEXT(2) 
PARAMETRIC_REPRESENTATION_CONTEXT() REPRESENTATION_CONTEXT('2D SPACE',''
  ) );
#800 = ORIENTED_EDGE('',*,*,#801,.F.);
#801 = EDGE_CURVE('',#779,#779,#802,.T.);
#802 = SURFACE_CURVE('',#803,(#808,#815),.PCURVE_S1.);
#803 = CIRCLE('',#804,11.26534830244);
#804 = AXIS2_PLACEMENT_3D('',#805,#806,#807);
#805 = CARTESIAN_POINT('',(29.981532510893,0.,0.));
#806 = DIRECTION('',(1.,0.,0.));
#807 = DIRECTION('',(-0.,1.,0.));
#808 = PCURVE('',#761,#809);
#809 = DEFINITIONAL_REPRESENTATION('',(#810),#814);
#810 = LINE('',#811,#812);
#811 = CARTESIAN_POINT('',(0.,5.494773644998E-02));
#812 = VECTOR('',#813,1.);
#813 = DIRECTION('',(1.,0.));
#814 = ( GEOMETRIC_REPRESENTATION_CONTEXT(2) 
PARAMETRIC_REPRESENTATION_CONTEXT() REPRESENTATION_CONTEXT('2D SPACE',''
  ) );
#815 = PCURVE('',#816,#821);
#816 = CONICAL_SURFACE('',#817,11.26534830244,1.492256510455);
#817 = AXIS2_PLACEMENT_3D('',#818,#819,#820);
#818 = CARTESIAN_POINT('',(29.981532510893,0.,0.));
#819 = DIRECTION('',(1.,0.,0.));
#820 = DIRECTION('',(-0.,1.,0.));
#821 = DEFINITIONAL_REPRESENTATION('',(#822),#826);
#822 = LINE('',#823,#824);
#823 = CARTESIAN_POINT('',(0.,0.));
#824 = VECTOR('',#825,1.);
#825 = DIRECTION('',(1.,0.));
#826 = ( GEOMETRIC_REPRESENTATION_CONTEXT(2) 
PARAMETRIC_REPRESENTATION_CONTEXT() REPRESENTATION_CONTEXT('2D SPACE',''
  ) );
#827 = ORIENTED_EDGE('',*,*,#778,.F.);
#828 = ADVANCED_FACE('',(#829),#816,.T.);
#829 = FACE_BOUND('',#830,.T.);
#830 = EDGE_LOOP('',(#831,#832,#855,#882));
#831 = ORIENTED_EDGE('',*,*,#801,.T.);
#832 = ORIENTED_EDGE('',*,*,#833,.T.);
#833 = EDGE_CURVE('',#779,#834,#836,.T.);
#834 = VERTEX_POINT('',#835);
#835 = CARTESIAN_POINT('',(30.,11.5,0.));
#836 = SEAM_CURVE('',#837,(#841,#848),.PCURVE_S1.);
#837 = LINE('',#838,#839);
#838 = CARTESIAN_POINT('',(29.981532510893,11.26534830244,0.));
#839 = VECTOR('',#840,1.);
#840 = DIRECTION('',(7.845909572785E-02,0.996917333733,0.));
#841 = PCURVE('',#816,#842);
#842 = DEFINITIONAL_REPRESENTATION('',(#843),#847);
#843 = LINE('',#844,#845);
#844 = CARTESIAN_POINT('',(0.,0.));
#845 = VECTOR('',#846,1.);
#846 = DIRECTION('',(0.,1.));
#847 = ( GEOMETRIC_REPRESENTATION_CONTEXT(2) 
PARAMETRIC_REPRESENTATION_CONTEXT() REPRESENTATION_CONTEXT('2D SPACE',''
  ) );
#848 = PCURVE('',#816,#849);
#849 = DEFINITIONAL_REPRESENTATION('',(#850),#854);
#850 = LINE('',#851,#852);
#851 = CARTESIAN_POINT('',(6.28318530718,0.));
#852 = VECTOR('',#853,1.);
#853 = DIRECTION('',(0.,1.));
#854 = ( GEOMETRIC_REPRESENTATION_CONTEXT(2) 
PARAMETRIC_REPRESENTATION_CONTEXT() REPRESENTATION_CONTEXT('2D SPACE',''
  ) );
#855 = ORIENTED_EDGE('',*,*,#856,.F.);
#856 = EDGE_CURVE('',#834,#834,#857,.T.);
#857 = SURFACE_CURVE('',#858,(#863,#870),.PCURVE_S1.);
#858 = CIRCLE('',#859,11.5);
#859 = AXIS2_PLACEMENT_3D('',#860,#861,#862);
#860 = CARTESIAN_POINT('',(30.,0.,0.));
#861 = DIRECTION('',(1.,0.,0.));
#862 = DIRECTION('',(-0.,1.,0.));
#863 = PCURVE('',#816,#864);
#864 = DEFINITIONAL_REPRESENTATION('',(#865),#869);
#865 = LINE('',#866,#867);
#866 = CARTESIAN_POINT('',(0.,1.846748910729E-02));
#867 = VECTOR('',#868,1.);
#868 = DIRECTION('',(1.,0.));
#869 = ( GEOMETRIC_REPRESENTATION_CONTEXT(2) 
PARAMETRIC_REPRESENTATION_CONTEXT() REPRESENTATION_CONTEXT('2D SPACE',''
  ) );
#870 = PCURVE('',#871,#876);
#871 = PLANE('',#872);
#872 = AXIS2_PLACEMENT_3D('',#873,#874,#875);
#873 = CARTESIAN_POINT('',(30.,0.,0.));
#874 = DIRECTION('',(1.,0.,0.));
#875 = DIRECTION('',(-0.,1.,0.));
#876 = DEFINITIONAL_REPRESENTATION('',(#877),#881);
#877 = CIRCLE('',#878,11.5);
#878 = AXIS2_PLACEMENT_2D('',#879,#880);
#879 = CARTESIAN_POINT('',(0.,0.));
#880 = DIRECTION('',(1.,-0.));
#881 = ( GEOMETRIC_REPRESENTATION_CONTEXT(2) 
PARAMETRIC_REPRESENTATION_CONTEXT() REPRESENTATION_CONTEXT('2D SPACE',''
  ) );
#882 = ORIENTED_EDGE('',*,*,#833,.F.);
#883 = ADVANCED_FACE('',(#884,#887),#871,.F.);
#884 = FACE_BOUND('',#885,.T.);
#885 = EDGE_LOOP('',(#886));
#886 = ORIENTED_EDGE('',*,*,#856,.T.);
#887 = FACE_BOUND('',#888,.T.);
#888 = EDGE_LOOP('',(#889));
#889 = ORIENTED_EDGE('',*,*,#890,.F.);
#890 = EDGE_CURVE('',#891,#891,#893,.T.);
#891 = VERTEX_POINT('',#892);
#892 = CARTESIAN_POINT('',(30.,14.,0.));
#893 = SURFACE_CURVE('',#894,(#899,#906),.PCURVE_S1.);
#894 = CIRCLE('',#895,14.);
#895 = AXIS2_PLACEMENT_3D('',#896,#897,#898);
#896 = CARTESIAN_POINT('',(30.,0.,0.));
#897 = DIRECTION('',(1.,0.,0.));
#898 = DIRECTION('',(-0.,1.,0.));
#899 = PCURVE('',#871,#900);
#900 = DEFINITIONAL_REPRESENTATION('',(#901),#905);
#901 = CIRCLE('',#902,14.);
#902 = AXIS2_PLACEMENT_2D('',#903,#904);
#903 = CARTESIAN_POINT('',(0.,0.));
#904 = DIRECTION('',(1.,-0.));
#905 = ( GEOMETRIC_REPRESENTATION_CONTEXT(2) 
PARAMETRIC_REPRESENTATION_CONTEXT() REPRESENTATION_CONTEXT('2D SPACE',''
  ) );
#906 = PCURVE('',#907,#912);
#907 = CONICAL_SURFACE('',#908,14.,0.785398163397);
#908 = AXIS2_PLACEMENT_3D('',#909,#910,#911);
#909 = CARTESIAN_POINT('',(30.,0.,0.));
#910 = DIRECTION('',(1.,0.,0.));
#911 = DIRECTION('',(-0.,1.,0.));
#912 = DEFINITIONAL_REPRESENTATION('',(#913),#917);
#913 = LINE('',#914,#915);
#914 = CARTESIAN_POINT('',(0.,0.));
#915 = VECTOR('',#916,1.);
#916 = DIRECTION('',(1.,0.));
#917 = ( GEOMETRIC_REPRESENTATION_CONTEXT(2) 
PARAMETRIC_REPRESENTATION_CONTEXT() REPRESENTATION_CONTEXT('2D SPACE',''
  ) );
#918 = ADVANCED_FACE('',(#919),#907,.T.);
#919 = FACE_BOUND('',#920,.T.);
#920 = EDGE_LOOP('',(#921,#922,#945,#972));
#921 = ORIENTED_EDGE('',*,*,#890,.T.);
#922 = ORIENTED_EDGE('',*,*,#923,.T.);
#923 = EDGE_CURVE('',#891,#924,#926,.T.);
#924 = VERTEX_POINT('',#925);
#925 = CARTESIAN_POINT('',(31.,15.,0.));
#926 = SEAM_CURVE('',#927,(#931,#938),.PCURVE_S1.);
#927 = LINE('',#928,#929);
#928 = CARTESIAN_POINT('',(30.,14.,0.));
#929 = VECTOR('',#930,1.);
#930 = DIRECTION('',(0.707106781187,0.707106781187,0.));
#931 = PCURVE('',#907,#932);
#932 = DEFINITIONAL_REPRESENTATION('',(#933),#937);
#933 = LINE('',#934,#935);
#934 = CARTESIAN_POINT('',(0.,0.));
#935 = VECTOR('',#936,1.);
#936 = DIRECTION('',(0.,1.));
#937 = ( GEOMETRIC_REPRESENTATION_CONTEXT(2) 
PARAMETRIC_REPRESENTATION_CONTEXT() REPRESENTATION_CONTEXT('2D SPACE',''
  ) );
#938 = PCURVE('',#907,#939);
#939 = DEFINITIONAL_REPRESENTATION('',(#940),#944);
#940 = LINE('',#941,#942);
#941 = CARTESIAN_POINT('',(6.28318530718,0.));
#942 = VECTOR('',#943,1.);
#943 = DIRECTION('',(0.,1.));
#944 = ( GEOMETRIC_REPRESENTATION_CONTEXT(2) 
PARAMETRIC_REPRESENTATION_CONTEXT() REPRESENTATION_CONTEXT('2D SPACE',''
  ) );
#945 = ORIENTED_EDGE('',*,*,#946,.F.);
#946 = EDGE_CURVE('',#924,#924,#947,.T.);
#947 = SURFACE_CURVE('',#948,(#953,#960),.PCURVE_S1.);
#948 = CIRCLE('',#949,15.);
#949 = AXIS2_PLACEMENT_3D('',#950,#951,#952);
#950 = CARTESIAN_POINT('',(31.,0.,0.));
#951 = DIRECTION('',(1.,0.,0.));
#952 = DIRECTION('',(-0.,1.,0.));
#953 = PCURVE('',#907,#954);
#954 = DEFINITIONAL_REPRESENTATION('',(#955),#959);
#955 = LINE('',#956,#957);
#956 = CARTESIAN_POINT('',(0.,1.));
#957 = VECTOR('',#958,1.);
#958 = DIRECTION('',(1.,0.));
#959 = ( GEOMETRIC_REPRESENTATION_CONTEXT(2) 
PARAMETRIC_REPRESENTATION_CONTEXT() REPRESENTATION_CONTEXT('2D SPACE',''
  ) );
#960 = PCURVE('',#961,#966);
#961 = CYLINDRICAL_SURFACE('',#962,15.);
#962 = AXIS2_PLACEMENT_3D('',#963,#964,#965);
#963 = CARTESIAN_POINT('',(31.,0.,0.));
#964 = DIRECTION('',(1.,0.,0.));
#965 = DIRECTION('',(-0.,1.,0.));
#966 = DEFINITIONAL_REPRESENTATION('',(#967),#971);
#967 = LINE('',#968,#969);
#968 = CARTESIAN_POINT('',(0.,0.));
#969 = VECTOR('',#970,1.);
#970 = DIRECTION('',(1.,0.));
#971 = ( GEOMETRIC_REPRESENTATION_CONTEXT(2) 
PARAMETRIC_REPRESENTATION_CONTEXT() REPRESENTATION_CONTEXT('2D SPACE',''
  ) );
#972 = ORIENTED_EDGE('',*,*,#923,.F.);
#973 = ADVANCED_FACE('',(#974),#961,.T.);
#974 = FACE_BOUND('',#975,.T.);
#975 = EDGE_LOOP('',(#976,#977,#1000,#1027));
#976 = ORIENTED_EDGE('',*,*,#946,.T.);
#977 = ORIENTED_EDGE('',*,*,#978,.T.);
#978 = EDGE_CURVE('',#924,#979,#981,.T.);
#979 = VERTEX_POINT('',#980);
#980 = CARTESIAN_POINT('',(40.,15.,0.));
#981 = SEAM_CURVE('',#982,(#986,#993),.PCURVE_S1.);
#982 = LINE('',#983,#984);
#983 = CARTESIAN_POINT('',(31.,15.,0.));
#984 = VECTOR('',#985,1.);
#985 = DIRECTION('',(1.,0.,0.));
#986 = PCURVE('',#961,#987);
#987 = DEFINITIONAL_REPRESENTATION('',(#988),#992);
#988 = LINE('',#989,#990);
#989 = CARTESIAN_POINT('',(0.,0.));
#990 = VECTOR('',#991,1.);
#991 = DIRECTION('',(0.,1.));
#992 = ( GEOMETRIC_REPRESENTATION_CONTEXT(2) 
PARAMETRIC_REPRESENTATION_CONTEXT() REPRESENTATION_CONTEXT('2D SPACE',''
  ) );
#993 = PCURVE('',#961,#994);
#994 = DEFINITIONAL_REPRESENTATION('',(#995),#999);
#995 = LINE('',#996,#997);
#996 = CARTESIAN_POINT('',(6.28318530718,0.));
#997 = VECTOR('',#998,1.);
#998 = DIRECTION('',(0.,1.));
#999 = ( GEOMETRIC_REPRESENTATION_CONTEXT(2) 
PARAMETRIC_REPRESENTATION_CONTEXT() REPRESENTATION_CONTEXT('2D SPACE',''
  ) );
#1000 = ORIENTED_EDGE('',*,*,#1001,.F.);
#1001 = EDGE_CURVE('',#979,#979,#1002,.T.);
#1002 = SURFACE_CURVE('',#1003,(#1008,#1015),.PCURVE_S1.);
#1003 = CIRCLE('',#1004,15.);
#1004 = AXIS2_PLACEMENT_3D('',#1005,#1006,#1007);
#1005 = CARTESIAN_POINT('',(40.,0.,0.));
#1006 = DIRECTION('',(1.,0.,0.));
#1007 = DIRECTION('',(-0.,1.,0.));
#1008 = PCURVE('',#961,#1009);
#1009 = DEFINITIONAL_REPRESENTATION('',(#1010),#1014);
#1010 = LINE('',#1011,#1012);
#1011 = CARTESIAN_POINT('',(0.,9.));
#1012 = VECTOR('',#1013,1.);
#1013 = DIRECTION('',(1.,0.));
#1014 = ( GEOMETRIC_REPRESENTATION_CONTEXT(2) 
PARAMETRIC_REPRESENTATION_CONTEXT() REPRESENTATION_CONTEXT('2D SPACE',''
  ) );
#1015 = PCURVE('',#1016,#1021);
#1016 = PLANE('',#1017);
#1017 = AXIS2_PLACEMENT_3D('',#1018,#1019,#1020);
#1018 = CARTESIAN_POINT('',(40.,0.,0.));
#1019 = DIRECTION('',(1.,0.,0.));
#1020 = DIRECTION('',(-0.,1.,0.));
#1021 = DEFINITIONAL_REPRESENTATION('',(#1022),#1026);
#1022 = CIRCLE('',#1023,15.);
#1023 = AXIS2_PLACEMENT_2D('',#1024,#1025);
#1024 = CARTESIAN_POINT('',(0.,0.));
#1025 = DIRECTION('',(1.,0.));
#1026 = ( GEOMETRIC_REPRESENTATION_CONTEXT(2) 
PARAMETRIC_REPRESENTATION_CONTEXT() REPRESENTATION_CONTEXT('2D SPACE',''
  ) );
#1027 = ORIENTED_EDGE('',*,*,#978,.F.);
#1028 = ADVANCED_FACE('',(#1029,#1032),#1016,.T.);
#1029 = FACE_BOUND('',#1030,.T.);
#1030 = EDGE_LOOP('',(#1031));
#1031 = ORIENTED_EDGE('',*,*,#1001,.T.);
#1032 = FACE_BOUND('',#1033,.T.);
#1033 = EDGE_LOOP('',(#1034));
#1034 = ORIENTED_EDGE('',*,*,#1035,.F.);
#1035 = EDGE_CURVE('',#1036,#1036,#1038,.T.);
#1036 = VERTEX_POINT('',#1037);
#1037 = CARTESIAN_POINT('',(40.,14.3,0.));
#1038 = SURFACE_CURVE('',#1039,(#1044,#1051),.PCURVE_S1.);
#1039 = CIRCLE('',#1040,14.3);
#1040 = AXIS2_PLACEMENT_3D('',#1041,#1042,#1043);
#1041 = CARTESIAN_POINT('',(40.,0.,0.));
#1042 = DIRECTION('',(1.,0.,0.));
#1043 = DIRECTION('',(-0.,1.,0.));
#1044 = PCURVE('',#1016,#1045);
#1045 = DEFINITIONAL_REPRESENTATION('',(#1046),#1050);
#1046 = CIRCLE('',#1047,14.3);
#1047 = AXIS2_PLACEMENT_2D('',#1048,#1049);
#1048 = CARTESIAN_POINT('',(0.,0.));
#1049 = DIRECTION('',(1.,0.));
#1050 = ( GEOMETRIC_REPRESENTATION_CONTEXT(2) 
PARAMETRIC_REPRESENTATION_CONTEXT() REPRESENTATION_CONTEXT('2D SPACE',''
  ) );
#1051 = PCURVE('',#1052,#1057);
#1052 = CYLINDRICAL_SURFACE('',#1053,14.3);
#1053 = AXIS2_PLACEMENT_3D('',#1054,#1055,#1056);
#1054 = CARTESIAN_POINT('',(40.,0.,0.));
#1055 = DIRECTION('',(1.,0.,0.));
#1056 = DIRECTION('',(-0.,1.,0.));
#1057 = DEFINITIONAL_REPRESENTATION('',(#1058),#1062);
#1058 = LINE('',#1059,#1060);
#1059 = CARTESIAN_POINT('',(0.,0.));
#1060 = VECTOR('',#1061,1.);
#1061 = DIRECTION('',(1.,0.));
#1062 = ( GEOMETRIC_REPRESENTATION_CONTEXT(2) 
PARAMETRIC_REPRESENTATION_CONTEXT() REPRESENTATION_CONTEXT('2D SPACE',''
  ) );
#1063 = ADVANCED_FACE('',(#1064),#1052,.T.);
#1064 = FACE_BOUND('',#1065,.T.);
#1065 = EDGE_LOOP('',(#1066,#1067,#1090,#1117));
#1066 = ORIENTED_EDGE('',*,*,#1035,.T.);
#1067 = ORIENTED_EDGE('',*,*,#1068,.T.);
#1068 = EDGE_CURVE('',#1036,#1069,#1071,.T.);
#1069 = VERTEX_POINT('',#1070);
#1070 = CARTESIAN_POINT('',(41.6,14.3,0.));
#1071 = SEAM_CURVE('',#1072,(#1076,#1083),.PCURVE_S1.);
#1072 = LINE('',#1073,#1074);
#1073 = CARTESIAN_POINT('',(40.,14.3,0.));
#1074 = VECTOR('',#1075,1.);
#1075 = DIRECTION('',(1.,0.,0.));
#1076 = PCURVE('',#1052,#1077);
#1077 = DEFINITIONAL_REPRESENTATION('',(#1078),#1082);
#1078 = LINE('',#1079,#1080);
#1079 = CARTESIAN_POINT('',(0.,0.));
#1080 = VECTOR('',#1081,1.);
#1081 = DIRECTION('',(0.,1.));
#1082 = ( GEOMETRIC_REPRESENTATION_CONTEXT(2) 
PARAMETRIC_REPRESENTATION_CONTEXT() REPRESENTATION_CONTEXT('2D SPACE',''
  ) );
#1083 = PCURVE('',#1052,#1084);
#1084 = DEFINITIONAL_REPRESENTATION('',(#1085),#1089);
#1085 = LINE('',#1086,#1087);
#1086 = CARTESIAN_POINT('',(6.28318530718,0.));
#1087 = VECTOR('',#1088,1.);
#1088 = DIRECTION('',(0.,1.));
#1089 = ( GEOMETRIC_REPRESENTATION_CONTEXT(2) 
PARAMETRIC_REPRESENTATION_CONTEXT() REPRESENTATION_CONTEXT('2D SPACE',''
  ) );
#1090 = ORIENTED_EDGE('',*,*,#1091,.F.);
#1091 = EDGE_CURVE('',#1069,#1069,#1092,.T.);
#1092 = SURFACE_CURVE('',#1093,(#1098,#1105),.PCURVE_S1.);
#1093 = CIRCLE('',#1094,14.3);
#1094 = AXIS2_PLACEMENT_3D('',#1095,#1096,#1097);
#1095 = CARTESIAN_POINT('',(41.6,0.,0.));
#1096 = DIRECTION('',(1.,0.,0.));
#1097 = DIRECTION('',(-0.,1.,0.));
#1098 = PCURVE('',#1052,#1099);
#1099 = DEFINITIONAL_REPRESENTATION('',(#1100),#1104);
#1100 = LINE('',#1101,#1102);
#1101 = CARTESIAN_POINT('',(0.,1.6));
#1102 = VECTOR('',#1103,1.);
#1103 = DIRECTION('',(1.,0.));
#1104 = ( GEOMETRIC_REPRESENTATION_CONTEXT(2) 
PARAMETRIC_REPRESENTATION_CONTEXT() REPRESENTATION_CONTEXT('2D SPACE',''
  ) );
#1105 = PCURVE('',#1106,#1111);
#1106 = PLANE('',#1107);
#1107 = AXIS2_PLACEMENT_3D('',#1108,#1109,#1110);
#1108 = CARTESIAN_POINT('',(41.6,0.,0.));
#1109 = DIRECTION('',(1.,0.,0.));
#1110 = DIRECTION('',(-0.,1.,0.));
#1111 = DEFINITIONAL_REPRESENTATION('',(#1112),#1116);
#1112 = CIRCLE('',#1113,14.3);
#1113 = AXIS2_PLACEMENT_2D('',#1114,#1115);
#1114 = CARTESIAN_POINT('',(0.,0.));
#1115 = DIRECTION('',(1.,-0.));
#1116 = ( GEOMETRIC_REPRESENTATION_CONTEXT(2) 
PARAMETRIC_REPRESENTATION_CONTEXT() REPRESENTATION_CONTEXT('2D SPACE',''
  ) );
#1117 = ORIENTED_EDGE('',*,*,#1068,.F.);
#1118 = ADVANCED_FACE('',(#1119,#1122),#1106,.F.);
#1119 = FACE_BOUND('',#1120,.T.);
#1120 = EDGE_LOOP('',(#1121));
#1121 = ORIENTED_EDGE('',*,*,#1091,.T.);
#1122 = FACE_BOUND('',#1123,.T.);
#1123 = EDGE_LOOP('',(#1124));
#1124 = ORIENTED_EDGE('',*,*,#1125,.F.);
#1125 = EDGE_CURVE('',#1126,#1126,#1128,.T.);
#1126 = VERTEX_POINT('',#1127);
#1127 = CARTESIAN_POINT('',(41.6,15.,0.));
#1128 = SURFACE_CURVE('',#1129,(#1134,#1141),.PCURVE_S1.);
#1129 = CIRCLE('',#1130,15.);
#1130 = AXIS2_PLACEMENT_3D('',#1131,#1132,#1133);
#1131 = CARTESIAN_POINT('',(41.6,0.,0.));
#1132 = DIRECTION('',(1.,0.,0.));
#1133 = DIRECTION('',(-0.,1.,0.));
#1134 = PCURVE('',#1106,#1135);
#1135 = DEFINITIONAL_REPRESENTATION('',(#1136),#1140);
#1136 = CIRCLE('',#1137,15.);
#1137 = AXIS2_PLACEMENT_2D('',#1138,#1139);
#1138 = CARTESIAN_POINT('',(0.,0.));
#1139 = DIRECTION('',(1.,-0.));
#1140 = ( GEOMETRIC_REPRESENTATION_CONTEXT(2) 
PARAMETRIC_REPRESENTATION_CONTEXT() REPRESENTATION_CONTEXT('2D SPACE',''
  ) );
#1141 = PCURVE('',#1142,#1147);
#1142 = CYLINDRICAL_SURFACE('',#1143,15.);
#1143 = AXIS2_PLACEMENT_3D('',#1144,#1145,#1146);
#1144 = CARTESIAN_POINT('',(41.6,0.,0.));
#1145 = DIRECTION('',(1.,0.,0.));
#1146 = DIRECTION('',(-0.,1.,0.));
#1147 = DEFINITIONAL_REPRESENTATION('',(#1148),#1152);
#1148 = LINE('',#1149,#1150);
#1149 = CARTESIAN_POINT('',(0.,0.));
#1150 = VECTOR('',#1151,1.);
#1151 = DIRECTION('',(1.,0.));
#1152 = ( GEOMETRIC_REPRESENTATION_CONTEXT(2) 
PARAMETRIC_REPRESENTATION_CONTEXT() REPRESENTATION_CONTEXT('2D SPACE',''
  ) );
#1153 = ADVANCED_FACE('',(#1154,#1208,#1480),#1142,.T.);
#1154 = FACE_BOUND('',#1155,.T.);
#1155 = EDGE_LOOP('',(#1156,#1157,#1180,#1207));
#1156 = ORIENTED_EDGE('',*,*,#1125,.T.);
#1157 = ORIENTED_EDGE('',*,*,#1158,.T.);
#1158 = EDGE_CURVE('',#1126,#1159,#1161,.T.);
#1159 = VERTEX_POINT('',#1160);
#1160 = CARTESIAN_POINT('',(70.,15.,0.));
#1161 = SEAM_CURVE('',#1162,(#1166,#1173),.PCURVE_S1.);
#1162 = LINE('',#1163,#1164);
#1163 = CARTESIAN_POINT('',(41.6,15.,0.));
#1164 = VECTOR('',#1165,1.);
#1165 = DIRECTION('',(1.,0.,0.));
#1166 = PCURVE('',#1142,#1167);
#1167 = DEFINITIONAL_REPRESENTATION('',(#1168),#1172);
#1168 = LINE('',#1169,#1170);
#1169 = CARTESIAN_POINT('',(0.,0.));
#1170 = VECTOR('',#1171,1.);
#1171 = DIRECTION('',(0.,1.));
#1172 = ( GEOMETRIC_REPRESENTATION_CONTEXT(2) 
PARAMETRIC_REPRESENTATION_CONTEXT() REPRESENTATION_CONTEXT('2D SPACE',''
  ) );
#1173 = PCURVE('',#1142,#1174);
#1174 = DEFINITIONAL_REPRESENTATION('',(#1175),#1179);
#1175 = LINE('',#1176,#1177);
#1176 = CARTESIAN_POINT('',(6.28318530718,0.));
#1177 = VECTOR('',#1178,1.);
#1178 = DIRECTION('',(0.,1.));
#1179 = ( GEOMETRIC_REPRESENTATION_CONTEXT(2) 
PARAMETRIC_REPRESENTATION_CONTEXT() REPRESENTATION_CONTEXT('2D SPACE',''
  ) );
#1180 = ORIENTED_EDGE('',*,*,#1181,.F.);
#1181 = EDGE_CURVE('',#1159,#1159,#1182,.T.);
#1182 = SURFACE_CURVE('',#1183,(#1188,#1195),.PCURVE_S1.);
#1183 = CIRCLE('',#1184,15.);
#1184 = AXIS2_PLACEMENT_3D('',#1185,#1186,#1187);
#1185 = CARTESIAN_POINT('',(70.,0.,0.));
#1186 = DIRECTION('',(1.,0.,0.));
#1187 = DIRECTION('',(-0.,1.,0.));
#1188 = PCURVE('',#1142,#1189);
#1189 = DEFINITIONAL_REPRESENTATION('',(#1190),#1194);
#1190 = LINE('',#1191,#1192);
#1191 = CARTESIAN_POINT('',(0.,28.4));
#1192 = VECTOR('',#1193,1.);
#1193 = DIRECTION('',(1.,0.));
#1194 = ( GEOMETRIC_REPRESENTATION_CONTEXT(2) 
PARAMETRIC_REPRESENTATION_CONTEXT() REPRESENTATION_CONTEXT('2D SPACE',''
  ) );
#1195 = PCURVE('',#1196,#1201);
#1196 = CONICAL_SURFACE('',#1197,15.,0.244978663127);
#1197 = AXIS2_PLACEMENT_3D('',#1198,#1199,#1200);
#1198 = CARTESIAN_POINT('',(70.,0.,0.));
#1199 = DIRECTION('',(-1.,-0.,-0.));
#1200 = DIRECTION('',(-0.,1.,0.));
#1201 = DEFINITIONAL_REPRESENTATION('',(#1202),#1206);
#1202 = LINE('',#1203,#1204);
#1203 = CARTESIAN_POINT('',(-0.,-0.));
#1204 = VECTOR('',#1205,1.);
#1205 = DIRECTION('',(-1.,-0.));
#1206 = ( GEOMETRIC_REPRESENTATION_CONTEXT(2) 
PARAMETRIC_REPRESENTATION_CONTEXT() REPRESENTATION_CONTEXT('2D SPACE',''
  ) );
#1207 = ORIENTED_EDGE('',*,*,#1158,.F.);
#1208 = FACE_BOUND('',#1209,.T.);
#1209 = EDGE_LOOP('',(#1210,#1321,#1347,#1456));
#1210 = ORIENTED_EDGE('',*,*,#1211,.T.);
#1211 = EDGE_CURVE('',#1212,#1214,#1216,.T.);
#1212 = VERTEX_POINT('',#1213);
#1213 = CARTESIAN_POINT('',(49.,-4.,14.456832294801));
#1214 = VERTEX_POINT('',#1215);
#1215 = CARTESIAN_POINT('',(49.,4.,14.456832294801));
#1216 = SURFACE_CURVE('',#1217,(#1248,#1282),.PCURVE_S1.);
#1217 = B_SPLINE_CURVE_WITH_KNOTS('',8,(#1218,#1219,#1220,#1221,#1222,
    #1223,#1224,#1225,#1226,#1227,#1228,#1229,#1230,#1231,#1232,#1233,
    #1234,#1235,#1236,#1237,#1238,#1239,#1240,#1241,#1242,#1243,#1244,
    #1245,#1246,#1247),.UNSPECIFIED.,.F.,.F.,(9,7,7,7,9),(0.,
    0.358480310149,0.496316986016,0.71700720153,1.),.UNSPECIFIED.);
#1218 = CARTESIAN_POINT('',(49.,-4.,14.456832294801));
#1219 = CARTESIAN_POINT('',(48.505505448254,-4.,14.456832294801));
#1220 = CARTESIAN_POINT('',(48.013670678168,-3.930136713151,
    14.476163490284));
#1221 = CARTESIAN_POINT('',(47.528759726776,-3.791716636421,
    14.514456217669));
#1222 = CARTESIAN_POINT('',(47.055829130778,-3.582626382781,
    14.570291594522));
#1223 = CARTESIAN_POINT('',(46.602425955534,-3.298644491769,
    14.640875073737));
#1224 = CARTESIAN_POINT('',(46.180167828318,-2.934569948425,
    14.721219900956));
#1225 = CARTESIAN_POINT('',(45.805998442802,-2.485074161562,
    14.802602878502));
#1226 = CARTESIAN_POINT('',(45.391726515415,-1.742450703532,
    14.899903723354));
#1227 = CARTESIAN_POINT('',(45.286936456083,-1.521896070925,
    14.925476476566));
#1228 = CARTESIAN_POINT('',(45.195258919652,-1.288498707973,
    14.948625450138));
#1229 = CARTESIAN_POINT('',(45.119063667122,-1.044060231789,
    14.968391630396));
#1230 = CARTESIAN_POINT('',(45.060248279635,-0.790650970664,
    14.983933171988));
#1231 = CARTESIAN_POINT('',(45.020241432069,-0.530546958342,
    14.994602704574));
#1232 = CARTESIAN_POINT('',(45.,-0.266165598584,15.));
#1233 = CARTESIAN_POINT('',(45.,0.426157573409,15.));
#1234 = CARTESIAN_POINT('',(45.051888660323,0.84229885274,
    14.986162432216));
#1235 = CARTESIAN_POINT('',(45.151397198436,1.241184079612,
    14.959629332321));
#1236 = CARTESIAN_POINT('',(45.293232244844,1.616527851869,
    14.922735881024));
#1237 = CARTESIAN_POINT('',(45.471040101593,1.963051746583,
    14.87867464492));
#1238 = CARTESIAN_POINT('',(45.67738707528,2.276708158376,14.83096066182
    ));
#1239 = CARTESIAN_POINT('',(45.903743448808,2.554955736484,
    14.782857649753));
#1240 = CARTESIAN_POINT('',(46.444000427617,3.10729949866,
    14.678026614627));
#1241 = CARTESIAN_POINT('',(46.774470100707,3.368163454777,
    14.620778516026));
#1242 = CARTESIAN_POINT('',(47.123921157654,3.58169746347,
    14.568970469141));
#1243 = CARTESIAN_POINT('',(47.486752716232,3.750101353196,
    14.525250495626));
#1244 = CARTESIAN_POINT('',(47.85878195578,3.875210606813,
    14.491360231429));
#1245 = CARTESIAN_POINT('',(48.236752753713,3.958307487988,
    14.468367837539));
#1246 = CARTESIAN_POINT('',(48.618001367866,4.,14.456832294801));
#1247 = CARTESIAN_POINT('',(49.,4.,14.456832294801));
#1248 = PCURVE('',#1142,#1249);
#1249 = DEFINITIONAL_REPRESENTATION('',(#1250),#1281);
#1250 = B_SPLINE_CURVE_WITH_KNOTS('',8,(#1251,#1252,#1253,#1254,#1255,
    #1256,#1257,#1258,#1259,#1260,#1261,#1262,#1263,#1264,#1265,#1266,
    #1267,#1268,#1269,#1270,#1271,#1272,#1273,#1274,#1275,#1276,#1277,
    #1278,#1279,#1280),.UNSPECIFIED.,.F.,.F.,(9,7,7,7,9),(0.,
    0.358480310149,0.496316986016,0.71700720153,1.),.UNSPECIFIED.);
#1251 = CARTESIAN_POINT('',(1.840729122628,7.4));
#1252 = CARTESIAN_POINT('',(1.840729122628,6.905505448254));
#1253 = CARTESIAN_POINT('',(1.8358965933,6.413670678168));
#1254 = CARTESIAN_POINT('',(1.826321786565,5.928759726776));
#1255 = CARTESIAN_POINT('',(1.811895155388,5.455829130779));
#1256 = CARTESIAN_POINT('',(1.792392555061,5.002425955533));
#1257 = CARTESIAN_POINT('',(1.76755904522,4.580167828319));
#1258 = CARTESIAN_POINT('',(1.737141802153,4.205998442802));
#1259 = CARTESIAN_POINT('',(1.687210424585,3.791726515415));
#1260 = CARTESIAN_POINT('',(1.672409897079,3.686936456083));
#1261 = CARTESIAN_POINT('',(1.656777406942,3.595258919652));
#1262 = CARTESIAN_POINT('',(1.640433925345,3.519063667122));
#1263 = CARTESIAN_POINT('',(1.623514884473,3.460248279635));
#1264 = CARTESIAN_POINT('',(1.606166134941,3.420241432069));
#1265 = CARTESIAN_POINT('',(1.588540700034,3.4));
#1266 = CARTESIAN_POINT('',(1.542385821901,3.4));
#1267 = CARTESIAN_POINT('',(1.514643042957,3.451888660323));
#1268 = CARTESIAN_POINT('',(1.488015867653,3.551397198436));
#1269 = CARTESIAN_POINT('',(1.462894799977,3.693232244844));
#1270 = CARTESIAN_POINT('',(1.439622290071,3.871040101593));
#1271 = CARTESIAN_POINT('',(1.418478611502,4.07738707528));
#1272 = CARTESIAN_POINT('',(1.399656165109,4.303743448808));
#1273 = CARTESIAN_POINT('',(1.362175907933,4.844000427617));
#1274 = CARTESIAN_POINT('',(1.344378332329,5.174470100707));
#1275 = CARTESIAN_POINT('',(1.329734158283,5.523921157654));
#1276 = CARTESIAN_POINT('',(1.318136459832,5.886752716232));
#1277 = CARTESIAN_POINT('',(1.309495418829,6.25878195578));
#1278 = CARTESIAN_POINT('',(1.303747454514,6.636752753713));
#1279 = CARTESIAN_POINT('',(1.300863530961,7.018001367866));
#1280 = CARTESIAN_POINT('',(1.300863530961,7.4));
#1281 = ( GEOMETRIC_REPRESENTATION_CONTEXT(2) 
PARAMETRIC_REPRESENTATION_CONTEXT() REPRESENTATION_CONTEXT('2D SPACE',''
  ) );
#1282 = PCURVE('',#1283,#1288);
#1283 = CYLINDRICAL_SURFACE('',#1284,4.);
#1284 = AXIS2_PLACEMENT_3D('',#1285,#1286,#1287);
#1285 = CARTESIAN_POINT('',(49.,4.440892098501E-16,11.));
#1286 = DIRECTION('',(0.,0.,-1.));
#1287 = DIRECTION('',(0.,-1.,0.));
#1288 = DEFINITIONAL_REPRESENTATION('',(#1289),#1320);
#1289 = B_SPLINE_CURVE_WITH_KNOTS('',8,(#1290,#1291,#1292,#1293,#1294,
    #1295,#1296,#1297,#1298,#1299,#1300,#1301,#1302,#1303,#1304,#1305,
    #1306,#1307,#1308,#1309,#1310,#1311,#1312,#1313,#1314,#1315,#1316,
    #1317,#1318,#1319),.UNSPECIFIED.,.F.,.F.,(9,7,7,7,9),(0.,
    0.358480310149,0.496316986016,0.71700720153,1.),.UNSPECIFIED.);
#1290 = CARTESIAN_POINT('',(0.,-3.456832294801));
#1291 = CARTESIAN_POINT('',(0.123623637937,-3.456832294801));
#1292 = CARTESIAN_POINT('',(0.246583008296,-3.476163490284));
#1293 = CARTESIAN_POINT('',(0.370685646263,-3.514456217669));
#1294 = CARTESIAN_POINT('',(0.497437343295,-3.570291594522));
#1295 = CARTESIAN_POINT('',(0.628262882723,-3.640875073737));
#1296 = CARTESIAN_POINT('',(0.764688106389,-3.721219900956));
#1297 = CARTESIAN_POINT('',(0.908397240712,-3.802602878502));
#1298 = CARTESIAN_POINT('',(1.120987049711,-3.899903723354));
#1299 = CARTESIAN_POINT('',(1.181902626558,-3.925476476566));
#1300 = CARTESIAN_POINT('',(1.244338793392,-3.948625450138));
#1301 = CARTESIAN_POINT('',(1.30801079297,-3.968391630396));
#1302 = CARTESIAN_POINT('',(1.372684527688,-3.983933171988));
#1303 = CARTESIAN_POINT('',(1.438159628733,-3.994602704574));
#1304 = CARTESIAN_POINT('',(1.504254927149,-4.));
#1305 = CARTESIAN_POINT('',(1.677335720147,-4.));
#1306 = CARTESIAN_POINT('',(1.781370980067,-3.986162432216));
#1307 = CARTESIAN_POINT('',(1.882935222864,-3.959629332321));
#1308 = CARTESIAN_POINT('',(1.981935345857,-3.922735881024));
#1309 = CARTESIAN_POINT('',(2.078149509761,-3.87867464492));
#1310 = CARTESIAN_POINT('',(2.171201357286,-3.83096066182));
#1311 = CARTESIAN_POINT('',(2.260499717341,-3.782857649753));
#1312 = CARTESIAN_POINT('',(2.453657883549,-3.678026614627));
#1313 = CARTESIAN_POINT('',(2.55804974092,-3.620778516026));
#1314 = CARTESIAN_POINT('',(2.659246557016,-3.568970469141));
#1315 = CARTESIAN_POINT('',(2.757994386336,-3.525250495626));
#1316 = CARTESIAN_POINT('',(2.854960363813,-3.491360231429));
#1317 = CARTESIAN_POINT('',(2.950781057575,-3.468367837539));
#1318 = CARTESIAN_POINT('',(3.046092995556,-3.456832294801));
#1319 = CARTESIAN_POINT('',(3.14159265359,-3.456832294801));
#1320 = ( GEOMETRIC_REPRESENTATION_CONTEXT(2) 
PARAMETRIC_REPRESENTATION_CONTEXT() REPRESENTATION_CONTEXT('2D SPACE',''
  ) );
#1321 = ORIENTED_EDGE('',*,*,#1322,.T.);
#1322 = EDGE_CURVE('',#1214,#1323,#1325,.T.);
#1323 = VERTEX_POINT('',#1324);
#1324 = CARTESIAN_POINT('',(61.,4.,14.456832294801));
#1325 = SURFACE_CURVE('',#1326,(#1330,#1336),.PCURVE_S1.);
#1326 = LINE('',#1327,#1328);
#1327 = CARTESIAN_POINT('',(41.6,4.,14.456832294801));
#1328 = VECTOR('',#1329,1.);
#1329 = DIRECTION('',(1.,0.,0.));
#1330 = PCURVE('',#1142,#1331);
#1331 = DEFINITIONAL_REPRESENTATION('',(#1332),#1335);
#1332 = B_SPLINE_CURVE_WITH_KNOTS('',1,(#1333,#1334),.UNSPECIFIED.,.F.,
  .F.,(2,2),(6.2,20.6),.PIECEWISE_BEZIER_KNOTS.);
#1333 = CARTESIAN_POINT('',(1.300863530961,6.2));
#1334 = CARTESIAN_POINT('',(1.300863530961,20.6));
#1335 = ( GEOMETRIC_REPRESENTATION_CONTEXT(2) 
PARAMETRIC_REPRESENTATION_CONTEXT() REPRESENTATION_CONTEXT('2D SPACE',''
  ) );
#1336 = PCURVE('',#1337,#1342);
#1337 = PLANE('',#1338);
#1338 = AXIS2_PLACEMENT_3D('',#1339,#1340,#1341);
#1339 = CARTESIAN_POINT('',(49.,4.,11.));
#1340 = DIRECTION('',(0.,1.,0.));
#1341 = DIRECTION('',(1.,0.,0.));
#1342 = DEFINITIONAL_REPRESENTATION('',(#1343),#1346);
#1343 = B_SPLINE_CURVE_WITH_KNOTS('',1,(#1344,#1345),.UNSPECIFIED.,.F.,
  .F.,(2,2),(6.2,20.6),.PIECEWISE_BEZIER_KNOTS.);
#1344 = CARTESIAN_POINT('',(-1.2,-3.456832294801));
#1345 = CARTESIAN_POINT('',(13.2,-3.456832294801));
#1346 = ( GEOMETRIC_REPRESENTATION_CONTEXT(2) 
PARAMETRIC_REPRESENTATION_CONTEXT() REPRESENTATION_CONTEXT('2D SPACE',''
  ) );
#1347 = ORIENTED_EDGE('',*,*,#1348,.T.);
#1348 = EDGE_CURVE('',#1323,#1349,#1351,.T.);
#1349 = VERTEX_POINT('',#1350);
#1350 = CARTESIAN_POINT('',(61.,-4.,14.456832294801));
#1351 = SURFACE_CURVE('',#1352,(#1383,#1417),.PCURVE_S1.);
#1352 = B_SPLINE_CURVE_WITH_KNOTS('',8,(#1353,#1354,#1355,#1356,#1357,
    #1358,#1359,#1360,#1361,#1362,#1363,#1364,#1365,#1366,#1367,#1368,
    #1369,#1370,#1371,#1372,#1373,#1374,#1375,#1376,#1377,#1378,#1379,
    #1380,#1381,#1382),.UNSPECIFIED.,.F.,.F.,(9,7,7,7,9),(0.,
    0.217881735891,0.405532208848,0.671953981019,1.),.UNSPECIFIED.);
#1353 = CARTESIAN_POINT('',(61.,4.,14.456832294801));
#1354 = CARTESIAN_POINT('',(61.301903700551,4.,14.456832294801));
#1355 = CARTESIAN_POINT('',(61.603577823533,3.973958609993,
    14.464037586424));
#1356 = CARTESIAN_POINT('',(61.903655972337,3.921943442163,
    14.478429406835));
#1357 = CARTESIAN_POINT('',(62.200715470815,3.843738850174,
    14.499784773615));
#1358 = CARTESIAN_POINT('',(62.493184402614,3.738881227956,
    14.527669776964));
#1359 = CARTESIAN_POINT('',(62.779225039424,3.606691229181,
    14.561406736947));
#1360 = CARTESIAN_POINT('',(63.056585508759,3.446310128644,
    14.600022540479));
#1361 = CARTESIAN_POINT('',(63.551354021578,3.093486922927,
    14.678498264736));
#1362 = CARTESIAN_POINT('',(63.772584338076,2.907979399101,
    14.717575853247));
#1363 = CARTESIAN_POINT('',(63.98383053021,2.699551219498,
    14.758548930929));
#1364 = CARTESIAN_POINT('',(64.182444603345,2.467654803245,
    14.80029187987));
#1365 = CARTESIAN_POINT('',(64.365366858613,2.211929019344,
    14.841410683713));
#1366 = CARTESIAN_POINT('',(64.529068673032,1.932289391451,
    14.880235947702));
#1367 = CARTESIAN_POINT('',(64.669460776559,1.629065430335,
    14.914863064059));
#1368 = CARTESIAN_POINT('',(64.941185454333,0.840549395342,
    14.983629479242));
#1369 = CARTESIAN_POINT('',(65.040969177872,0.340988005192,
    15.01070259635));
#1370 = CARTESIAN_POINT('',(65.067166129825,-0.178282491942,
    15.018563913576));
#1371 = CARTESIAN_POINT('',(65.014769893002,-0.696961044543,
    15.0039863067));
#1372 = CARTESIAN_POINT('',(64.886979577491,-1.194562508179,
    14.968460553957));
#1373 = CARTESIAN_POINT('',(64.694907875081,-1.651927125539,
    14.918580311098));
#1374 = CARTESIAN_POINT('',(64.457963335318,-2.054690185849,
    14.862580909538));
#1375 = CARTESIAN_POINT('',(63.892574761463,-2.811546206902,
    14.740224023258));
#1376 = CARTESIAN_POINT('',(63.534244316967,-3.161475803583,
    14.669837591536));
#1377 = CARTESIAN_POINT('',(63.144865701013,-3.446319800105,
    14.603749216298));
#1378 = CARTESIAN_POINT('',(62.734531978866,-3.669775240952,
    14.546934788369));
#1379 = CARTESIAN_POINT('',(62.310342055749,-3.83513770729,
    14.502446004588));
#1380 = CARTESIAN_POINT('',(61.877387748328,-3.944823073123,
    14.472099236608));
#1381 = CARTESIAN_POINT('',(61.439452163057,-4.,14.456832294801));
#1382 = CARTESIAN_POINT('',(61.,-4.,14.456832294801));
#1383 = PCURVE('',#1142,#1384);
#1384 = DEFINITIONAL_REPRESENTATION('',(#1385),#1416);
#1385 = B_SPLINE_CURVE_WITH_KNOTS('',8,(#1386,#1387,#1388,#1389,#1390,
    #1391,#1392,#1393,#1394,#1395,#1396,#1397,#1398,#1399,#1400,#1401,
    #1402,#1403,#1404,#1405,#1406,#1407,#1408,#1409,#1410,#1411,#1412,
    #1413,#1414,#1415),.UNSPECIFIED.,.F.,.F.,(9,7,7,7,9),(0.,
    0.217881735891,0.405532208848,0.671953981019,1.),.UNSPECIFIED.);
#1386 = CARTESIAN_POINT('',(1.300863530961,19.4));
#1387 = CARTESIAN_POINT('',(1.300863530961,19.701903700551));
#1388 = CARTESIAN_POINT('',(1.302664850575,20.003577823533));
#1389 = CARTESIAN_POINT('',(1.306262819245,20.303655972337));
#1390 = CARTESIAN_POINT('',(1.311667308328,20.600715470815));
#1391 = CARTESIAN_POINT('',(1.318900425664,20.893184402614));
#1392 = CARTESIAN_POINT('',(1.327994497711,21.179225039424));
#1393 = CARTESIAN_POINT('',(1.338990462078,21.456585508759));
#1394 = CARTESIAN_POINT('',(1.363086810699,21.951354021578));
#1395 = CARTESIAN_POINT('',(1.375724599696,22.172584338076));
#1396 = CARTESIAN_POINT('',(1.389883505496,22.38383053021));
#1397 = CARTESIAN_POINT('',(1.405587428403,22.582444603345));
#1398 = CARTESIAN_POINT('',(1.422847940505,22.765366858613));
#1399 = CARTESIAN_POINT('',(1.44166078898,22.929068673032));
#1400 = CARTESIAN_POINT('',(1.461999838283,23.069460776559));
#1401 = CARTESIAN_POINT('',(1.514767099063,23.341185454333));
#1402 = CARTESIAN_POINT('',(1.548101989443,23.440969177872));
#1403 = CARTESIAN_POINT('',(1.582680357638,23.467166129824));
#1404 = CARTESIAN_POINT('',(1.617207069098,23.414769893003));
#1405 = CARTESIAN_POINT('',(1.65041542711,23.28697957749));
#1406 = CARTESIAN_POINT('',(1.681064954641,23.094907875082));
#1407 = CARTESIAN_POINT('',(1.708167424193,22.857963335318));
#1408 = CARTESIAN_POINT('',(1.759279599051,22.292574761463));
#1409 = CARTESIAN_POINT('',(1.783058103949,21.934244316967));
#1410 = CARTESIAN_POINT('',(1.802541702781,21.544865701013));
#1411 = CARTESIAN_POINT('',(1.817909599157,21.134531978866));
#1412 = CARTESIAN_POINT('',(1.82932534597,20.710342055749));
#1413 = CARTESIAN_POINT('',(1.836912457785,20.277387748328));
#1414 = CARTESIAN_POINT('',(1.840729122628,19.839452163057));
#1415 = CARTESIAN_POINT('',(1.840729122628,19.4));
#1416 = ( GEOMETRIC_REPRESENTATION_CONTEXT(2) 
PARAMETRIC_REPRESENTATION_CONTEXT() REPRESENTATION_CONTEXT('2D SPACE',''
  ) );
#1417 = PCURVE('',#1418,#1423);
#1418 = CYLINDRICAL_SURFACE('',#1419,4.);
#1419 = AXIS2_PLACEMENT_3D('',#1420,#1421,#1422);
#1420 = CARTESIAN_POINT('',(61.,-4.440892098501E-16,11.));
#1421 = DIRECTION('',(0.,0.,-1.));
#1422 = DIRECTION('',(0.,1.,0.));
#1423 = DEFINITIONAL_REPRESENTATION('',(#1424),#1455);
#1424 = B_SPLINE_CURVE_WITH_KNOTS('',8,(#1425,#1426,#1427,#1428,#1429,
    #1430,#1431,#1432,#1433,#1434,#1435,#1436,#1437,#1438,#1439,#1440,
    #1441,#1442,#1443,#1444,#1445,#1446,#1447,#1448,#1449,#1450,#1451,
    #1452,#1453,#1454),.UNSPECIFIED.,.F.,.F.,(9,7,7,7,9),(0.,
    0.217881735891,0.405532208848,0.671953981019,1.),.UNSPECIFIED.);
#1425 = CARTESIAN_POINT('',(0.,-3.456832294801));
#1426 = CARTESIAN_POINT('',(7.547592513783E-02,-3.456832294801));
#1427 = CARTESIAN_POINT('',(0.150894414928,-3.464037586424));
#1428 = CARTESIAN_POINT('',(0.226569269616,-3.478429406835));
#1429 = CARTESIAN_POINT('',(0.302795324816,-3.499784773615));
#1430 = CARTESIAN_POINT('',(0.379871917327,-3.527669776964));
#1431 = CARTESIAN_POINT('',(0.458110536093,-3.561406736947));
#1432 = CARTESIAN_POINT('',(0.537845808718,-3.600022540479));
#1433 = CARTESIAN_POINT('',(0.689766860536,-3.678498264736));
#1434 = CARTESIAN_POINT('',(0.76172403191,-3.717575853247));
#1435 = CARTESIAN_POINT('',(0.835505696481,-3.758548930929));
#1436 = CARTESIAN_POINT('',(0.911285458189,-3.80029187987));
#1437 = CARTESIAN_POINT('',(0.989262229445,-3.841410683713));
#1438 = CARTESIAN_POINT('',(1.069665816905,-3.880235947702));
#1439 = CARTESIAN_POINT('',(1.152770753217,-3.914863064059));
#1440 = CARTESIAN_POINT('',(1.361276124544,-3.983629479242));
#1441 = CARTESIAN_POINT('',(1.487480343464,-4.01070259635));
#1442 = CARTESIAN_POINT('',(1.615134851955,-4.018563913576));
#1443 = CARTESIAN_POINT('',(1.742584239415,-4.003986306699));
#1444 = CARTESIAN_POINT('',(1.868277924871,-3.968460553957));
#1445 = CARTESIAN_POINT('',(1.990421022835,-3.918580311098));
#1446 = CARTESIAN_POINT('',(2.106540778585,-3.862580909538));
#1447 = CARTESIAN_POINT('',(2.342720698885,-3.740224023258));
#1448 = CARTESIAN_POINT('',(2.466419630338,-3.669837591536));
#1449 = CARTESIAN_POINT('',(2.585099688199,-3.603749216298));
#1450 = CARTESIAN_POINT('',(2.699932651832,-3.546934788369));
#1451 = CARTESIAN_POINT('',(2.81198779344,-3.502446004588));
#1452 = CARTESIAN_POINT('',(2.922245441319,-3.472099236608));
#1453 = CARTESIAN_POINT('',(3.031729612826,-3.456832294801));
#1454 = CARTESIAN_POINT('',(3.14159265359,-3.456832294801));
#1455 = ( GEOMETRIC_REPRESENTATION_CONTEXT(2) 
PARAMETRIC_REPRESENTATION_CONTEXT() REPRESENTATION_CONTEXT('2D SPACE',''
  ) );
#1456 = ORIENTED_EDGE('',*,*,#1457,.F.);
#1457 = EDGE_CURVE('',#1212,#1349,#1458,.T.);
#1458 = SURFACE_CURVE('',#1459,(#1463,#1469),.PCURVE_S1.);
#1459 = LINE('',#1460,#1461);
#1460 = CARTESIAN_POINT('',(41.6,-4.,14.456832294801));
#1461 = VECTOR('',#1462,1.);
#1462 = DIRECTION('',(1.,0.,0.));
#1463 = PCURVE('',#1142,#1464);
#1464 = DEFINITIONAL_REPRESENTATION('',(#1465),#1468);
#1465 = B_SPLINE_CURVE_WITH_KNOTS('',1,(#1466,#1467),.UNSPECIFIED.,.F.,
  .F.,(2,2),(6.2,20.6),.PIECEWISE_BEZIER_KNOTS.);
#1466 = CARTESIAN_POINT('',(1.840729122628,6.2));
#1467 = CARTESIAN_POINT('',(1.840729122628,20.6));
#1468 = ( GEOMETRIC_REPRESENTATION_CONTEXT(2) 
PARAMETRIC_REPRESENTATION_CONTEXT() REPRESENTATION_CONTEXT('2D SPACE',''
  ) );
#1469 = PCURVE('',#1470,#1475);
#1470 = PLANE('',#1471);
#1471 = AXIS2_PLACEMENT_3D('',#1472,#1473,#1474);
#1472 = CARTESIAN_POINT('',(61.,-4.,11.));
#1473 = DIRECTION('',(0.,-1.,0.));
#1474 = DIRECTION('',(-1.,0.,0.));
#1475 = DEFINITIONAL_REPRESENTATION('',(#1476),#1479);
#1476 = B_SPLINE_CURVE_WITH_KNOTS('',1,(#1477,#1478),.UNSPECIFIED.,.F.,
  .F.,(2,2),(6.2,20.6),.PIECEWISE_BEZIER_KNOTS.);
#1477 = CARTESIAN_POINT('',(13.2,-3.456832294801));
#1478 = CARTESIAN_POINT('',(-1.2,-3.456832294801));
#1479 = ( GEOMETRIC_REPRESENTATION_CONTEXT(2) 
PARAMETRIC_REPRESENTATION_CONTEXT() REPRESENTATION_CONTEXT('2D SPACE',''
  ) );
#1480 = FACE_BOUND('',#1481,.T.);
#1481 = EDGE_LOOP('',(#1482));
#1482 = ORIENTED_EDGE('',*,*,#1483,.T.);
#1483 = EDGE_CURVE('',#1484,#1484,#1486,.T.);
#1484 = VERTEX_POINT('',#1485);
#1485 = CARTESIAN_POINT('',(52.,0.,-15.));
#1486 = SURFACE_CURVE('',#1487,(#1546,#1608),.PCURVE_S1.);
#1487 = B_SPLINE_CURVE_WITH_KNOTS('',8,(#1488,#1489,#1490,#1491,#1492,
    #1493,#1494,#1495,#1496,#1497,#1498,#1499,#1500,#1501,#1502,#1503,
    #1504,#1505,#1506,#1507,#1508,#1509,#1510,#1511,#1512,#1513,#1514,
    #1515,#1516,#1517,#1518,#1519,#1520,#1521,#1522,#1523,#1524,#1525,
    #1526,#1527,#1528,#1529,#1530,#1531,#1532,#1533,#1534,#1535,#1536,
    #1537,#1538,#1539,#1540,#1541,#1542,#1543,#1544,#1545),
  .UNSPECIFIED.,.T.,.F.,(9,7,7,7,7,7,7,7,9),(0.,0.137113774247,
    0.278965498916,0.448305803579,0.594650694685,0.68929283453,
    0.793397417503,0.898473436369,1.),.UNSPECIFIED.);
#1488 = CARTESIAN_POINT('',(52.,-1.554312234475E-15,-15.));
#1489 = CARTESIAN_POINT('',(52.,0.232167756086,-15.));
#1490 = CARTESIAN_POINT('',(51.96919924065,0.459057778196,
    -14.99589310778));
#1491 = CARTESIAN_POINT('',(51.910046523317,0.676051193268,
    -14.98800660007));
#1492 = CARTESIAN_POINT('',(51.825694378217,0.87914738307,
    -14.97710658928));
#1493 = CARTESIAN_POINT('',(51.719978704874,1.065045916102,
    -14.96426524797));
#1494 = CARTESIAN_POINT('',(51.597391400317,1.231286450262,
    -14.95063684445));
#1495 = CARTESIAN_POINT('',(51.46304442178,1.376424647206,
    -14.93723320639));
#1496 = CARTESIAN_POINT('',(51.177350818966,1.628297439166,
    -14.91191525161));
#1497 = CARTESIAN_POINT('',(51.022282926958,1.736435818793,
    -14.89977651974));
#1498 = CARTESIAN_POINT('',(50.860068880678,1.825312636998,
    -14.88899219632));
#1499 = CARTESIAN_POINT('',(50.6927264199,1.895604402909,-14.87999766917
    ));
#1500 = CARTESIAN_POINT('',(50.521836535361,1.94789686155,
    -14.87307846999));
#1501 = CARTESIAN_POINT('',(50.348689016443,1.982620648675,
    -14.86840685479));
#1502 = CARTESIAN_POINT('',(50.174397211119,2.,-14.86606874731));
#1503 = CARTESIAN_POINT('',(49.791807417695,2.,-14.86606874731));
#1504 = CARTESIAN_POINT('',(49.583223718949,1.975232912033,
    -14.86940068892));
#1505 = CARTESIAN_POINT('',(49.376006682205,1.925529847554,
    -14.87608781851));
#1506 = CARTESIAN_POINT('',(49.172279004036,1.850196979806,
    -14.8859868957));
#1507 = CARTESIAN_POINT('',(48.974739558898,1.748284803267,
    -14.89874877975));
#1508 = CARTESIAN_POINT('',(48.786844770403,1.618819399417,
    -14.91371608907));
#1509 = CARTESIAN_POINT('',(48.613021581933,1.461060105068,
    -14.92984362323));
#1510 = CARTESIAN_POINT('',(48.325844265,1.113922361148,-14.95945394894)
  );
#1511 = CARTESIAN_POINT('',(48.202283588895,0.925460005457,
    -14.97353487962));
#1512 = CARTESIAN_POINT('',(48.098804754757,0.71225308,-14.98654406909)
  );
#1513 = CARTESIAN_POINT('',(48.023253709101,0.479467323371,
    -14.99677247853));
#1514 = CARTESIAN_POINT('',(47.980821243914,0.234132499654,
    -15.0026620498));
#1515 = CARTESIAN_POINT('',(47.973988969256,-1.578318845701E-02,
    -15.00350517008));
#1516 = CARTESIAN_POINT('',(48.002426977591,-0.262111210524,
    -14.99955699132));
#1517 = CARTESIAN_POINT('',(48.101899061714,-0.649529399428,
    -14.98670365852));
#1518 = CARTESIAN_POINT('',(48.154621895797,-0.798170563502,
    -14.98000558838));
#1519 = CARTESIAN_POINT('',(48.220629528538,-0.941864338398,
    -14.97184495652));
#1520 = CARTESIAN_POINT('',(48.299376800026,-1.079237708737,
    -14.96249618597));
#1521 = CARTESIAN_POINT('',(48.390149935859,-1.208990559265,
    -14.95230382794));
#1522 = CARTESIAN_POINT('',(48.492074465363,-1.329911998269,
    -14.94165942368));
#1523 = CARTESIAN_POINT('',(48.604127164078,-1.440906017066,
    -14.93097186676));
#1524 = CARTESIAN_POINT('',(48.858277098065,-1.651157127524,
    -14.90925679827));
#1525 = CARTESIAN_POINT('',(49.002297977061,-1.748163376575,
    -14.89829917745));
#1526 = CARTESIAN_POINT('',(49.1556785878,-1.830761507998,
    -14.88827853793));
#1527 = CARTESIAN_POINT('',(49.316719673094,-1.897910539943,
    -14.87969173402));
#1528 = CARTESIAN_POINT('',(49.483600129143,-1.948816325663,
    -14.8729550788));
#1529 = CARTESIAN_POINT('',(49.654414519879,-1.982938459983,
    -14.86836387637));
#1530 = CARTESIAN_POINT('',(49.827206764756,-2.,-14.86606874731));
#1531 = CARTESIAN_POINT('',(50.174405628724,-2.,-14.86606874731));
#1532 = CARTESIAN_POINT('',(50.348697157723,-1.982619001319,
    -14.86840707432));
#1533 = CARTESIAN_POINT('',(50.521840733595,-1.947894820376,
    -14.87307874824));
#1534 = CARTESIAN_POINT('',(50.692726682541,-1.895603528337,
    -14.87999776374));
#1535 = CARTESIAN_POINT('',(50.860067276681,-1.825313283737,
    -14.88899209416));
#1536 = CARTESIAN_POINT('',(51.022281730165,-1.736436857023,
    -14.89977641664));
#1537 = CARTESIAN_POINT('',(51.17735084551,-1.628297415764,
    -14.91191525396));
#1538 = CARTESIAN_POINT('',(51.462989315258,-1.37647323014,
    -14.93722832289));
#1539 = CARTESIAN_POINT('',(51.597355541443,-1.231339045626,
    -14.95063248658));
#1540 = CARTESIAN_POINT('',(51.719985867458,-1.065061672412,
    -14.96426524072));
#1541 = CARTESIAN_POINT('',(51.825734890751,-0.879102032491,
    -14.97711134187));
#1542 = CARTESIAN_POINT('',(51.910094028622,-0.675945730446,
    -14.98801294359));
#1543 = CARTESIAN_POINT('',(51.969227409246,-0.458922691689,
    -14.99589686144));
#1544 = CARTESIAN_POINT('',(52.,-0.232061582155,-15.));
#1545 = CARTESIAN_POINT('',(52.,-1.554312234475E-15,-15.));
#1546 = PCURVE('',#1142,#1547);
#1547 = DEFINITIONAL_REPRESENTATION('',(#1548),#1607);
#1548 = B_SPLINE_CURVE_WITH_KNOTS('',8,(#1549,#1550,#1551,#1552,#1553,
    #1554,#1555,#1556,#1557,#1558,#1559,#1560,#1561,#1562,#1563,#1564,
    #1565,#1566,#1567,#1568,#1569,#1570,#1571,#1572,#1573,#1574,#1575,
    #1576,#1577,#1578,#1579,#1580,#1581,#1582,#1583,#1584,#1585,#1586,
    #1587,#1588,#1589,#1590,#1591,#1592,#1593,#1594,#1595,#1596,#1597,
    #1598,#1599,#1600,#1601,#1602,#1603,#1604,#1605,#1606),
  .UNSPECIFIED.,.T.,.F.,(9,7,7,7,7,7,7,7,9),(0.,0.137113774247,
    0.278965498916,0.448305803579,0.594650694685,0.68929283453,
    0.793397417503,0.898473436369,1.),.UNSPECIFIED.);
#1549 = CARTESIAN_POINT('',(4.712388980385,10.4));
#1550 = CARTESIAN_POINT('',(4.72786683079,10.4));
#1551 = CARTESIAN_POINT('',(4.74299283984,10.36919924065));
#1552 = CARTESIAN_POINT('',(4.757464684941,10.310046523317));
#1553 = CARTESIAN_POINT('',(4.77102036553,10.225694378217));
#1554 = CARTESIAN_POINT('',(4.783440902448,10.119978704874));
#1555 = CARTESIAN_POINT('',(4.794559800124,9.997391400317));
#1556 = CARTESIAN_POINT('',(4.804276528976,9.86304442178));
#1557 = CARTESIAN_POINT('',(4.821152666259,9.577350818966));
#1558 = CARTESIAN_POINT('',(4.82840668122,9.422282926958));
#1559 = CARTESIAN_POINT('',(4.834374961906,9.260068880678));
#1560 = CARTESIAN_POINT('',(4.839099193973,9.0927264199));
#1561 = CARTESIAN_POINT('',(4.842615731982,8.921836535361));
#1562 = CARTESIAN_POINT('',(4.844951508523,8.748689016443));
#1563 = CARTESIAN_POINT('',(4.846120569795,8.574397211119));
#1564 = CARTESIAN_POINT('',(4.846120569795,8.191807417695));
#1565 = CARTESIAN_POINT('',(4.844454553354,7.983223718949));
#1566 = CARTESIAN_POINT('',(4.841111169947,7.776006682205));
#1567 = CARTESIAN_POINT('',(4.836045816311,7.572279004036));
#1568 = CARTESIAN_POINT('',(4.829198893155,7.374739558898));
#1569 = CARTESIAN_POINT('',(4.820511326399,7.186844770403));
#1570 = CARTESIAN_POINT('',(4.809940718725,7.013021581933));
#1571 = CARTESIAN_POINT('',(4.786714164511,6.725844265));
#1572 = CARTESIAN_POINT('',(4.774115687898,6.602283588895));
#1573 = CARTESIAN_POINT('',(4.759877690016,6.498804754757));
#1574 = CARTESIAN_POINT('',(4.744348461375,6.423253709101));
#1575 = CARTESIAN_POINT('',(4.727994948601,6.380821243914));
#1576 = CARTESIAN_POINT('',(4.711339011116,6.373988969256));
#1577 = CARTESIAN_POINT('',(4.694917450053,6.402426977591));
#1578 = CARTESIAN_POINT('',(4.669075360246,6.501899061714));
#1579 = CARTESIAN_POINT('',(4.659156591301,6.554621895797));
#1580 = CARTESIAN_POINT('',(4.649562643628,6.620629528538));
#1581 = CARTESIAN_POINT('',(4.640384310515,6.699376800026));
#1582 = CARTESIAN_POINT('',(4.631708286947,6.790149935859));
#1583 = CARTESIAN_POINT('',(4.623616148719,6.892074465363));
#1584 = CARTESIAN_POINT('',(4.616182501229,7.004127164078));
#1585 = CARTESIAN_POINT('',(4.602091199949,7.258277098065));
#1586 = CARTESIAN_POINT('',(4.595583294853,7.402297977061));
#1587 = CARTESIAN_POINT('',(4.590036623707,7.5556785878));
#1588 = CARTESIAN_POINT('',(4.585523682113,7.716719673094));
#1589 = CARTESIAN_POINT('',(4.582100390578,7.883600129143));
#1590 = CARTESIAN_POINT('',(4.57980506552,8.054414519879));
#1591 = CARTESIAN_POINT('',(4.578657390975,8.227206764756));
#1592 = CARTESIAN_POINT('',(4.578657390975,8.574405628724));
#1593 = CARTESIAN_POINT('',(4.579826563028,8.748697157723));
#1594 = CARTESIAN_POINT('',(4.582162366135,8.921840733595));
#1595 = CARTESIAN_POINT('',(4.585678825437,9.092726682541));
#1596 = CARTESIAN_POINT('',(4.590402955218,9.260067276681));
#1597 = CARTESIAN_POINT('',(4.596371210019,9.422281730165));
#1598 = CARTESIAN_POINT('',(4.603625296078,9.57735084551));
#1599 = CARTESIAN_POINT('',(4.62049817661,9.862989315258));
#1600 = CARTESIAN_POINT('',(4.630214642611,9.997355541443));
#1601 = CARTESIAN_POINT('',(4.641336012701,10.119985867458));
#1602 = CARTESIAN_POINT('',(4.653760631967,10.225734890751));
#1603 = CARTESIAN_POINT('',(4.667320315004,10.310094028622));
#1604 = CARTESIAN_POINT('',(4.681794126564,10.369227409245));
#1605 = CARTESIAN_POINT('',(4.696918208241,10.4));
#1606 = CARTESIAN_POINT('',(4.712388980385,10.4));
#1607 = ( GEOMETRIC_REPRESENTATION_CONTEXT(2) 
PARAMETRIC_REPRESENTATION_CONTEXT() REPRESENTATION_CONTEXT('2D SPACE',''
  ) );
#1608 = PCURVE('',#1609,#1614);
#1609 = CYLINDRICAL_SURFACE('',#1610,2.);
#1610 = AXIS2_PLACEMENT_3D('',#1611,#1612,#1613);
#1611 = CARTESIAN_POINT('',(50.,0.,-17.));
#1612 = DIRECTION('',(-0.,-0.,-1.));
#1613 = DIRECTION('',(1.,0.,0.));
#1614 = DEFINITIONAL_REPRESENTATION('',(#1615),#1674);
#1615 = B_SPLINE_CURVE_WITH_KNOTS('',8,(#1616,#1617,#1618,#1619,#1620,
    #1621,#1622,#1623,#1624,#1625,#1626,#1627,#1628,#1629,#1630,#1631,
    #1632,#1633,#1634,#1635,#1636,#1637,#1638,#1639,#1640,#1641,#1642,
    #1643,#1644,#1645,#1646,#1647,#1648,#1649,#1650,#1651,#1652,#1653,
    #1654,#1655,#1656,#1657,#1658,#1659,#1660,#1661,#1662,#1663,#1664,
    #1665,#1666,#1667,#1668,#1669,#1670,#1671,#1672,#1673),
  .UNSPECIFIED.,.F.,.F.,(9,7,7,7,7,7,7,7,9),(0.,0.137113774247,
    0.278965498916,0.448305803579,0.594650694685,0.68929283453,
    0.793397417503,0.898473436369,1.),.UNSPECIFIED.);
#1616 = CARTESIAN_POINT('',(0.,-2.));
#1617 = CARTESIAN_POINT('',(-0.116083878043,-2.));
#1618 = CARTESIAN_POINT('',(-0.229528818889,-2.004106892215));
#1619 = CARTESIAN_POINT('',(-0.340409373377,-2.011993399926));
#1620 = CARTESIAN_POINT('',(-0.448653487291,-2.022893410713));
#1621 = CARTESIAN_POINT('',(-0.554056974594,-2.035734752023));
#1622 = CARTESIAN_POINT('',(-0.656251647352,-2.049363155543));
#1623 = CARTESIAN_POINT('',(-0.754630083861,-2.062766793607));
#1624 = CARTESIAN_POINT('',(-0.945064283795,-2.088084748385));
#1625 = CARTESIAN_POINT('',(-1.038980043837,-2.10022348026));
#1626 = CARTESIAN_POINT('',(-1.130590107791,-2.111007803676));
#1627 = CARTESIAN_POINT('',(-1.220397108586,-2.120002330829));
#1628 = CARTESIAN_POINT('',(-1.308867447686,-2.126921530007));
#1629 = CARTESIAN_POINT('',(-1.396451927686,-2.13159314521));
#1630 = CARTESIAN_POINT('',(-1.483597721235,-2.133931252681));
#1631 = CARTESIAN_POINT('',(-1.674892617947,-2.133931252681));
#1632 = CARTESIAN_POINT('',(-1.779184117115,-2.130599311076));
#1633 = CARTESIAN_POINT('',(-1.884512614056,-2.12391218149));
#1634 = CARTESIAN_POINT('',(-1.991559362621,-2.114013104297));
#1635 = CARTESIAN_POINT('',(-2.100979393211,-2.101251220248));
#1636 = CARTESIAN_POINT('',(-2.213428245702,-2.086283910921));
#1637 = CARTESIAN_POINT('',(-2.329605848546,-2.070156376765));
#1638 = CARTESIAN_POINT('',(-2.554869818488,-2.040546051055));
#1639 = CARTESIAN_POINT('',(-2.66685666083,-2.02646512038));
#1640 = CARTESIAN_POINT('',(-2.783709922775,-2.01345593091));
#1641 = CARTESIAN_POINT('',(-2.903737459591,-2.003227521465));
#1642 = CARTESIAN_POINT('',(-3.025728395756,-1.997337950197));
#1643 = CARTESIAN_POINT('',(-3.148639249478,-1.996494829917));
#1644 = CARTESIAN_POINT('',(-3.271470213532,-2.000443008677));
#1645 = CARTESIAN_POINT('',(-3.471462431264,-2.013296341473));
#1646 = CARTESIAN_POINT('',(-3.550003874584,-2.019994411617));
#1647 = CARTESIAN_POINT('',(-3.628539742948,-2.028155043477));
#1648 = CARTESIAN_POINT('',(-3.707074952721,-2.037503814029));
#1649 = CARTESIAN_POINT('',(-3.785614704841,-2.047696172055));
#1650 = CARTESIAN_POINT('',(-3.864159345912,-2.058340576312));
#1651 = CARTESIAN_POINT('',(-3.942703375066,-2.069028133232));
#1652 = CARTESIAN_POINT('',(-4.107625870798,-2.090743201721));
#1653 = CARTESIAN_POINT('',(-4.194027725465,-2.101700822544));
#1654 = CARTESIAN_POINT('',(-4.280426532152,-2.111721462063));
#1655 = CARTESIAN_POINT('',(-4.366818093775,-2.120308265974));
#1656 = CARTESIAN_POINT('',(-4.453206047644,-2.127044921194));
#1657 = CARTESIAN_POINT('',(-4.539596424386,-2.131636123621));
#1658 = CARTESIAN_POINT('',(-4.625992362763,-2.133931252681));
#1659 = CARTESIAN_POINT('',(-4.799591794747,-2.133931252681));
#1660 = CARTESIAN_POINT('',(-4.886737439358,-2.131592925672));
#1661 = CARTESIAN_POINT('',(-4.974320112175,-2.126921251757));
#1662 = CARTESIAN_POINT('',(-5.062788510012,-2.12000223626));
#1663 = CARTESIAN_POINT('',(-5.152594368777,-2.111007905831));
#1664 = CARTESIAN_POINT('',(-5.244204476641,-2.100223583359));
#1665 = CARTESIAN_POINT('',(-5.338121041078,-2.088084746033));
#1666 = CARTESIAN_POINT('',(-5.528518491077,-2.062771677106));
#1667 = CARTESIAN_POINT('',(-5.626902830012,-2.049367513415));
#1668 = CARTESIAN_POINT('',(-5.729124302902,-2.035734759274));
#1669 = CARTESIAN_POINT('',(-5.834560547508,-2.022888658127));
#1670 = CARTESIAN_POINT('',(-5.942831898178,-2.011987056407));
#1671 = CARTESIAN_POINT('',(-6.05372404122,-2.004103138557));
#1672 = CARTESIAN_POINT('',(-6.167154516102,-2.));
#1673 = CARTESIAN_POINT('',(-6.28318530718,-2.));
#1674 = ( GEOMETRIC_REPRESENTATION_CONTEXT(2) 
PARAMETRIC_REPRESENTATION_CONTEXT() REPRESENTATION_CONTEXT('2D SPACE',''
  ) );
#1675 = ADVANCED_FACE('',(#1676),#1196,.T.);
#1676 = FACE_BOUND('',#1677,.T.);
#1677 = EDGE_LOOP('',(#1678,#1679,#1702,#1729));
#1678 = ORIENTED_EDGE('',*,*,#1181,.T.);
#1679 = ORIENTED_EDGE('',*,*,#1680,.T.);
#1680 = EDGE_CURVE('',#1159,#1681,#1683,.T.);
#1681 = VERTEX_POINT('',#1682);
#1682 = CARTESIAN_POINT('',(80.,12.5,0.));
#1683 = SEAM_CURVE('',#1684,(#1688,#1695),.PCURVE_S1.);
#1684 = LINE('',#1685,#1686);
#1685 = CARTESIAN_POINT('',(70.,15.,0.));
#1686 = VECTOR('',#1687,1.);
#1687 = DIRECTION('',(0.970142500145,-0.242535625036,0.));
#1688 = PCURVE('',#1196,#1689);
#1689 = DEFINITIONAL_REPRESENTATION('',(#1690),#1694);
#1690 = LINE('',#1691,#1692);
#1691 = CARTESIAN_POINT('',(-0.,-0.));
#1692 = VECTOR('',#1693,1.);
#1693 = DIRECTION('',(-0.,-1.));
#1694 = ( GEOMETRIC_REPRESENTATION_CONTEXT(2) 
PARAMETRIC_REPRESENTATION_CONTEXT() REPRESENTATION_CONTEXT('2D SPACE',''
  ) );
#1695 = PCURVE('',#1196,#1696);
#1696 = DEFINITIONAL_REPRESENTATION('',(#1697),#1701);
#1697 = LINE('',#1698,#1699);
#1698 = CARTESIAN_POINT('',(-6.28318530718,-0.));
#1699 = VECTOR('',#1700,1.);
#1700 = DIRECTION('',(-0.,-1.));
#1701 = ( GEOMETRIC_REPRESENTATION_CONTEXT(2) 
PARAMETRIC_REPRESENTATION_CONTEXT() REPRESENTATION_CONTEXT('2D SPACE',''
  ) );
#1702 = ORIENTED_EDGE('',*,*,#1703,.F.);
#1703 = EDGE_CURVE('',#1681,#1681,#1704,.T.);
#1704 = SURFACE_CURVE('',#1705,(#1710,#1717),.PCURVE_S1.);
#1705 = CIRCLE('',#1706,12.5);
#1706 = AXIS2_PLACEMENT_3D('',#1707,#1708,#1709);
#1707 = CARTESIAN_POINT('',(80.,0.,0.));
#1708 = DIRECTION('',(1.,0.,0.));
#1709 = DIRECTION('',(-0.,1.,0.));
#1710 = PCURVE('',#1196,#1711);
#1711 = DEFINITIONAL_REPRESENTATION('',(#1712),#1716);
#1712 = LINE('',#1713,#1714);
#1713 = CARTESIAN_POINT('',(-0.,-10.));
#1714 = VECTOR('',#1715,1.);
#1715 = DIRECTION('',(-1.,-0.));
#1716 = ( GEOMETRIC_REPRESENTATION_CONTEXT(2) 
PARAMETRIC_REPRESENTATION_CONTEXT() REPRESENTATION_CONTEXT('2D SPACE',''
  ) );
#1717 = PCURVE('',#1718,#1723);
#1718 = PLANE('',#1719);
#1719 = AXIS2_PLACEMENT_3D('',#1720,#1721,#1722);
#1720 = CARTESIAN_POINT('',(80.,0.,0.));
#1721 = DIRECTION('',(1.,0.,0.));
#1722 = DIRECTION('',(-0.,1.,0.));
#1723 = DEFINITIONAL_REPRESENTATION('',(#1724),#1728);
#1724 = CIRCLE('',#1725,12.5);
#1725 = AXIS2_PLACEMENT_2D('',#1726,#1727);
#1726 = CARTESIAN_POINT('',(0.,0.));
#1727 = DIRECTION('',(1.,0.));
#1728 = ( GEOMETRIC_REPRESENTATION_CONTEXT(2) 
PARAMETRIC_REPRESENTATION_CONTEXT() REPRESENTATION_CONTEXT('2D SPACE',''
  ) );
#1729 = ORIENTED_EDGE('',*,*,#1680,.F.);
#1730 = ADVANCED_FACE('',(#1731),#1283,.F.);
#1731 = FACE_BOUND('',#1732,.F.);
#1732 = EDGE_LOOP('',(#1733,#1764,#1785,#1786));
#1733 = ORIENTED_EDGE('',*,*,#1734,.F.);
#1734 = EDGE_CURVE('',#1735,#1737,#1739,.T.);
#1735 = VERTEX_POINT('',#1736);
#1736 = CARTESIAN_POINT('',(49.,-4.,11.));
#1737 = VERTEX_POINT('',#1738);
#1738 = CARTESIAN_POINT('',(49.,4.,11.));
#1739 = SURFACE_CURVE('',#1740,(#1745,#1752),.PCURVE_S1.);
#1740 = CIRCLE('',#1741,4.);
#1741 = AXIS2_PLACEMENT_3D('',#1742,#1743,#1744);
#1742 = CARTESIAN_POINT('',(49.,4.440892098501E-16,11.));
#1743 = DIRECTION('',(-0.,-0.,-1.));
#1744 = DIRECTION('',(0.,-1.,0.));
#1745 = PCURVE('',#1283,#1746);
#1746 = DEFINITIONAL_REPRESENTATION('',(#1747),#1751);
#1747 = LINE('',#1748,#1749);
#1748 = CARTESIAN_POINT('',(0.,0.));
#1749 = VECTOR('',#1750,1.);
#1750 = DIRECTION('',(1.,0.));
#1751 = ( GEOMETRIC_REPRESENTATION_CONTEXT(2) 
PARAMETRIC_REPRESENTATION_CONTEXT() REPRESENTATION_CONTEXT('2D SPACE',''
  ) );
#1752 = PCURVE('',#1753,#1758);
#1753 = PLANE('',#1754);
#1754 = AXIS2_PLACEMENT_3D('',#1755,#1756,#1757);
#1755 = CARTESIAN_POINT('',(55.,7.401486830834E-17,11.));
#1756 = DIRECTION('',(-0.,-0.,-1.));
#1757 = DIRECTION('',(-1.,0.,0.));
#1758 = DEFINITIONAL_REPRESENTATION('',(#1759),#1763);
#1759 = CIRCLE('',#1760,4.);
#1760 = AXIS2_PLACEMENT_2D('',#1761,#1762);
#1761 = CARTESIAN_POINT('',(6.,3.700743415417E-16));
#1762 = DIRECTION('',(0.,-1.));
#1763 = ( GEOMETRIC_REPRESENTATION_CONTEXT(2) 
PARAMETRIC_REPRESENTATION_CONTEXT() REPRESENTATION_CONTEXT('2D SPACE',''
  ) );
#1764 = ORIENTED_EDGE('',*,*,#1765,.T.);
#1765 = EDGE_CURVE('',#1735,#1212,#1766,.T.);
#1766 = SURFACE_CURVE('',#1767,(#1771,#1778),.PCURVE_S1.);
#1767 = LINE('',#1768,#1769);
#1768 = CARTESIAN_POINT('',(49.,-4.,11.));
#1769 = VECTOR('',#1770,1.);
#1770 = DIRECTION('',(0.,0.,1.));
#1771 = PCURVE('',#1283,#1772);
#1772 = DEFINITIONAL_REPRESENTATION('',(#1773),#1777);
#1773 = LINE('',#1774,#1775);
#1774 = CARTESIAN_POINT('',(0.,0.));
#1775 = VECTOR('',#1776,1.);
#1776 = DIRECTION('',(0.,-1.));
#1777 = ( GEOMETRIC_REPRESENTATION_CONTEXT(2) 
PARAMETRIC_REPRESENTATION_CONTEXT() REPRESENTATION_CONTEXT('2D SPACE',''
  ) );
#1778 = PCURVE('',#1470,#1779);
#1779 = DEFINITIONAL_REPRESENTATION('',(#1780),#1784);
#1780 = LINE('',#1781,#1782);
#1781 = CARTESIAN_POINT('',(12.,0.));
#1782 = VECTOR('',#1783,1.);
#1783 = DIRECTION('',(0.,-1.));
#1784 = ( GEOMETRIC_REPRESENTATION_CONTEXT(2) 
PARAMETRIC_REPRESENTATION_CONTEXT() REPRESENTATION_CONTEXT('2D SPACE',''
  ) );
#1785 = ORIENTED_EDGE('',*,*,#1211,.T.);
#1786 = ORIENTED_EDGE('',*,*,#1787,.F.);
#1787 = EDGE_CURVE('',#1737,#1214,#1788,.T.);
#1788 = SURFACE_CURVE('',#1789,(#1793,#1800),.PCURVE_S1.);
#1789 = LINE('',#1790,#1791);
#1790 = CARTESIAN_POINT('',(49.,4.,11.));
#1791 = VECTOR('',#1792,1.);
#1792 = DIRECTION('',(0.,0.,1.));
#1793 = PCURVE('',#1283,#1794);
#1794 = DEFINITIONAL_REPRESENTATION('',(#1795),#1799);
#1795 = LINE('',#1796,#1797);
#1796 = CARTESIAN_POINT('',(3.14159265359,0.));
#1797 = VECTOR('',#1798,1.);
#1798 = DIRECTION('',(0.,-1.));
#1799 = ( GEOMETRIC_REPRESENTATION_CONTEXT(2) 
PARAMETRIC_REPRESENTATION_CONTEXT() REPRESENTATION_CONTEXT('2D SPACE',''
  ) );
#1800 = PCURVE('',#1337,#1801);
#1801 = DEFINITIONAL_REPRESENTATION('',(#1802),#1806);
#1802 = LINE('',#1803,#1804);
#1803 = CARTESIAN_POINT('',(0.,0.));
#1804 = VECTOR('',#1805,1.);
#1805 = DIRECTION('',(0.,-1.));
#1806 = ( GEOMETRIC_REPRESENTATION_CONTEXT(2) 
PARAMETRIC_REPRESENTATION_CONTEXT() REPRESENTATION_CONTEXT('2D SPACE',''
  ) );
#1807 = ADVANCED_FACE('',(#1808),#1470,.F.);
#1808 = FACE_BOUND('',#1809,.F.);
#1809 = EDGE_LOOP('',(#1810,#1833,#1854,#1855));
#1810 = ORIENTED_EDGE('',*,*,#1811,.F.);
#1811 = EDGE_CURVE('',#1812,#1735,#1814,.T.);
#1812 = VERTEX_POINT('',#1813);
#1813 = CARTESIAN_POINT('',(61.,-4.,11.));
#1814 = SURFACE_CURVE('',#1815,(#1819,#1826),.PCURVE_S1.);
#1815 = LINE('',#1816,#1817);
#1816 = CARTESIAN_POINT('',(61.,-4.,11.));
#1817 = VECTOR('',#1818,1.);
#1818 = DIRECTION('',(-1.,0.,0.));
#1819 = PCURVE('',#1470,#1820);
#1820 = DEFINITIONAL_REPRESENTATION('',(#1821),#1825);
#1821 = LINE('',#1822,#1823);
#1822 = CARTESIAN_POINT('',(0.,-0.));
#1823 = VECTOR('',#1824,1.);
#1824 = DIRECTION('',(1.,0.));
#1825 = ( GEOMETRIC_REPRESENTATION_CONTEXT(2) 
PARAMETRIC_REPRESENTATION_CONTEXT() REPRESENTATION_CONTEXT('2D SPACE',''
  ) );
#1826 = PCURVE('',#1753,#1827);
#1827 = DEFINITIONAL_REPRESENTATION('',(#1828),#1832);
#1828 = LINE('',#1829,#1830);
#1829 = CARTESIAN_POINT('',(-6.,-4.));
#1830 = VECTOR('',#1831,1.);
#1831 = DIRECTION('',(1.,0.));
#1832 = ( GEOMETRIC_REPRESENTATION_CONTEXT(2) 
PARAMETRIC_REPRESENTATION_CONTEXT() REPRESENTATION_CONTEXT('2D SPACE',''
  ) );
#1833 = ORIENTED_EDGE('',*,*,#1834,.T.);
#1834 = EDGE_CURVE('',#1812,#1349,#1835,.T.);
#1835 = SURFACE_CURVE('',#1836,(#1840,#1847),.PCURVE_S1.);
#1836 = LINE('',#1837,#1838);
#1837 = CARTESIAN_POINT('',(61.,-4.,11.));
#1838 = VECTOR('',#1839,1.);
#1839 = DIRECTION('',(0.,0.,1.));
#1840 = PCURVE('',#1470,#1841);
#1841 = DEFINITIONAL_REPRESENTATION('',(#1842),#1846);
#1842 = LINE('',#1843,#1844);
#1843 = CARTESIAN_POINT('',(0.,-0.));
#1844 = VECTOR('',#1845,1.);
#1845 = DIRECTION('',(0.,-1.));
#1846 = ( GEOMETRIC_REPRESENTATION_CONTEXT(2) 
PARAMETRIC_REPRESENTATION_CONTEXT() REPRESENTATION_CONTEXT('2D SPACE',''
  ) );
#1847 = PCURVE('',#1418,#1848);
#1848 = DEFINITIONAL_REPRESENTATION('',(#1849),#1853);
#1849 = LINE('',#1850,#1851);
#1850 = CARTESIAN_POINT('',(3.14159265359,0.));
#1851 = VECTOR('',#1852,1.);
#1852 = DIRECTION('',(0.,-1.));
#1853 = ( GEOMETRIC_REPRESENTATION_CONTEXT(2) 
PARAMETRIC_REPRESENTATION_CONTEXT() REPRESENTATION_CONTEXT('2D SPACE',''
  ) );
#1854 = ORIENTED_EDGE('',*,*,#1457,.F.);
#1855 = ORIENTED_EDGE('',*,*,#1765,.F.);
#1856 = ADVANCED_FACE('',(#1857),#1337,.F.);
#1857 = FACE_BOUND('',#1858,.F.);
#1858 = EDGE_LOOP('',(#1859,#1882,#1883,#1884));
#1859 = ORIENTED_EDGE('',*,*,#1860,.F.);
#1860 = EDGE_CURVE('',#1737,#1861,#1863,.T.);
#1861 = VERTEX_POINT('',#1862);
#1862 = CARTESIAN_POINT('',(61.,4.,11.));
#1863 = SURFACE_CURVE('',#1864,(#1868,#1875),.PCURVE_S1.);
#1864 = LINE('',#1865,#1866);
#1865 = CARTESIAN_POINT('',(49.,4.,11.));
#1866 = VECTOR('',#1867,1.);
#1867 = DIRECTION('',(1.,0.,0.));
#1868 = PCURVE('',#1337,#1869);
#1869 = DEFINITIONAL_REPRESENTATION('',(#1870),#1874);
#1870 = LINE('',#1871,#1872);
#1871 = CARTESIAN_POINT('',(0.,0.));
#1872 = VECTOR('',#1873,1.);
#1873 = DIRECTION('',(1.,0.));
#1874 = ( GEOMETRIC_REPRESENTATION_CONTEXT(2) 
PARAMETRIC_REPRESENTATION_CONTEXT() REPRESENTATION_CONTEXT('2D SPACE',''
  ) );
#1875 = PCURVE('',#1753,#1876);
#1876 = DEFINITIONAL_REPRESENTATION('',(#1877),#1881);
#1877 = LINE('',#1878,#1879);
#1878 = CARTESIAN_POINT('',(6.,4.));
#1879 = VECTOR('',#1880,1.);
#1880 = DIRECTION('',(-1.,0.));
#1881 = ( GEOMETRIC_REPRESENTATION_CONTEXT(2) 
PARAMETRIC_REPRESENTATION_CONTEXT() REPRESENTATION_CONTEXT('2D SPACE',''
  ) );
#1882 = ORIENTED_EDGE('',*,*,#1787,.T.);
#1883 = ORIENTED_EDGE('',*,*,#1322,.T.);
#1884 = ORIENTED_EDGE('',*,*,#1885,.F.);
#1885 = EDGE_CURVE('',#1861,#1323,#1886,.T.);
#1886 = SURFACE_CURVE('',#1887,(#1891,#1898),.PCURVE_S1.);
#1887 = LINE('',#1888,#1889);
#1888 = CARTESIAN_POINT('',(61.,4.,11.));
#1889 = VECTOR('',#1890,1.);
#1890 = DIRECTION('',(0.,0.,1.));
#1891 = PCURVE('',#1337,#1892);
#1892 = DEFINITIONAL_REPRESENTATION('',(#1893),#1897);
#1893 = LINE('',#1894,#1895);
#1894 = CARTESIAN_POINT('',(12.,0.));
#1895 = VECTOR('',#1896,1.);
#1896 = DIRECTION('',(0.,-1.));
#1897 = ( GEOMETRIC_REPRESENTATION_CONTEXT(2) 
PARAMETRIC_REPRESENTATION_CONTEXT() REPRESENTATION_CONTEXT('2D SPACE',''
  ) );
#1898 = PCURVE('',#1418,#1899);
#1899 = DEFINITIONAL_REPRESENTATION('',(#1900),#1904);
#1900 = LINE('',#1901,#1902);
#1901 = CARTESIAN_POINT('',(0.,0.));
#1902 = VECTOR('',#1903,1.);
#1903 = DIRECTION('',(0.,-1.));
#1904 = ( GEOMETRIC_REPRESENTATION_CONTEXT(2) 
PARAMETRIC_REPRESENTATION_CONTEXT() REPRESENTATION_CONTEXT('2D SPACE',''
  ) );
#1905 = ADVANCED_FACE('',(#1906),#1418,.F.);
#1906 = FACE_BOUND('',#1907,.F.);
#1907 = EDGE_LOOP('',(#1908,#1930,#1931,#1932));
#1908 = ORIENTED_EDGE('',*,*,#1909,.F.);
#1909 = EDGE_CURVE('',#1861,#1812,#1910,.T.);
#1910 = SURFACE_CURVE('',#1911,(#1916,#1923),.PCURVE_S1.);
#1911 = CIRCLE('',#1912,4.);
#1912 = AXIS2_PLACEMENT_3D('',#1913,#1914,#1915);
#1913 = CARTESIAN_POINT('',(61.,-4.440892098501E-16,11.));
#1914 = DIRECTION('',(0.,0.,-1.));
#1915 = DIRECTION('',(0.,1.,0.));
#1916 = PCURVE('',#1418,#1917);
#1917 = DEFINITIONAL_REPRESENTATION('',(#1918),#1922);
#1918 = LINE('',#1919,#1920);
#1919 = CARTESIAN_POINT('',(0.,0.));
#1920 = VECTOR('',#1921,1.);
#1921 = DIRECTION('',(1.,0.));
#1922 = ( GEOMETRIC_REPRESENTATION_CONTEXT(2) 
PARAMETRIC_REPRESENTATION_CONTEXT() REPRESENTATION_CONTEXT('2D SPACE',''
  ) );
#1923 = PCURVE('',#1753,#1924);
#1924 = DEFINITIONAL_REPRESENTATION('',(#1925),#1929);
#1925 = CIRCLE('',#1926,4.);
#1926 = AXIS2_PLACEMENT_2D('',#1927,#1928);
#1927 = CARTESIAN_POINT('',(-6.,-5.181040781584E-16));
#1928 = DIRECTION('',(0.,1.));
#1929 = ( GEOMETRIC_REPRESENTATION_CONTEXT(2) 
PARAMETRIC_REPRESENTATION_CONTEXT() REPRESENTATION_CONTEXT('2D SPACE',''
  ) );
#1930 = ORIENTED_EDGE('',*,*,#1885,.T.);
#1931 = ORIENTED_EDGE('',*,*,#1348,.T.);
#1932 = ORIENTED_EDGE('',*,*,#1834,.F.);
#1933 = ADVANCED_FACE('',(#1934),#1609,.F.);
#1934 = FACE_BOUND('',#1935,.T.);
#1935 = EDGE_LOOP('',(#1936,#1937,#1960,#1982));
#1936 = ORIENTED_EDGE('',*,*,#1483,.F.);
#1937 = ORIENTED_EDGE('',*,*,#1938,.T.);
#1938 = EDGE_CURVE('',#1484,#1939,#1941,.T.);
#1939 = VERTEX_POINT('',#1940);
#1940 = CARTESIAN_POINT('',(52.,0.,11.));
#1941 = SEAM_CURVE('',#1942,(#1946,#1953),.PCURVE_S1.);
#1942 = LINE('',#1943,#1944);
#1943 = CARTESIAN_POINT('',(52.,0.,-17.));
#1944 = VECTOR('',#1945,1.);
#1945 = DIRECTION('',(0.,0.,1.));
#1946 = PCURVE('',#1609,#1947);
#1947 = DEFINITIONAL_REPRESENTATION('',(#1948),#1952);
#1948 = LINE('',#1949,#1950);
#1949 = CARTESIAN_POINT('',(-6.28318530718,0.));
#1950 = VECTOR('',#1951,1.);
#1951 = DIRECTION('',(-0.,-1.));
#1952 = ( GEOMETRIC_REPRESENTATION_CONTEXT(2) 
PARAMETRIC_REPRESENTATION_CONTEXT() REPRESENTATION_CONTEXT('2D SPACE',''
  ) );
#1953 = PCURVE('',#1609,#1954);
#1954 = DEFINITIONAL_REPRESENTATION('',(#1955),#1959);
#1955 = LINE('',#1956,#1957);
#1956 = CARTESIAN_POINT('',(-0.,0.));
#1957 = VECTOR('',#1958,1.);
#1958 = DIRECTION('',(-0.,-1.));
#1959 = ( GEOMETRIC_REPRESENTATION_CONTEXT(2) 
PARAMETRIC_REPRESENTATION_CONTEXT() REPRESENTATION_CONTEXT('2D SPACE',''
  ) );
#1960 = ORIENTED_EDGE('',*,*,#1961,.F.);
#1961 = EDGE_CURVE('',#1939,#1939,#1962,.T.);
#1962 = SURFACE_CURVE('',#1963,(#1968,#1975),.PCURVE_S1.);
#1963 = CIRCLE('',#1964,2.);
#1964 = AXIS2_PLACEMENT_3D('',#1965,#1966,#1967);
#1965 = CARTESIAN_POINT('',(50.,0.,11.));
#1966 = DIRECTION('',(0.,0.,-1.));
#1967 = DIRECTION('',(1.,0.,0.));
#1968 = PCURVE('',#1609,#1969);
#1969 = DEFINITIONAL_REPRESENTATION('',(#1970),#1974);
#1970 = LINE('',#1971,#1972);
#1971 = CARTESIAN_POINT('',(-6.28318530718,-28.));
#1972 = VECTOR('',#1973,1.);
#1973 = DIRECTION('',(1.,-0.));
#1974 = ( GEOMETRIC_REPRESENTATION_CONTEXT(2) 
PARAMETRIC_REPRESENTATION_CONTEXT() REPRESENTATION_CONTEXT('2D SPACE',''
  ) );
#1975 = PCURVE('',#1753,#1976);
#1976 = DEFINITIONAL_REPRESENTATION('',(#1977),#1981);
#1977 = CIRCLE('',#1978,2.);
#1978 = AXIS2_PLACEMENT_2D('',#1979,#1980);
#1979 = CARTESIAN_POINT('',(5.,-7.401486830834E-17));
#1980 = DIRECTION('',(-1.,0.));
#1981 = ( GEOMETRIC_REPRESENTATION_CONTEXT(2) 
PARAMETRIC_REPRESENTATION_CONTEXT() REPRESENTATION_CONTEXT('2D SPACE',''
  ) );
#1982 = ORIENTED_EDGE('',*,*,#1938,.F.);
#1983 = ADVANCED_FACE('',(#1984,#1987),#1718,.T.);
#1984 = FACE_BOUND('',#1985,.T.);
#1985 = EDGE_LOOP('',(#1986));
#1986 = ORIENTED_EDGE('',*,*,#1703,.T.);
#1987 = FACE_BOUND('',#1988,.T.);
#1988 = EDGE_LOOP('',(#1989));
#1989 = ORIENTED_EDGE('',*,*,#1990,.F.);
#1990 = EDGE_CURVE('',#1991,#1991,#1993,.T.);
#1991 = VERTEX_POINT('',#1992);
#1992 = CARTESIAN_POINT('',(80.,8.9,0.));
#1993 = SURFACE_CURVE('',#1994,(#1999,#2006),.PCURVE_S1.);
#1994 = CIRCLE('',#1995,8.9);
#1995 = AXIS2_PLACEMENT_3D('',#1996,#1997,#1998);
#1996 = CARTESIAN_POINT('',(80.,0.,0.));
#1997 = DIRECTION('',(1.,0.,0.));
#1998 = DIRECTION('',(-0.,1.,0.));
#1999 = PCURVE('',#1718,#2000);
#2000 = DEFINITIONAL_REPRESENTATION('',(#2001),#2005);
#2001 = CIRCLE('',#2002,8.9);
#2002 = AXIS2_PLACEMENT_2D('',#2003,#2004);
#2003 = CARTESIAN_POINT('',(0.,0.));
#2004 = DIRECTION('',(1.,0.));
#2005 = ( GEOMETRIC_REPRESENTATION_CONTEXT(2) 
PARAMETRIC_REPRESENTATION_CONTEXT() REPRESENTATION_CONTEXT('2D SPACE',''
  ) );
#2006 = PCURVE('',#2007,#2012);
#2007 = CYLINDRICAL_SURFACE('',#2008,8.9);
#2008 = AXIS2_PLACEMENT_3D('',#2009,#2010,#2011);
#2009 = CARTESIAN_POINT('',(80.,0.,0.));
#2010 = DIRECTION('',(1.,0.,0.));
#2011 = DIRECTION('',(-0.,1.,0.));
#2012 = DEFINITIONAL_REPRESENTATION('',(#2013),#2017);
#2013 = LINE('',#2014,#2015);
#2014 = CARTESIAN_POINT('',(0.,0.));
#2015 = VECTOR('',#2016,1.);
#2016 = DIRECTION('',(1.,0.));
#2017 = ( GEOMETRIC_REPRESENTATION_CONTEXT(2) 
PARAMETRIC_REPRESENTATION_CONTEXT() REPRESENTATION_CONTEXT('2D SPACE',''
  ) );
#2018 = ADVANCED_FACE('',(#2019,#2025),#1753,.F.);
#2019 = FACE_BOUND('',#2020,.F.);
#2020 = EDGE_LOOP('',(#2021,#2022,#2023,#2024));
#2021 = ORIENTED_EDGE('',*,*,#1860,.T.);
#2022 = ORIENTED_EDGE('',*,*,#1909,.T.);
#2023 = ORIENTED_EDGE('',*,*,#1811,.T.);
#2024 = ORIENTED_EDGE('',*,*,#1734,.T.);
#2025 = FACE_BOUND('',#2026,.F.);
#2026 = EDGE_LOOP('',(#2027));
#2027 = ORIENTED_EDGE('',*,*,#1961,.F.);
#2028 = ADVANCED_FACE('',(#2029),#2007,.T.);
#2029 = FACE_BOUND('',#2030,.T.);
#2030 = EDGE_LOOP('',(#2031,#2032,#2055,#2082));
#2031 = ORIENTED_EDGE('',*,*,#1990,.T.);
#2032 = ORIENTED_EDGE('',*,*,#2033,.T.);
#2033 = EDGE_CURVE('',#1991,#2034,#2036,.T.);
#2034 = VERTEX_POINT('',#2035);
#2035 = CARTESIAN_POINT('',(84.5,8.9,0.));
#2036 = SEAM_CURVE('',#2037,(#2041,#2048),.PCURVE_S1.);
#2037 = LINE('',#2038,#2039);
#2038 = CARTESIAN_POINT('',(80.,8.9,0.));
#2039 = VECTOR('',#2040,1.);
#2040 = DIRECTION('',(1.,0.,0.));
#2041 = PCURVE('',#2007,#2042);
#2042 = DEFINITIONAL_REPRESENTATION('',(#2043),#2047);
#2043 = LINE('',#2044,#2045);
#2044 = CARTESIAN_POINT('',(0.,0.));
#2045 = VECTOR('',#2046,1.);
#2046 = DIRECTION('',(0.,1.));
#2047 = ( GEOMETRIC_REPRESENTATION_CONTEXT(2) 
PARAMETRIC_REPRESENTATION_CONTEXT() REPRESENTATION_CONTEXT('2D SPACE',''
  ) );
#2048 = PCURVE('',#2007,#2049);
#2049 = DEFINITIONAL_REPRESENTATION('',(#2050),#2054);
#2050 = LINE('',#2051,#2052);
#2051 = CARTESIAN_POINT('',(6.28318530718,0.));
#2052 = VECTOR('',#2053,1.);
#2053 = DIRECTION('',(0.,1.));
#2054 = ( GEOMETRIC_REPRESENTATION_CONTEXT(2) 
PARAMETRIC_REPRESENTATION_CONTEXT() REPRESENTATION_CONTEXT('2D SPACE',''
  ) );
#2055 = ORIENTED_EDGE('',*,*,#2056,.F.);
#2056 = EDGE_CURVE('',#2034,#2034,#2057,.T.);
#2057 = SURFACE_CURVE('',#2058,(#2063,#2070),.PCURVE_S1.);
#2058 = CIRCLE('',#2059,8.9);
#2059 = AXIS2_PLACEMENT_3D('',#2060,#2061,#2062);
#2060 = CARTESIAN_POINT('',(84.5,0.,0.));
#2061 = DIRECTION('',(1.,0.,0.));
#2062 = DIRECTION('',(-0.,1.,0.));
#2063 = PCURVE('',#2007,#2064);
#2064 = DEFINITIONAL_REPRESENTATION('',(#2065),#2069);
#2065 = LINE('',#2066,#2067);
#2066 = CARTESIAN_POINT('',(0.,4.5));
#2067 = VECTOR('',#2068,1.);
#2068 = DIRECTION('',(1.,0.));
#2069 = ( GEOMETRIC_REPRESENTATION_CONTEXT(2) 
PARAMETRIC_REPRESENTATION_CONTEXT() REPRESENTATION_CONTEXT('2D SPACE',''
  ) );
#2070 = PCURVE('',#2071,#2076);
#2071 = PLANE('',#2072);
#2072 = AXIS2_PLACEMENT_3D('',#2073,#2074,#2075);
#2073 = CARTESIAN_POINT('',(84.5,0.,0.));
#2074 = DIRECTION('',(1.,0.,0.));
#2075 = DIRECTION('',(-0.,1.,0.));
#2076 = DEFINITIONAL_REPRESENTATION('',(#2077),#2081);
#2077 = CIRCLE('',#2078,8.9);
#2078 = AXIS2_PLACEMENT_2D('',#2079,#2080);
#2079 = CARTESIAN_POINT('',(0.,0.));
#2080 = DIRECTION('',(1.,-0.));
#2081 = ( GEOMETRIC_REPRESENTATION_CONTEXT(2) 
PARAMETRIC_REPRESENTATION_CONTEXT() REPRESENTATION_CONTEXT('2D SPACE',''
  ) );
#2082 = ORIENTED_EDGE('',*,*,#2033,.F.);
#2083 = ADVANCED_FACE('',(#2084,#2087),#2071,.F.);
#2084 = FACE_BOUND('',#2085,.T.);
#2085 = EDGE_LOOP('',(#2086));
#2086 = ORIENTED_EDGE('',*,*,#2056,.T.);
#2087 = FACE_BOUND('',#2088,.T.);
#2088 = EDGE_LOOP('',(#2089));
#2089 = ORIENTED_EDGE('',*,*,#2090,.F.);
#2090 = EDGE_CURVE('',#2091,#2091,#2093,.T.);
#2091 = VERTEX_POINT('',#2092);
#2092 = CARTESIAN_POINT('',(84.5,10.,0.));
#2093 = SURFACE_CURVE('',#2094,(#2099,#2106),.PCURVE_S1.);
#2094 = CIRCLE('',#2095,10.);
#2095 = AXIS2_PLACEMENT_3D('',#2096,#2097,#2098);
#2096 = CARTESIAN_POINT('',(84.5,0.,0.));
#2097 = DIRECTION('',(1.,0.,0.));
#2098 = DIRECTION('',(-0.,1.,0.));
#2099 = PCURVE('',#2071,#2100);
#2100 = DEFINITIONAL_REPRESENTATION('',(#2101),#2105);
#2101 = CIRCLE('',#2102,10.);
#2102 = AXIS2_PLACEMENT_2D('',#2103,#2104);
#2103 = CARTESIAN_POINT('',(0.,0.));
#2104 = DIRECTION('',(1.,-0.));
#2105 = ( GEOMETRIC_REPRESENTATION_CONTEXT(2) 
PARAMETRIC_REPRESENTATION_CONTEXT() REPRESENTATION_CONTEXT('2D SPACE',''
  ) );
#2106 = PCURVE('',#2107,#2112);
#2107 = CYLINDRICAL_SURFACE('',#2108,10.);
#2108 = AXIS2_PLACEMENT_3D('',#2109,#2110,#2111);
#2109 = CARTESIAN_POINT('',(84.5,0.,0.));
#2110 = DIRECTION('',(1.,0.,0.));
#2111 = DIRECTION('',(-0.,1.,0.));
#2112 = DEFINITIONAL_REPRESENTATION('',(#2113),#2117);
#2113 = LINE('',#2114,#2115);
#2114 = CARTESIAN_POINT('',(0.,0.));
#2115 = VECTOR('',#2116,1.);
#2116 = DIRECTION('',(1.,0.));
#2117 = ( GEOMETRIC_REPRESENTATION_CONTEXT(2) 
PARAMETRIC_REPRESENTATION_CONTEXT() REPRESENTATION_CONTEXT('2D SPACE',''
  ) );
#2118 = ADVANCED_FACE('',(#2119),#2107,.T.);
#2119 = FACE_BOUND('',#2120,.T.);
#2120 = EDGE_LOOP('',(#2121,#2122,#2145,#2172));
#2121 = ORIENTED_EDGE('',*,*,#2090,.T.);
#2122 = ORIENTED_EDGE('',*,*,#2123,.T.);
#2123 = EDGE_CURVE('',#2091,#2124,#2126,.T.);
#2124 = VERTEX_POINT('',#2125);
#2125 = CARTESIAN_POINT('',(98.5,10.,0.));
#2126 = SEAM_CURVE('',#2127,(#2131,#2138),.PCURVE_S1.);
#2127 = LINE('',#2128,#2129);
#2128 = CARTESIAN_POINT('',(84.5,10.,0.));
#2129 = VECTOR('',#2130,1.);
#2130 = DIRECTION('',(1.,0.,0.));
#2131 = PCURVE('',#2107,#2132);
#2132 = DEFINITIONAL_REPRESENTATION('',(#2133),#2137);
#2133 = LINE('',#2134,#2135);
#2134 = CARTESIAN_POINT('',(0.,0.));
#2135 = VECTOR('',#2136,1.);
#2136 = DIRECTION('',(0.,1.));
#2137 = ( GEOMETRIC_REPRESENTATION_CONTEXT(2) 
PARAMETRIC_REPRESENTATION_CONTEXT() REPRESENTATION_CONTEXT('2D SPACE',''
  ) );
#2138 = PCURVE('',#2107,#2139);
#2139 = DEFINITIONAL_REPRESENTATION('',(#2140),#2144);
#2140 = LINE('',#2141,#2142);
#2141 = CARTESIAN_POINT('',(6.28318530718,0.));
#2142 = VECTOR('',#2143,1.);
#2143 = DIRECTION('',(0.,1.));
#2144 = ( GEOMETRIC_REPRESENTATION_CONTEXT(2) 
PARAMETRIC_REPRESENTATION_CONTEXT() REPRESENTATION_CONTEXT('2D SPACE',''
  ) );
#2145 = ORIENTED_EDGE('',*,*,#2146,.F.);
#2146 = EDGE_CURVE('',#2124,#2124,#2147,.T.);
#2147 = SURFACE_CURVE('',#2148,(#2153,#2160),.PCURVE_S1.);
#2148 = CIRCLE('',#2149,10.);
#2149 = AXIS2_PLACEMENT_3D('',#2150,#2151,#2152);
#2150 = CARTESIAN_POINT('',(98.5,0.,0.));
#2151 = DIRECTION('',(1.,0.,0.));
#2152 = DIRECTION('',(-0.,1.,0.));
#2153 = PCURVE('',#2107,#2154);
#2154 = DEFINITIONAL_REPRESENTATION('',(#2155),#2159);
#2155 = LINE('',#2156,#2157);
#2156 = CARTESIAN_POINT('',(0.,14.));
#2157 = VECTOR('',#2158,1.);
#2158 = DIRECTION('',(1.,0.));
#2159 = ( GEOMETRIC_REPRESENTATION_CONTEXT(2) 
PARAMETRIC_REPRESENTATION_CONTEXT() REPRESENTATION_CONTEXT('2D SPACE',''
  ) );
#2160 = PCURVE('',#2161,#2166);
#2161 = CONICAL_SURFACE('',#2162,10.,0.785398163397);
#2162 = AXIS2_PLACEMENT_3D('',#2163,#2164,#2165);
#2163 = CARTESIAN_POINT('',(98.5,0.,0.));
#2164 = DIRECTION('',(-1.,-0.,-0.));
#2165 = DIRECTION('',(-0.,1.,0.));
#2166 = DEFINITIONAL_REPRESENTATION('',(#2167),#2171);
#2167 = LINE('',#2168,#2169);
#2168 = CARTESIAN_POINT('',(-0.,-0.));
#2169 = VECTOR('',#2170,1.);
#2170 = DIRECTION('',(-1.,-0.));
#2171 = ( GEOMETRIC_REPRESENTATION_CONTEXT(2) 
PARAMETRIC_REPRESENTATION_CONTEXT() REPRESENTATION_CONTEXT('2D SPACE',''
  ) );
#2172 = ORIENTED_EDGE('',*,*,#2123,.F.);
#2173 = ADVANCED_FACE('',(#2174),#2161,.T.);
#2174 = FACE_BOUND('',#2175,.T.);
#2175 = EDGE_LOOP('',(#2176,#2177,#2200,#2227));
#2176 = ORIENTED_EDGE('',*,*,#2146,.T.);
#2177 = ORIENTED_EDGE('',*,*,#2178,.T.);
#2178 = EDGE_CURVE('',#2124,#2179,#2181,.T.);
#2179 = VERTEX_POINT('',#2180);
#2180 = CARTESIAN_POINT('',(100.,8.5,0.));
#2181 = SEAM_CURVE('',#2182,(#2186,#2193),.PCURVE_S1.);
#2182 = LINE('',#2183,#2184);
#2183 = CARTESIAN_POINT('',(98.5,10.,0.));
#2184 = VECTOR('',#2185,1.);
#2185 = DIRECTION('',(0.707106781187,-0.707106781187,0.));
#2186 = PCURVE('',#2161,#2187);
#2187 = DEFINITIONAL_REPRESENTATION('',(#2188),#2192);
#2188 = LINE('',#2189,#2190);
#2189 = CARTESIAN_POINT('',(-0.,-0.));
#2190 = VECTOR('',#2191,1.);
#2191 = DIRECTION('',(-0.,-1.));
#2192 = ( GEOMETRIC_REPRESENTATION_CONTEXT(2) 
PARAMETRIC_REPRESENTATION_CONTEXT() REPRESENTATION_CONTEXT('2D SPACE',''
  ) );
#2193 = PCURVE('',#2161,#2194);
#2194 = DEFINITIONAL_REPRESENTATION('',(#2195),#2199);
#2195 = LINE('',#2196,#2197);
#2196 = CARTESIAN_POINT('',(-6.28318530718,-0.));
#2197 = VECTOR('',#2198,1.);
#2198 = DIRECTION('',(-0.,-1.));
#2199 = ( GEOMETRIC_REPRESENTATION_CONTEXT(2) 
PARAMETRIC_REPRESENTATION_CONTEXT() REPRESENTATION_CONTEXT('2D SPACE',''
  ) );
#2200 = ORIENTED_EDGE('',*,*,#2201,.F.);
#2201 = EDGE_CURVE('',#2179,#2179,#2202,.T.);
#2202 = SURFACE_CURVE('',#2203,(#2208,#2215),.PCURVE_S1.);
#2203 = CIRCLE('',#2204,8.5);
#2204 = AXIS2_PLACEMENT_3D('',#2205,#2206,#2207);
#2205 = CARTESIAN_POINT('',(100.,0.,0.));
#2206 = DIRECTION('',(1.,0.,0.));
#2207 = DIRECTION('',(-0.,1.,0.));
#2208 = PCURVE('',#2161,#2209);
#2209 = DEFINITIONAL_REPRESENTATION('',(#2210),#2214);
#2210 = LINE('',#2211,#2212);
#2211 = CARTESIAN_POINT('',(-0.,-1.5));
#2212 = VECTOR('',#2213,1.);
#2213 = DIRECTION('',(-1.,-0.));
#2214 = ( GEOMETRIC_REPRESENTATION_CONTEXT(2) 
PARAMETRIC_REPRESENTATION_CONTEXT() REPRESENTATION_CONTEXT('2D SPACE',''
  ) );
#2215 = PCURVE('',#2216,#2221);
#2216 = PLANE('',#2217);
#2217 = AXIS2_PLACEMENT_3D('',#2218,#2219,#2220);
#2218 = CARTESIAN_POINT('',(100.,0.,0.));
#2219 = DIRECTION('',(1.,0.,0.));
#2220 = DIRECTION('',(-0.,1.,0.));
#2221 = DEFINITIONAL_REPRESENTATION('',(#2222),#2226);
#2222 = CIRCLE('',#2223,8.5);
#2223 = AXIS2_PLACEMENT_2D('',#2224,#2225);
#2224 = CARTESIAN_POINT('',(0.,0.));
#2225 = DIRECTION('',(1.,0.));
#2226 = ( GEOMETRIC_REPRESENTATION_CONTEXT(2) 
PARAMETRIC_REPRESENTATION_CONTEXT() REPRESENTATION_CONTEXT('2D SPACE',''
  ) );
#2227 = ORIENTED_EDGE('',*,*,#2178,.F.);
#2228 = ADVANCED_FACE('',(#2229,#2232),#2216,.T.);
#2229 = FACE_BOUND('',#2230,.T.);
#2230 = EDGE_LOOP('',(#2231));
#2231 = ORIENTED_EDGE('',*,*,#2201,.T.);
#2232 = FACE_BOUND('',#2233,.T.);
#2233 = EDGE_LOOP('',(#2234));
#2234 = ORIENTED_EDGE('',*,*,#2235,.F.);
#2235 = EDGE_CURVE('',#2236,#2236,#2238,.T.);
#2236 = VERTEX_POINT('',#2237);
#2237 = CARTESIAN_POINT('',(100.,2.125,0.));
#2238 = SURFACE_CURVE('',#2239,(#2244,#2251),.PCURVE_S1.);
#2239 = CIRCLE('',#2240,2.125);
#2240 = AXIS2_PLACEMENT_3D('',#2241,#2242,#2243);
#2241 = CARTESIAN_POINT('',(100.,0.,0.));
#2242 = DIRECTION('',(1.,0.,0.));
#2243 = DIRECTION('',(-0.,1.,0.));
#2244 = PCURVE('',#2216,#2245);
#2245 = DEFINITIONAL_REPRESENTATION('',(#2246),#2250);
#2246 = CIRCLE('',#2247,2.125);
#2247 = AXIS2_PLACEMENT_2D('',#2248,#2249);
#2248 = CARTESIAN_POINT('',(0.,0.));
#2249 = DIRECTION('',(1.,0.));
#2250 = ( GEOMETRIC_REPRESENTATION_CONTEXT(2) 
PARAMETRIC_REPRESENTATION_CONTEXT() REPRESENTATION_CONTEXT('2D SPACE',''
  ) );
#2251 = PCURVE('',#2252,#2257);
#2252 = CONICAL_SURFACE('',#2253,2.125,0.523500383151);
#2253 = AXIS2_PLACEMENT_3D('',#2254,#2255,#2256);
#2254 = CARTESIAN_POINT('',(100.,0.,0.));
#2255 = DIRECTION('',(1.,0.,0.));
#2256 = DIRECTION('',(0.,1.,0.));
#2257 = DEFINITIONAL_REPRESENTATION('',(#2258),#2262);
#2258 = LINE('',#2259,#2260);
#2259 = CARTESIAN_POINT('',(0.,-0.));
#2260 = VECTOR('',#2261,1.);
#2261 = DIRECTION('',(1.,-0.));
#2262 = ( GEOMETRIC_REPRESENTATION_CONTEXT(2) 
PARAMETRIC_REPRESENTATION_CONTEXT() REPRESENTATION_CONTEXT('2D SPACE',''
  ) );
#2263 = ADVANCED_FACE('',(#2264),#2252,.F.);
#2264 = FACE_BOUND('',#2265,.T.);
#2265 = EDGE_LOOP('',(#2266,#2267,#2290,#2317));
#2266 = ORIENTED_EDGE('',*,*,#2235,.T.);
#2267 = ORIENTED_EDGE('',*,*,#2268,.T.);
#2268 = EDGE_CURVE('',#2236,#2269,#2271,.T.);
#2269 = VERTEX_POINT('',#2270);
#2270 = CARTESIAN_POINT('',(98.051,1.,0.));
#2271 = SEAM_CURVE('',#2272,(#2276,#2283),.PCURVE_S1.);
#2272 = LINE('',#2273,#2274);
#2273 = CARTESIAN_POINT('',(100.,2.125,0.));
#2274 = VECTOR('',#2275,1.);
#2275 = DIRECTION('',(-0.866074595816,-0.499914787221,0.));
#2276 = PCURVE('',#2252,#2277);
#2277 = DEFINITIONAL_REPRESENTATION('',(#2278),#2282);
#2278 = LINE('',#2279,#2280);
#2279 = CARTESIAN_POINT('',(0.,-0.));
#2280 = VECTOR('',#2281,1.);
#2281 = DIRECTION('',(0.,-1.));
#2282 = ( GEOMETRIC_REPRESENTATION_CONTEXT(2) 
PARAMETRIC_REPRESENTATION_CONTEXT() REPRESENTATION_CONTEXT('2D SPACE',''
  ) );
#2283 = PCURVE('',#2252,#2284);
#2284 = DEFINITIONAL_REPRESENTATION('',(#2285),#2289);
#2285 = LINE('',#2286,#2287);
#2286 = CARTESIAN_POINT('',(6.28318530718,-0.));
#2287 = VECTOR('',#2288,1.);
#2288 = DIRECTION('',(0.,-1.));
#2289 = ( GEOMETRIC_REPRESENTATION_CONTEXT(2) 
PARAMETRIC_REPRESENTATION_CONTEXT() REPRESENTATION_CONTEXT('2D SPACE',''
  ) );
#2290 = ORIENTED_EDGE('',*,*,#2291,.F.);
#2291 = EDGE_CURVE('',#2269,#2269,#2292,.T.);
#2292 = SURFACE_CURVE('',#2293,(#2298,#2305),.PCURVE_S1.);
#2293 = CIRCLE('',#2294,1.);
#2294 = AXIS2_PLACEMENT_3D('',#2295,#2296,#2297);
#2295 = CARTESIAN_POINT('',(98.051,0.,0.));
#2296 = DIRECTION('',(1.,0.,0.));
#2297 = DIRECTION('',(-0.,1.,0.));
#2298 = PCURVE('',#2252,#2299);
#2299 = DEFINITIONAL_REPRESENTATION('',(#2300),#2304);
#2300 = LINE('',#2301,#2302);
#2301 = CARTESIAN_POINT('',(0.,-1.949));
#2302 = VECTOR('',#2303,1.);
#2303 = DIRECTION('',(1.,-0.));
#2304 = ( GEOMETRIC_REPRESENTATION_CONTEXT(2) 
PARAMETRIC_REPRESENTATION_CONTEXT() REPRESENTATION_CONTEXT('2D SPACE',''
  ) );
#2305 = PCURVE('',#2306,#2311);
#2306 = CYLINDRICAL_SURFACE('',#2307,1.);
#2307 = AXIS2_PLACEMENT_3D('',#2308,#2309,#2310);
#2308 = CARTESIAN_POINT('',(98.051,0.,0.));
#2309 = DIRECTION('',(-1.,-0.,-0.));
#2310 = DIRECTION('',(0.,1.,0.));
#2311 = DEFINITIONAL_REPRESENTATION('',(#2312),#2316);
#2312 = LINE('',#2313,#2314);
#2313 = CARTESIAN_POINT('',(-0.,0.));
#2314 = VECTOR('',#2315,1.);
#2315 = DIRECTION('',(-1.,0.));
#2316 = ( GEOMETRIC_REPRESENTATION_CONTEXT(2) 
PARAMETRIC_REPRESENTATION_CONTEXT() REPRESENTATION_CONTEXT('2D SPACE',''
  ) );
#2317 = ORIENTED_EDGE('',*,*,#2268,.F.);
#2318 = ADVANCED_FACE('',(#2319),#2306,.F.);
#2319 = FACE_BOUND('',#2320,.T.);
#2320 = EDGE_LOOP('',(#2321,#2322,#2345,#2372));
#2321 = ORIENTED_EDGE('',*,*,#2291,.T.);
#2322 = ORIENTED_EDGE('',*,*,#2323,.T.);
#2323 = EDGE_CURVE('',#2269,#2324,#2326,.T.);
#2324 = VERTEX_POINT('',#2325);
#2325 = CARTESIAN_POINT('',(94.051,1.,0.));
#2326 = SEAM_CURVE('',#2327,(#2331,#2338),.PCURVE_S1.);
#2327 = LINE('',#2328,#2329);
#2328 = CARTESIAN_POINT('',(98.051,1.,0.));
#2329 = VECTOR('',#2330,1.);
#2330 = DIRECTION('',(-1.,0.,0.));
#2331 = PCURVE('',#2306,#2332);
#2332 = DEFINITIONAL_REPRESENTATION('',(#2333),#2337);
#2333 = LINE('',#2334,#2335);
#2334 = CARTESIAN_POINT('',(-0.,0.));
#2335 = VECTOR('',#2336,1.);
#2336 = DIRECTION('',(-0.,1.));
#2337 = ( GEOMETRIC_REPRESENTATION_CONTEXT(2) 
PARAMETRIC_REPRESENTATION_CONTEXT() REPRESENTATION_CONTEXT('2D SPACE',''
  ) );
#2338 = PCURVE('',#2306,#2339);
#2339 = DEFINITIONAL_REPRESENTATION('',(#2340),#2344);
#2340 = LINE('',#2341,#2342);
#2341 = CARTESIAN_POINT('',(-6.28318530718,0.));
#2342 = VECTOR('',#2343,1.);
#2343 = DIRECTION('',(-0.,1.));
#2344 = ( GEOMETRIC_REPRESENTATION_CONTEXT(2) 
PARAMETRIC_REPRESENTATION_CONTEXT() REPRESENTATION_CONTEXT('2D SPACE',''
  ) );
#2345 = ORIENTED_EDGE('',*,*,#2346,.F.);
#2346 = EDGE_CURVE('',#2324,#2324,#2347,.T.);
#2347 = SURFACE_CURVE('',#2348,(#2353,#2360),.PCURVE_S1.);
#2348 = CIRCLE('',#2349,1.);
#2349 = AXIS2_PLACEMENT_3D('',#2350,#2351,#2352);
#2350 = CARTESIAN_POINT('',(94.051,0.,0.));
#2351 = DIRECTION('',(1.,0.,0.));
#2352 = DIRECTION('',(-0.,1.,0.));
#2353 = PCURVE('',#2306,#2354);
#2354 = DEFINITIONAL_REPRESENTATION('',(#2355),#2359);
#2355 = LINE('',#2356,#2357);
#2356 = CARTESIAN_POINT('',(-0.,4.));
#2357 = VECTOR('',#2358,1.);
#2358 = DIRECTION('',(-1.,0.));
#2359 = ( GEOMETRIC_REPRESENTATION_CONTEXT(2) 
PARAMETRIC_REPRESENTATION_CONTEXT() REPRESENTATION_CONTEXT('2D SPACE',''
  ) );
#2360 = PCURVE('',#2361,#2366);
#2361 = CONICAL_SURFACE('',#2362,1.,1.029744258677);
#2362 = AXIS2_PLACEMENT_3D('',#2363,#2364,#2365);
#2363 = CARTESIAN_POINT('',(94.051,0.,0.));
#2364 = DIRECTION('',(1.,0.,0.));
#2365 = DIRECTION('',(0.,1.,0.));
#2366 = DEFINITIONAL_REPRESENTATION('',(#2367),#2371);
#2367 = LINE('',#2368,#2369);
#2368 = CARTESIAN_POINT('',(0.,-0.));
#2369 = VECTOR('',#2370,1.);
#2370 = DIRECTION('',(1.,-0.));
#2371 = ( GEOMETRIC_REPRESENTATION_CONTEXT(2) 
PARAMETRIC_REPRESENTATION_CONTEXT() REPRESENTATION_CONTEXT('2D SPACE',''
  ) );
#2372 = ORIENTED_EDGE('',*,*,#2323,.F.);
#2373 = ADVANCED_FACE('',(#2374),#2361,.F.);
#2374 = FACE_BOUND('',#2375,.T.);
#2375 = EDGE_LOOP('',(#2376,#2377,#2400));
#2376 = ORIENTED_EDGE('',*,*,#2346,.T.);
#2377 = ORIENTED_EDGE('',*,*,#2378,.T.);
#2378 = EDGE_CURVE('',#2324,#2379,#2381,.T.);
#2379 = VERTEX_POINT('',#2380);
#2380 = CARTESIAN_POINT('',(93.450139380972,0.,0.));
#2381 = SEAM_CURVE('',#2382,(#2386,#2393),.PCURVE_S1.);
#2382 = LINE('',#2383,#2384);
#2383 = CARTESIAN_POINT('',(94.051,1.,0.));
#2384 = VECTOR('',#2385,1.);
#2385 = DIRECTION('',(-0.51503807491,-0.857167300702,0.));
#2386 = PCURVE('',#2361,#2387);
#2387 = DEFINITIONAL_REPRESENTATION('',(#2388),#2392);
#2388 = LINE('',#2389,#2390);
#2389 = CARTESIAN_POINT('',(0.,-0.));
#2390 = VECTOR('',#2391,1.);
#2391 = DIRECTION('',(0.,-1.));
#2392 = ( GEOMETRIC_REPRESENTATION_CONTEXT(2) 
PARAMETRIC_REPRESENTATION_CONTEXT() REPRESENTATION_CONTEXT('2D SPACE',''
  ) );
#2393 = PCURVE('',#2361,#2394);
#2394 = DEFINITIONAL_REPRESENTATION('',(#2395),#2399);
#2395 = LINE('',#2396,#2397);
#2396 = CARTESIAN_POINT('',(6.28318530718,-0.));
#2397 = VECTOR('',#2398,1.);
#2398 = DIRECTION('',(0.,-1.));
#2399 = ( GEOMETRIC_REPRESENTATION_CONTEXT(2) 
PARAMETRIC_REPRESENTATION_CONTEXT() REPRESENTATION_CONTEXT('2D SPACE',''
  ) );
#2400 = ORIENTED_EDGE('',*,*,#2378,.F.);
#2401 = ( GEOMETRIC_REPRESENTATION_CONTEXT(3) 
GLOBAL_UNCERTAINTY_ASSIGNED_CONTEXT((#2405)) 
GLOBAL_UNIT_ASSIGNED_CONTEXT((#2402,#2403,#2404)) REPRESENTATION_CONTEXT
('Context #1','3D Context with UNIT and UNCERTAINTY') );
#2402 = ( LENGTH_UNIT() NAMED_UNIT(*) SI_UNIT(.MILLI.,.METRE.) );
#2403 = ( NAMED_UNIT(*) PLANE_ANGLE_UNIT() SI_UNIT($,.RADIAN.) );
#2404 = ( NAMED_UNIT(*) SI_UNIT($,.STERADIAN.) SOLID_ANGLE_UNIT() );
#2405 = UNCERTAINTY_MEASURE_WITH_UNIT(LENGTH_MEASURE(1.E-07),#2402,
  'distance_accuracy_value','confusion accuracy');
#2406 = PRODUCT_RELATED_PRODUCT_CATEGORY('part',$,(#7));
ENDSEC;
END-ISO-10303-21;
