#usda 1.0
(
    defaultPrim = "hex_stud"
    metersPerUnit = 0.001
    upAxis = "Y"
    doc = "VRINGON revolve part — CadQuery executor"
)

def Xform "hex_stud" (
    kind = "component"
)
{
    custom string vringon:dsl_version = "vringon-shaft/1.0"
    custom string vringon:dsl_json = "{\"dsl\":\"vringon-shaft/1.0\",\"id\":\"hex-stud\",\"name\":\"Hex stepped stud\",\"name_ko\":\"육각 단붙이 축\",\"part_class\":\"shaft\",\"units\":\"mm\",\"material\":\"SUS303\",\"drawing\":{\"number\":\"VR-RB-006\",\"scale\":\"2:1\",\"projection\":\"third\"},\"segments\":[{\"type\":\"cyl\",\"length\":15,\"diameter\":20},{\"type\":\"cyl\",\"length\":30,\"diameter\":12,\"tolerance\":\"h6\"},{\"type\":\"thread\",\"length\":12,\"diameter\":10,\"spec\":\"M10\",\"pitch\":1.5}],\"transitions\":[{\"at\":0,\"type\":\"chamfer\",\"size\":1},{\"at\":1,\"type\":\"fillet\",\"radius\":1},{\"at\":3,\"type\":\"chamfer\",\"size\":1.5}],\"grooves\":[],\"bore\":null,\"features\":[{\"type\":\"hex\",\"segment\":0,\"across_flats\":17},{\"type\":\"flat\",\"segment\":1,\"offset\":5,\"length\":12,\"depth\":1.5,\"count\":1}],\"meta\":{\"source\":\"golden\",\"difficulty\":3}}"
    custom string vringon:name_ko = "육각 단붙이 축"
    custom string vringon:material = "SUS303"
    custom double vringon:length_mm = 57.0
    custom double vringon:max_diameter_mm = 20
    custom double vringon:volume_mm3 = 7966.387
    custom double[] vringon:segment_lengths_mm = [15, 30, 12]
    custom string[] vringon:segment_types = ["cyl", "cyl", "thread"]
    custom string[] vringon:threads = ["M10"]
    custom string[] vringon:features = ["hex", "flat"]

    def Mesh "body"
    {
        float3[] extent = [(0.0000, -8.5000, -9.8150), (57.0000, 8.5000, 9.8150)]
        int[] faceVertexCounts = [3, 3, 3, 3, 3, 3, 3, 3, 3, 3, 3, 3, 3, 3, 3, 3, 3, 3, 3, 3, 3, 3, 3, 3, 3, 3, 3, 3, 3, 3, 3, 3, 3, 3, 3, 3, 3, 3, 3, 3, 3, 3, 3, 3, 3, 3, 3, 3, 3, 3, 3, 3, 3, 3, 3, 3, 3, 3, 3, 3, 3, 3, 3, 3, 3, 3, 3, 3, 3, 3, 3, 3, 3, 3, 3, 3, 3, 3, 3, 3, 3, 3, 3, 3, 3, 3, 3, 3, 3, 3, 3, 3, 3, 3, 3, 3, 3, 3, 3, 3, 3, 3, 3, 3, 3, 3, 3, 3, 3, 3, 3, 3, 3, 3, 3, 3, 3, 3, 3, 3, 3, 3, 3, 3, 3, 3, 3, 3, 3, 3, 3, 3, 3, 3, 3, 3, 3, 3, 3, 3, 3, 3, 3, 3, 3, 3, 3, 3, 3, 3, 3, 3, 3, 3, 3, 3, 3, 3, 3, 3, 3, 3, 3, 3, 3, 3, 3, 3, 3, 3, 3, 3, 3, 3, 3, 3, 3, 3, 3, 3, 3, 3, 3, 3, 3, 3, 3, 3, 3, 3, 3, 3, 3, 3, 3, 3, 3, 3, 3, 3, 3, 3, 3, 3, 3, 3, 3, 3, 3, 3, 3, 3, 3, 3, 3, 3, 3, 3, 3, 3, 3, 3, 3, 3, 3, 3, 3, 3, 3, 3, 3, 3, 3, 3, 3, 3, 3, 3, 3, 3, 3, 3, 3, 3, 3, 3, 3, 3, 3, 3, 3, 3, 3, 3, 3, 3, 3, 3, 3, 3, 3, 3, 3, 3, 3, 3, 3, 3, 3, 3, 3, 3, 3, 3, 3, 3, 3, 3, 3, 3, 3, 3, 3, 3, 3, 3, 3, 3, 3, 3, 3, 3, 3, 3, 3, 3, 3, 3, 3, 3, 3, 3, 3, 3, 3, 3, 3, 3, 3, 3, 3, 3, 3, 3, 3, 3, 3, 3, 3, 3, 3, 3, 3, 3, 3, 3, 3, 3, 3, 3, 3, 3, 3, 3, 3, 3, 3, 3, 3, 3, 3, 3, 3, 3, 3, 3, 3, 3, 3, 3, 3, 3, 3, 3, 3, 3, 3, 3, 3, 3, 3, 3, 3, 3, 3, 3, 3, 3, 3, 3, 3, 3, 3, 3, 3, 3, 3, 3, 3, 3, 3, 3, 3, 3, 3, 3, 3, 3, 3, 3, 3, 3, 3, 3, 3, 3, 3, 3, 3, 3, 3, 3, 3, 3, 3, 3, 3, 3, 3, 3, 3, 3, 3, 3, 3, 3, 3, 3, 3, 3, 3, 3, 3, 3, 3, 3, 3, 3, 3, 3, 3, 3, 3, 3, 3, 3, 3, 3, 3, 3, 3, 3, 3, 3, 3, 3, 3, 3, 3, 3, 3, 3, 3, 3, 3, 3, 3, 3, 3, 3, 3, 3, 3, 3, 3, 3, 3, 3, 3, 3, 3, 3, 3, 3, 3, 3, 3, 3, 3, 3, 3, 3, 3, 3, 3, 3, 3, 3, 3, 3, 3, 3, 3, 3, 3, 3, 3, 3, 3, 3, 3, 3, 3, 3, 3, 3, 3, 3, 3, 3, 3, 3, 3, 3, 3, 3, 3, 3, 3, 3, 3, 3, 3, 3, 3, 3, 3, 3, 3, 3, 3, 3, 3, 3, 3, 3, 3, 3, 3, 3, 3, 3, 3, 3, 3, 3, 3, 3, 3, 3, 3, 3, 3, 3, 3, 3, 3, 3, 3, 3, 3, 3, 3, 3, 3, 3, 3, 3, 3, 3, 3, 3, 3, 3, 3, 3, 3, 3, 3, 3, 3, 3, 3, 3, 3, 3, 3, 3, 3, 3, 3, 3, 3, 3, 3, 3, 3, 3, 3, 3, 3, 3, 3, 3, 3, 3, 3, 3, 3, 3, 3, 3, 3, 3, 3, 3, 3, 3, 3, 3, 3, 3, 3, 3, 3, 3, 3, 3, 3, 3, 3, 3, 3, 3, 3, 3, 3, 3, 3, 3, 3, 3, 3, 3, 3, 3, 3, 3, 3, 3, 3, 3, 3, 3, 3, 3, 3, 3, 3, 3, 3, 3, 3, 3, 3, 3, 3, 3, 3, 3, 3, 3, 3, 3, 3, 3, 3, 3, 3, 3, 3, 3, 3, 3, 3, 3, 3, 3, 3, 3, 3, 3, 3, 3, 3, 3, 3, 3, 3, 3, 3, 3, 3, 3, 3, 3, 3, 3, 3, 3, 3, 3, 3, 3, 3, 3, 3, 3, 3, 3, 3, 3, 3, 3, 3, 3, 3, 3, 3, 3, 3, 3, 3, 3, 3, 3, 3, 3, 3, 3, 3, 3, 3, 3, 3, 3, 3, 3, 3, 3, 3, 3, 3, 3, 3, 3, 3, 3, 3, 3, 3, 3, 3, 3, 3, 3, 3, 3, 3, 3, 3, 3, 3, 3, 3, 3, 3, 3, 3, 3, 3, 3, 3, 3, 3, 3, 3, 3, 3, 3, 3, 3, 3, 3, 3, 3, 3, 3, 3, 3, 3, 3, 3, 3, 3, 3, 3, 3, 3, 3, 3, 3, 3, 3, 3, 3, 3, 3, 3, 3, 3, 3, 3, 3, 3, 3, 3, 3, 3, 3, 3, 3, 3, 3, 3, 3, 3, 3, 3, 3, 3, 3, 3, 3, 3, 3, 3, 3, 3, 3, 3, 3, 3, 3, 3, 3, 3, 3, 3, 3, 3, 3, 3, 3, 3, 3, 3, 3, 3, 3, 3, 3, 3, 3, 3, 3, 3, 3, 3, 3, 3, 3, 3, 3, 3, 3, 3, 3, 3, 3, 3, 3, 3, 3, 3, 3, 3, 3, 3, 3, 3, 3, 3, 3, 3, 3, 3, 3, 3, 3, 3, 3, 3, 3, 3, 3, 3, 3, 3, 3, 3, 3, 3, 3, 3, 3, 3, 3, 3, 3, 3, 3, 3, 3, 3, 3, 3, 3, 3, 3, 3, 3, 3, 3, 3, 3, 3, 3, 3, 3, 3, 3, 3, 3, 3, 3, 3, 3, 3, 3, 3, 3, 3, 3, 3, 3, 3, 3, 3, 3, 3, 3, 3, 3, 3, 3, 3, 3, 3, 3, 3, 3, 3, 3, 3, 3, 3, 3, 3, 3, 3, 3, 3, 3, 3, 3, 3, 3, 3, 3, 3, 3, 3, 3, 3, 3, 3, 3, 3, 3, 3, 3, 3, 3, 3, 3, 3, 3, 3, 3, 3, 3, 3, 3, 3, 3, 3, 3, 3, 3, 3, 3, 3, 3, 3, 3, 3, 3, 3, 3, 3, 3, 3, 3, 3, 3, 3, 3, 3, 3, 3, 3, 3, 3, 3, 3, 3, 3, 3, 3, 3, 3, 3, 3, 3, 3, 3, 3, 3, 3, 3, 3, 3, 3, 3, 3, 3, 3, 3, 3, 3, 3, 3, 3, 3, 3, 3, 3, 3, 3, 3, 3, 3, 3, 3, 3, 3, 3, 3, 3, 3, 3, 3, 3, 3, 3, 3, 3, 3, 3, 3, 3, 3, 3, 3, 3, 3, 3, 3, 3, 3, 3, 3, 3, 3, 3, 3, 3, 3, 3, 3, 3, 3, 3, 3, 3, 3, 3, 3, 3, 3, 3, 3, 3, 3, 3, 3, 3, 3, 3, 3, 3, 3, 3, 3, 3, 3, 3, 3, 3, 3, 3, 3, 3, 3, 3, 3, 3, 3, 3, 3, 3, 3, 3, 3, 3, 3, 3, 3, 3, 3, 3, 3, 3, 3, 3, 3, 3, 3, 3, 3, 3, 3, 3, 3, 3, 3, 3, 3, 3, 3, 3, 3, 3, 3, 3, 3, 3, 3, 3, 3, 3, 3, 3, 3, 3, 3, 3, 3, 3, 3, 3, 3, 3, 3, 3, 3, 3, 3, 3, 3, 3, 3, 3, 3, 3, 3, 3, 3, 3, 3, 3, 3, 3, 3, 3, 3, 3, 3, 3, 3, 3, 3, 3, 3, 3, 3, 3, 3, 3, 3, 3, 3, 3, 3, 3, 3, 3, 3, 3, 3, 3, 3, 3, 3, 3, 3, 3, 3, 3, 3, 3, 3, 3, 3, 3, 3, 3, 3, 3, 3, 3, 3, 3, 3, 3, 3, 3, 3, 3, 3, 3, 3, 3, 3, 3, 3, 3, 3, 3, 3, 3, 3, 3, 3, 3, 3, 3, 3, 3, 3, 3, 3, 3, 3, 3, 3, 3, 3, 3, 3, 3, 3, 3, 3, 3, 3, 3, 3, 3, 3, 3, 3, 3, 3, 3, 3, 3, 3, 3, 3, 3, 3, 3, 3, 3, 3, 3, 3, 3, 3, 3, 3, 3, 3, 3, 3, 3, 3, 3, 3, 3, 3, 3, 3, 3, 3, 3, 3, 3, 3, 3, 3, 3, 3, 3, 3, 3, 3, 3, 3, 3, 3, 3, 3, 3, 3, 3, 3, 3, 3, 3, 3, 3, 3, 3, 3, 3, 3, 3, 3, 3, 3, 3, 3, 3, 3, 3, 3, 3, 3, 3, 3, 3, 3, 3, 3, 3, 3, 3, 3, 3, 3, 3, 3, 3, 3, 3, 3, 3, 3, 3, 3, 3, 3, 3, 3, 3, 3, 3, 3, 3, 3, 3, 3, 3, 3, 3, 3, 3, 3, 3, 3, 3, 3, 3, 3, 3, 3, 3, 3, 3, 3, 3, 3, 3, 3, 3, 3, 3, 3, 3, 3, 3, 3, 3, 3, 3, 3, 3, 3, 3, 3, 3, 3, 3, 3, 3, 3, 3, 3, 3, 3, 3, 3, 3, 3, 3, 3, 3, 3, 3, 3, 3, 3, 3, 3, 3, 3, 3, 3, 3, 3, 3, 3, 3, 3, 3, 3, 3, 3, 3, 3, 3, 3, 3, 3, 3, 3, 3, 3, 3, 3, 3, 3, 3, 3, 3, 3, 3, 3, 3, 3, 3, 3, 3, 3, 3, 3, 3, 3, 3, 3, 3, 3, 3, 3, 3, 3, 3, 3, 3, 3, 3, 3, 3, 3, 3, 3, 3, 3, 3, 3, 3, 3, 3, 3, 3, 3, 3, 3, 3, 3, 3, 3, 3, 3, 3, 3, 3, 3, 3, 3, 3, 3, 3, 3, 3, 3, 3, 3, 3, 3, 3, 3, 3, 3, 3, 3, 3, 3, 3, 3, 3, 3, 3, 3, 3, 3, 3, 3, 3, 3, 3, 3, 3, 3, 3, 3, 3, 3, 3, 3, 3, 3, 3, 3, 3, 3, 3, 3, 3, 3, 3, 3, 3, 3, 3, 3, 3, 3, 3, 3, 3, 3, 3, 3, 3, 3, 3, 3, 3, 3, 3, 3, 3, 3, 3, 3, 3, 3, 3, 3, 3, 3, 3, 3, 3, 3, 3, 3, 3, 3, 3, 3, 3, 3, 3, 3, 3, 3, 3, 3, 3, 3, 3, 3, 3, 3, 3, 3, 3, 3, 3, 3, 3, 3, 3, 3, 3, 3, 3, 3, 3, 3, 3, 3, 3, 3, 3, 3, 3, 3, 3, 3, 3, 3, 3, 3, 3, 3, 3, 3, 3, 3, 3, 3, 3, 3, 3, 3, 3, 3, 3, 3, 3, 3, 3, 3, 3, 3, 3, 3, 3, 3, 3, 3, 3, 3, 3, 3, 3, 3, 3, 3, 3, 3, 3, 3, 3, 3, 3, 3, 3, 3, 3, 3, 3, 3, 3, 3, 3, 3, 3, 3, 3, 3, 3, 3, 3, 3, 3, 3, 3, 3, 3, 3, 3, 3, 3, 3, 3, 3, 3, 3, 3, 3, 3, 3, 3, 3, 3, 3, 3, 3, 3, 3, 3, 3, 3, 3, 3, 3, 3, 3, 3, 3, 3, 3, 3, 3, 3, 3, 3, 3, 3, 3, 3, 3, 3, 3, 3, 3, 3, 3, 3, 3, 3, 3, 3, 3, 3, 3, 3, 3, 3, 3, 3, 3, 3, 3, 3, 3, 3, 3, 3, 3, 3, 3, 3, 3, 3, 3, 3, 3, 3, 3, 3, 3, 3, 3, 3, 3, 3, 3, 3, 3, 3, 3, 3, 3, 3, 3, 3, 3, 3, 3, 3, 3, 3, 3, 3, 3, 3, 3, 3, 3, 3, 3, 3, 3, 3, 3, 3, 3, 3, 3, 3, 3, 3, 3, 3, 3, 3, 3, 3, 3, 3, 3, 3, 3, 3, 3, 3, 3, 3, 3, 3, 3, 3, 3, 3, 3, 3, 3, 3, 3, 3, 3, 3, 3, 3, 3, 3, 3, 3, 3, 3, 3, 3, 3, 3, 3, 3, 3, 3, 3, 3, 3, 3, 3, 3, 3, 3, 3, 3, 3, 3, 3, 3, 3, 3, 3, 3, 3, 3, 3, 3, 3, 3, 3, 3, 3, 3, 3, 3, 3, 3, 3, 3, 3, 3, 3, 3, 3, 3, 3, 3, 3, 3, 3, 3, 3, 3, 3, 3, 3, 3, 3, 3, 3, 3, 3, 3, 3, 3, 3, 3, 3, 3, 3, 3, 3, 3, 3, 3, 3, 3, 3, 3, 3, 3, 3, 3, 3, 3, 3, 3, 3, 3, 3, 3, 3, 3, 3, 3, 3, 3, 3, 3, 3, 3, 3, 3, 3, 3, 3, 3, 3, 3, 3, 3, 3, 3, 3, 3, 3, 3, 3, 3, 3, 3, 3, 3, 3, 3, 3, 3, 3, 3, 3, 3, 3, 3, 3, 3, 3, 3, 3, 3, 3, 3, 3, 3, 3, 3, 3, 3, 3, 3, 3, 3, 3, 3, 3, 3, 3, 3, 3, 3, 3, 3, 3, 3, 3, 3, 3, 3, 3, 3, 3, 3, 3, 3, 3, 3, 3, 3, 3, 3, 3, 3, 3, 3, 3, 3, 3, 3, 3, 3, 3, 3, 3, 3, 3, 3, 3, 3, 3, 3, 3, 3, 3, 3, 3, 3, 3, 3, 3, 3, 3, 3, 3, 3, 3, 3, 3, 3, 3, 3, 3, 3, 3, 3, 3, 3, 3, 3, 3, 3, 3, 3, 3, 3, 3, 3, 3, 3, 3, 3]
        int[] faceVertexIndices = [66, 0, 1, 66, 65, 0, 67, 1, 2, 67, 66, 1, 68, 2, 3, 68, 67, 2, 69, 3, 4, 69, 68, 3, 70, 4, 5, 70, 69, 4, 71, 5, 6, 71, 70, 5, 72, 6, 7, 72, 71, 6, 8, 72, 7, 73, 72, 8, 74, 8, 9, 74, 73, 8, 75, 9, 10, 75, 74, 9, 11, 75, 10, 76, 75, 11, 12, 76, 11, 77, 76, 12, 13, 77, 12, 78, 77, 13, 79, 13, 14, 79, 78, 13, 80, 14, 15, 80, 79, 14, 81, 15, 16, 81, 80, 15, 82, 16, 17, 82, 81, 16, 18, 82, 17, 83, 82, 18, 19, 83, 18, 84, 83, 19, 85, 84, 19, 85, 19, 20, 21, 85, 20, 86, 85, 21, 87, 86, 21, 87, 21, 22, 23, 87, 22, 88, 87, 23, 89, 23, 24, 89, 88, 23, 90, 24, 25, 90, 89, 24, 91, 25, 26, 91, 90, 25, 92, 26, 27, 92, 91, 26, 93, 27, 28, 93, 92, 27, 94, 28, 29, 94, 93, 28, 30, 94, 29, 95, 94, 30, 96, 30, 31, 96, 95, 30, 97, 31, 32, 97, 96, 31, 33, 97, 32, 98, 97, 33, 99, 33, 34, 99, 98, 33, 100, 34, 35, 100, 99, 34, 101, 35, 36, 101, 100, 35, 102, 36, 37, 102, 101, 36, 103, 37, 38, 103, 102, 37, 104, 38, 39, 104, 103, 38, 105, 39, 40, 105, 104, 39, 41, 105, 40, 106, 105, 41, 107, 41, 42, 107, 106, 41, 108, 107, 42, 108, 42, 43, 109, 43, 44, 109, 108, 43, 45, 109, 44, 110, 109, 45, 111, 110, 45, 111, 45, 46, 112, 111, 46, 112, 46, 47, 113, 112, 47, 113, 47, 48, 114, 113, 48, 114, 48, 49, 115, 114, 49, 115, 49, 50, 116, 115, 50, 116, 50, 51, 117, 116, 51, 117, 51, 52, 118, 117, 52, 118, 52, 53, 119, 118, 53, 119, 53, 54, 120, 119, 54, 120, 54, 55, 121, 120, 55, 121, 55, 56, 122, 121, 56, 122, 56, 57, 123, 57, 58, 123, 122, 57, 124, 58, 59, 124, 123, 58, 125, 59, 60, 125, 124, 59, 126, 60, 61, 126, 125, 60, 62, 126, 61, 127, 126, 62, 64, 62, 63, 64, 127, 62, 174, 173, 131, 172, 131, 173, 175, 174, 131, 171, 131, 172, 176, 131, 132, 176, 175, 131, 170, 131, 171, 177, 176, 132, 169, 131, 170, 178, 177, 132, 168, 131, 169, 179, 178, 132, 167, 131, 168, 180, 179, 132, 166, 131, 167, 181, 180, 132, 182, 181, 132, 183, 182, 132, 184, 183, 132, 185, 184, 132, 130, 131, 166, 130, 163, 162, 130, 164, 163, 130, 165, 164, 130, 166, 165, 161, 130, 162, 186, 185, 132, 160, 130, 161, 159, 130, 160, 158, 130, 159, 157, 130, 158, 156, 130, 157, 155, 130, 156, 133, 186, 132, 133, 187, 186, 133, 188, 187, 133, 189, 188, 133, 190, 189, 133, 191, 190, 133, 192, 191, 193, 192, 133, 194, 193, 133, 195, 194, 133, 196, 195, 133, 134, 196, 133, 128, 146, 145, 128, 147, 146, 128, 148, 147, 128, 149, 148, 128, 150, 149, 128, 151, 150, 128, 152, 151, 128, 153, 152, 128, 154, 153, 128, 155, 154, 128, 130, 155, 129, 135, 134, 129, 136, 135, 129, 137, 136, 129, 138, 137, 129, 139, 138, 129, 140, 139, 129, 141, 140, 129, 142, 141, 129, 143, 142, 129, 144, 143, 129, 145, 144, 129, 134, 133, 129, 128, 145, 263, 197, 198, 263, 262, 197, 264, 198, 199, 264, 263, 198, 265, 199, 200, 265, 264, 199, 266, 200, 201, 266, 265, 200, 267, 201, 202, 267, 266, 201, 268, 202, 203, 268, 267, 202, 204, 268, 203, 269, 268, 204, 270, 204, 205, 270, 269, 204, 271, 205, 206, 271, 270, 205, 207, 271, 206, 272, 271, 207, 273, 207, 208, 273, 272, 207, 274, 208, 209, 274, 273, 208, 275, 209, 210, 275, 274, 209, 276, 210, 211, 276, 275, 210, 277, 211, 212, 277, 276, 211, 278, 212, 213, 278, 277, 212, 279, 213, 214, 279, 278, 213, 215, 279, 214, 280, 279, 215, 281, 280, 215, 281, 215, 216, 282, 281, 216, 282, 216, 217, 283, 282, 217, 283, 217, 218, 219, 283, 218, 284, 283, 219, 285, 284, 219, 285, 219, 220, 286, 220, 221, 286, 285, 220, 287, 221, 222, 287, 286, 221, 288, 222, 223, 288, 287, 222, 289, 223, 224, 289, 288, 223, 290, 224, 225, 290, 289, 224, 291, 225, 226, 291, 290, 225, 292, 226, 227, 292, 291, 226, 228, 292, 227, 293, 292, 228, 294, 228, 229, 294, 293, 228, 295, 229, 230, 295, 294, 229, 296, 230, 231, 296, 295, 230, 297, 231, 232, 297, 296, 231, 298, 232, 233, 298, 297, 232, 299, 233, 234, 299, 298, 233, 300, 234, 235, 300, 299, 234, 301, 235, 236, 301, 300, 235, 302, 236, 237, 302, 301, 236, 303, 237, 238, 303, 302, 237, 304, 238, 239, 304, 303, 238, 305, 304, 239, 305, 239, 240, 306, 240, 241, 306, 305, 240, 307, 306, 241, 307, 241, 242, 308, 307, 242, 308, 242, 243, 309, 308, 243, 309, 243, 244, 310, 309, 244, 310, 244, 245, 311, 310, 245, 311, 245, 246, 312, 311, 246, 312, 246, 247, 313, 312, 247, 313, 247, 248, 314, 313, 248, 314, 248, 249, 315, 314, 249, 315, 249, 250, 316, 315, 250, 316, 250, 251, 252, 316, 251, 317, 316, 252, 318, 317, 252, 318, 252, 253, 319, 318, 253, 319, 253, 254, 320, 254, 255, 320, 319, 254, 321, 255, 256, 321, 320, 255, 322, 256, 257, 322, 321, 256, 323, 257, 258, 323, 322, 257, 324, 258, 259, 324, 323, 258, 261, 259, 260, 261, 324, 259, 326, 329, 325, 327, 329, 326, 328, 329, 327, 332, 330, 329, 332, 329, 328, 333, 330, 332, 334, 330, 333, 331, 330, 334, 336, 339, 335, 337, 339, 336, 338, 339, 337, 342, 340, 339, 342, 339, 338, 343, 340, 342, 344, 340, 343, 341, 340, 344, 346, 349, 345, 347, 349, 346, 348, 349, 347, 352, 350, 349, 352, 349, 348, 353, 350, 352, 354, 350, 353, 351, 350, 354, 356, 359, 355, 357, 359, 356, 358, 359, 357, 362, 360, 359, 362, 359, 358, 363, 360, 362, 364, 360, 363, 361, 360, 364, 366, 369, 365, 367, 369, 366, 368, 369, 367, 372, 370, 369, 372, 369, 368, 373, 370, 372, 374, 370, 373, 371, 370, 374, 376, 379, 375, 377, 379, 376, 378, 379, 377, 382, 380, 379, 382, 379, 378, 383, 380, 382, 384, 380, 383, 381, 380, 384, 451, 385, 386, 451, 450, 385, 452, 386, 387, 452, 451, 386, 453, 387, 388, 453, 452, 387, 454, 388, 389, 454, 453, 388, 455, 389, 390, 455, 454, 389, 456, 390, 391, 456, 455, 390, 457, 391, 392, 457, 456, 391, 458, 392, 393, 458, 457, 392, 459, 393, 394, 459, 458, 393, 460, 394, 395, 460, 459, 394, 461, 395, 396, 461, 460, 395, 397, 461, 396, 462, 461, 397, 398, 462, 397, 463, 462, 398, 464, 398, 399, 464, 463, 398, 400, 464, 399, 465, 464, 400, 466, 400, 401, 466, 465, 400, 402, 466, 401, 467, 466, 402, 403, 467, 402, 468, 467, 403, 469, 468, 403, 469, 403, 404, 470, 469, 404, 470, 404, 405, 471, 470, 405, 471, 405, 406, 407, 471, 406, 472, 471, 407, 473, 472, 407, 473, 407, 408, 409, 473, 408, 474, 473, 409, 475, 409, 410, 475, 474, 409, 476, 410, 411, 476, 475, 410, 412, 476, 411, 477, 476, 412, 478, 412, 413, 478, 477, 412, 479, 413, 414, 479, 478, 413, 480, 414, 415, 480, 479, 414, 481, 415, 416, 481, 480, 415, 482, 416, 417, 482, 481, 416, 483, 417, 418, 483, 482, 417, 484, 418, 419, 484, 483, 418, 485, 419, 420, 485, 484, 419, 486, 420, 421, 486, 485, 420, 487, 421, 422, 487, 486, 421, 488, 422, 423, 488, 487, 422, 489, 423, 424, 489, 488, 423, 490, 424, 425, 490, 489, 424, 426, 490, 425, 491, 490, 426, 492, 426, 427, 492, 491, 426, 493, 492, 427, 493, 427, 428, 494, 428, 429, 494, 493, 428, 495, 494, 429, 495, 429, 430, 431, 495, 430, 496, 495, 431, 497, 496, 431, 497, 431, 432, 498, 497, 432, 498, 432, 433, 499, 498, 433, 499, 433, 434, 435, 499, 434, 500, 499, 435, 501, 500, 435, 501, 435, 436, 502, 501, 436, 502, 436, 437, 503, 502, 437, 503, 437, 438, 504, 503, 438, 504, 438, 439, 505, 504, 439, 505, 439, 440, 506, 505, 440, 506, 440, 441, 442, 506, 441, 507, 506, 442, 508, 442, 443, 508, 507, 442, 509, 443, 444, 509, 508, 443, 510, 444, 445, 510, 509, 444, 511, 445, 446, 511, 510, 445, 512, 446, 447, 512, 511, 446, 449, 447, 448, 449, 512, 447, 514, 513, 517, 515, 517, 518, 515, 514, 517, 516, 515, 518, 521, 518, 519, 521, 516, 518, 522, 521, 519, 520, 522, 519, 531, 530, 529, 528, 532, 531, 528, 531, 529, 536, 529, 533, 536, 533, 537, 534, 536, 535, 527, 526, 525, 541, 534, 538, 541, 538, 542, 541, 528, 529, 541, 529, 536, 541, 536, 534, 539, 524, 523, 539, 523, 528, 539, 541, 540, 539, 528, 541, 550, 549, 527, 552, 551, 550, 544, 525, 524, 544, 539, 543, 544, 546, 545, 544, 547, 546, 544, 543, 547, 544, 548, 552, 544, 527, 525, 544, 524, 539, 544, 550, 527, 544, 552, 550, 554, 553, 557, 555, 557, 558, 555, 554, 557, 556, 555, 558, 561, 558, 559, 561, 556, 558, 562, 561, 559, 560, 562, 559, 571, 563, 564, 572, 564, 565, 572, 571, 564, 568, 572, 565, 569, 565, 566, 569, 568, 565, 570, 569, 566, 567, 570, 566, 581, 573, 574, 582, 574, 575, 582, 581, 574, 578, 582, 575, 579, 575, 576, 579, 578, 575, 580, 579, 576, 577, 580, 576, 591, 583, 584, 592, 584, 585, 592, 591, 584, 588, 592, 585, 589, 585, 586, 589, 588, 585, 590, 589, 586, 587, 590, 586, 594, 593, 597, 595, 597, 598, 595, 594, 597, 596, 595, 598, 601, 598, 599, 601, 596, 598, 602, 601, 599, 600, 602, 599, 669, 603, 604, 669, 668, 603, 670, 604, 605, 670, 669, 604, 671, 605, 606, 671, 670, 605, 672, 606, 607, 672, 671, 606, 673, 607, 608, 673, 672, 607, 674, 608, 609, 674, 673, 608, 675, 609, 610, 675, 674, 609, 611, 675, 610, 676, 675, 611, 677, 611, 612, 677, 676, 611, 678, 612, 613, 678, 677, 612, 614, 678, 613, 679, 678, 614, 615, 679, 614, 680, 679, 615, 681, 615, 616, 681, 680, 615, 682, 616, 617, 682, 681, 616, 683, 617, 618, 683, 682, 617, 684, 618, 619, 684, 683, 618, 685, 619, 620, 685, 684, 619, 686, 620, 621, 686, 685, 620, 687, 686, 621, 687, 621, 622, 688, 687, 622, 688, 622, 623, 624, 688, 623, 689, 688, 624, 625, 689, 624, 690, 689, 625, 691, 690, 625, 691, 625, 626, 627, 691, 626, 692, 691, 627, 693, 627, 628, 693, 692, 627, 694, 628, 629, 694, 693, 628, 695, 629, 630, 695, 694, 629, 696, 630, 631, 696, 695, 630, 697, 631, 632, 697, 696, 631, 698, 632, 633, 698, 697, 632, 699, 633, 634, 699, 698, 633, 700, 634, 635, 700, 699, 634, 701, 635, 636, 701, 700, 635, 702, 636, 637, 702, 701, 636, 703, 637, 638, 703, 702, 637, 704, 638, 639, 704, 703, 638, 640, 704, 639, 705, 704, 640, 706, 640, 641, 706, 705, 640, 707, 641, 642, 707, 706, 641, 708, 642, 643, 708, 707, 642, 709, 643, 644, 709, 708, 643, 645, 709, 644, 710, 709, 645, 711, 710, 645, 711, 645, 646, 712, 711, 646, 712, 646, 647, 713, 712, 647, 713, 647, 648, 714, 713, 648, 714, 648, 649, 715, 714, 649, 715, 649, 650, 651, 715, 650, 716, 715, 651, 717, 716, 651, 717, 651, 652, 718, 717, 652, 718, 652, 653, 719, 718, 653, 719, 653, 654, 720, 719, 654, 720, 654, 655, 721, 720, 655, 721, 655, 656, 722, 721, 656, 722, 656, 657, 723, 722, 657, 723, 657, 658, 724, 723, 658, 724, 658, 659, 725, 724, 659, 725, 659, 660, 726, 660, 661, 726, 725, 660, 727, 661, 662, 727, 726, 661, 728, 662, 663, 728, 727, 662, 729, 663, 664, 729, 728, 663, 730, 664, 665, 730, 729, 664, 666, 730, 665, 667, 730, 666, 797, 731, 732, 797, 796, 731, 798, 732, 733, 798, 797, 732, 799, 733, 734, 799, 798, 733, 800, 734, 735, 800, 799, 734, 801, 735, 736, 801, 800, 735, 802, 736, 737, 802, 801, 736, 738, 802, 737, 803, 802, 738, 804, 738, 739, 804, 803, 738, 740, 804, 739, 805, 804, 740, 806, 740, 741, 806, 805, 740, 807, 741, 742, 807, 806, 741, 743, 807, 742, 808, 807, 743, 744, 808, 743, 809, 808, 744, 810, 744, 745, 810, 809, 744, 811, 745, 746, 811, 810, 745, 812, 746, 747, 812, 811, 746, 813, 747, 748, 813, 812, 747, 814, 748, 749, 814, 813, 748, 815, 814, 749, 815, 749, 750, 816, 815, 750, 816, 750, 751, 752, 816, 751, 817, 816, 752, 818, 817, 752, 818, 752, 753, 819, 818, 753, 819, 753, 754, 820, 754, 755, 820, 819, 754, 821, 755, 756, 821, 820, 755, 822, 756, 757, 822, 821, 756, 823, 757, 758, 823, 822, 757, 824, 758, 759, 824, 823, 758, 825, 759, 760, 825, 824, 759, 826, 760, 761, 826, 825, 760, 827, 761, 762, 827, 826, 761, 828, 762, 763, 828, 827, 762, 829, 763, 764, 829, 828, 763, 830, 764, 765, 830, 829, 764, 831, 765, 766, 831, 830, 765, 767, 831, 766, 832, 831, 767, 833, 767, 768, 833, 832, 767, 834, 768, 769, 834, 833, 768, 835, 769, 770, 835, 834, 769, 836, 770, 771, 836, 835, 770, 837, 771, 772, 837, 836, 771, 838, 772, 773, 838, 837, 772, 839, 838, 773, 839, 773, 774, 840, 774, 775, 840, 839, 774, 841, 840, 775, 841, 775, 776, 842, 841, 776, 842, 776, 777, 843, 842, 777, 843, 777, 778, 779, 843, 778, 844, 843, 779, 845, 844, 779, 845, 779, 780, 846, 845, 780, 846, 780, 781, 847, 846, 781, 847, 781, 782, 848, 847, 782, 848, 782, 783, 849, 848, 783, 849, 783, 784, 850, 849, 784, 850, 784, 785, 851, 850, 785, 851, 785, 786, 852, 851, 786, 852, 786, 787, 788, 852, 787, 853, 852, 788, 854, 788, 789, 854, 853, 788, 855, 789, 790, 855, 854, 789, 856, 790, 791, 856, 855, 790, 857, 791, 792, 857, 856, 791, 858, 792, 793, 858, 857, 792, 795, 793, 794, 795, 858, 793, 925, 859, 860, 925, 924, 859, 926, 860, 861, 926, 925, 860, 927, 861, 862, 927, 926, 861, 928, 862, 863, 928, 927, 862, 929, 863, 864, 929, 928, 863, 930, 864, 865, 930, 929, 864, 931, 865, 866, 931, 930, 865, 867, 931, 866, 932, 931, 867, 868, 932, 867, 933, 932, 868, 934, 868, 869, 934, 933, 868, 935, 869, 870, 935, 934, 869, 936, 870, 871, 936, 935, 870, 937, 871, 872, 937, 936, 871, 938, 872, 873, 938, 937, 872, 939, 873, 874, 939, 938, 873, 940, 874, 875, 940, 939, 874, 941, 875, 876, 941, 940, 875, 942, 876, 877, 942, 941, 876, 943, 942, 877, 943, 877, 878, 944, 943, 878, 944, 878, 879, 945, 944, 879, 945, 879, 880, 946, 945, 880, 946, 880, 881, 947, 946, 881, 947, 881, 882, 948, 882, 883, 948, 947, 882, 884, 948, 883, 949, 948, 884, 885, 949, 884, 950, 949, 885, 951, 885, 886, 951, 950, 885, 952, 886, 887, 952, 951, 886, 953, 887, 888, 953, 952, 887, 954, 888, 889, 954, 953, 888, 955, 889, 890, 955, 954, 889, 956, 890, 891, 956, 955, 890, 957, 891, 892, 957, 956, 891, 893, 957, 892, 958, 957, 893, 959, 893, 894, 959, 958, 893, 960, 894, 895, 960, 959, 894, 961, 895, 896, 961, 960, 895, 962, 896, 897, 962, 961, 896, 963, 897, 898, 963, 962, 897, 964, 898, 899, 964, 963, 898, 965, 899, 900, 965, 964, 899, 966, 900, 901, 966, 965, 900, 967, 966, 901, 967, 901, 902, 968, 902, 903, 968, 967, 902, 969, 968, 903, 969, 903, 904, 970, 969, 904, 970, 904, 905, 971, 970, 905, 971, 905, 906, 972, 971, 906, 972, 906, 907, 908, 972, 907, 973, 972, 908, 974, 973, 908, 974, 908, 909, 975, 974, 909, 975, 909, 910, 976, 975, 910, 976, 910, 911, 977, 976, 911, 977, 911, 912, 978, 977, 912, 978, 912, 913, 914, 978, 913, 979, 978, 914, 980, 979, 914, 980, 914, 915, 981, 980, 915, 981, 915, 916, 982, 916, 917, 982, 981, 916, 918, 982, 917, 983, 982, 918, 919, 983, 918, 984, 983, 919, 985, 919, 920, 985, 984, 919, 986, 920, 921, 986, 985, 920, 922, 986, 921, 923, 986, 922, 1053, 987, 988, 1053, 1052, 987, 1054, 988, 989, 1054, 1053, 988, 1055, 989, 990, 1055, 1054, 989, 1056, 990, 991, 1056, 1055, 990, 1057, 991, 992, 1057, 1056, 991, 1058, 992, 993, 1058, 1057, 992, 1059, 993, 994, 1059, 1058, 993, 995, 1059, 994, 1060, 1059, 995, 996, 1060, 995, 1061, 1060, 996, 1062, 996, 997, 1062, 1061, 996, 1063, 997, 998, 1063, 1062, 997, 1064, 998, 999, 1064, 1063, 998, 1065, 999, 1000, 1065, 1064, 999, 1001, 1065, 1000, 1066, 1065, 1001, 1067, 1001, 1002, 1067, 1066, 1001, 1068, 1002, 1003, 1068, 1067, 1002, 1069, 1003, 1004, 1069, 1068, 1003, 1005, 1069, 1004, 1070, 1069, 1005, 1071, 1070, 1005, 1071, 1005, 1006, 1007, 1071, 1006, 1072, 1071, 1007, 1008, 1072, 1007, 1073, 1072, 1008, 1074, 1073, 1008, 1074, 1008, 1009, 1075, 1074, 1009, 1075, 1009, 1010, 1076, 1010, 1011, 1076, 1075, 1010, 1077, 1011, 1012, 1077, 1076, 1011, 1013, 1077, 1012, 1078, 1077, 1013, 1079, 1013, 1014, 1079, 1078, 1013, 1080, 1014, 1015, 1080, 1079, 1014, 1081, 1015, 1016, 1081, 1080, 1015, 1082, 1016, 1017, 1082, 1081, 1016, 1018, 1082, 1017, 1083, 1082, 1018, 1084, 1018, 1019, 1084, 1083, 1018, 1085, 1019, 1020, 1085, 1084, 1019, 1086, 1020, 1021, 1086, 1085, 1020, 1087, 1021, 1022, 1087, 1086, 1021, 1088, 1022, 1023, 1088, 1087, 1022, 1089, 1023, 1024, 1089, 1088, 1023, 1090, 1024, 1025, 1090, 1089, 1024, 1026, 1090, 1025, 1091, 1090, 1026, 1092, 1026, 1027, 1092, 1091, 1026, 1093, 1027, 1028, 1093, 1092, 1027, 1029, 1093, 1028, 1094, 1093, 1029, 1095, 1094, 1029, 1095, 1029, 1030, 1096, 1095, 1030, 1096, 1030, 1031, 1032, 1096, 1031, 1097, 1096, 1032, 1098, 1097, 1032, 1098, 1032, 1033, 1099, 1098, 1033, 1099, 1033, 1034, 1035, 1099, 1034, 1100, 1099, 1035, 1101, 1100, 1035, 1101, 1035, 1036, 1102, 1101, 1036, 1102, 1036, 1037, 1103, 1102, 1037, 1103, 1037, 1038, 1039, 1103, 1038, 1104, 1103, 1039, 1105, 1104, 1039, 1105, 1039, 1040, 1106, 1105, 1040, 1106, 1040, 1041, 1107, 1106, 1041, 1107, 1041, 1042, 1108, 1107, 1042, 1108, 1042, 1043, 1109, 1108, 1043, 1109, 1043, 1044, 1110, 1044, 1045, 1110, 1109, 1044, 1111, 1045, 1046, 1111, 1110, 1045, 1047, 1111, 1046, 1112, 1111, 1047, 1113, 1047, 1048, 1113, 1112, 1047, 1114, 1048, 1049, 1114, 1113, 1048, 1051, 1049, 1050, 1051, 1114, 1049, 1181, 1115, 1116, 1181, 1180, 1115, 1182, 1116, 1117, 1182, 1181, 1116, 1183, 1117, 1118, 1183, 1182, 1117, 1184, 1118, 1119, 1184, 1183, 1118, 1185, 1119, 1120, 1185, 1184, 1119, 1186, 1120, 1121, 1186, 1185, 1120, 1187, 1121, 1122, 1187, 1186, 1121, 1188, 1122, 1123, 1188, 1187, 1122, 1189, 1123, 1124, 1189, 1188, 1123, 1190, 1124, 1125, 1190, 1189, 1124, 1191, 1125, 1126, 1191, 1190, 1125, 1192, 1126, 1127, 1192, 1191, 1126, 1193, 1127, 1128, 1193, 1192, 1127, 1194, 1128, 1129, 1194, 1193, 1128, 1195, 1129, 1130, 1195, 1194, 1129, 1196, 1130, 1131, 1196, 1195, 1130, 1197, 1131, 1132, 1197, 1196, 1131, 1198, 1132, 1133, 1198, 1197, 1132, 1199, 1198, 1133, 1199, 1133, 1134, 1200, 1199, 1134, 1200, 1134, 1135, 1136, 1200, 1135, 1201, 1200, 1136, 1137, 1201, 1136, 1202, 1201, 1137, 1138, 1202, 1137, 1203, 1202, 1138, 1204, 1138, 1139, 1204, 1203, 1138, 1140, 1204, 1139, 1205, 1204, 1140, 1206, 1140, 1141, 1206, 1205, 1140, 1207, 1141, 1142, 1207, 1206, 1141, 1208, 1142, 1143, 1208, 1207, 1142, 1209, 1143, 1144, 1209, 1208, 1143, 1210, 1144, 1145, 1210, 1209, 1144, 1211, 1145, 1146, 1211, 1210, 1145, 1212, 1146, 1147, 1212, 1211, 1146, 1213, 1147, 1148, 1213, 1212, 1147, 1214, 1148, 1149, 1214, 1213, 1148, 1215, 1149, 1150, 1215, 1214, 1149, 1216, 1150, 1151, 1216, 1215, 1150, 1217, 1151, 1152, 1217, 1216, 1151, 1218, 1152, 1153, 1218, 1217, 1152, 1219, 1153, 1154, 1219, 1218, 1153, 1220, 1154, 1155, 1220, 1219, 1154, 1221, 1155, 1156, 1221, 1220, 1155, 1222, 1156, 1157, 1222, 1221, 1156, 1223, 1222, 1157, 1223, 1157, 1158, 1224, 1158, 1159, 1224, 1223, 1158, 1225, 1224, 1159, 1225, 1159, 1160, 1226, 1225, 1160, 1226, 1160, 1161, 1227, 1226, 1161, 1227, 1161, 1162, 1228, 1227, 1162, 1228, 1162, 1163, 1229, 1228, 1163, 1229, 1163, 1164, 1230, 1229, 1164, 1230, 1164, 1165, 1231, 1230, 1165, 1231, 1165, 1166, 1232, 1231, 1166, 1232, 1166, 1167, 1233, 1232, 1167, 1233, 1167, 1168, 1234, 1233, 1168, 1234, 1168, 1169, 1235, 1234, 1169, 1235, 1169, 1170, 1236, 1235, 1170, 1236, 1170, 1171, 1237, 1236, 1171, 1237, 1171, 1172, 1238, 1172, 1173, 1238, 1237, 1172, 1239, 1173, 1174, 1239, 1238, 1173, 1240, 1174, 1175, 1240, 1239, 1174, 1241, 1175, 1176, 1241, 1240, 1175, 1242, 1176, 1177, 1242, 1241, 1176, 1179, 1177, 1178, 1179, 1242, 1177, 1309, 1243, 1244, 1309, 1308, 1243, 1310, 1244, 1245, 1310, 1309, 1244, 1311, 1245, 1246, 1311, 1310, 1245, 1312, 1246, 1247, 1312, 1311, 1246, 1313, 1247, 1248, 1313, 1312, 1247, 1314, 1248, 1249, 1314, 1313, 1248, 1315, 1249, 1250, 1315, 1314, 1249, 1251, 1315, 1250, 1316, 1315, 1251, 1317, 1251, 1252, 1317, 1316, 1251, 1318, 1252, 1253, 1318, 1317, 1252, 1319, 1253, 1254, 1319, 1318, 1253, 1320, 1254, 1255, 1320, 1319, 1254, 1321, 1255, 1256, 1321, 1320, 1255, 1322, 1256, 1257, 1322, 1321, 1256, 1323, 1257, 1258, 1323, 1322, 1257, 1324, 1258, 1259, 1324, 1323, 1258, 1325, 1259, 1260, 1325, 1324, 1259, 1326, 1260, 1261, 1326, 1325, 1260, 1262, 1326, 1261, 1327, 1326, 1262, 1263, 1327, 1262, 1328, 1327, 1263, 1329, 1328, 1263, 1329, 1263, 1264, 1330, 1329, 1264, 1330, 1264, 1265, 1331, 1330, 1265, 1331, 1265, 1266, 1267, 1331, 1266, 1332, 1331, 1267, 1333, 1267, 1268, 1333, 1332, 1267, 1334, 1268, 1269, 1334, 1333, 1268, 1270, 1334, 1269, 1335, 1334, 1270, 1336, 1270, 1271, 1336, 1335, 1270, 1337, 1271, 1272, 1337, 1336, 1271, 1338, 1272, 1273, 1338, 1337, 1272, 1339, 1273, 1274, 1339, 1338, 1273, 1340, 1274, 1275, 1340, 1339, 1274, 1341, 1275, 1276, 1341, 1340, 1275, 1342, 1276, 1277, 1342, 1341, 1276, 1343, 1277, 1278, 1343, 1342, 1277, 1279, 1343, 1278, 1344, 1343, 1279, 1345, 1279, 1280, 1345, 1344, 1279, 1346, 1280, 1281, 1346, 1345, 1280, 1282, 1346, 1281, 1347, 1346, 1282, 1348, 1282, 1283, 1348, 1347, 1282, 1349, 1283, 1284, 1349, 1348, 1283, 1350, 1284, 1285, 1350, 1349, 1284, 1351, 1350, 1285, 1351, 1285, 1286, 1352, 1286, 1287, 1352, 1351, 1286, 1353, 1352, 1287, 1353, 1287, 1288, 1354, 1353, 1288, 1354, 1288, 1289, 1290, 1354, 1289, 1355, 1354, 1290, 1356, 1355, 1290, 1356, 1290, 1291, 1357, 1356, 1291, 1357, 1291, 1292, 1358, 1357, 1292, 1358, 1292, 1293, 1359, 1358, 1293, 1359, 1293, 1294, 1360, 1359, 1294, 1360, 1294, 1295, 1296, 1360, 1295, 1361, 1360, 1296, 1362, 1361, 1296, 1362, 1296, 1297, 1363, 1362, 1297, 1363, 1297, 1298, 1299, 1363, 1298, 1364, 1363, 1299, 1365, 1299, 1300, 1365, 1364, 1299, 1366, 1300, 1301, 1366, 1365, 1300, 1367, 1301, 1302, 1367, 1366, 1301, 1368, 1302, 1303, 1368, 1367, 1302, 1304, 1368, 1303, 1369, 1368, 1304, 1370, 1304, 1305, 1370, 1369, 1304, 1307, 1305, 1306, 1307, 1370, 1305, 1437, 1371, 1372, 1437, 1436, 1371, 1438, 1372, 1373, 1438, 1437, 1372, 1439, 1373, 1374, 1439, 1438, 1373, 1440, 1374, 1375, 1440, 1439, 1374, 1441, 1375, 1376, 1441, 1440, 1375, 1442, 1376, 1377, 1442, 1441, 1376, 1443, 1377, 1378, 1443, 1442, 1377, 1379, 1443, 1378, 1444, 1443, 1379, 1380, 1444, 1379, 1445, 1444, 1380, 1446, 1380, 1381, 1446, 1445, 1380, 1382, 1446, 1381, 1447, 1446, 1382, 1448, 1382, 1383, 1448, 1447, 1382, 1384, 1448, 1383, 1449, 1448, 1384, 1450, 1384, 1385, 1450, 1449, 1384, 1451, 1385, 1386, 1451, 1450, 1385, 1452, 1386, 1387, 1452, 1451, 1386, 1453, 1387, 1388, 1453, 1452, 1387, 1454, 1388, 1389, 1454, 1453, 1388, 1455, 1454, 1389, 1455, 1389, 1390, 1456, 1455, 1390, 1456, 1390, 1391, 1392, 1456, 1391, 1457, 1456, 1392, 1393, 1457, 1392, 1458, 1457, 1393, 1459, 1458, 1393, 1459, 1393, 1394, 1460, 1394, 1395, 1460, 1459, 1394, 1396, 1460, 1395, 1461, 1460, 1396, 1462, 1396, 1397, 1462, 1461, 1396, 1398, 1462, 1397, 1463, 1462, 1398, 1464, 1398, 1399, 1464, 1463, 1398, 1400, 1464, 1399, 1465, 1464, 1400, 1466, 1400, 1401, 1466, 1465, 1400, 1467, 1401, 1402, 1467, 1466, 1401, 1468, 1402, 1403, 1468, 1467, 1402, 1469, 1403, 1404, 1469, 1468, 1403, 1405, 1469, 1404, 1470, 1469, 1405, 1471, 1405, 1406, 1471, 1470, 1405, 1472, 1406, 1407, 1472, 1471, 1406, 1473, 1407, 1408, 1473, 1472, 1407, 1474, 1408, 1409, 1474, 1473, 1408, 1475, 1409, 1410, 1475, 1474, 1409, 1476, 1410, 1411, 1476, 1475, 1410, 1412, 1476, 1411, 1477, 1476, 1412, 1478, 1412, 1413, 1478, 1477, 1412, 1479, 1478, 1413, 1479, 1413, 1414, 1480, 1414, 1415, 1480, 1479, 1414, 1481, 1480, 1415, 1481, 1415, 1416, 1482, 1481, 1416, 1482, 1416, 1417, 1418, 1482, 1417, 1483, 1482, 1418, 1484, 1483, 1418, 1484, 1418, 1419, 1420, 1484, 1419, 1485, 1484, 1420, 1486, 1485, 1420, 1486, 1420, 1421, 1487, 1486, 1421, 1487, 1421, 1422, 1488, 1487, 1422, 1488, 1422, 1423, 1489, 1488, 1423, 1489, 1423, 1424, 1490, 1489, 1424, 1490, 1424, 1425, 1491, 1490, 1425, 1491, 1425, 1426, 1492, 1491, 1426, 1492, 1426, 1427, 1493, 1492, 1427, 1493, 1427, 1428, 1494, 1428, 1429, 1494, 1493, 1428, 1495, 1429, 1430, 1495, 1494, 1429, 1431, 1495, 1430, 1496, 1495, 1431, 1497, 1431, 1432, 1497, 1496, 1431, 1498, 1432, 1433, 1498, 1497, 1432, 1435, 1433, 1434, 1435, 1498, 1433, 1500, 1499, 1501, 1565, 1501, 1502, 1565, 1500, 1501, 1566, 1565, 1502, 1567, 1502, 1503, 1567, 1503, 1504, 1567, 1566, 1502, 1568, 1567, 1504, 1569, 1504, 1505, 1569, 1568, 1504, 1570, 1505, 1506, 1570, 1506, 1507, 1570, 1569, 1505, 1509, 1627, 1508, 1571, 1570, 1507, 1643, 1507, 1508, 1643, 1508, 1627, 1643, 1571, 1507, 1628, 1627, 1509, 1510, 1628, 1509, 1572, 1571, 1643, 1629, 1628, 1510, 1511, 1629, 1510, 1573, 1572, 1643, 1573, 1643, 1644, 1630, 1629, 1511, 1512, 1630, 1511, 1574, 1644, 1645, 1574, 1573, 1644, 1631, 1630, 1512, 1513, 1631, 1512, 1575, 1574, 1645, 1575, 1645, 1646, 1632, 1631, 1513, 1514, 1632, 1513, 1576, 1575, 1646, 1576, 1646, 1647, 1633, 1632, 1514, 1515, 1633, 1514, 1577, 1576, 1647, 1577, 1647, 1648, 1634, 1633, 1515, 1516, 1634, 1515, 1578, 1648, 1649, 1578, 1577, 1648, 1635, 1634, 1516, 1517, 1635, 1516, 1579, 1578, 1649, 1579, 1649, 1650, 1636, 1635, 1517, 1518, 1636, 1517, 1580, 1650, 1651, 1580, 1579, 1650, 1637, 1636, 1518, 1519, 1637, 1518, 1581, 1651, 1652, 1581, 1580, 1651, 1638, 1637, 1519, 1520, 1638, 1519, 1582, 1652, 1653, 1582, 1581, 1652, 1639, 1638, 1520, 1521, 1639, 1520, 1583, 1653, 1654, 1583, 1582, 1653, 1640, 1639, 1521, 1522, 1640, 1521, 1584, 1654, 1655, 1584, 1583, 1654, 1641, 1640, 1522, 1523, 1641, 1522, 1585, 1584, 1655, 1585, 1655, 1656, 1642, 1641, 1523, 1524, 1642, 1523, 1586, 1585, 1656, 1586, 1656, 1657, 1658, 1642, 1524, 1587, 1586, 1657, 1587, 1657, 1658, 1588, 1658, 1524, 1588, 1587, 1658, 1589, 1588, 1524, 1589, 1524, 1525, 1590, 1525, 1526, 1590, 1589, 1525, 1591, 1526, 1527, 1591, 1590, 1526, 1592, 1527, 1528, 1592, 1528, 1529, 1592, 1591, 1527, 1593, 1529, 1530, 1593, 1592, 1529, 1594, 1530, 1531, 1594, 1593, 1530, 1595, 1594, 1531, 1596, 1531, 1532, 1596, 1532, 1533, 1596, 1595, 1531, 1597, 1596, 1533, 1598, 1533, 1534, 1598, 1534, 1535, 1598, 1597, 1533, 1599, 1598, 1535, 1600, 1535, 1536, 1600, 1599, 1535, 1601, 1536, 1537, 1601, 1537, 1538, 1601, 1600, 1536, 1602, 1601, 1538, 1603, 1538, 1539, 1603, 1602, 1538, 1604, 1539, 1540, 1604, 1603, 1539, 1605, 1540, 1541, 1605, 1541, 1542, 1605, 1604, 1540, 1606, 1605, 1542, 1607, 1542, 1543, 1607, 1606, 1542, 1608, 1543, 1544, 1608, 1607, 1543, 1609, 1608, 1544, 1609, 1544, 1545, 1610, 1609, 1545, 1610, 1545, 1546, 1610, 1546, 1547, 1611, 1610, 1547, 1612, 1611, 1547, 1612, 1547, 1548, 1612, 1548, 1549, 1613, 1612, 1549, 1614, 1613, 1549, 1614, 1549, 1550, 1615, 1614, 1550, 1615, 1550, 1551, 1615, 1551, 1552, 1616, 1615, 1552, 1617, 1616, 1552, 1617, 1552, 1553, 1618, 1617, 1553, 1618, 1553, 1554, 1619, 1618, 1554, 1619, 1554, 1555, 1620, 1619, 1555, 1620, 1555, 1556, 1620, 1556, 1557, 1621, 1620, 1557, 1622, 1621, 1557, 1622, 1557, 1558, 1622, 1558, 1559, 1623, 1622, 1559, 1624, 1559, 1560, 1624, 1623, 1559, 1625, 1560, 1561, 1625, 1561, 1562, 1625, 1624, 1560, 1626, 1562, 1563, 1626, 1625, 1562, 1564, 1626, 1563, 1761, 1697, 1698, 1762, 1698, 1699, 1762, 1761, 1698, 1760, 1697, 1761, 1763, 1699, 1700, 1763, 1762, 1699, 1759, 1696, 1697, 1759, 1697, 1760, 1764, 1700, 1701, 1764, 1763, 1700, 1758, 1695, 1696, 1758, 1696, 1759, 1765, 1764, 1701, 1765, 1701, 1702, 1757, 1694, 1695, 1757, 1695, 1758, 1766, 1702, 1703, 1766, 1703, 1704, 1766, 1765, 1702, 1756, 1692, 1693, 1756, 1693, 1694, 1756, 1694, 1757, 1767, 1766, 1704, 1755, 1692, 1756, 1768, 1704, 1705, 1768, 1767, 1704, 1754, 1691, 1692, 1754, 1692, 1755, 1769, 1768, 1705, 1769, 1705, 1706, 1769, 1706, 1707, 1753, 1690, 1691, 1753, 1691, 1754, 1770, 1769, 1707, 1752, 1689, 1690, 1752, 1690, 1753, 1771, 1707, 1708, 1771, 1708, 1709, 1771, 1770, 1707, 1751, 1689, 1752, 1751, 1688, 1689, 1687, 1688, 1751, 1772, 1771, 1709, 1750, 1687, 1751, 1773, 1772, 1709, 1773, 1709, 1710, 1749, 1687, 1750, 1749, 1686, 1687, 1774, 1773, 1710, 1774, 1710, 1711, 1748, 1685, 1686, 1748, 1686, 1749, 1775, 1774, 1711, 1775, 1711, 1712, 1747, 1684, 1685, 1747, 1685, 1748, 1776, 1775, 1712, 1776, 1712, 1713, 1746, 1683, 1684, 1746, 1684, 1747, 1714, 1776, 1713, 1777, 1776, 1714, 1682, 1683, 1746, 1682, 1746, 1745, 1778, 1777, 1714, 1715, 1778, 1714, 1779, 1778, 1715, 1681, 1682, 1745, 1681, 1745, 1744, 1716, 1779, 1715, 1680, 1681, 1744, 1680, 1744, 1743, 1717, 1780, 1779, 1717, 1779, 1716, 1781, 1780, 1717, 1679, 1680, 1743, 1679, 1743, 1742, 1718, 1781, 1717, 1782, 1781, 1718, 1678, 1742, 1741, 1678, 1679, 1742, 1719, 1782, 1718, 1677, 1741, 1740, 1677, 1678, 1741, 1720, 1783, 1782, 1720, 1784, 1783, 1720, 1782, 1719, 1676, 1677, 1740, 1676, 1740, 1739, 1721, 1722, 1784, 1721, 1784, 1720, 1675, 1676, 1739, 1675, 1739, 1738, 1659, 1722, 1721, 1674, 1675, 1738, 1674, 1738, 1737, 1660, 1722, 1659, 1660, 1723, 1722, 1673, 1674, 1737, 1673, 1737, 1736, 1661, 1723, 1660, 1661, 1724, 1723, 1672, 1673, 1736, 1672, 1736, 1735, 1662, 1724, 1661, 1662, 1725, 1724, 1671, 1672, 1735, 1671, 1735, 1734, 1663, 1725, 1662, 1663, 1726, 1725, 1670, 1671, 1734, 1670, 1734, 1733, 1664, 1726, 1663, 1664, 1727, 1726, 1669, 1670, 1733, 1669, 1733, 1732, 1665, 1727, 1664, 1665, 1728, 1727, 1668, 1669, 1732, 1668, 1731, 1730, 1668, 1732, 1731, 1666, 1729, 1728, 1666, 1728, 1665, 1667, 1668, 1730, 1667, 1730, 1729, 1667, 1729, 1666, 1788, 1785, 1786, 1788, 1786, 1787, 1792, 1789, 1790, 1792, 1790, 1791, 1793, 1789, 1792, 1794, 1788, 1789, 1794, 1789, 1793, 1798, 1794, 1795, 1798, 1795, 1796, 1798, 1796, 1797, 1800, 1798, 1799, 1800, 1785, 1788, 1800, 1788, 1794, 1800, 1794, 1798, 1804, 1802, 1801, 1804, 1801, 1803, 1808, 1806, 1805, 1808, 1807, 1806, 1812, 1810, 1809, 1812, 1811, 1810, 1813, 1812, 1809, 1814, 1809, 1808, 1814, 1813, 1809, 1818, 1815, 1814, 1818, 1816, 1815, 1818, 1817, 1816, 1820, 1819, 1818, 1820, 1808, 1805, 1820, 1814, 1808, 1820, 1818, 1814, 1887, 1821, 1822, 1887, 1886, 1821, 1888, 1822, 1823, 1888, 1823, 1824, 1888, 1887, 1822, 1889, 1888, 1824, 1890, 1824, 1825, 1890, 1889, 1824, 1891, 1825, 1826, 1891, 1826, 1827, 1891, 1890, 1825, 1892, 1891, 1827, 1893, 1827, 1828, 1893, 1892, 1827, 1894, 1828, 1829, 1894, 1829, 1830, 1894, 1893, 1828, 1895, 1894, 1830, 1896, 1830, 1831, 1896, 1895, 1830, 1897, 1831, 1832, 1897, 1896, 1831, 1898, 1832, 1833, 1898, 1833, 1834, 1898, 1897, 1832, 1899, 1898, 1834, 1900, 1834, 1835, 1900, 1899, 1834, 1901, 1835, 1836, 1901, 1900, 1835, 1902, 1836, 1837, 1902, 1901, 1836, 1903, 1837, 1838, 1903, 1838, 1839, 1903, 1902, 1837, 1904, 1903, 1839, 1905, 1904, 1839, 1905, 1839, 1840, 1906, 1905, 1840, 1906, 1840, 1841, 1906, 1841, 1842, 1907, 1906, 1842, 1908, 1907, 1842, 1908, 1842, 1843, 1909, 1843, 1844, 1909, 1908, 1843, 1910, 1844, 1845, 1910, 1909, 1844, 1911, 1845, 1846, 1911, 1910, 1845, 1912, 1846, 1847, 1912, 1847, 1848, 1912, 1911, 1846, 1913, 1912, 1848, 1914, 1848, 1849, 1914, 1913, 1848, 1915, 1849, 1850, 1915, 1914, 1849, 1916, 1850, 1851, 1916, 1915, 1850, 1917, 1851, 1852, 1917, 1916, 1851, 1918, 1852, 1853, 1918, 1853, 1854, 1918, 1917, 1852, 1919, 1918, 1854, 1920, 1854, 1855, 1920, 1919, 1854, 1921, 1855, 1856, 1921, 1920, 1855, 1922, 1856, 1857, 1922, 1921, 1856, 1923, 1857, 1858, 1923, 1922, 1857, 1924, 1858, 1859, 1924, 1923, 1858, 1925, 1859, 1860, 1925, 1924, 1859, 1926, 1860, 1861, 1926, 1925, 1860, 1927, 1861, 1862, 1927, 1926, 1861, 1928, 1862, 1863, 1928, 1863, 1864, 1928, 1927, 1862, 1929, 1928, 1864, 1930, 1929, 1864, 1930, 1864, 1865, 1931, 1930, 1865, 1931, 1865, 1866, 1931, 1866, 1867, 1932, 1931, 1867, 1933, 1932, 1867, 1933, 1867, 1868, 1934, 1933, 1868, 1934, 1868, 1869, 1934, 1869, 1870, 1935, 1934, 1870, 1936, 1935, 1870, 1936, 1870, 1871, 1937, 1936, 1871, 1937, 1871, 1872, 1937, 1872, 1873, 1938, 1937, 1873, 1939, 1938, 1873, 1939, 1873, 1874, 1940, 1939, 1874, 1940, 1874, 1875, 1941, 1940, 1875, 1941, 1875, 1876, 1942, 1876, 1877, 1942, 1941, 1876, 1943, 1877, 1878, 1943, 1942, 1877, 1944, 1878, 1879, 1944, 1943, 1878, 1945, 1879, 1880, 1945, 1944, 1879, 1946, 1880, 1881, 1946, 1945, 1880, 1947, 1881, 1882, 1947, 1946, 1881, 1948, 1882, 1883, 1948, 1947, 1882, 1885, 1883, 1884, 1885, 1948, 1883, 2079, 1949, 1950, 2017, 2016, 2080, 2013, 2011, 2012, 2015, 2078, 2014, 2081, 1950, 1951, 2081, 1951, 1952, 2081, 2079, 1950, 2082, 2080, 2079, 2082, 2079, 2081, 2082, 2017, 2080, 2082, 2018, 2017, 2082, 2019, 2018, 2083, 1952, 1953, 2083, 1953, 1954, 2083, 2081, 1952, 2084, 2081, 2083, 2084, 2020, 2019, 2084, 2021, 2020, 2084, 2082, 2081, 2084, 2019, 2082, 2085, 1954, 1955, 2085, 1955, 1956, 2085, 2083, 1954, 2086, 2084, 2083, 2086, 2021, 2084, 2086, 2022, 2021, 2086, 2023, 2022, 2086, 2083, 2085, 2087, 1956, 1957, 2087, 1957, 1958, 2087, 2085, 1956, 2088, 2023, 2086, 2088, 2086, 2085, 2088, 2085, 2087, 2088, 2024, 2023, 2088, 2025, 2024, 2089, 1958, 1959, 2089, 1959, 1960, 2089, 2087, 1958, 2090, 2025, 2088, 2090, 2026, 2025, 2090, 2027, 2026, 2090, 2087, 2089, 2090, 2088, 2087, 2091, 1960, 1961, 2091, 1961, 1962, 2091, 2089, 1960, 2092, 2027, 2090, 2092, 2090, 2089, 2092, 2089, 2091, 2092, 2028, 2027, 2092, 2029, 2028, 2093, 1962, 1963, 2093, 1963, 1964, 2093, 2091, 1962, 2094, 2091, 2093, 2094, 2030, 2029, 2094, 2031, 2030, 2094, 2092, 2091, 2094, 2029, 2092, 2095, 1964, 1965, 2095, 1965, 1966, 2095, 2093, 1964, 2095, 2094, 2093, 2096, 2031, 2094, 2096, 2032, 2031, 2096, 2033, 2032, 2096, 2094, 2095, 2097, 1966, 1967, 2097, 1967, 1968, 2097, 2095, 1966, 2098, 2096, 2095, 2098, 2033, 2096, 2098, 2095, 2097, 2098, 2034, 2033, 2098, 2035, 2034, 2099, 1968, 1969, 2099, 1969, 1970, 2099, 2097, 1968, 2100, 2097, 2099, 2100, 2035, 2098, 2100, 2098, 2097, 2100, 2036, 2035, 2100, 2037, 2036, 2101, 1970, 1971, 2101, 1971, 1972, 2101, 2099, 1970, 2102, 2037, 2100, 2102, 2100, 2099, 2102, 2038, 2037, 2102, 2039, 2038, 2102, 2099, 2101, 2103, 1972, 1973, 2103, 1973, 1974, 2103, 2101, 1972, 2103, 2102, 2101, 2104, 2102, 2103, 2104, 2040, 2039, 2104, 2041, 2040, 2104, 2039, 2102, 2105, 1974, 1975, 2105, 1975, 1976, 2105, 2103, 1974, 2106, 2041, 2104, 2106, 2103, 2105, 2106, 2104, 2103, 2106, 2042, 2041, 2106, 2043, 2042, 2107, 2105, 1976, 2107, 1976, 1977, 2107, 1977, 1978, 2108, 2106, 2105, 2108, 2043, 2106, 2108, 2105, 2107, 2108, 2044, 2043, 2108, 2045, 2044, 2109, 2107, 1978, 2109, 1978, 1979, 2109, 1979, 1980, 2110, 2045, 2108, 2110, 2107, 2109, 2110, 2108, 2107, 2110, 2046, 2045, 2110, 2047, 2046, 2111, 2109, 1980, 2111, 1980, 1981, 2112, 2110, 2109, 2112, 2047, 2110, 2112, 2109, 2111, 2112, 2048, 2047, 2113, 1981, 1982, 2113, 1982, 1983, 2113, 2111, 1981, 2114, 2112, 2111, 2114, 2048, 2112, 2114, 2111, 2113, 2114, 2049, 2048, 2114, 2050, 2049, 2115, 2113, 1983, 2115, 1983, 1984, 2115, 1984, 1985, 2116, 2051, 2050, 2116, 2052, 2051, 2116, 2114, 2113, 2116, 2050, 2114, 2116, 2113, 2115, 2117, 1985, 1986, 2117, 2115, 1985, 2117, 1986, 1987, 2118, 2053, 2052, 2118, 2054, 2053, 2118, 2115, 2117, 2118, 2116, 2115, 2118, 2052, 2116, 2119, 1987, 1988, 2119, 1988, 1989, 2119, 2117, 1987, 2120, 2118, 2117, 2120, 2055, 2054, 2120, 2056, 2055, 2120, 2054, 2118, 2120, 2117, 2119, 2121, 1989, 1990, 2121, 1990, 1991, 2121, 2119, 1989, 2121, 2120, 2119, 2122, 2056, 2120, 2122, 2057, 2056, 2122, 2058, 2057, 2122, 2120, 2121, 2123, 1991, 1992, 2123, 1992, 1993, 2123, 2121, 1991, 2124, 2059, 2058, 2124, 2060, 2059, 2124, 2121, 2123, 2124, 2122, 2121, 2124, 2058, 2122, 2125, 2124, 2123, 2125, 2123, 1993, 2125, 1993, 1994, 2125, 1994, 1995, 2126, 2061, 2060, 2126, 2062, 2061, 2126, 2124, 2125, 2126, 2060, 2124, 2127, 1995, 1996, 2127, 1996, 1997, 2127, 2125, 1995, 2128, 2063, 2062, 2128, 2064, 2063, 2128, 2126, 2125, 2128, 2125, 2127, 2128, 2062, 2126, 2129, 1997, 1998, 2129, 1998, 1999, 2129, 2127, 1997, 2130, 2128, 2127, 2130, 2065, 2064, 2130, 2066, 2065, 2130, 2127, 2129, 2130, 2064, 2128, 2131, 2129, 1999, 2131, 2130, 2129, 2131, 1999, 2000, 2131, 2000, 2001, 2132, 2130, 2131, 2132, 2066, 2130, 2132, 2067, 2066, 2132, 2068, 2067, 2133, 2131, 2001, 2133, 2001, 2002, 2133, 2002, 2003, 2133, 2132, 2131, 2134, 2132, 2133, 2134, 2068, 2132, 2134, 2069, 2068, 2134, 2070, 2069, 2135, 2133, 2003, 2135, 2003, 2004, 2135, 2004, 2005, 2136, 2070, 2134, 2136, 2071, 2070, 2136, 2072, 2071, 2136, 2133, 2135, 2136, 2134, 2133, 2137, 2136, 2135, 2137, 2135, 2005, 2137, 2005, 2006, 2137, 2006, 2007, 2138, 2072, 2136, 2138, 2073, 2072, 2138, 2074, 2073, 2138, 2136, 2137, 2139, 2137, 2007, 2139, 2007, 2008, 2139, 2008, 2009, 2140, 2074, 2138, 2140, 2138, 2137, 2140, 2075, 2074, 2140, 2076, 2075, 2140, 2137, 2139, 2141, 2009, 2010, 2141, 2010, 2011, 2141, 2011, 2013, 2141, 2139, 2009, 2142, 2077, 2076, 2142, 2078, 2077, 2142, 2076, 2140, 2142, 2139, 2141, 2142, 2140, 2139, 2142, 2141, 2013, 2142, 2013, 2014, 2142, 2014, 2078, 2184, 2182, 2183, 2178, 2179, 2180, 2178, 2180, 2181, 2187, 2184, 2185, 2187, 2185, 2186, 2174, 2175, 2176, 2174, 2176, 2177, 2192, 2181, 2182, 2192, 2187, 2188, 2192, 2188, 2189, 2192, 2189, 2190, 2192, 2190, 2191, 2192, 2182, 2184, 2192, 2184, 2187, 2171, 2172, 2173, 2171, 2173, 2174, 2196, 2192, 2193, 2196, 2193, 2194, 2196, 2194, 2195, 2168, 2169, 2170, 2166, 2168, 2170, 2166, 2167, 2168, 2166, 2170, 2171, 2199, 2196, 2197, 2199, 2197, 2198, 2200, 2196, 2199, 2201, 2196, 2200, 2163, 2164, 2165, 2163, 2165, 2166, 2203, 2201, 2202, 2160, 2161, 2162, 2160, 2162, 2163, 2160, 2163, 2166, 2205, 2203, 2204, 2144, 2192, 2196, 2144, 2196, 2201, 2144, 2201, 2203, 2144, 2203, 2205, 2144, 2205, 2143, 2156, 2157, 2158, 2156, 2158, 2159, 2156, 2159, 2160, 2155, 2156, 2160, 2147, 2144, 2145, 2147, 2145, 2146, 2147, 2192, 2144, 2153, 2171, 2174, 2153, 2154, 2155, 2153, 2166, 2171, 2153, 2177, 2178, 2153, 2160, 2166, 2153, 2155, 2160, 2153, 2174, 2177, 2149, 2147, 2148, 2150, 2147, 2149, 2151, 2152, 2153, 2151, 2153, 2178, 2151, 2192, 2147, 2151, 2178, 2181, 2151, 2147, 2150, 2151, 2181, 2192]
        point3f[] points = [(15.0000, 7.0000, 0.0000), (15.0000, 6.9652, 0.6970), (15.0000, 6.8612, 1.3870), (15.0000, 6.6890, 2.0633), (15.0000, 6.4503, 2.7190), (15.0000, 6.1476, 3.3478), (15.0000, 5.7837, 3.9432), (15.0000, 5.3623, 4.4995), (15.0000, 4.8877, 5.0111), (15.0000, 4.3644, 5.4728), (15.0000, 3.7978, 5.8802), (15.0000, 3.1935, 6.2291), (15.0000, 2.5574, 6.5161), (15.0000, 1.8959, 6.7384), (15.0000, 1.2155, 6.8937), (15.0000, 0.5231, 6.9804), (15.0000, -0.1745, 6.9978), (15.0000, -0.8704, 6.9457), (15.0000, -1.5576, 6.8245), (15.0000, -2.2294, 6.6355), (15.0000, -2.8790, 6.3805), (15.0000, -3.5000, 6.0622), (15.0000, -4.0862, 5.6836), (15.0000, -4.6318, 5.2485), (15.0000, -5.1314, 4.7612), (15.0000, -5.5799, 4.2266), (15.0000, -5.9730, 3.6500), (15.0000, -6.3068, 3.0372), (15.0000, -6.5778, 2.3941), (15.0000, -6.7835, 1.7273), (15.0000, -6.9218, 1.0433), (15.0000, -6.9913, 0.3489), (15.0000, -6.9913, -0.3489), (15.0000, -6.9218, -1.0433), (15.0000, -6.7835, -1.7273), (15.0000, -6.5778, -2.3941), (15.0000, -6.3068, -3.0372), (15.0000, -5.9730, -3.6500), (15.0000, -5.5799, -4.2266), (15.0000, -5.1314, -4.7612), (15.0000, -4.6318, -5.2485), (15.0000, -4.0862, -5.6836), (15.0000, -3.5000, -6.0622), (15.0000, -2.8790, -6.3805), (15.0000, -2.2294, -6.6355), (15.0000, -1.5576, -6.8245), (15.0000, -0.8704, -6.9457), (15.0000, -0.1745, -6.9978), (15.0000, 0.5231, -6.9804), (15.0000, 1.2155, -6.8937), (15.0000, 1.8959, -6.7384), (15.0000, 2.5574, -6.5161), (15.0000, 3.1935, -6.2291), (15.0000, 3.7978, -5.8802), (15.0000, 4.3644, -5.4728), (15.0000, 4.8877, -5.0111), (15.0000, 5.3623, -4.4995), (15.0000, 5.7837, -3.9432), (15.0000, 6.1476, -3.3478), (15.0000, 6.4503, -2.7190), (15.0000, 6.6890, -2.0633), (15.0000, 6.8612, -1.3870), (15.0000, 6.9652, -0.6970), (15.0000, 7.0000, 0.0000), (15.0123, 6.8436, 0.0000), (15.0123, 6.8436, 0.0000), (15.0123, 6.8096, 0.6814), (15.0123, 6.7079, 1.3560), (15.0123, 6.5395, 2.0172), (15.0123, 6.3062, 2.6583), (15.0123, 6.0102, 3.2730), (15.0123, 5.6544, 3.8551), (15.0123, 5.2425, 4.3990), (15.0123, 4.7784, 4.8991), (15.0123, 4.2669, 5.3505), (15.0123, 3.7130, 5.7488), (15.0123, 3.1221, 6.0899), (15.0123, 2.5002, 6.3705), (15.0123, 1.8535, 6.5878), (15.0123, 1.1884, 6.7396), (15.0123, 0.5114, 6.8244), (15.0123, -0.1706, 6.8414), (15.0123, -0.8510, 6.7905), (15.0123, -1.5228, 6.6720), (15.0123, -2.1796, 6.4872), (15.0123, -2.8147, 6.2380), (15.0123, -3.4218, 5.9267), (15.0123, -3.9949, 5.5566), (15.0123, -4.5283, 5.1312), (15.0123, -5.0167, 4.6548), (15.0123, -5.4552, 4.1322), (15.0123, -5.8396, 3.5685), (15.0123, -6.1658, 2.9693), (15.0123, -6.4308, 2.3406), (15.0123, -6.6319, 1.6887), (15.0123, -6.7671, 1.0200), (15.0123, -6.8351, 0.3411), (15.0123, -6.8351, -0.3411), (15.0123, -6.7671, -1.0200), (15.0123, -6.6319, -1.6887), (15.0123, -6.4308, -2.3406), (15.0123, -6.1658, -2.9693), (15.0123, -5.8396, -3.5685), (15.0123, -5.4552, -4.1322), (15.0123, -5.0167, -4.6548), (15.0123, -4.5283, -5.1312), (15.0123, -3.9949, -5.5566), (15.0123, -3.4218, -5.9267), (15.0123, -2.8147, -6.2380), (15.0123, -2.1796, -6.4872), (15.0123, -1.5228, -6.6720), (15.0123, -0.8510, -6.7905), (15.0123, -0.1706, -6.8414), (15.0123, 0.5114, -6.8244), (15.0123, 1.1884, -6.7396), (15.0123, 1.8535, -6.5878), (15.0123, 2.5002, -6.3705), (15.0123, 3.1221, -6.0899), (15.0123, 3.7130, -5.7488), (15.0123, 4.2669, -5.3505), (15.0123, 4.7784, -4.8991), (15.0123, 5.2425, -4.3990), (15.0123, 5.6544, -3.8551), (15.0123, 6.0102, -3.2730), (15.0123, 6.3062, -2.6583), (15.0123, 6.5395, -2.0172), (15.0123, 6.7079, -1.3560), (15.0123, 6.8096, -0.6814), (15.0000, 0.0000, 9.8150), (15.0000, 8.5000, 4.9075), (15.0000, -8.5000, 4.9075), (15.0000, -8.5000, -4.9075), (15.0000, -0.0000, -9.8150), (15.0000, 8.5000, -4.9075), (15.0000, 7.0000, 0.0000), (15.0000, 6.9652, 0.6970), (15.0000, 6.8612, 1.3870), (15.0000, 6.6890, 2.0633), (15.0000, 6.4503, 2.7190), (15.0000, 6.1476, 3.3478), (15.0000, 5.7837, 3.9432), (15.0000, 5.3623, 4.4995), (15.0000, 4.8877, 5.0111), (15.0000, 4.3644, 5.4728), (15.0000, 3.7978, 5.8802), (15.0000, 3.1935, 6.2291), (15.0000, 2.5574, 6.5161), (15.0000, 1.8959, 6.7384), (15.0000, 1.2155, 6.8937), (15.0000, 0.5231, 6.9804), (15.0000, -0.1745, 6.9978), (15.0000, -0.8704, 6.9457), (15.0000, -1.5576, 6.8245), (15.0000, -2.2294, 6.6355), (15.0000, -2.8790, 6.3805), (15.0000, -3.5000, 6.0622), (15.0000, -4.0862, 5.6836), (15.0000, -4.6318, 5.2485), (15.0000, -5.1314, 4.7612), (15.0000, -5.5799, 4.2266), (15.0000, -5.9730, 3.6500), (15.0000, -6.3068, 3.0372), (15.0000, -6.5778, 2.3941), (15.0000, -6.7835, 1.7273), (15.0000, -6.9218, 1.0433), (15.0000, -6.9913, 0.3489), (15.0000, -6.9913, -0.3489), (15.0000, -6.9218, -1.0433), (15.0000, -6.7835, -1.7273), (15.0000, -6.5778, -2.3941), (15.0000, -6.3068, -3.0372), (15.0000, -5.9730, -3.6500), (15.0000, -5.5799, -4.2266), (15.0000, -5.1314, -4.7612), (15.0000, -4.6318, -5.2485), (15.0000, -4.0862, -5.6836), (15.0000, -3.5000, -6.0622), (15.0000, -2.8790, -6.3805), (15.0000, -2.2294, -6.6355), (15.0000, -1.5576, -6.8245), (15.0000, -0.8704, -6.9457), (15.0000, -0.1745, -6.9978), (15.0000, 0.5231, -6.9804), (15.0000, 1.2155, -6.8937), (15.0000, 1.8959, -6.7384), (15.0000, 2.5574, -6.5161), (15.0000, 3.1935, -6.2291), (15.0000, 3.7978, -5.8802), (15.0000, 4.3644, -5.4728), (15.0000, 4.8877, -5.0111), (15.0000, 5.3623, -4.4995), (15.0000, 5.7837, -3.9432), (15.0000, 6.1476, -3.3478), (15.0000, 6.4503, -2.7190), (15.0000, 6.6890, -2.0633), (15.0000, 6.8612, -1.3870), (15.0000, 6.9652, -0.6970), (15.0123, 6.8436, 0.0000), (15.0123, 6.8096, 0.6814), (15.0123, 6.7079, 1.3560), (15.0123, 6.5395, 2.0172), (15.0123, 6.3062, 2.6583), (15.0123, 6.0102, 3.2730), (15.0123, 5.6544, 3.8551), (15.0123, 5.2425, 4.3990), (15.0123, 4.7784, 4.8991), (15.0123, 4.2669, 5.3505), (15.0123, 3.7130, 5.7488), (15.0123, 3.1221, 6.0899), (15.0123, 2.5002, 6.3705), (15.0123, 1.8535, 6.5878), (15.0123, 1.1884, 6.7396), (15.0123, 0.5114, 6.8244), (15.0123, -0.1706, 6.8414), (15.0123, -0.8510, 6.7905), (15.0123, -1.5228, 6.6720), (15.0123, -2.1796, 6.4872), (15.0123, -2.8147, 6.2380), (15.0123, -3.4218, 5.9267), (15.0123, -3.9949, 5.5566), (15.0123, -4.5283, 5.1312), (15.0123, -5.0167, 4.6548), (15.0123, -5.4552, 4.1322), (15.0123, -5.8396, 3.5685), (15.0123, -6.1658, 2.9693), (15.0123, -6.4308, 2.3406), (15.0123, -6.6319, 1.6887), (15.0123, -6.7671, 1.0200), (15.0123, -6.8351, 0.3411), (15.0123, -6.8351, -0.3411), (15.0123, -6.7671, -1.0200), (15.0123, -6.6319, -1.6887), (15.0123, -6.4308, -2.3406), (15.0123, -6.1658, -2.9693), (15.0123, -5.8396, -3.5685), (15.0123, -5.4552, -4.1322), (15.0123, -5.0167, -4.6548), (15.0123, -4.5283, -5.1312), (15.0123, -3.9949, -5.5566), (15.0123, -3.4218, -5.9267), (15.0123, -2.8147, -6.2380), (15.0123, -2.1796, -6.4872), (15.0123, -1.5228, -6.6720), (15.0123, -0.8510, -6.7905), (15.0123, -0.1706, -6.8414), (15.0123, 0.5114, -6.8244), (15.0123, 1.1884, -6.7396), (15.0123, 1.8535, -6.5878), (15.0123, 2.5002, -6.3705), (15.0123, 3.1221, -6.0899), (15.0123, 3.7130, -5.7488), (15.0123, 4.2669, -5.3505), (15.0123, 4.7784, -4.8991), (15.0123, 5.2425, -4.3990), (15.0123, 5.6544, -3.8551), (15.0123, 6.0102, -3.2730), (15.0123, 6.3062, -2.6583), (15.0123, 6.5395, -2.0172), (15.0123, 6.7079, -1.3560), (15.0123, 6.8096, -0.6814), (15.0123, 6.8436, 0.0000), (15.0489, 6.6910, 0.0000), (15.0489, 6.6910, 0.0000), (15.0489, 6.6577, 0.6662), (15.0489, 6.5583, 1.3258), (15.0489, 6.3937, 1.9722), (15.0489, 6.1656, 2.5990), (15.0489, 5.8762, 3.2000), (15.0489, 5.5283, 3.7692), (15.0489, 5.1256, 4.3009), (15.0489, 4.6719, 4.7899), (15.0489, 4.1718, 5.2312), (15.0489, 3.6302, 5.6206), (15.0489, 3.0525, 5.9541), (15.0489, 2.4445, 6.2285), (15.0489, 1.8122, 6.4409), (15.0489, 1.1619, 6.5893), (15.0489, 0.5000, 6.6723), (15.0489, -0.1668, 6.6889), (15.0489, -0.8320, 6.6391), (15.0489, -1.4889, 6.5232), (15.0489, -2.1310, 6.3426), (15.0489, -2.7519, 6.0989), (15.0489, -3.3455, 5.7946), (15.0489, -3.9058, 5.4327), (15.0489, -4.4273, 5.0168), (15.0489, -4.9048, 4.5510), (15.0489, -5.3336, 4.0400), (15.0489, -5.7094, 3.4889), (15.0489, -6.0284, 2.9031), (15.0489, -6.2875, 2.2885), (15.0489, -6.4841, 1.6510), (15.0489, -6.6163, 0.9972), (15.0489, -6.6827, 0.3335), (15.0489, -6.6827, -0.3335), (15.0489, -6.6163, -0.9972), (15.0489, -6.4841, -1.6510), (15.0489, -6.2875, -2.2885), (15.0489, -6.0284, -2.9031), (15.0489, -5.7094, -3.4889), (15.0489, -5.3336, -4.0400), (15.0489, -4.9048, -4.5510), (15.0489, -4.4273, -5.0168), (15.0489, -3.9058, -5.4327), (15.0489, -3.3455, -5.7946), (15.0489, -2.7519, -6.0989), (15.0489, -2.1310, -6.3426), (15.0489, -1.4889, -6.5232), (15.0489, -0.8320, -6.6391), (15.0489, -0.1668, -6.6889), (15.0489, 0.5000, -6.6723), (15.0489, 1.1619, -6.5893), (15.0489, 1.8122, -6.4409), (15.0489, 2.4445, -6.2285), (15.0489, 3.0525, -5.9541), (15.0489, 3.6302, -5.6206), (15.0489, 4.1718, -5.2312), (15.0489, 4.6719, -4.7899), (15.0489, 5.1256, -4.3009), (15.0489, 5.5283, -3.7692), (15.0489, 5.8762, -3.2000), (15.0489, 6.1656, -2.5990), (15.0489, 6.3937, -1.9722), (15.0489, 6.5583, -1.3258), (15.0489, 6.6577, -0.6662), (0.8150, 8.5000, 4.9075), (0.4027, 7.7314, 5.3512), (0.1860, 7.2665, 5.6196), (0.0000, 6.8117, 5.8822), (15.0000, 8.5000, 4.9075), (15.0000, 0.0000, 9.8150), (0.8150, 0.0000, 9.8150), (0.0000, 1.6883, 8.8402), (0.3123, 0.9559, 9.2631), (0.5477, 0.4842, 9.5354), (0.8150, 8.5000, -4.9075), (0.4027, 8.5000, -4.0200), (0.1860, 8.5000, -3.4832), (0.0000, 8.5000, -2.9580), (15.0000, 8.5000, -4.9075), (15.0000, 8.5000, 4.9075), (0.8150, 8.5000, 4.9075), (0.0000, 8.5000, 2.9580), (0.3123, 8.5000, 3.8037), (0.5477, 8.5000, 4.3484), (0.8150, -0.0000, -9.8150), (0.4027, 0.7686, -9.3712), (0.1860, 1.2335, -9.1028), (0.0000, 1.6883, -8.8402), (15.0000, -0.0000, -9.8150), (15.0000, 8.5000, -4.9075), (0.8150, 8.5000, -4.9075), (0.0000, 6.8117, -5.8822), (0.3123, 7.5441, -5.4593), (0.5477, 8.0158, -5.1870), (0.8150, -8.5000, -4.9075), (0.4027, -7.7314, -5.3512), (0.1860, -7.2665, -5.6196), (0.0000, -6.8117, -5.8822), (15.0000, -8.5000, -4.9075), (15.0000, -0.0000, -9.8150), (0.8150, -0.0000, -9.8150), (0.0000, -1.6883, -8.8402), (0.3123, -0.9559, -9.2631), (0.5477, -0.4842, -9.5354), (0.8150, -8.5000, 4.9075), (0.4027, -8.5000, 4.0200), (0.1860, -8.5000, 3.4832), (0.0000, -8.5000, 2.9580), (15.0000, -8.5000, 4.9075), (15.0000, -8.5000, -4.9075), (0.8150, -8.5000, -4.9075), (0.0000, -8.5000, -2.9580), (0.3123, -8.5000, -3.8037), (0.5477, -8.5000, -4.3484), (0.8150, 0.0000, 9.8150), (0.4027, -0.7686, 9.3712), (0.1860, -1.2335, 9.1028), (0.0000, -1.6883, 8.8402), (15.0000, 0.0000, 9.8150), (15.0000, -8.5000, 4.9075), (0.8150, -8.5000, 4.9075), (0.0000, -6.8117, 5.8822), (0.3123, -7.5441, 5.4593), (0.5477, -8.0158, 5.1870), (15.0489, 6.6910, 0.0000), (15.0489, 6.6577, 0.6662), (15.0489, 6.5583, 1.3258), (15.0489, 6.3937, 1.9722), (15.0489, 6.1656, 2.5990), (15.0489, 5.8762, 3.2000), (15.0489, 5.5283, 3.7692), (15.0489, 5.1256, 4.3009), (15.0489, 4.6719, 4.7899), (15.0489, 4.1718, 5.2312), (15.0489, 3.6302, 5.6206), (15.0489, 3.0525, 5.9541), (15.0489, 2.4445, 6.2285), (15.0489, 1.8122, 6.4409), (15.0489, 1.1619, 6.5893), (15.0489, 0.5000, 6.6723), (15.0489, -0.1668, 6.6889), (15.0489, -0.8320, 6.6391), (15.0489, -1.4889, 6.5232), (15.0489, -2.1310, 6.3426), (15.0489, -2.7519, 6.0989), (15.0489, -3.3455, 5.7946), (15.0489, -3.9058, 5.4327), (15.0489, -4.4273, 5.0168), (15.0489, -4.9048, 4.5510), (15.0489, -5.3336, 4.0400), (15.0489, -5.7094, 3.4889), (15.0489, -6.0284, 2.9031), (15.0489, -6.2875, 2.2885), (15.0489, -6.4841, 1.6510), (15.0489, -6.6163, 0.9972), (15.0489, -6.6827, 0.3335), (15.0489, -6.6827, -0.3335), (15.0489, -6.6163, -0.9972), (15.0489, -6.4841, -1.6510), (15.0489, -6.2875, -2.2885), (15.0489, -6.0284, -2.9031), (15.0489, -5.7094, -3.4889), (15.0489, -5.3336, -4.0400), (15.0489, -4.9048, -4.5510), (15.0489, -4.4273, -5.0168), (15.0489, -3.9058, -5.4327), (15.0489, -3.3455, -5.7946), (15.0489, -2.7519, -6.0989), (15.0489, -2.1310, -6.3426), (15.0489, -1.4889, -6.5232), (15.0489, -0.8320, -6.6391), (15.0489, -0.1668, -6.6889), (15.0489, 0.5000, -6.6723), (15.0489, 1.1619, -6.5893), (15.0489, 1.8122, -6.4409), (15.0489, 2.4445, -6.2285), (15.0489, 3.0525, -5.9541), (15.0489, 3.6302, -5.6206), (15.0489, 4.1718, -5.2312), (15.0489, 4.6719, -4.7899), (15.0489, 5.1256, -4.3009), (15.0489, 5.5283, -3.7692), (15.0489, 5.8762, -3.2000), (15.0489, 6.1656, -2.5990), (15.0489, 6.3937, -1.9722), (15.0489, 6.5583, -1.3258), (15.0489, 6.6577, -0.6662), (15.0489, 6.6910, 0.0000), (15.1090, 6.5460, 0.0000), (15.1090, 6.5460, 0.0000), (15.1090, 6.5135, 0.6518), (15.1090, 6.4162, 1.2971), (15.1090, 6.2552, 1.9295), (15.1090, 6.0320, 2.5427), (15.1090, 5.7488, 3.1307), (15.1090, 5.4086, 3.6875), (15.1090, 5.0145, 4.2077), (15.1090, 4.5707, 4.6861), (15.1090, 4.0814, 5.1179), (15.1090, 3.5515, 5.4988), (15.1090, 2.9864, 5.8251), (15.1090, 2.3915, 6.0935), (15.1090, 1.7729, 6.3013), (15.1090, 1.1367, 6.4466), (15.1090, 0.4892, 6.5277), (15.1090, -0.1632, 6.5440), (15.1090, -0.8140, 6.4952), (15.1090, -1.4566, 6.3819), (15.1090, -2.0848, 6.2051), (15.1090, -2.6923, 5.9667), (15.1090, -3.2730, 5.6690), (15.1090, -3.8212, 5.3150), (15.1090, -4.3314, 4.9081), (15.1090, -4.7986, 4.4524), (15.1090, -5.2180, 3.9525), (15.1090, -5.5857, 3.4133), (15.1090, -5.8978, 2.8402), (15.1090, -6.1512, 2.2389), (15.1090, -6.3436, 1.6153), (15.1090, -6.4729, 0.9756), (15.1090, -6.5379, 0.3263), (15.1090, -6.5379, -0.3263), (15.1090, -6.4729, -0.9756), (15.1090, -6.3436, -1.6153), (15.1090, -6.1512, -2.2389), (15.1090, -5.8978, -2.8402), (15.1090, -5.5857, -3.4133), (15.1090, -5.2180, -3.9525), (15.1090, -4.7986, -4.4524), (15.1090, -4.3314, -4.9081), (15.1090, -3.8212, -5.3150), (15.1090, -3.2730, -5.6690), (15.1090, -2.6923, -5.9667), (15.1090, -2.0848, -6.2051), (15.1090, -1.4566, -6.3819), (15.1090, -0.8140, -6.4952), (15.1090, -0.1632, -6.5440), (15.1090, 0.4892, -6.5277), (15.1090, 1.1367, -6.4466), (15.1090, 1.7729, -6.3013), (15.1090, 2.3915, -6.0935), (15.1090, 2.9864, -5.8251), (15.1090, 3.5515, -5.4988), (15.1090, 4.0814, -5.1179), (15.1090, 4.5707, -4.6861), (15.1090, 5.0145, -4.2077), (15.1090, 5.4086, -3.6875), (15.1090, 5.7488, -3.1307), (15.1090, 6.0320, -2.5427), (15.1090, 6.2552, -1.9295), (15.1090, 6.4162, -1.2971), (15.1090, 6.5135, -0.6518), (0.0000, 8.5000, 2.9580), (0.3123, 8.5000, 3.8037), (0.5477, 8.5000, 4.3484), (0.8150, 8.5000, 4.9075), (0.0000, 8.1835, 3.7457), (0.0000, 7.7942, 4.5000), (0.0000, 7.3356, 5.2143), (0.0000, 6.8117, 5.8822), (0.4027, 7.7314, 5.3512), (0.1860, 7.2665, 5.6196), (0.0000, 8.5000, 2.9580), (0.0000, 8.1835, 3.7457), (0.0000, 7.7942, 4.5000), (0.0000, 7.3356, 5.2143), (0.0000, 6.8117, 5.8822), (0.0000, 8.5000, -2.9580), (0.0000, 6.8117, -5.8822), (0.0000, 7.3356, -5.2143), (0.0000, 7.7942, -4.5000), (0.0000, 8.1835, -3.7457), (0.0000, 1.6883, -8.8402), (0.0000, -1.6883, -8.8402), (0.0000, -0.8479, -8.9600), (0.0000, -0.0000, -9.0000), (0.0000, 0.8479, -8.9600), (0.0000, -6.8117, -5.8822), (0.0000, -8.5000, -2.9580), (0.0000, -8.1835, -3.7457), (0.0000, -7.7942, -4.5000), (0.0000, -7.3356, -5.2143), (0.0000, -8.5000, 2.9580), (0.0000, -6.8117, 5.8822), (0.0000, -7.3356, 5.2143), (0.0000, -7.7942, 4.5000), (0.0000, -8.1835, 3.7457), (0.0000, -1.6883, 8.8402), (0.0000, 1.6883, 8.8402), (0.0000, 0.8479, 8.9600), (0.0000, 0.0000, 9.0000), (0.0000, -0.8479, 8.9600), (0.0000, 1.6883, 8.8402), (0.3123, 0.9559, 9.2631), (0.5477, 0.4842, 9.5354), (0.8150, 0.0000, 9.8150), (0.0000, 0.8479, 8.9600), (0.0000, 0.0000, 9.0000), (0.0000, -0.8479, 8.9600), (0.0000, -1.6883, 8.8402), (0.4027, -0.7686, 9.3712), (0.1860, -1.2335, 9.1028), (0.0000, 6.8117, -5.8822), (0.0000, 7.3356, -5.2143), (0.0000, 7.7942, -4.5000), (0.0000, 8.1835, -3.7457), (0.0000, 8.5000, -2.9580), (0.8150, 8.5000, -4.9075), (0.4027, 8.5000, -4.0200), (0.1860, 8.5000, -3.4832), (0.3123, 7.5441, -5.4593), (0.5477, 8.0158, -5.1870), (0.0000, -1.6883, -8.8402), (0.0000, -0.8479, -8.9600), (0.0000, -0.0000, -9.0000), (0.0000, 0.8479, -8.9600), (0.0000, 1.6883, -8.8402), (0.8150, -0.0000, -9.8150), (0.4027, 0.7686, -9.3712), (0.1860, 1.2335, -9.1028), (0.3123, -0.9559, -9.2631), (0.5477, -0.4842, -9.5354), (0.0000, -8.5000, -2.9580), (0.0000, -8.1835, -3.7457), (0.0000, -7.7942, -4.5000), (0.0000, -7.3356, -5.2143), (0.0000, -6.8117, -5.8822), (0.8150, -8.5000, -4.9075), (0.4027, -7.7314, -5.3512), (0.1860, -7.2665, -5.6196), (0.3123, -8.5000, -3.8037), (0.5477, -8.5000, -4.3484), (0.0000, -6.8117, 5.8822), (0.3123, -7.5441, 5.4593), (0.5477, -8.0158, 5.1870), (0.8150, -8.5000, 4.9075), (0.0000, -7.3356, 5.2143), (0.0000, -7.7942, 4.5000), (0.0000, -8.1835, 3.7457), (0.0000, -8.5000, 2.9580), (0.4027, -8.5000, 4.0200), (0.1860, -8.5000, 3.4832), (15.1090, 6.5460, 0.0000), (15.1090, 6.5135, 0.6518), (15.1090, 6.4162, 1.2971), (15.1090, 6.2552, 1.9295), (15.1090, 6.0320, 2.5427), (15.1090, 5.7488, 3.1307), (15.1090, 5.4086, 3.6875), (15.1090, 5.0145, 4.2077), (15.1090, 4.5707, 4.6861), (15.1090, 4.0814, 5.1179), (15.1090, 3.5515, 5.4988), (15.1090, 2.9864, 5.8251), (15.1090, 2.3915, 6.0935), (15.1090, 1.7729, 6.3013), (15.1090, 1.1367, 6.4466), (15.1090, 0.4892, 6.5277), (15.1090, -0.1632, 6.5440), (15.1090, -0.8140, 6.4952), (15.1090, -1.4566, 6.3819), (15.1090, -2.0848, 6.2051), (15.1090, -2.6923, 5.9667), (15.1090, -3.2730, 5.6690), (15.1090, -3.8212, 5.3150), (15.1090, -4.3314, 4.9081), (15.1090, -4.7986, 4.4524), (15.1090, -5.2180, 3.9525), (15.1090, -5.5857, 3.4133), (15.1090, -5.8978, 2.8402), (15.1090, -6.1512, 2.2389), (15.1090, -6.3436, 1.6153), (15.1090, -6.4729, 0.9756), (15.1090, -6.5379, 0.3263), (15.1090, -6.5379, -0.3263), (15.1090, -6.4729, -0.9756), (15.1090, -6.3436, -1.6153), (15.1090, -6.1512, -2.2389), (15.1090, -5.8978, -2.8402), (15.1090, -5.5857, -3.4133), (15.1090, -5.2180, -3.9525), (15.1090, -4.7986, -4.4524), (15.1090, -4.3314, -4.9081), (15.1090, -3.8212, -5.3150), (15.1090, -3.2730, -5.6690), (15.1090, -2.6923, -5.9667), (15.1090, -2.0848, -6.2051), (15.1090, -1.4566, -6.3819), (15.1090, -0.8140, -6.4952), (15.1090, -0.1632, -6.5440), (15.1090, 0.4892, -6.5277), (15.1090, 1.1367, -6.4466), (15.1090, 1.7729, -6.3013), (15.1090, 2.3915, -6.0935), (15.1090, 2.9864, -5.8251), (15.1090, 3.5515, -5.4988), (15.1090, 4.0814, -5.1179), (15.1090, 4.5707, -4.6861), (15.1090, 5.0145, -4.2077), (15.1090, 5.4086, -3.6875), (15.1090, 5.7488, -3.1307), (15.1090, 6.0320, -2.5427), (15.1090, 6.2552, -1.9295), (15.1090, 6.4162, -1.2971), (15.1090, 6.5135, -0.6518), (15.1090, 6.5460, 0.0000), (15.1910, 6.4122, 0.0000), (15.1910, 6.4122, 0.0000), (15.1910, 6.3804, 0.6385), (15.1910, 6.2851, 1.2706), (15.1910, 6.1273, 1.8900), (15.1910, 5.9087, 2.4907), (15.1910, 5.6313, 3.0667), (15.1910, 5.2980, 3.6121), (15.1910, 4.9120, 4.1217), (15.1910, 4.4772, 4.5903), (15.1910, 3.9980, 5.0133), (15.1910, 3.4789, 5.3864), (15.1910, 2.9253, 5.7060), (15.1910, 2.3426, 5.9690), (15.1910, 1.7367, 6.1726), (15.1910, 1.1135, 6.3148), (15.1910, 0.4792, 6.3943), (15.1910, -0.1599, 6.4102), (15.1910, -0.7973, 6.3625), (15.1910, -1.4269, 6.2514), (15.1910, -2.0422, 6.0783), (15.1910, -2.6373, 5.8448), (15.1910, -3.2061, 5.5531), (15.1910, -3.7431, 5.2063), (15.1910, -4.2429, 4.8078), (15.1910, -4.7005, 4.3614), (15.1910, -5.1114, 3.8717), (15.1910, -5.4715, 3.3436), (15.1910, -5.7772, 2.7822), (15.1910, -6.0255, 2.1931), (15.1910, -6.2139, 1.5823), (15.1910, -6.3406, 0.9557), (15.1910, -6.4042, 0.3196), (15.1910, -6.4042, -0.3196), (15.1910, -6.3406, -0.9557), (15.1910, -6.2139, -1.5823), (15.1910, -6.0255, -2.1931), (15.1910, -5.7772, -2.7822), (15.1910, -5.4715, -3.3436), (15.1910, -5.1114, -3.8717), (15.1910, -4.7005, -4.3614), (15.1910, -4.2429, -4.8078), (15.1910, -3.7431, -5.2063), (15.1910, -3.2061, -5.5531), (15.1910, -2.6373, -5.8448), (15.1910, -2.0422, -6.0783), (15.1910, -1.4269, -6.2514), (15.1910, -0.7973, -6.3625), (15.1910, -0.1599, -6.4102), (15.1910, 0.4792, -6.3943), (15.1910, 1.1135, -6.3148), (15.1910, 1.7367, -6.1726), (15.1910, 2.3426, -5.9690), (15.1910, 2.9253, -5.7060), (15.1910, 3.4789, -5.3864), (15.1910, 3.9980, -5.0133), (15.1910, 4.4772, -4.5903), (15.1910, 4.9120, -4.1217), (15.1910, 5.2980, -3.6121), (15.1910, 5.6313, -3.0667), (15.1910, 5.9087, -2.4907), (15.1910, 6.1273, -1.8900), (15.1910, 6.2851, -1.2706), (15.1910, 6.3804, -0.6385), (15.1910, 6.4122, 0.0000), (15.1910, 6.3804, 0.6385), (15.1910, 6.2851, 1.2706), (15.1910, 6.1273, 1.8900), (15.1910, 5.9087, 2.4907), (15.1910, 5.6313, 3.0667), (15.1910, 5.2980, 3.6121), (15.1910, 4.9120, 4.1217), (15.1910, 4.4772, 4.5903), (15.1910, 3.9980, 5.0133), (15.1910, 3.4789, 5.3864), (15.1910, 2.9253, 5.7060), (15.1910, 2.3426, 5.9690), (15.1910, 1.7367, 6.1726), (15.1910, 1.1135, 6.3148), (15.1910, 0.4792, 6.3943), (15.1910, -0.1599, 6.4102), (15.1910, -0.7973, 6.3625), (15.1910, -1.4269, 6.2514), (15.1910, -2.0422, 6.0783), (15.1910, -2.6373, 5.8448), (15.1910, -3.2061, 5.5531), (15.1910, -3.7431, 5.2063), (15.1910, -4.2429, 4.8078), (15.1910, -4.7005, 4.3614), (15.1910, -5.1114, 3.8717), (15.1910, -5.4715, 3.3436), (15.1910, -5.7772, 2.7822), (15.1910, -6.0255, 2.1931), (15.1910, -6.2139, 1.5823), (15.1910, -6.3406, 0.9557), (15.1910, -6.4042, 0.3196), (15.1910, -6.4042, -0.3196), (15.1910, -6.3406, -0.9557), (15.1910, -6.2139, -1.5823), (15.1910, -6.0255, -2.1931), (15.1910, -5.7772, -2.7822), (15.1910, -5.4715, -3.3436), (15.1910, -5.1114, -3.8717), (15.1910, -4.7005, -4.3614), (15.1910, -4.2429, -4.8078), (15.1910, -3.7431, -5.2063), (15.1910, -3.2061, -5.5531), (15.1910, -2.6373, -5.8448), (15.1910, -2.0422, -6.0783), (15.1910, -1.4269, -6.2514), (15.1910, -0.7973, -6.3625), (15.1910, -0.1599, -6.4102), (15.1910, 0.4792, -6.3943), (15.1910, 1.1135, -6.3148), (15.1910, 1.7367, -6.1726), (15.1910, 2.3426, -5.9690), (15.1910, 2.9253, -5.7060), (15.1910, 3.4789, -5.3864), (15.1910, 3.9980, -5.0133), (15.1910, 4.4772, -4.5903), (15.1910, 4.9120, -4.1217), (15.1910, 5.2980, -3.6121), (15.1910, 5.6313, -3.0667), (15.1910, 5.9087, -2.4907), (15.1910, 6.1273, -1.8900), (15.1910, 6.2851, -1.2706), (15.1910, 6.3804, -0.6385), (15.1910, 6.4122, 0.0000), (15.2929, 6.2929, 0.0000), (15.2929, 6.2929, 0.0000), (15.2929, 6.2616, 0.6266), (15.2929, 6.1681, 1.2469), (15.2929, 6.0133, 1.8549), (15.2929, 5.7988, 2.4444), (15.2929, 5.5266, 3.0096), (15.2929, 5.1994, 3.5449), (15.2929, 4.8206, 4.0450), (15.2929, 4.3939, 4.5049), (15.2929, 3.9236, 4.9200), (15.2929, 3.4142, 5.2862), (15.2929, 2.8709, 5.5999), (15.2929, 2.2991, 5.8579), (15.2929, 1.7044, 6.0577), (15.2929, 1.0927, 6.1973), (15.2929, 0.4703, 6.2753), (15.2929, -0.1569, 6.2909), (15.2929, -0.7825, 6.2441), (15.2929, -1.4003, 6.1351), (15.2929, -2.0042, 5.9652), (15.2929, -2.5882, 5.7360), (15.2929, -3.1464, 5.4498), (15.2929, -3.6734, 5.1094), (15.2929, -4.1639, 4.7183), (15.2929, -4.6130, 4.2803), (15.2929, -5.0163, 3.7997), (15.2929, -5.3697, 3.2813), (15.2929, -5.6697, 2.7304), (15.2929, -5.9134, 2.1523), (15.2929, -6.0983, 1.5528), (15.2929, -6.2226, 0.9379), (15.2929, -6.2851, 0.3137), (15.2929, -6.2851, -0.3137), (15.2929, -6.2226, -0.9379), (15.2929, -6.0983, -1.5528), (15.2929, -5.9134, -2.1523), (15.2929, -5.6697, -2.7304), (15.2929, -5.3697, -3.2813), (15.2929, -5.0163, -3.7997), (15.2929, -4.6130, -4.2803), (15.2929, -4.1639, -4.7183), (15.2929, -3.6734, -5.1094), (15.2929, -3.1464, -5.4498), (15.2929, -2.5882, -5.7360), (15.2929, -2.0042, -5.9652), (15.2929, -1.4003, -6.1351), (15.2929, -0.7825, -6.2441), (15.2929, -0.1569, -6.2909), (15.2929, 0.4703, -6.2753), (15.2929, 1.0927, -6.1973), (15.2929, 1.7044, -6.0577), (15.2929, 2.2991, -5.8579), (15.2929, 2.8709, -5.5999), (15.2929, 3.4142, -5.2862), (15.2929, 3.9236, -4.9200), (15.2929, 4.3939, -4.5049), (15.2929, 4.8206, -4.0450), (15.2929, 5.1994, -3.5449), (15.2929, 5.5266, -3.0096), (15.2929, 5.7988, -2.4444), (15.2929, 6.0133, -1.8549), (15.2929, 6.1681, -1.2469), (15.2929, 6.2616, -0.6266), (15.2929, 6.2929, 0.0000), (15.2929, 6.2616, 0.6266), (15.2929, 6.1681, 1.2469), (15.2929, 6.0133, 1.8549), (15.2929, 5.7988, 2.4444), (15.2929, 5.5266, 3.0096), (15.2929, 5.1994, 3.5449), (15.2929, 4.8206, 4.0450), (15.2929, 4.3939, 4.5049), (15.2929, 3.9236, 4.9200), (15.2929, 3.4142, 5.2862), (15.2929, 2.8709, 5.5999), (15.2929, 2.2991, 5.8579), (15.2929, 1.7044, 6.0577), (15.2929, 1.0927, 6.1973), (15.2929, 0.4703, 6.2753), (15.2929, -0.1569, 6.2909), (15.2929, -0.7825, 6.2441), (15.2929, -1.4003, 6.1351), (15.2929, -2.0042, 5.9652), (15.2929, -2.5882, 5.7360), (15.2929, -3.1464, 5.4498), (15.2929, -3.6734, 5.1094), (15.2929, -4.1639, 4.7183), (15.2929, -4.6130, 4.2803), (15.2929, -5.0163, 3.7997), (15.2929, -5.3697, 3.2813), (15.2929, -5.6697, 2.7304), (15.2929, -5.9134, 2.1523), (15.2929, -6.0983, 1.5528), (15.2929, -6.2226, 0.9379), (15.2929, -6.2851, 0.3137), (15.2929, -6.2851, -0.3137), (15.2929, -6.2226, -0.9379), (15.2929, -6.0983, -1.5528), (15.2929, -5.9134, -2.1523), (15.2929, -5.6697, -2.7304), (15.2929, -5.3697, -3.2813), (15.2929, -5.0163, -3.7997), (15.2929, -4.6130, -4.2803), (15.2929, -4.1639, -4.7183), (15.2929, -3.6734, -5.1094), (15.2929, -3.1464, -5.4498), (15.2929, -2.5882, -5.7360), (15.2929, -2.0042, -5.9652), (15.2929, -1.4003, -6.1351), (15.2929, -0.7825, -6.2441), (15.2929, -0.1569, -6.2909), (15.2929, 0.4703, -6.2753), (15.2929, 1.0927, -6.1973), (15.2929, 1.7044, -6.0577), (15.2929, 2.2991, -5.8579), (15.2929, 2.8709, -5.5999), (15.2929, 3.4142, -5.2862), (15.2929, 3.9236, -4.9200), (15.2929, 4.3939, -4.5049), (15.2929, 4.8206, -4.0450), (15.2929, 5.1994, -3.5449), (15.2929, 5.5266, -3.0096), (15.2929, 5.7988, -2.4444), (15.2929, 6.0133, -1.8549), (15.2929, 6.1681, -1.2469), (15.2929, 6.2616, -0.6266), (15.2929, 6.2929, 0.0000), (15.4122, 6.1910, 0.0000), (15.4122, 6.1910, 0.0000), (15.4122, 6.1602, 0.6164), (15.4122, 6.0682, 1.2267), (15.4122, 5.9159, 1.8248), (15.4122, 5.7048, 2.4048), (15.4122, 5.4371, 2.9609), (15.4122, 5.1152, 3.4875), (15.4122, 4.7426, 3.9795), (15.4122, 4.3228, 4.4319), (15.4122, 3.8600, 4.8403), (15.4122, 3.3589, 5.2006), (15.4122, 2.8244, 5.5092), (15.4122, 2.2618, 5.7630), (15.4122, 1.6768, 5.9596), (15.4122, 1.0751, 6.0969), (15.4122, 0.4627, 6.1737), (15.4122, -0.1543, 6.1891), (15.4122, -0.7698, 6.1429), (15.4122, -1.3776, 6.0358), (15.4122, -1.9717, 5.8686), (15.4122, -2.5463, 5.6431), (15.4122, -3.0955, 5.3615), (15.4122, -3.6139, 5.0267), (15.4122, -4.0965, 4.6419), (15.4122, -4.5383, 4.2109), (15.4122, -4.9350, 3.7381), (15.4122, -5.2827, 3.2282), (15.4122, -5.5779, 2.6862), (15.4122, -5.8176, 2.1174), (15.4122, -5.9995, 1.5277), (15.4122, -6.1218, 0.9227), (15.4122, -6.1833, 0.3086), (15.4122, -6.1833, -0.3086), (15.4122, -6.1218, -0.9227), (15.4122, -5.9995, -1.5277), (15.4122, -5.8176, -2.1174), (15.4122, -5.5779, -2.6862), (15.4122, -5.2827, -3.2282), (15.4122, -4.9350, -3.7381), (15.4122, -4.5383, -4.2109), (15.4122, -4.0965, -4.6419), (15.4122, -3.6139, -5.0267), (15.4122, -3.0955, -5.3615), (15.4122, -2.5463, -5.6431), (15.4122, -1.9717, -5.8686), (15.4122, -1.3776, -6.0358), (15.4122, -0.7698, -6.1429), (15.4122, -0.1543, -6.1891), (15.4122, 0.4627, -6.1737), (15.4122, 1.0751, -6.0969), (15.4122, 1.6768, -5.9596), (15.4122, 2.2618, -5.7630), (15.4122, 2.8244, -5.5092), (15.4122, 3.3589, -5.2006), (15.4122, 3.8600, -4.8403), (15.4122, 4.3228, -4.4319), (15.4122, 4.7426, -3.9795), (15.4122, 5.1152, -3.4875), (15.4122, 5.4371, -2.9609), (15.4122, 5.7048, -2.4048), (15.4122, 5.9159, -1.8248), (15.4122, 6.0682, -1.2267), (15.4122, 6.1602, -0.6164), (15.4122, 6.1910, 0.0000), (15.4122, 6.1602, 0.6164), (15.4122, 6.0682, 1.2267), (15.4122, 5.9159, 1.8248), (15.4122, 5.7048, 2.4048), (15.4122, 5.4371, 2.9609), (15.4122, 5.1152, 3.4875), (15.4122, 4.7426, 3.9795), (15.4122, 4.3228, 4.4319), (15.4122, 3.8600, 4.8403), (15.4122, 3.3589, 5.2006), (15.4122, 2.8244, 5.5092), (15.4122, 2.2618, 5.7630), (15.4122, 1.6768, 5.9596), (15.4122, 1.0751, 6.0969), (15.4122, 0.4627, 6.1737), (15.4122, -0.1543, 6.1891), (15.4122, -0.7698, 6.1429), (15.4122, -1.3776, 6.0358), (15.4122, -1.9717, 5.8686), (15.4122, -2.5463, 5.6431), (15.4122, -3.0955, 5.3615), (15.4122, -3.6139, 5.0267), (15.4122, -4.0965, 4.6419), (15.4122, -4.5383, 4.2109), (15.4122, -4.9350, 3.7381), (15.4122, -5.2827, 3.2282), (15.4122, -5.5779, 2.6862), (15.4122, -5.8176, 2.1174), (15.4122, -5.9995, 1.5277), (15.4122, -6.1218, 0.9227), (15.4122, -6.1833, 0.3086), (15.4122, -6.1833, -0.3086), (15.4122, -6.1218, -0.9227), (15.4122, -5.9995, -1.5277), (15.4122, -5.8176, -2.1174), (15.4122, -5.5779, -2.6862), (15.4122, -5.2827, -3.2282), (15.4122, -4.9350, -3.7381), (15.4122, -4.5383, -4.2109), (15.4122, -4.0965, -4.6419), (15.4122, -3.6139, -5.0267), (15.4122, -3.0955, -5.3615), (15.4122, -2.5463, -5.6431), (15.4122, -1.9717, -5.8686), (15.4122, -1.3776, -6.0358), (15.4122, -0.7698, -6.1429), (15.4122, -0.1543, -6.1891), (15.4122, 0.4627, -6.1737), (15.4122, 1.0751, -6.0969), (15.4122, 1.6768, -5.9596), (15.4122, 2.2618, -5.7630), (15.4122, 2.8244, -5.5092), (15.4122, 3.3589, -5.2006), (15.4122, 3.8600, -4.8403), (15.4122, 4.3228, -4.4319), (15.4122, 4.7426, -3.9795), (15.4122, 5.1152, -3.4875), (15.4122, 5.4371, -2.9609), (15.4122, 5.7048, -2.4048), (15.4122, 5.9159, -1.8248), (15.4122, 6.0682, -1.2267), (15.4122, 6.1602, -0.6164), (15.4122, 6.1910, 0.0000), (15.5460, 6.1090, 0.0000), (15.5460, 6.1090, 0.0000), (15.5460, 6.0786, 0.6083), (15.5460, 5.9879, 1.2105), (15.5460, 5.8376, 1.8007), (15.5460, 5.6293, 2.3729), (15.5460, 5.3650, 2.9217), (15.5460, 5.0475, 3.4413), (15.5460, 4.6798, 3.9268), (15.5460, 4.2655, 4.3732), (15.5460, 3.8089, 4.7762), (15.5460, 3.3144, 5.1317), (15.5460, 2.7870, 5.4362), (15.5460, 2.2319, 5.6867), (15.5460, 1.6546, 5.8807), (15.5460, 1.0608, 6.0162), (15.5460, 0.4565, 6.0919), (15.5460, -0.1523, 6.1071), (15.5460, -0.7596, 6.0616), (15.5460, -1.3594, 5.9558), (15.5460, -1.9456, 5.7909), (15.5460, -2.5126, 5.5684), (15.5460, -3.0545, 5.2905), (15.5460, -3.5661, 4.9601), (15.5460, -4.0422, 4.5804), (15.5460, -4.4782, 4.1552), (15.5460, -4.8697, 3.6886), (15.5460, -5.2127, 3.1854), (15.5460, -5.5040, 2.6506), (15.5460, -5.7406, 2.0894), (15.5460, -5.9201, 1.5074), (15.5460, -6.0408, 0.9105), (15.5460, -6.1014, 0.3045), (15.5460, -6.1014, -0.3045), (15.5460, -6.0408, -0.9105), (15.5460, -5.9201, -1.5074), (15.5460, -5.7406, -2.0894), (15.5460, -5.5040, -2.6506), (15.5460, -5.2127, -3.1854), (15.5460, -4.8697, -3.6886), (15.5460, -4.4782, -4.1552), (15.5460, -4.0422, -4.5804), (15.5460, -3.5661, -4.9601), (15.5460, -3.0545, -5.2905), (15.5460, -2.5126, -5.5684), (15.5460, -1.9456, -5.7909), (15.5460, -1.3594, -5.9558), (15.5460, -0.7596, -6.0616), (15.5460, -0.1523, -6.1071), (15.5460, 0.4565, -6.0919), (15.5460, 1.0608, -6.0162), (15.5460, 1.6546, -5.8807), (15.5460, 2.2319, -5.6867), (15.5460, 2.7870, -5.4362), (15.5460, 3.3144, -5.1317), (15.5460, 3.8089, -4.7762), (15.5460, 4.2655, -4.3732), (15.5460, 4.6798, -3.9268), (15.5460, 5.0475, -3.4413), (15.5460, 5.3650, -2.9217), (15.5460, 5.6293, -2.3729), (15.5460, 5.8376, -1.8007), (15.5460, 5.9879, -1.2105), (15.5460, 6.0786, -0.6083), (15.5460, 6.1090, 0.0000), (15.5460, 6.0786, 0.6083), (15.5460, 5.9879, 1.2105), (15.5460, 5.8376, 1.8007), (15.5460, 5.6293, 2.3729), (15.5460, 5.3650, 2.9217), (15.5460, 5.0475, 3.4413), (15.5460, 4.6798, 3.9268), (15.5460, 4.2655, 4.3732), (15.5460, 3.8089, 4.7762), (15.5460, 3.3144, 5.1317), (15.5460, 2.7870, 5.4362), (15.5460, 2.2319, 5.6867), (15.5460, 1.6546, 5.8807), (15.5460, 1.0608, 6.0162), (15.5460, 0.4565, 6.0919), (15.5460, -0.1523, 6.1071), (15.5460, -0.7596, 6.0616), (15.5460, -1.3594, 5.9558), (15.5460, -1.9456, 5.7909), (15.5460, -2.5126, 5.5684), (15.5460, -3.0545, 5.2905), (15.5460, -3.5661, 4.9601), (15.5460, -4.0422, 4.5804), (15.5460, -4.4782, 4.1552), (15.5460, -4.8697, 3.6886), (15.5460, -5.2127, 3.1854), (15.5460, -5.5040, 2.6506), (15.5460, -5.7406, 2.0894), (15.5460, -5.9201, 1.5074), (15.5460, -6.0408, 0.9105), (15.5460, -6.1014, 0.3045), (15.5460, -6.1014, -0.3045), (15.5460, -6.0408, -0.9105), (15.5460, -5.9201, -1.5074), (15.5460, -5.7406, -2.0894), (15.5460, -5.5040, -2.6506), (15.5460, -5.2127, -3.1854), (15.5460, -4.8697, -3.6886), (15.5460, -4.4782, -4.1552), (15.5460, -4.0422, -4.5804), (15.5460, -3.5661, -4.9601), (15.5460, -3.0545, -5.2905), (15.5460, -2.5126, -5.5684), (15.5460, -1.9456, -5.7909), (15.5460, -1.3594, -5.9558), (15.5460, -0.7596, -6.0616), (15.5460, -0.1523, -6.1071), (15.5460, 0.4565, -6.0919), (15.5460, 1.0608, -6.0162), (15.5460, 1.6546, -5.8807), (15.5460, 2.2319, -5.6867), (15.5460, 2.7870, -5.4362), (15.5460, 3.3144, -5.1317), (15.5460, 3.8089, -4.7762), (15.5460, 4.2655, -4.3732), (15.5460, 4.6798, -3.9268), (15.5460, 5.0475, -3.4413), (15.5460, 5.3650, -2.9217), (15.5460, 5.6293, -2.3729), (15.5460, 5.8376, -1.8007), (15.5460, 5.9879, -1.2105), (15.5460, 6.0786, -0.6083), (15.5460, 6.1090, 0.0000), (15.6910, 6.0489, 0.0000), (15.6910, 6.0489, 0.0000), (15.6910, 6.0189, 0.6023), (15.6910, 5.9290, 1.1986), (15.6910, 5.7802, 1.7830), (15.6910, 5.5740, 2.3496), (15.6910, 5.3123, 2.8929), (15.6910, 4.9979, 3.4075), (15.6910, 4.6338, 3.8882), (15.6910, 4.2236, 4.3302), (15.6910, 3.7715, 4.7293), (15.6910, 3.2818, 5.0813), (15.6910, 2.7596, 5.3828), (15.6910, 2.2099, 5.6308), (15.6910, 1.6383, 5.8229), (15.6910, 1.0504, 5.9570), (15.6910, 0.4520, 6.0320), (15.6910, -0.1508, 6.0471), (15.6910, -0.7521, 6.0020), (15.6910, -1.3460, 5.8973), (15.6910, -1.9265, 5.7340), (15.6910, -2.4879, 5.5136), (15.6910, -3.0245, 5.2385), (15.6910, -3.5310, 4.9114), (15.6910, -4.0025, 4.5354), (15.6910, -4.4342, 4.1143), (15.6910, -4.8218, 3.6524), (15.6910, -5.1615, 3.1541), (15.6910, -5.4499, 2.6245), (15.6910, -5.6841, 2.0689), (15.6910, -5.8619, 1.4926), (15.6910, -5.9814, 0.9015), (15.6910, -6.0414, 0.3015), (15.6910, -6.0414, -0.3015), (15.6910, -5.9814, -0.9015), (15.6910, -5.8619, -1.4926), (15.6910, -5.6841, -2.0689), (15.6910, -5.4499, -2.6245), (15.6910, -5.1615, -3.1541), (15.6910, -4.8218, -3.6524), (15.6910, -4.4342, -4.1143), (15.6910, -4.0025, -4.5354), (15.6910, -3.5310, -4.9114), (15.6910, -3.0245, -5.2385), (15.6910, -2.4879, -5.5136), (15.6910, -1.9265, -5.7340), (15.6910, -1.3460, -5.8973), (15.6910, -0.7521, -6.0020), (15.6910, -0.1508, -6.0471), (15.6910, 0.4520, -6.0320), (15.6910, 1.0504, -5.9570), (15.6910, 1.6383, -5.8229), (15.6910, 2.2099, -5.6308), (15.6910, 2.7596, -5.3828), (15.6910, 3.2818, -5.0813), (15.6910, 3.7715, -4.7293), (15.6910, 4.2236, -4.3302), (15.6910, 4.6338, -3.8882), (15.6910, 4.9979, -3.4075), (15.6910, 5.3123, -2.8929), (15.6910, 5.5740, -2.3496), (15.6910, 5.7802, -1.7830), (15.6910, 5.9290, -1.1986), (15.6910, 6.0189, -0.6023), (15.6910, 6.0489, 0.0000), (15.6910, 6.0189, 0.6023), (15.6910, 5.9290, 1.1986), (15.6910, 5.7802, 1.7830), (15.6910, 5.5740, 2.3496), (15.6910, 5.3123, 2.8929), (15.6910, 4.9979, 3.4075), (15.6910, 4.6338, 3.8882), (15.6910, 4.2236, 4.3302), (15.6910, 3.7715, 4.7293), (15.6910, 3.2818, 5.0813), (15.6910, 2.7596, 5.3828), (15.6910, 2.2099, 5.6308), (15.6910, 1.6383, 5.8229), (15.6910, 1.0504, 5.9570), (15.6910, 0.4520, 6.0320), (15.6910, -0.1508, 6.0471), (15.6910, -0.7521, 6.0020), (15.6910, -1.3460, 5.8973), (15.6910, -1.9265, 5.7340), (15.6910, -2.4879, 5.5136), (15.6910, -3.0245, 5.2385), (15.6910, -3.5310, 4.9114), (15.6910, -4.0025, 4.5354), (15.6910, -4.4342, 4.1143), (15.6910, -4.8218, 3.6524), (15.6910, -5.1615, 3.1541), (15.6910, -5.4499, 2.6245), (15.6910, -5.6841, 2.0689), (15.6910, -5.8619, 1.4926), (15.6910, -5.9814, 0.9015), (15.6910, -6.0414, 0.3015), (15.6910, -6.0414, -0.3015), (15.6910, -5.9814, -0.9015), (15.6910, -5.8619, -1.4926), (15.6910, -5.6841, -2.0689), (15.6910, -5.4499, -2.6245), (15.6910, -5.1615, -3.1541), (15.6910, -4.8218, -3.6524), (15.6910, -4.4342, -4.1143), (15.6910, -4.0025, -4.5354), (15.6910, -3.5310, -4.9114), (15.6910, -3.0245, -5.2385), (15.6910, -2.4879, -5.5136), (15.6910, -1.9265, -5.7340), (15.6910, -1.3460, -5.8973), (15.6910, -0.7521, -6.0020), (15.6910, -0.1508, -6.0471), (15.6910, 0.4520, -6.0320), (15.6910, 1.0504, -5.9570), (15.6910, 1.6383, -5.8229), (15.6910, 2.2099, -5.6308), (15.6910, 2.7596, -5.3828), (15.6910, 3.2818, -5.0813), (15.6910, 3.7715, -4.7293), (15.6910, 4.2236, -4.3302), (15.6910, 4.6338, -3.8882), (15.6910, 4.9979, -3.4075), (15.6910, 5.3123, -2.8929), (15.6910, 5.5740, -2.3496), (15.6910, 5.7802, -1.7830), (15.6910, 5.9290, -1.1986), (15.6910, 6.0189, -0.6023), (15.6910, 6.0489, 0.0000), (15.8436, 6.0123, 0.0000), (15.8436, 6.0123, 0.0000), (15.8436, 5.9824, 0.5986), (15.8436, 5.8931, 1.1913), (15.8436, 5.7452, 1.7722), (15.8436, 5.5402, 2.3354), (15.8436, 5.2801, 2.8754), (15.8436, 4.9676, 3.3869), (15.8436, 4.6057, 3.8646), (15.8436, 4.1980, 4.3040), (15.8436, 3.7486, 4.7006), (15.8436, 3.2620, 5.0505), (15.8436, 2.7429, 5.3502), (15.8436, 2.1965, 5.5967), (15.8436, 1.6284, 5.7876), (15.8436, 1.0440, 5.9210), (15.8436, 0.4493, 5.9955), (15.8436, -0.1499, 6.0104), (15.8436, -0.7476, 5.9657), (15.8436, -1.3379, 5.8616), (15.8436, -1.9148, 5.6992), (15.8436, -2.4728, 5.4803), (15.8436, -3.0062, 5.2068), (15.8436, -3.5096, 4.8816), (15.8436, -3.9783, 4.5079), (15.8436, -4.4073, 4.0894), (15.8436, -4.7926, 3.6303), (15.8436, -5.1303, 3.1350), (15.8436, -5.4169, 2.6086), (15.8436, -5.6497, 2.0563), (15.8436, -5.8264, 1.4836), (15.8436, -5.9452, 0.8961), (15.8436, -6.0048, 0.2997), (15.8436, -6.0048, -0.2997), (15.8436, -5.9452, -0.8961), (15.8436, -5.8264, -1.4836), (15.8436, -5.6497, -2.0563), (15.8436, -5.4169, -2.6086), (15.8436, -5.1303, -3.1350), (15.8436, -4.7926, -3.6303), (15.8436, -4.4073, -4.0894), (15.8436, -3.9783, -4.5079), (15.8436, -3.5096, -4.8816), (15.8436, -3.0062, -5.2068), (15.8436, -2.4728, -5.4803), (15.8436, -1.9148, -5.6992), (15.8436, -1.3379, -5.8616), (15.8436, -0.7476, -5.9657), (15.8436, -0.1499, -6.0104), (15.8436, 0.4493, -5.9955), (15.8436, 1.0440, -5.9210), (15.8436, 1.6284, -5.7876), (15.8436, 2.1965, -5.5967), (15.8436, 2.7429, -5.3502), (15.8436, 3.2620, -5.0505), (15.8436, 3.7486, -4.7006), (15.8436, 4.1980, -4.3040), (15.8436, 4.6057, -3.8646), (15.8436, 4.9676, -3.3869), (15.8436, 5.2801, -2.8754), (15.8436, 5.5402, -2.3354), (15.8436, 5.7452, -1.7722), (15.8436, 5.8931, -1.1913), (15.8436, 5.9824, -0.5986), (15.8436, 6.0123, 0.0000), (15.8436, 5.9824, 0.5986), (15.8436, 5.8931, 1.1913), (15.8436, 5.7452, 1.7722), (15.8436, 5.5402, 2.3354), (15.8436, 5.2801, 2.8754), (15.8436, 4.9676, 3.3869), (15.8436, 4.6057, 3.8646), (15.8436, 4.1980, 4.3040), (15.8436, 3.7486, 4.7006), (15.8436, 3.2620, 5.0505), (15.8436, 2.7429, 5.3502), (15.8436, 2.1965, 5.5967), (15.8436, 1.6284, 5.7876), (15.8436, 1.0440, 5.9210), (15.8436, 0.4493, 5.9955), (15.8436, -0.1499, 6.0104), (15.8436, -0.7476, 5.9657), (15.8436, -1.3379, 5.8616), (15.8436, -1.9148, 5.6992), (15.8436, -2.4728, 5.4803), (15.8436, -3.0062, 5.2068), (15.8436, -3.5096, 4.8816), (15.8436, -3.9783, 4.5079), (15.8436, -4.4073, 4.0894), (15.8436, -4.7926, 3.6303), (15.8436, -5.1303, 3.1350), (15.8436, -5.4169, 2.6086), (15.8436, -5.6497, 2.0563), (15.8436, -5.8264, 1.4836), (15.8436, -5.9452, 0.8961), (15.8436, -6.0048, 0.2997), (15.8436, -6.0048, -0.2997), (15.8436, -5.9452, -0.8961), (15.8436, -5.8264, -1.4836), (15.8436, -5.6497, -2.0563), (15.8436, -5.4169, -2.6086), (15.8436, -5.1303, -3.1350), (15.8436, -4.7926, -3.6303), (15.8436, -4.4073, -4.0894), (15.8436, -3.9783, -4.5079), (15.8436, -3.5096, -4.8816), (15.8436, -3.0062, -5.2068), (15.8436, -2.4728, -5.4803), (15.8436, -1.9148, -5.6992), (15.8436, -1.3379, -5.8616), (15.8436, -0.7476, -5.9657), (15.8436, -0.1499, -6.0104), (15.8436, 0.4493, -5.9955), (15.8436, 1.0440, -5.9210), (15.8436, 1.6284, -5.7876), (15.8436, 2.1965, -5.5967), (15.8436, 2.7429, -5.3502), (15.8436, 3.2620, -5.0505), (15.8436, 3.7486, -4.7006), (15.8436, 4.1980, -4.3040), (15.8436, 4.6057, -3.8646), (15.8436, 4.9676, -3.3869), (15.8436, 5.2801, -2.8754), (15.8436, 5.5402, -2.3354), (15.8436, 5.7452, -1.7722), (15.8436, 5.8931, -1.1913), (15.8436, 5.9824, -0.5986), (15.8436, 6.0123, 0.0000), (16.0000, 6.0000, 0.0000), (16.0000, 6.0000, 0.0000), (16.0000, 5.9702, 0.5974), (16.0000, 5.8810, 1.1889), (16.0000, 5.7334, 1.7685), (16.0000, 5.5289, 2.3306), (16.0000, 5.2693, 2.8695), (16.0000, 4.9574, 3.3799), (16.0000, 4.5963, 3.8567), (16.0000, 4.1894, 4.2952), (16.0000, 3.7409, 4.6910), (16.0000, 3.2553, 5.0402), (16.0000, 2.7373, 5.3392), (16.0000, 2.1920, 5.5852), (16.0000, 1.6250, 5.7757), (16.0000, 1.0419, 5.9088), (16.0000, 0.4484, 5.9832), (16.0000, -0.1496, 5.9981), (16.0000, -0.7461, 5.9534), (16.0000, -1.3351, 5.8496), (16.0000, -1.9109, 5.6876), (16.0000, -2.4677, 5.4690), (16.0000, -3.0000, 5.1962), (16.0000, -3.5025, 4.8716), (16.0000, -3.9701, 4.4987), (16.0000, -4.3983, 4.0810), (16.0000, -4.7828, 3.6228), (16.0000, -5.1197, 3.1286), (16.0000, -5.4058, 2.6033), (16.0000, -5.6382, 2.0521), (16.0000, -5.8145, 1.4805), (16.0000, -5.9330, 0.8943), (16.0000, -5.9925, 0.2991), (16.0000, -5.9925, -0.2991), (16.0000, -5.9330, -0.8943), (16.0000, -5.8145, -1.4805), (16.0000, -5.6382, -2.0521), (16.0000, -5.4058, -2.6033), (16.0000, -5.1197, -3.1286), (16.0000, -4.7828, -3.6228), (16.0000, -4.3983, -4.0810), (16.0000, -3.9701, -4.4987), (16.0000, -3.5025, -4.8716), (16.0000, -3.0000, -5.1962), (16.0000, -2.4677, -5.4690), (16.0000, -1.9109, -5.6876), (16.0000, -1.3351, -5.8496), (16.0000, -0.7461, -5.9534), (16.0000, -0.1496, -5.9981), (16.0000, 0.4484, -5.9832), (16.0000, 1.0419, -5.9088), (16.0000, 1.6250, -5.7757), (16.0000, 2.1920, -5.5852), (16.0000, 2.7373, -5.3392), (16.0000, 3.2553, -5.0402), (16.0000, 3.7409, -4.6910), (16.0000, 4.1894, -4.2952), (16.0000, 4.5963, -3.8567), (16.0000, 4.9574, -3.3799), (16.0000, 5.2693, -2.8695), (16.0000, 5.5289, -2.3306), (16.0000, 5.7334, -1.7685), (16.0000, 5.8810, -1.1889), (16.0000, 5.9702, -0.5974), (16.0000, 6.0000, 0.0000), (45.0000, 6.0000, 0.0000), (16.0000, 5.9702, 0.5974), (16.0000, 5.8810, 1.1889), (16.0000, 5.7334, 1.7685), (16.0000, 5.5289, 2.3306), (16.0000, 5.2693, 2.8695), (16.0000, 4.9574, 3.3799), (16.0000, 4.5963, 3.8567), (16.0000, 4.1894, 4.2952), (16.0000, 3.7409, 4.6910), (16.0000, 3.2553, 5.0402), (16.0000, 2.7373, 5.3392), (16.0000, 2.1920, 5.5852), (16.0000, 1.6250, 5.7757), (16.0000, 1.0419, 5.9088), (16.0000, 0.4484, 5.9832), (16.0000, -0.1496, 5.9981), (16.0000, -0.7461, 5.9534), (16.0000, -1.3351, 5.8496), (16.0000, -1.9109, 5.6876), (16.0000, -2.4677, 5.4690), (16.0000, -3.0000, 5.1962), (16.0000, -3.5025, 4.8716), (16.0000, -3.9701, 4.4987), (16.0000, -4.3983, 4.0810), (16.0000, -4.7828, 3.6228), (16.0000, -5.1197, 3.1286), (16.0000, -5.4058, 2.6033), (16.0000, -5.6382, 2.0521), (16.0000, -5.8145, 1.4805), (16.0000, -5.9330, 0.8943), (16.0000, -5.9925, 0.2991), (16.0000, -5.9925, -0.2991), (16.0000, -5.9330, -0.8943), (16.0000, -5.8145, -1.4805), (16.0000, -5.6382, -2.0521), (16.0000, -5.4058, -2.6033), (16.0000, -5.1197, -3.1286), (16.0000, -4.7828, -3.6228), (16.0000, -4.3983, -4.0810), (16.0000, -3.9701, -4.4987), (16.0000, -3.5025, -4.8716), (16.0000, -3.0000, -5.1962), (16.0000, -2.4677, -5.4690), (16.0000, -1.9109, -5.6876), (16.0000, -1.3351, -5.8496), (16.0000, -0.7461, -5.9534), (16.0000, -0.1496, -5.9981), (16.0000, 0.4484, -5.9832), (16.0000, 1.0419, -5.9088), (16.0000, 1.6250, -5.7757), (16.0000, 2.1920, -5.5852), (16.0000, 2.7373, -5.3392), (16.0000, 3.2553, -5.0402), (16.0000, 3.7409, -4.6910), (16.0000, 4.1894, -4.2952), (16.0000, 4.5963, -3.8567), (16.0000, 4.9574, -3.3799), (16.0000, 5.2693, -2.8695), (16.0000, 5.5289, -2.3306), (16.0000, 5.7334, -1.7685), (16.0000, 5.8810, -1.1889), (16.0000, 5.9702, -0.5974), (16.0000, 6.0000, 0.0000), (45.0000, 6.0000, 0.0000), (45.0000, 5.9702, 0.5974), (45.0000, 5.8810, 1.1889), (45.0000, 5.7334, 1.7685), (45.0000, 5.5289, 2.3306), (45.0000, 5.2693, 2.8695), (45.0000, 4.9574, 3.3799), (45.0000, 4.5963, 3.8567), (45.0000, 4.1894, 4.2952), (45.0000, 3.7409, 4.6910), (45.0000, 3.2553, 5.0402), (45.0000, 2.7373, 5.3392), (45.0000, 2.1920, 5.5852), (45.0000, 1.6250, 5.7757), (45.0000, 1.0419, 5.9088), (45.0000, 0.4484, 5.9832), (45.0000, -0.1496, 5.9981), (45.0000, -0.7461, 5.9534), (45.0000, -1.3351, 5.8496), (45.0000, -1.9109, 5.6876), (45.0000, -2.4677, 5.4690), (45.0000, -3.0000, 5.1962), (45.0000, -3.5025, 4.8716), (45.0000, -3.9701, 4.4987), (45.0000, -4.3983, 4.0810), (45.0000, -4.7828, 3.6228), (45.0000, -5.1197, 3.1286), (45.0000, -5.4058, 2.6033), (45.0000, -5.6382, 2.0521), (45.0000, -5.8145, 1.4805), (45.0000, -5.9330, 0.8943), (45.0000, -5.9925, 0.2991), (45.0000, -5.9925, -0.2991), (45.0000, -5.9330, -0.8943), (45.0000, -5.8145, -1.4805), (45.0000, -5.6382, -2.0521), (45.0000, -5.4058, -2.6033), (45.0000, -5.1197, -3.1286), (45.0000, -4.7828, -3.6228), (45.0000, -4.3983, -4.0810), (45.0000, -3.9701, -4.4987), (45.0000, -3.5025, -4.8716), (45.0000, -3.0000, -5.1962), (45.0000, -2.4677, -5.4690), (45.0000, -1.9109, -5.6876), (45.0000, -1.3351, -5.8496), (45.0000, -0.7461, -5.9534), (45.0000, -0.1496, -5.9981), (45.0000, 0.4484, -5.9832), (45.0000, 1.0419, -5.9088), (45.0000, 1.6250, -5.7757), (45.0000, 2.1920, -5.5852), (45.0000, 2.7373, -5.3392), (45.0000, 3.2553, -5.0402), (45.0000, 3.7409, -4.6910), (45.0000, 4.1894, -4.2952), (45.0000, 4.5963, -3.8567), (45.0000, 4.9574, -3.3799), (45.0000, 5.2693, -2.8695), (45.0000, 5.5289, -2.3306), (45.0000, 5.7334, -1.7685), (45.0000, 5.8810, -1.1889), (45.0000, 5.9702, -0.5974), (20.0000, 3.9686, 4.5000), (20.0000, 3.5172, 4.8610), (20.0000, 3.0332, 5.1768), (20.0000, 2.5211, 5.4447), (20.0000, 1.9855, 5.6620), (20.0000, 1.4315, 5.8267), (20.0000, 0.8643, 5.9374), (20.0000, 0.2890, 5.9930), (20.0000, -0.2890, 5.9930), (20.0000, -0.8643, 5.9374), (20.0000, -1.4315, 5.8267), (20.0000, -1.9855, 5.6620), (20.0000, -2.5211, 5.4447), (20.0000, -3.0332, 5.1768), (20.0000, -3.5172, 4.8610), (20.0000, -3.9686, 4.5000), (32.0000, 3.9686, 4.5000), (32.0000, 3.5172, 4.8610), (32.0000, 3.0332, 5.1768), (32.0000, 2.5211, 5.4447), (32.0000, 1.9855, 5.6620), (32.0000, 1.4315, 5.8267), (32.0000, 0.8643, 5.9374), (32.0000, 0.2890, 5.9930), (32.0000, -0.2890, 5.9930), (32.0000, -0.8643, 5.9374), (32.0000, -1.4315, 5.8267), (32.0000, -1.9855, 5.6620), (32.0000, -2.5211, 5.4447), (32.0000, -3.0332, 5.1768), (32.0000, -3.5172, 4.8610), (32.0000, -3.9686, 4.5000), (45.0000, 6.0000, 0.0000), (45.0000, 5.9702, 0.5974), (45.0000, 5.8810, 1.1889), (45.0000, 5.7334, 1.7685), (45.0000, 5.5289, 2.3306), (45.0000, 5.2693, 2.8695), (45.0000, 4.9574, 3.3799), (45.0000, 4.5963, 3.8567), (45.0000, 4.1894, 4.2952), (45.0000, 3.7409, 4.6910), (45.0000, 3.2553, 5.0402), (45.0000, 2.7373, 5.3392), (45.0000, 2.1920, 5.5852), (45.0000, 1.6250, 5.7757), (45.0000, 1.0419, 5.9088), (45.0000, 0.4484, 5.9832), (45.0000, -0.1496, 5.9981), (45.0000, -0.7461, 5.9534), (45.0000, -1.3351, 5.8496), (45.0000, -1.9109, 5.6876), (45.0000, -2.4677, 5.4690), (45.0000, -3.0000, 5.1962), (45.0000, -3.5025, 4.8716), (45.0000, -3.9701, 4.4987), (45.0000, -4.3983, 4.0810), (45.0000, -4.7828, 3.6228), (45.0000, -5.1197, 3.1286), (45.0000, -5.4058, 2.6033), (45.0000, -5.6382, 2.0521), (45.0000, -5.8145, 1.4805), (45.0000, -5.9330, 0.8943), (45.0000, -5.9925, 0.2991), (45.0000, -5.9925, -0.2991), (45.0000, -5.9330, -0.8943), (45.0000, -5.8145, -1.4805), (45.0000, -5.6382, -2.0521), (45.0000, -5.4058, -2.6033), (45.0000, -5.1197, -3.1286), (45.0000, -4.7828, -3.6228), (45.0000, -4.3983, -4.0810), (45.0000, -3.9701, -4.4987), (45.0000, -3.5025, -4.8716), (45.0000, -3.0000, -5.1962), (45.0000, -2.4677, -5.4690), (45.0000, -1.9109, -5.6876), (45.0000, -1.3351, -5.8496), (45.0000, -0.7461, -5.9534), (45.0000, -0.1496, -5.9981), (45.0000, 0.4484, -5.9832), (45.0000, 1.0419, -5.9088), (45.0000, 1.6250, -5.7757), (45.0000, 2.1920, -5.5852), (45.0000, 2.7373, -5.3392), (45.0000, 3.2553, -5.0402), (45.0000, 3.7409, -4.6910), (45.0000, 4.1894, -4.2952), (45.0000, 4.5963, -3.8567), (45.0000, 4.9574, -3.3799), (45.0000, 5.2693, -2.8695), (45.0000, 5.5289, -2.3306), (45.0000, 5.7334, -1.7685), (45.0000, 5.8810, -1.1889), (45.0000, 5.9702, -0.5974), (45.0000, 5.0000, 0.0000), (45.0000, 4.9752, 0.4978), (45.0000, 4.9009, 0.9907), (45.0000, 4.7779, 1.4738), (45.0000, 4.6074, 1.9422), (45.0000, 4.3911, 2.3913), (45.0000, 4.1312, 2.8166), (45.0000, 3.8302, 3.2139), (45.0000, 3.4912, 3.5793), (45.0000, 3.1174, 3.9092), (45.0000, 2.7127, 4.2001), (45.0000, 2.2811, 4.4494), (45.0000, 1.8267, 4.6544), (45.0000, 1.3542, 4.8131), (45.0000, 0.8682, 4.9240), (45.0000, 0.3737, 4.9860), (45.0000, -0.1247, 4.9984), (45.0000, -0.6217, 4.9612), (45.0000, -1.1126, 4.8746), (45.0000, -1.5924, 4.7396), (45.0000, -2.0564, 4.5575), (45.0000, -2.5000, 4.3301), (45.0000, -2.9187, 4.0597), (45.0000, -3.3084, 3.7489), (45.0000, -3.6653, 3.4009), (45.0000, -3.9857, 3.0190), (45.0000, -4.2665, 2.6072), (45.0000, -4.5048, 2.1694), (45.0000, -4.6985, 1.7101), (45.0000, -4.8454, 1.2338), (45.0000, -4.9442, 0.7452), (45.0000, -4.9938, 0.2492), (45.0000, -4.9938, -0.2492), (45.0000, -4.9442, -0.7452), (45.0000, -4.8454, -1.2338), (45.0000, -4.6985, -1.7101), (45.0000, -4.5048, -2.1694), (45.0000, -4.2665, -2.6072), (45.0000, -3.9857, -3.0190), (45.0000, -3.6653, -3.4009), (45.0000, -3.3084, -3.7489), (45.0000, -2.9187, -4.0597), (45.0000, -2.5000, -4.3301), (45.0000, -2.0564, -4.5575), (45.0000, -1.5924, -4.7396), (45.0000, -1.1126, -4.8746), (45.0000, -0.6217, -4.9612), (45.0000, -0.1247, -4.9984), (45.0000, 0.3737, -4.9860), (45.0000, 0.8682, -4.9240), (45.0000, 1.3542, -4.8131), (45.0000, 1.8267, -4.6544), (45.0000, 2.2811, -4.4494), (45.0000, 2.7127, -4.2001), (45.0000, 3.1174, -3.9092), (45.0000, 3.4912, -3.5793), (45.0000, 3.8302, -3.2139), (45.0000, 4.1312, -2.8166), (45.0000, 4.3911, -2.3913), (45.0000, 4.6074, -1.9422), (45.0000, 4.7779, -1.4738), (45.0000, 4.9009, -0.9907), (45.0000, 4.9752, -0.4978), (20.0000, 3.9686, 4.5000), (20.0000, 3.5172, 4.8610), (20.0000, 3.0332, 5.1768), (20.0000, 2.5211, 5.4447), (20.0000, 1.9855, 5.6620), (20.0000, 1.4315, 5.8267), (20.0000, 0.8643, 5.9374), (20.0000, 0.2890, 5.9930), (20.0000, -0.2890, 5.9930), (20.0000, -0.8643, 5.9374), (20.0000, -1.4315, 5.8267), (20.0000, -1.9855, 5.6620), (20.0000, -2.5211, 5.4447), (20.0000, -3.0332, 5.1768), (20.0000, -3.5172, 4.8610), (20.0000, -3.9686, 4.5000), (20.0000, -3.9686, 4.5000), (20.0000, 3.9686, 4.5000), (32.0000, -3.9686, 4.5000), (32.0000, 3.9686, 4.5000), (32.0000, 3.9686, 4.5000), (32.0000, 3.5172, 4.8610), (32.0000, 3.0332, 5.1768), (32.0000, 2.5211, 5.4447), (32.0000, 1.9855, 5.6620), (32.0000, 1.4315, 5.8267), (32.0000, 0.8643, 5.9374), (32.0000, 0.2890, 5.9930), (32.0000, -0.2890, 5.9930), (32.0000, -0.8643, 5.9374), (32.0000, -1.4315, 5.8267), (32.0000, -1.9855, 5.6620), (32.0000, -2.5211, 5.4447), (32.0000, -3.0332, 5.1768), (32.0000, -3.5172, 4.8610), (32.0000, -3.9686, 4.5000), (45.0000, 5.0000, 0.0000), (45.0000, 4.9752, 0.4978), (45.0000, 4.9009, 0.9907), (45.0000, 4.7779, 1.4738), (45.0000, 4.6074, 1.9422), (45.0000, 4.3911, 2.3913), (45.0000, 4.1312, 2.8166), (45.0000, 3.8302, 3.2139), (45.0000, 3.4912, 3.5793), (45.0000, 3.1174, 3.9092), (45.0000, 2.7127, 4.2001), (45.0000, 2.2811, 4.4494), (45.0000, 1.8267, 4.6544), (45.0000, 1.3542, 4.8131), (45.0000, 0.8682, 4.9240), (45.0000, 0.3737, 4.9860), (45.0000, -0.1247, 4.9984), (45.0000, -0.6217, 4.9612), (45.0000, -1.1126, 4.8746), (45.0000, -1.5924, 4.7396), (45.0000, -2.0564, 4.5575), (45.0000, -2.5000, 4.3301), (45.0000, -2.9187, 4.0597), (45.0000, -3.3084, 3.7489), (45.0000, -3.6653, 3.4009), (45.0000, -3.9857, 3.0190), (45.0000, -4.2665, 2.6072), (45.0000, -4.5048, 2.1694), (45.0000, -4.6985, 1.7101), (45.0000, -4.8454, 1.2338), (45.0000, -4.9442, 0.7452), (45.0000, -4.9938, 0.2492), (45.0000, -4.9938, -0.2492), (45.0000, -4.9442, -0.7452), (45.0000, -4.8454, -1.2338), (45.0000, -4.6985, -1.7101), (45.0000, -4.5048, -2.1694), (45.0000, -4.2665, -2.6072), (45.0000, -3.9857, -3.0190), (45.0000, -3.6653, -3.4009), (45.0000, -3.3084, -3.7489), (45.0000, -2.9187, -4.0597), (45.0000, -2.5000, -4.3301), (45.0000, -2.0564, -4.5575), (45.0000, -1.5924, -4.7396), (45.0000, -1.1126, -4.8746), (45.0000, -0.6217, -4.9612), (45.0000, -0.1247, -4.9984), (45.0000, 0.3737, -4.9860), (45.0000, 0.8682, -4.9240), (45.0000, 1.3542, -4.8131), (45.0000, 1.8267, -4.6544), (45.0000, 2.2811, -4.4494), (45.0000, 2.7127, -4.2001), (45.0000, 3.1174, -3.9092), (45.0000, 3.4912, -3.5793), (45.0000, 3.8302, -3.2139), (45.0000, 4.1312, -2.8166), (45.0000, 4.3911, -2.3913), (45.0000, 4.6074, -1.9422), (45.0000, 4.7779, -1.4738), (45.0000, 4.9009, -0.9907), (45.0000, 4.9752, -0.4978), (45.0000, 5.0000, 0.0000), (55.5000, 5.0000, 0.0000), (55.5000, 5.0000, 0.0000), (55.5000, 4.9752, 0.4978), (55.5000, 4.9009, 0.9907), (55.5000, 4.7779, 1.4738), (55.5000, 4.6074, 1.9422), (55.5000, 4.3911, 2.3913), (55.5000, 4.1312, 2.8166), (55.5000, 3.8302, 3.2139), (55.5000, 3.4912, 3.5793), (55.5000, 3.1174, 3.9092), (55.5000, 2.7127, 4.2001), (55.5000, 2.2811, 4.4494), (55.5000, 1.8267, 4.6544), (55.5000, 1.3542, 4.8131), (55.5000, 0.8682, 4.9240), (55.5000, 0.3737, 4.9860), (55.5000, -0.1247, 4.9984), (55.5000, -0.6217, 4.9612), (55.5000, -1.1126, 4.8746), (55.5000, -1.5924, 4.7396), (55.5000, -2.0564, 4.5575), (55.5000, -2.5000, 4.3301), (55.5000, -2.9187, 4.0597), (55.5000, -3.3084, 3.7489), (55.5000, -3.6653, 3.4009), (55.5000, -3.9857, 3.0190), (55.5000, -4.2665, 2.6072), (55.5000, -4.5048, 2.1694), (55.5000, -4.6985, 1.7101), (55.5000, -4.8454, 1.2338), (55.5000, -4.9442, 0.7452), (55.5000, -4.9938, 0.2492), (55.5000, -4.9938, -0.2492), (55.5000, -4.9442, -0.7452), (55.5000, -4.8454, -1.2338), (55.5000, -4.6985, -1.7101), (55.5000, -4.5048, -2.1694), (55.5000, -4.2665, -2.6072), (55.5000, -3.9857, -3.0190), (55.5000, -3.6653, -3.4009), (55.5000, -3.3084, -3.7489), (55.5000, -2.9187, -4.0597), (55.5000, -2.5000, -4.3301), (55.5000, -2.0564, -4.5575), (55.5000, -1.5924, -4.7396), (55.5000, -1.1126, -4.8746), (55.5000, -0.6217, -4.9612), (55.5000, -0.1247, -4.9984), (55.5000, 0.3737, -4.9860), (55.5000, 0.8682, -4.9240), (55.5000, 1.3542, -4.8131), (55.5000, 1.8267, -4.6544), (55.5000, 2.2811, -4.4494), (55.5000, 2.7127, -4.2001), (55.5000, 3.1174, -3.9092), (55.5000, 3.4912, -3.5793), (55.5000, 3.8302, -3.2139), (55.5000, 4.1312, -2.8166), (55.5000, 4.3911, -2.3913), (55.5000, 4.6074, -1.9422), (55.5000, 4.7779, -1.4738), (55.5000, 4.9009, -0.9907), (55.5000, 4.9752, -0.4978), (55.5000, 5.0000, 0.0000), (55.5000, 4.9752, 0.4978), (55.5000, 4.9009, 0.9907), (55.5000, 4.7779, 1.4738), (55.5000, 4.6074, 1.9422), (55.5000, 4.3911, 2.3913), (55.5000, 4.1312, 2.8166), (55.5000, 3.8302, 3.2139), (55.5000, 3.4912, 3.5793), (55.5000, 3.1174, 3.9092), (55.5000, 2.7127, 4.2001), (55.5000, 2.2811, 4.4494), (55.5000, 1.8267, 4.6544), (55.5000, 1.3542, 4.8131), (55.5000, 0.8682, 4.9240), (55.5000, 0.3737, 4.9860), (55.5000, -0.1247, 4.9984), (55.5000, -0.6217, 4.9612), (55.5000, -1.1126, 4.8746), (55.5000, -1.5924, 4.7396), (55.5000, -2.0564, 4.5575), (55.5000, -2.5000, 4.3301), (55.5000, -2.9187, 4.0597), (55.5000, -3.3084, 3.7489), (55.5000, -3.6653, 3.4009), (55.5000, -3.9857, 3.0190), (55.5000, -4.2665, 2.6072), (55.5000, -4.5048, 2.1694), (55.5000, -4.6985, 1.7101), (55.5000, -4.8454, 1.2338), (55.5000, -4.9442, 0.7452), (55.5000, -4.9938, 0.2492), (55.5000, -4.9938, -0.2492), (55.5000, -4.9442, -0.7452), (55.5000, -4.8454, -1.2338), (55.5000, -4.6985, -1.7101), (55.5000, -4.5048, -2.1694), (55.5000, -4.2665, -2.6072), (55.5000, -3.9857, -3.0190), (55.5000, -3.6653, -3.4009), (55.5000, -3.3084, -3.7489), (55.5000, -2.9187, -4.0597), (55.5000, -2.5000, -4.3301), (55.5000, -2.0564, -4.5575), (55.5000, -1.5924, -4.7396), (55.5000, -1.1126, -4.8746), (55.5000, -0.6217, -4.9612), (55.5000, -0.1247, -4.9984), (55.5000, 0.3737, -4.9860), (55.5000, 0.8682, -4.9240), (55.5000, 1.3542, -4.8131), (55.5000, 1.8267, -4.6544), (55.5000, 2.2811, -4.4494), (55.5000, 2.7127, -4.2001), (55.5000, 3.1174, -3.9092), (55.5000, 3.4912, -3.5793), (55.5000, 3.8302, -3.2139), (55.5000, 4.1312, -2.8166), (55.5000, 4.3911, -2.3913), (55.5000, 4.6074, -1.9422), (55.5000, 4.7779, -1.4738), (55.5000, 4.9009, -0.9907), (55.5000, 4.9752, -0.4978), (55.5000, 5.0000, 0.0000), (56.0000, 4.5000, 0.0000), (56.5000, 4.0000, 0.0000), (57.0000, 3.5000, 0.0000), (57.0000, 3.5000, 0.0000), (57.0000, 3.4826, 0.3485), (57.0000, 3.4306, 0.6935), (57.0000, 3.3445, 1.0316), (57.0000, 3.2252, 1.3595), (57.0000, 3.0738, 1.6739), (57.0000, 2.8918, 1.9716), (57.0000, 2.6812, 2.2498), (57.0000, 2.4438, 2.5055), (57.0000, 2.1822, 2.7364), (57.0000, 1.8989, 2.9401), (57.0000, 1.5967, 3.1146), (57.0000, 1.2787, 3.2581), (57.0000, 0.9479, 3.3692), (57.0000, 0.6078, 3.4468), (57.0000, 0.2616, 3.4902), (57.0000, -0.0873, 3.4989), (57.0000, -0.4352, 3.4728), (57.0000, -0.7788, 3.4122), (57.0000, -1.1147, 3.3177), (57.0000, -1.4395, 3.1903), (57.0000, -1.7500, 3.0311), (57.0000, -2.0431, 2.8418), (57.0000, -2.3159, 2.6242), (57.0000, -2.5657, 2.3806), (57.0000, -2.7900, 2.1133), (57.0000, -2.9865, 1.8250), (57.0000, -3.1534, 1.5186), (57.0000, -3.2889, 1.1971), (57.0000, -3.3918, 0.8637), (57.0000, -3.4609, 0.5216), (57.0000, -3.4956, 0.1745), (57.0000, -3.4956, -0.1745), (57.0000, -3.4609, -0.5216), (57.0000, -3.3918, -0.8637), (57.0000, -3.2889, -1.1971), (57.0000, -3.1534, -1.5186), (57.0000, -2.9865, -1.8250), (57.0000, -2.7900, -2.1133), (57.0000, -2.5657, -2.3806), (57.0000, -2.3159, -2.6242), (57.0000, -2.0431, -2.8418), (57.0000, -1.7500, -3.0311), (57.0000, -1.4395, -3.1903), (57.0000, -1.1147, -3.3177), (57.0000, -0.7788, -3.4122), (57.0000, -0.4352, -3.4728), (57.0000, -0.0873, -3.4989), (57.0000, 0.2616, -3.4902), (57.0000, 0.6078, -3.4468), (57.0000, 0.9479, -3.3692), (57.0000, 1.2787, -3.2581), (57.0000, 1.5967, -3.1146), (57.0000, 1.8989, -2.9401), (57.0000, 2.1822, -2.7364), (57.0000, 2.4438, -2.5055), (57.0000, 2.6812, -2.2498), (57.0000, 2.8918, -1.9716), (57.0000, 3.0738, -1.6739), (57.0000, 3.2252, -1.3595), (57.0000, 3.3445, -1.0316), (57.0000, 3.4306, -0.6935), (57.0000, 3.4826, -0.3485), (56.0000, 4.5000, 0.0000), (56.5000, 4.0000, 0.0000), (56.0000, 4.4135, 0.8779), (56.5000, 3.9231, 0.7804), (56.0000, 4.1575, 1.7221), (56.5000, 3.6955, 1.5307), (56.0000, 3.7416, 2.5001), (56.5000, 3.3259, 2.2223), (56.0000, 3.1820, 3.1820), (56.5000, 2.8284, 2.8284), (56.0000, 2.5001, 3.7416), (56.5000, 2.2223, 3.3259), (56.0000, 1.7221, 4.1575), (56.5000, 1.5307, 3.6955), (56.0000, 0.8779, 4.4135), (56.5000, 0.7804, 3.9231), (56.0000, 0.0000, 4.5000), (56.5000, 0.0000, 4.0000), (56.0000, -0.8779, 4.4135), (56.5000, -0.7804, 3.9231), (56.0000, -1.7221, 4.1575), (56.5000, -1.5307, 3.6955), (56.0000, -2.5001, 3.7416), (56.5000, -2.2223, 3.3259), (56.0000, -3.1820, 3.1820), (56.5000, -2.8284, 2.8284), (56.0000, -3.7416, 2.5001), (56.5000, -3.3259, 2.2223), (56.0000, -4.1575, 1.7221), (56.5000, -3.6955, 1.5307), (56.0000, -4.4135, 0.8779), (56.5000, -3.9231, 0.7804), (56.0000, -4.5000, -0.0000), (56.5000, -4.0000, -0.0000), (56.0000, -4.4135, -0.8779), (56.5000, -3.9231, -0.7804), (56.0000, -4.1575, -1.7221), (56.5000, -3.6955, -1.5307), (56.0000, -3.7416, -2.5001), (56.5000, -3.3259, -2.2223), (56.0000, -3.1820, -3.1820), (56.5000, -2.8284, -2.8284), (56.0000, -2.5001, -3.7416), (56.5000, -2.2223, -3.3259), (56.0000, -1.7221, -4.1575), (56.5000, -1.5307, -3.6955), (56.0000, -0.8779, -4.4135), (56.5000, -0.7804, -3.9231), (56.0000, 0.0000, -4.5000), (56.5000, 0.0000, -4.0000), (56.0000, 0.8779, -4.4135), (56.5000, 0.7804, -3.9231), (56.0000, 1.7221, -4.1575), (56.5000, 1.5307, -3.6955), (56.0000, 2.5001, -3.7416), (56.5000, 2.2223, -3.3259), (56.0000, 3.1820, -3.1820), (56.5000, 2.8284, -2.8284), (56.0000, 3.7416, -2.5001), (56.5000, 3.3259, -2.2223), (56.0000, 4.1575, -1.7221), (56.5000, 3.6955, -1.5307), (56.0000, 4.4135, -0.8779), (56.5000, 3.9231, -0.7804), (57.0000, 3.5000, 0.0000), (57.0000, 3.4826, 0.3485), (57.0000, 3.4306, 0.6935), (57.0000, 3.3445, 1.0316), (57.0000, 3.2252, 1.3595), (57.0000, 3.0738, 1.6739), (57.0000, 2.8918, 1.9716), (57.0000, 2.6812, 2.2498), (57.0000, 2.4438, 2.5055), (57.0000, 2.1822, 2.7364), (57.0000, 1.8989, 2.9401), (57.0000, 1.5967, 3.1146), (57.0000, 1.2787, 3.2581), (57.0000, 0.9479, 3.3692), (57.0000, 0.6078, 3.4468), (57.0000, 0.2616, 3.4902), (57.0000, -0.0873, 3.4989), (57.0000, -0.4352, 3.4728), (57.0000, -0.7788, 3.4122), (57.0000, -1.1147, 3.3177), (57.0000, -1.4395, 3.1903), (57.0000, -1.7500, 3.0311), (57.0000, -2.0431, 2.8418), (57.0000, -2.3159, 2.6242), (57.0000, -2.5657, 2.3806), (57.0000, -2.7900, 2.1133), (57.0000, -2.9865, 1.8250), (57.0000, -3.1534, 1.5186), (57.0000, -3.2889, 1.1971), (57.0000, -3.3918, 0.8637), (57.0000, -3.4609, 0.5216), (57.0000, -3.4956, 0.1745), (57.0000, -3.4956, -0.1745), (57.0000, -3.4609, -0.5216), (57.0000, -3.3918, -0.8637), (57.0000, -3.2889, -1.1971), (57.0000, -3.1534, -1.5186), (57.0000, -2.9865, -1.8250), (57.0000, -2.7900, -2.1133), (57.0000, -2.5657, -2.3806), (57.0000, -2.3159, -2.6242), (57.0000, -2.0431, -2.8418), (57.0000, -1.7500, -3.0311), (57.0000, -1.4395, -3.1903), (57.0000, -1.1147, -3.3177), (57.0000, -0.7788, -3.4122), (57.0000, -0.4352, -3.4728), (57.0000, -0.0873, -3.4989), (57.0000, 0.2616, -3.4902), (57.0000, 0.6078, -3.4468), (57.0000, 0.9479, -3.3692), (57.0000, 1.2787, -3.2581), (57.0000, 1.5967, -3.1146), (57.0000, 1.8989, -2.9401), (57.0000, 2.1822, -2.7364), (57.0000, 2.4438, -2.5055), (57.0000, 2.6812, -2.2498), (57.0000, 2.8918, -1.9716), (57.0000, 3.0738, -1.6739), (57.0000, 3.2252, -1.3595), (57.0000, 3.3445, -1.0316), (57.0000, 3.4306, -0.6935), (57.0000, 3.4826, -0.3485)]
        uniform token subdivisionScheme = "none"
        color3f[] primvars:displayColor = [(0.72, 0.74, 0.77)]
    }
}
